<?xml version = "1.0" encoding = "UTF-8"?>
<configuration>
   <appender name = "STDOUT" class = "ch.qos.logback.core.ConsoleAppender">
      <encoder>
         <pattern>[%d{yyyy-MM-dd HH:mm:ss.sss}] [%C] [%t] [%L] [%-5p] %m%n</pattern>
      </encoder>
   </appender>
   
   <appender name = "fileAppender" class = "ch.qos.logback.core.FileAppender">
      <File>/sme/log/smelog.log</File>
      <encoder>
         <pattern>[%d{yyyy-MM-dd HH:mm:ss.sss}] [%C] [%t] [%L] [%-5p] %m%n</pattern>
      </encoder>
   </appender>
   
   <root level = "INFO">
      <appender-ref ref = "fileAppender"/>
      <appender-ref ref = "STDOUT"/> 
   </root>
</configuration>