[
    {
        "SEQUENCE {'TIMEOUT': '', 'EXIT-ON': 'SUCCESS'} \n  ": {
            "tag": "SEQUENCE"
        }
    },
    {
        "SEQUENCE {'TIMEOUT': '', 'EXIT-ON': 'FAILURE'} \n  ": {
            "tag": "SEQUENCE"
        }
    },
    {
        "MAP {'TIMEOUT': '', 'MODE': 'STANDALONE'} \n  ": {
            "tag": "MAPINVOKE",
            "fields": [
                {
                    "service": "wm_common.config:getCustParam_multiple",
                    "map_input": {
                        "outputs": [],
                        "inputs": [
                            "EsbMsgHeader:msgHeader",
                            "configFileName",
                            "vehicle_id",
                            "Cache-Control",
                            "If-Modified-Since",
                            "Accept",
                            "fields",
                            "pathHeader",
                            "limit",
                            "offset",
                            "initParams"
                        ],
                        "deletes": [],
                        "mappings": [
                            {
                                "field": "nameList",
                                "value": "''",
                                "type": "MAPSET"
                            },
                            {
                                "from": "configFileName",
                                "to": "fileName",
                                "type": "MAPCOPY"
                            }
                        ]
                    },
                    "map_output": {
                        "outputs": [
                            "EsbMsgHeader:msgHeader",
                            "configFileName",
                            "vehicle_id",
                            "Cache-Control",
                            "If-Modified-Since",
                            "Accept",
                            "fields",
                            "pathHeader",
                            "limit",
                            "offset",
                            "initParams",
                            "cacheManagerName",
                            "cacheName",
                            "jdbcConnName"
                        ],
                        "inputs": [],
                        "deletes": [],
                        "mappings": [
                            {
                                "from": "valueList[0]",
                                "to": "cacheManagerName",
                                "type": "MAPCOPY"
                            },
                            {
                                "from": "valueList[1]",
                                "to": "cacheName",
                                "type": "MAPCOPY"
                            },
                            {
                                "from": "valueList[2]",
                                "to": "jdbcConnName",
                                "type": "MAPCOPY"
                            }
                        ]
                    }
                }
            ],
            "path": "SEQUENCE->SEQUENCE->",
            "comment": "create cacheKey and get cache details from config"
        }
    },
    {
        "INVOKE {'TIMEOUT': '', 'SERVICE': 'wm_common.utils:constructCacheKey', 'VALIDATE-IN': '$none', 'VALIDATE-OUT': '$none'} \n  ": {
            "map_input": {
                "outputs": [
                    "Accept",
                    "customer_id"
                ],
                "inputs": [
                    "EsbMsgHeader:msgHeader",
                    "configFileName",
                    "vehicle_id",
                    "Cache-Control",
                    "If-Modified-Since",
                    "Accept",
                    "fields",
                    "pathHeader",
                    "limit",
                    "offset",
                    "initParams",
                    "cacheManagerName",
                    "cacheName",
                    "jdbcConnName"
                ],
                "deletes": [],
                "mappings": [
                    {
                        "from": "vehicle_id",
                        "to": "customer_id",
                        "type": "MAPCOPY"
                    }
                ]
            },
            "map_output": {},
            "service": "wm_common.utils:constructCacheKey",
            "tag": "INVOKE"
        }
    },
    {
        "INVOKE {'TIMEOUT': '', 'SERVICE': 'pub.cache:get', 'VALIDATE-IN': '$none', 'VALIDATE-OUT': '$none'} \n  ": {
            "map_input": {
                "outputs": [
                    "cacheManagerName",
                    "cacheName",
                    "key",
                    "useLoader"
                ],
                "inputs": [
                    "EsbMsgHeader:msgHeader",
                    "customer_id",
                    "configFileName",
                    "vehicle_id",
                    "Cache-Control",
                    "If-Modified-Since",
                    "Accept",
                    "fields",
                    "pathHeader",
                    "limit",
                    "offset",
                    "initParams",
                    "cacheManagerName",
                    "cacheName",
                    "jdbcConnName",
                    "cacheKey",
                    "contentType"
                ],
                "deletes": [],
                "mappings": [
                    {
                        "from": "cacheKey",
                        "to": "key",
                        "type": "MAPCOPY"
                    }
                ]
            },
            "map_output": {
                "outputs": [
                    "EsbMsgHeader:msgHeader",
                    "customer_id",
                    "key",
                    "configFileName",
                    "vehicle_id",
                    "Cache-Control",
                    "If-Modified-Since",
                    "Accept",
                    "fields",
                    "pathHeader",
                    "limit",
                    "offset",
                    "initParams",
                    "cacheManagerName",
                    "cacheName",
                    "jdbcConnName",
                    "cacheKey",
                    "contentType",
                    "finalResponse",
                    "value"
                ],
                "inputs": [
                    "value"
                ],
                "deletes": [
                    "value",
                    "key"
                ],
                "mappings": [
                    {
                        "from": "value",
                        "to": "finalResponse",
                        "type": "MAPCOPY"
                    }
                ]
            },
            "service": "pub.cache:get",
            "tag": "INVOKE"
        }
    },
    {
        "BRANCH {'NAME': 'CacheControl', 'TIMEOUT': '', 'SWITCH': '/finalResponse'} \n  ": {
            "tag": "BRANCH"
        }
    },
    {
        "SEQUENCE {'NAME': '/[^ ]/', 'TIMEOUT': '', 'EXIT-ON': 'FAILURE'} \n  ": {
            "tag": "SEQUENCE"
        }
    },
    {
        "INVOKE {'TIMEOUT': '', 'SERVICE': 'CAAG.javasvcs:getExpirationTime', 'VALIDATE-IN': '$none', 'VALIDATE-OUT': '$none'} \n  ": {
            "map_input": {
                "outputs": [
                    "cacheManager",
                    "cacheName",
                    "cacheKey"
                ],
                "inputs": [
                    "EsbMsgHeader:msgHeader",
                    "configFileName",
                    "vehicle_id",
                    "Cache-Control",
                    "If-Modified-Since",
                    "Accept",
                    "fields",
                    "pathHeader",
                    "limit",
                    "offset",
                    "initParams",
                    "cacheManagerName",
                    "cacheName",
                    "jdbcConnName",
                    "cacheKey",
                    "contentType",
                    "finalResponse"
                ],
                "deletes": [],
                "mappings": [
                    {
                        "from": "cacheManagerName",
                        "to": "cacheManager",
                        "type": "MAPCOPY"
                    },
                    {
                        "from": "cacheName",
                        "to": "cacheName",
                        "type": "MAPCOPY"
                    }
                ]
            },
            "map_output": {
                "outputs": [],
                "inputs": [],
                "deletes": [],
                "mappings": []
            },
            "service": "CAAG.javasvcs:getExpirationTime",
            "tag": "INVOKE"
        }
    },
    {
        "INVOKE {'TIMEOUT': '', 'SERVICE': 'pub.flow:setResponseHeader', 'VALIDATE-IN': '$none', 'VALIDATE-OUT': '$none'} \n  ": {
            "map_input": {
                "outputs": [
                    "fieldName",
                    "fieldValue"
                ],
                "inputs": [
                    "cacheManager",
                    "EsbMsgHeader:msgHeader",
                    "configFileName",
                    "vehicle_id",
                    "Cache-Control",
                    "If-Modified-Since",
                    "Accept",
                    "fields",
                    "pathHeader",
                    "limit",
                    "offset",
                    "initParams",
                    "cacheManagerName",
                    "cacheName",
                    "jdbcConnName",
                    "cacheKey",
                    "contentType",
                    "finalResponse",
                    "expirationTime"
                ],
                "deletes": [],
                "mappings": [
                    {
                        "field": "fieldName",
                        "value": "'Expires'",
                        "type": "MAPSET"
                    },
                    {
                        "from": "expirationTime",
                        "to": "fieldValue",
                        "type": "MAPCOPY"
                    }
                ]
            },
            "map_output": {
                "outputs": [
                    "fieldName",
                    "fieldValue",
                    "cacheManager",
                    "EsbMsgHeader:msgHeader",
                    "configFileName",
                    "vehicle_id",
                    "Cache-Control",
                    "If-Modified-Since",
                    "Accept",
                    "fields",
                    "pathHeader",
                    "limit",
                    "offset",
                    "initParams",
                    "cacheManagerName",
                    "cacheName",
                    "jdbcConnName",
                    "cacheKey",
                    "contentType",
                    "finalResponse",
                    "expirationTime"
                ],
                "inputs": [],
                "deletes": [
                    "fieldName",
                    "fieldValue"
                ],
                "mappings": []
            },
            "service": "pub.flow:setResponseHeader",
            "tag": "INVOKE"
        }
    },
    {
        "INVOKE {'TIMEOUT': '', 'SERVICE': 'wm_common.utils:createEtag', 'VALIDATE-IN': '$none', 'VALIDATE-OUT': '$none'} \n  ": {
            "map_input": {
                "outputs": [
                    "inStr"
                ],
                "inputs": [
                    "cacheManager",
                    "EsbMsgHeader:msgHeader",
                    "configFileName",
                    "vehicle_id",
                    "Cache-Control",
                    "If-Modified-Since",
                    "Accept",
                    "fields",
                    "pathHeader",
                    "limit",
                    "offset",
                    "initParams",
                    "cacheManagerName",
                    "cacheName",
                    "jdbcConnName",
                    "cacheKey",
                    "contentType",
                    "finalResponse",
                    "expirationTime"
                ],
                "deletes": [],
                "mappings": [
                    {
                        "from": "finalResponse",
                        "to": "inStr",
                        "type": "MAPCOPY"
                    }
                ]
            },
            "map_output": {
                "outputs": [
                    "inStr",
                    "cacheManager",
                    "EsbMsgHeader:msgHeader",
                    "configFileName",
                    "vehicle_id",
                    "Cache-Control",
                    "If-Modified-Since",
                    "Accept",
                    "fields",
                    "pathHeader",
                    "limit",
                    "offset",
                    "initParams",
                    "cacheManagerName",
                    "cacheName",
                    "jdbcConnName",
                    "cacheKey",
                    "contentType",
                    "finalResponse",
                    "expirationTime",
                    "outStr",
                    "etagOutput"
                ],
                "inputs": [
                    "outStr"
                ],
                "deletes": [
                    "outStr",
                    "inStr"
                ],
                "mappings": [
                    {
                        "from": "outStr",
                        "to": "etagOutput",
                        "type": "MAPCOPY"
                    }
                ]
            },
            "service": "wm_common.utils:createEtag",
            "tag": "INVOKE"
        }
    },
    {
        "INVOKE {'TIMEOUT': '', 'SERVICE': 'wm_common.utils:checkIfModifiedSinceHeader', 'VALIDATE-IN': '$none', 'VALIDATE-OUT': '$none'} \n  ": {
            "tag": "INVOKE"
        }
    },
    {
        "SEQUENCE {'NAME': '$default', 'TIMEOUT': '', 'EXIT-ON': 'FAILURE'} \n  ": {
            "tag": "SEQUENCE"
        }
    },
    {
        "MAP {'TIMEOUT': '', 'MODE': 'STANDALONE'} \n  ": {
            "tag": "MAP",
            "fields": [
                {
                    "map_input": {
                        "outputs": [
                            "cacheManager",
                            "noOfDaysInPast",
                            "requestSubjectCd",
                            "requestByTypeCd",
                            "serviceStatsFlag",
                            "fields",
                            "customerUnqID",
                            "cacheManagerName",
                            "cacheName",
                            "cachekey",
                            "offset",
                            "jsonString",
                            "limit",
                            "connection_ocs",
                            "If-None-Match",
                            "EsbMsgHeader:msgHeader",
                            "initParams",
                            "iscache",
                            "expirationTime"
                        ],
                        "inputs": [],
                        "deletes": [],
                        "mappings": [
                            {
                                "field": "initParams.customUID",
                                "value": "'' ++ vars.MAP.cachekey '",
                                "type": "MAPSET"
                            }
                        ]
                    },
                    "map_output": {
                        "inputs": [],
                        "outputs": [
                            "cacheManager",
                            "noOfDaysInPast",
                            "requestSubjectCd",
                            "requestByTypeCd",
                            "serviceStatsFlag",
                            "fields",
                            "customerUnqID",
                            "cacheManagerName",
                            "cacheName",
                            "cachekey",
                            "offset",
                            "jsonString",
                            "limit",
                            "connection_ocs",
                            "If-None-Match",
                            "EsbMsgHeader:msgHeader",
                            "initParams",
                            "iscache",
                            "expirationTime"
                        ],
                        "mappings": [
                            {
                                "field": "initParams.customUID",
                                "value": "'' ++ vars.MAP.cachekey '",
                                "type": "MAPSET"
                            }
                        ],
                        "deletes": []
                    }
                }
            ],
            "path": "SEQUENCE->SEQUENCE->BRANCH->SEQUENCE->",
            "comment": "map customUID"
        }
    },
    {
        "BRANCH {'TIMEOUT': '', 'LABELEXPRESSIONS': 'true'} \n  ": {
            "tag": "BRANCH"
        }
    },
    {
        "SEQUENCE {'NAME': '%offset%!=$null && %limit%!=$null && %offset%!=\"\" && %limit% !=\"\"', 'TIMEOUT': '', 'EXIT-ON': 'FAILURE'} \n  ": {
            "tag": "SEQUENCE"
        }
    },
    {
        "MAP {'TIMEOUT': '', 'MODE': 'STANDALONE'} \n  ": {
            "tag": "MAP",
            "fields": [
                {
                    "map_input": {
                        "outputs": [
                            "cacheManager",
                            "EsbMsgHeader:msgHeader",
                            "configFileName",
                            "customer_id",
                            "Cache-Control",
                            "If-Modified-Since",
                            "Accept",
                            "jdbcConnName",
                            "count",
                            "type",
                            "jsonString",
                            "cacheManagerName",
                            "cacheName",
                            "pathHeader",
                            "initParams",
                            "numberOfDays",
                            "limit",
                            "offset",
                            "totalCount",
                            "finalResponse",
                            "etagOutput",
                            "cacheKey",
                            "contentType",
                            "expirationTime",
                            "metadata.limit",
                            "metadata.offset"
                        ],
                        "inputs": [
                            "cacheManager",
                            "EsbMsgHeader:msgHeader",
                            "configFileName",
                            "customer_id",
                            "Cache-Control",
                            "If-Modified-Since",
                            "Accept",
                            "jdbcConnName",
                            "count",
                            "type",
                            "jsonString",
                            "cacheManagerName",
                            "cacheName",
                            "pathHeader",
                            "initParams",
                            "numberOfDays",
                            "limit",
                            "offset",
                            "finalResponse",
                            "etagOutput",
                            "cacheKey",
                            "contentType",
                            "expirationTime"
                        ],
                        "deletes": [],
                        "mappings": [
                            {
                                "from": "limit",
                                "to": "metadata.limit",
                                "type": "MAPCOPY"
                            },
                            {
                                "from": "offset",
                                "to": "metadata.offset",
                                "type": "MAPCOPY"
                            }
                        ]
                    },
                    "map_output": {
                        "inputs": [],
                        "outputs": [
                            "cacheManager",
                            "EsbMsgHeader:msgHeader",
                            "configFileName",
                            "customer_id",
                            "Cache-Control",
                            "If-Modified-Since",
                            "Accept",
                            "jdbcConnName",
                            "count",
                            "type",
                            "jsonString",
                            "cacheManagerName",
                            "cacheName",
                            "pathHeader",
                            "initParams",
                            "numberOfDays",
                            "limit",
                            "offset",
                            "totalCount",
                            "finalResponse",
                            "etagOutput",
                            "cacheKey",
                            "contentType",
                            "expirationTime",
                            "metadata.limit",
                            "metadata.offset"
                        ],
                        "mappings": [
                            {
                                "from": "limit",
                                "to": "metadata.limit",
                                "type": "MAPCOPY"
                            },
                            {
                                "from": "offset",
                                "to": "metadata.offset",
                                "type": "MAPCOPY"
                            }
                        ],
                        "deletes": []
                    }
                }
            ],
            "path": "SEQUENCE->SEQUENCE->BRANCH->SEQUENCE->BRANCH->SEQUENCE->",
            "comment": "map metadata"
        }
    },
    {
        "MAP {'TIMEOUT': '', 'MODE': 'STANDALONE'} \n  ": {
            "tag": "MAPINVOKE",
            "fields": [
                {
                    "service": "pub.math:addInts",
                    "map_input": {
                        "outputs": [
                            "num1",
                            "num2"
                        ],
                        "inputs": [
                            "EsbMsgHeader:msgHeader",
                            "initParams",
                            "cacheManagerName",
                            "jsonString",
                            "cacheName",
                            "customerUnqID",
                            "offset",
                            "limit",
                            "fields",
                            "cachekey",
                            "connection_ocs",
                            "cacheManager",
                            "EsbMsgHeader:msgHeader",
                            "configFileName",
                            "vehicle_id",
                            "Cache-Control",
                            "If-Modified-Since",
                            "Accept",
                            "fields",
                            "pathHeader",
                            "limit",
                            "offset",
                            "initParams",
                            "cacheManagerName",
                            "cacheName",
                            "jdbcConnName",
                            "cacheKey",
                            "contentType",
                            "finalResponse",
                            "expirationTime",
                            "etagOutput"
                        ],
                        "deletes": [],
                        "mappings": [
                            {
                                "from": "limit",
                                "to": "num2",
                                "type": "MAPCOPY"
                            },
                            {
                                "from": "offset",
                                "to": "num1",
                                "type": "MAPCOPY"
                            }
                        ]
                    },
                    "map_output": {
                        "outputs": [
                            "EsbMsgHeader:msgHeader",
                            "initParams",
                            "cacheManagerName",
                            "jsonString",
                            "cacheName",
                            "customerUnqID",
                            "offset",
                            "limit",
                            "fields",
                            "cachekey",
                            "connection_ocs",
                            "cacheManager",
                            "EsbMsgHeader:msgHeader",
                            "configFileName",
                            "vehicle_id",
                            "Cache-Control",
                            "If-Modified-Since",
                            "Accept",
                            "fields",
                            "pathHeader",
                            "limit",
                            "offset",
                            "initParams",
                            "cacheManagerName",
                            "cacheName",
                            "jdbcConnName",
                            "cacheKey",
                            "contentType",
                            "finalResponse",
                            "expirationTime",
                            "etagOutput"
                        ],
                        "inputs": [
                            "value"
                        ],
                        "deletes": [],
                        "mappings": [
                            {
                                "from": "value",
                                "to": "limit",
                                "type": "MAPCOPY"
                            }
                        ]
                    }
                }
            ],
            "path": "SEQUENCE->SEQUENCE->BRANCH->SEQUENCE->BRANCH->SEQUENCE->",
            "comment": null
        }
    },
    {
        "BRANCH {'TIMEOUT': '', 'SWITCH': '/fields'} \n  ": {
            "tag": "BRANCH"
        }
    },
    {
        "SEQUENCE {'NAME': '/[^ ]/', 'TIMEOUT': '', 'EXIT-ON': 'FAILURE'} \n  ": {
            "tag": "SEQUENCE"
        }
    },
    {
        "BRANCH {'TIMEOUT': '', 'SWITCH': '/limit'} \n  ": {
            "tag": "BRANCH"
        }
    },
    {
        "SEQUENCE {'NAME': '/[^ ]/', 'TIMEOUT': '', 'EXIT-ON': 'FAILURE'} \n  ": {
            "tag": "SEQUENCE"
        }
    },
    {
        "INVOKE {'TIMEOUT': '', 'SERVICE': 'wm_ocs.svcs.inbound.adptrsvcs:getVehicleGPSCoordinates_range', 'VALIDATE-IN': '$none', 'VALIDATE-OUT': '$none'} \n  ": {
            "map_input": {
                "outputs": [
                    "vehicleID",
                    "offset",
                    "limit",
                    "field",
                    "getVehicleGPSCoordinates_rangeInput.vehicleID",
                    "getVehicleGPSCoordinates_rangeInput.field",
                    "getVehicleGPSCoordinates_rangeInput.offset",
                    "getVehicleGPSCoordinates_rangeInput.limit",
                    "$connectionName"
                ],
                "inputs": [
                    "EsbMsgHeader:msgHeader",
                    "configFileName",
                    "vehicle_id",
                    "Cache-Control",
                    "If-Modified-Since",
                    "Accept",
                    "fields",
                    "pathHeader",
                    "limit",
                    "offset",
                    "initParams",
                    "jdbcConnName",
                    "enableCache"
                ],
                "deletes": [],
                "mappings": [
                    {
                        "from": "vehicle_id",
                        "to": "getVehicleGPSCoordinates_rangeInput.vehicleID",
                        "type": "MAPCOPY"
                    },
                    {
                        "from": "fields",
                        "to": "getVehicleGPSCoordinates_rangeInput.field",
                        "type": "MAPCOPY"
                    },
                    {
                        "from": "offset",
                        "to": "getVehicleGPSCoordinates_rangeInput.offset",
                        "type": "MAPCOPY"
                    },
                    {
                        "from": "limit",
                        "to": "getVehicleGPSCoordinates_rangeInput.limit",
                        "type": "MAPCOPY"
                    },
                    {
                        "from": "jdbcConnName",
                        "to": "$connectionName",
                        "type": "MAPCOPY"
                    }
                ]
            },
            "map_output": {
                "outputs": [
                    "EsbMsgHeader:msgHeader",
                    "configFileName",
                    "vehicle_id",
                    "Cache-Control",
                    "If-Modified-Since",
                    "Accept",
                    "count",
                    "fields",
                    "pathHeader",
                    "limit",
                    "offset",
                    "initParams",
                    "jdbcConnName",
                    "enableCache"
                ],
                "inputs": [
                    "SQLStatement",
                    "count",
                    "getVehicleGPSCoordinates_rangeOutput.count"
                ],
                "deletes": [
                    "getVehicleGPSCoordinates_rangeInput",
                    "$connectionName"
                ],
                "mappings": [
                    {
                        "from": "getVehicleGPSCoordinates_rangeOutput.count",
                        "to": "count",
                        "type": "MAPCOPY"
                    }
                ]
            },
            "service": "wm_ocs.svcs.inbound.adptrsvcs:getVehicleGPSCoordinates_range",
            "tag": "INVOKE"
        }
    },
    {
        "MAP {'TIMEOUT': '', 'MODE': 'STANDALONE'} \n  ": {
            "tag": "MAP",
            "fields": [
                {
                    "map_input": {
                        "outputs": [
                            "EsbMsgHeader:msgHeader",
                            "configFileName",
                            "vehicle_id",
                            "Cache-Control",
                            "If-Modified-Since",
                            "count",
                            "Accept",
                            "type",
                            "fields",
                            "pathHeader",
                            "numberOfDays",
                            "limit",
                            "offset",
                            "initParams",
                            "serviceStatsFlag",
                            "jdbcConnName",
                            "coordinates",
                            "coordinates.latitude",
                            "coordinates.longitude",
                            "coordinates.gps_time"
                        ],
                        "inputs": [
                            "EsbMsgHeader:msgHeader",
                            "configFileName",
                            "vehicle_id",
                            "Cache-Control",
                            "If-Modified-Since",
                            "count",
                            "Accept",
                            "type",
                            "fields",
                            "pathHeader",
                            "numberOfDays",
                            "limit",
                            "offset",
                            "initParams",
                            "serviceStatsFlag",
                            "jdbcConnName",
                            "coordinates",
                            "SQLStatement",
                            "LATITUDE",
                            "LONGITUDE",
                            "GPSTIME",
                            "NUM",
                            "getVehicleGPSCoordinates_rangeOutput.results.LATITUDE",
                            "getVehicleGPSCoordinates_rangeOutput.results.LONGITUDE",
                            "getVehicleGPSCoordinates_rangeOutput.results.GPSTIME"
                        ],
                        "deletes": [
                            "getVehicleGPSCoordinates_rangeOutput"
                        ],
                        "mappings": [
                            {
                                "from": "getVehicleGPSCoordinates_rangeOutput.results.LATITUDE",
                                "to": "coordinates.latitude",
                                "type": "MAPCOPY"
                            },
                            {
                                "from": "getVehicleGPSCoordinates_rangeOutput.results.LONGITUDE",
                                "to": "coordinates.longitude",
                                "type": "MAPCOPY"
                            },
                            {
                                "from": "getVehicleGPSCoordinates_rangeOutput.results.GPSTIME",
                                "to": "coordinates.gps_time",
                                "type": "MAPCOPY"
                            }
                        ]
                    },
                    "map_output": {
                        "inputs": [],
                        "outputs": [
                            "EsbMsgHeader:msgHeader",
                            "configFileName",
                            "vehicle_id",
                            "Cache-Control",
                            "If-Modified-Since",
                            "count",
                            "Accept",
                            "type",
                            "fields",
                            "pathHeader",
                            "numberOfDays",
                            "limit",
                            "offset",
                            "initParams",
                            "serviceStatsFlag",
                            "jdbcConnName",
                            "coordinates",
                            "coordinates.latitude",
                            "coordinates.longitude",
                            "coordinates.gps_time"
                        ],
                        "mappings": [
                            {
                                "from": "getVehicleGPSCoordinates_rangeOutput.results.LATITUDE",
                                "to": "coordinates.latitude",
                                "type": "MAPCOPY"
                            },
                            {
                                "from": "getVehicleGPSCoordinates_rangeOutput.results.LONGITUDE",
                                "to": "coordinates.longitude",
                                "type": "MAPCOPY"
                            },
                            {
                                "from": "getVehicleGPSCoordinates_rangeOutput.results.GPSTIME",
                                "to": "coordinates.gps_time",
                                "type": "MAPCOPY"
                            }
                        ],
                        "deletes": [
                            "getVehicleGPSCoordinates_rangeOutput"
                        ]
                    }
                }
            ],
            "path": "SEQUENCE->SEQUENCE->BRANCH->SEQUENCE->BRANCH->SEQUENCE->BRANCH->SEQUENCE->",
            "comment": "map the coordinates"
        }
    },
    {
        "SEQUENCE {'NAME': '$default', 'TIMEOUT': '', 'EXIT-ON': 'FAILURE'} \n  ": {
            "tag": "SEQUENCE"
        }
    },
    {
        "INVOKE {'TIMEOUT': '', 'SERVICE': 'wm_ocs.svcs.inbound.adptrsvcs:getVehicleGPSCoordinates', 'VALIDATE-IN': '$none', 'VALIDATE-OUT': '$none'} \n  ": {
            "map_input": {
                "outputs": [
                    "vehicleID",
                    "field",
                    "getVehicleGPSCoordinatesInput.vehicleID",
                    "$connectionName",
                    "getVehicleGPSCoordinatesInput.field"
                ],
                "inputs": [
                    "EsbMsgHeader:msgHeader",
                    "configFileName",
                    "vehicle_id",
                    "Cache-Control",
                    "If-Modified-Since",
                    "Accept",
                    "count",
                    "fields",
                    "pathHeader",
                    "limit",
                    "offset",
                    "initParams",
                    "jdbcConnName",
                    "enableCache",
                    "coordinates"
                ],
                "deletes": [],
                "mappings": [
                    {
                        "from": "vehicle_id",
                        "to": "getVehicleGPSCoordinatesInput.vehicleID",
                        "type": "MAPCOPY"
                    },
                    {
                        "from": "jdbcConnName",
                        "to": "$connectionName",
                        "type": "MAPCOPY"
                    },
                    {
                        "from": "fields",
                        "to": "getVehicleGPSCoordinatesInput.field",
                        "type": "MAPCOPY"
                    }
                ]
            },
            "map_output": {
                "outputs": [
                    "EsbMsgHeader:msgHeader",
                    "configFileName",
                    "vehicle_id",
                    "Cache-Control",
                    "If-Modified-Since",
                    "Accept",
                    "count",
                    "fields",
                    "pathHeader",
                    "limit",
                    "offset",
                    "initParams",
                    "jdbcConnName",
                    "enableCache",
                    "coordinates"
                ],
                "inputs": [
                    "SQLStatement",
                    "count",
                    "getVehicleGPSCoordinatesOutput.count"
                ],
                "deletes": [
                    "getVehicleGPSCoordinatesInput",
                    "$connectionName"
                ],
                "mappings": [
                    {
                        "from": "getVehicleGPSCoordinatesOutput.count",
                        "to": "count",
                        "type": "MAPCOPY"
                    }
                ]
            },
            "service": "wm_ocs.svcs.inbound.adptrsvcs:getVehicleGPSCoordinates",
            "tag": "INVOKE"
        }
    },
    {
        "MAP {'TIMEOUT': '', 'MODE': 'STANDALONE'} \n  ": {
            "tag": "MAP",
            "fields": [
                {
                    "map_input": {
                        "outputs": [
                            "EsbMsgHeader:msgHeader",
                            "configFileName",
                            "vehicle_id",
                            "Cache-Control",
                            "If-Modified-Since",
                            "count",
                            "Accept",
                            "type",
                            "fields",
                            "pathHeader",
                            "numberOfDays",
                            "limit",
                            "offset",
                            "initParams",
                            "serviceStatsFlag",
                            "jdbcConnName",
                            "coordinates",
                            "coordinates.latitude",
                            "coordinates.longitude",
                            "coordinates.gps_time"
                        ],
                        "inputs": [
                            "EsbMsgHeader:msgHeader",
                            "configFileName",
                            "vehicle_id",
                            "Cache-Control",
                            "If-Modified-Since",
                            "count",
                            "Accept",
                            "type",
                            "fields",
                            "pathHeader",
                            "numberOfDays",
                            "limit",
                            "offset",
                            "initParams",
                            "serviceStatsFlag",
                            "jdbcConnName",
                            "coordinates",
                            "SQLStatement",
                            "LATITUDE",
                            "LONGITUDE",
                            "GPSTIME",
                            "getVehicleGPSCoordinatesOutput.results.LATITUDE",
                            "getVehicleGPSCoordinatesOutput.results.LONGITUDE",
                            "getVehicleGPSCoordinatesOutput.results.GPSTIME"
                        ],
                        "deletes": [
                            "getVehicleGPSCoordinatesOutput"
                        ],
                        "mappings": [
                            {
                                "from": "getVehicleGPSCoordinatesOutput.results.LATITUDE",
                                "to": "coordinates.latitude",
                                "type": "MAPCOPY"
                            },
                            {
                                "from": "getVehicleGPSCoordinatesOutput.results.LONGITUDE",
                                "to": "coordinates.longitude",
                                "type": "MAPCOPY"
                            },
                            {
                                "from": "getVehicleGPSCoordinatesOutput.results.GPSTIME",
                                "to": "coordinates.gps_time",
                                "type": "MAPCOPY"
                            }
                        ]
                    },
                    "map_output": {
                        "inputs": [],
                        "outputs": [
                            "EsbMsgHeader:msgHeader",
                            "configFileName",
                            "vehicle_id",
                            "Cache-Control",
                            "If-Modified-Since",
                            "count",
                            "Accept",
                            "type",
                            "fields",
                            "pathHeader",
                            "numberOfDays",
                            "limit",
                            "offset",
                            "initParams",
                            "serviceStatsFlag",
                            "jdbcConnName",
                            "coordinates",
                            "coordinates.latitude",
                            "coordinates.longitude",
                            "coordinates.gps_time"
                        ],
                        "mappings": [
                            {
                                "from": "getVehicleGPSCoordinatesOutput.results.LATITUDE",
                                "to": "coordinates.latitude",
                                "type": "MAPCOPY"
                            },
                            {
                                "from": "getVehicleGPSCoordinatesOutput.results.LONGITUDE",
                                "to": "coordinates.longitude",
                                "type": "MAPCOPY"
                            },
                            {
                                "from": "getVehicleGPSCoordinatesOutput.results.GPSTIME",
                                "to": "coordinates.gps_time",
                                "type": "MAPCOPY"
                            }
                        ],
                        "deletes": [
                            "getVehicleGPSCoordinatesOutput"
                        ]
                    }
                }
            ],
            "path": "SEQUENCE->SEQUENCE->BRANCH->SEQUENCE->BRANCH->SEQUENCE->BRANCH->SEQUENCE->",
            "comment": "map the coordinates"
        }
    },
    {
        "SEQUENCE {'NAME': '$default', 'TIMEOUT': '', 'EXIT-ON': 'FAILURE'} \n  ": {
            "tag": "SEQUENCE"
        }
    },
    {
        "BRANCH {'TIMEOUT': '', 'SWITCH': '/limit'} \n  ": {
            "tag": "BRANCH"
        }
    },
    {
        "SEQUENCE {'NAME': '/[^ ]/', 'TIMEOUT': '', 'EXIT-ON': 'FAILURE'} \n  ": {
            "tag": "SEQUENCE"
        }
    },
    {
        "INVOKE {'TIMEOUT': '', 'SERVICE': 'wm_ocs.svcs.inbound.adptrsvcs:getVehicleGPSCoordinates_range', 'VALIDATE-IN': '$none', 'VALIDATE-OUT': '$none'} \n  ": {
            "map_input": {
                "outputs": [
                    "vehicleID",
                    "offset",
                    "limit",
                    "field",
                    "getVehicleGPSCoordinates_rangeInput.vehicleID",
                    "getVehicleGPSCoordinates_rangeInput.offset",
                    "getVehicleGPSCoordinates_rangeInput.limit",
                    "$connectionName"
                ],
                "inputs": [
                    "EsbMsgHeader:msgHeader",
                    "configFileName",
                    "vehicle_id",
                    "Cache-Control",
                    "If-Modified-Since",
                    "Accept",
                    "count",
                    "fields",
                    "pathHeader",
                    "limit",
                    "offset",
                    "initParams",
                    "jdbcConnName",
                    "enableCache",
                    "coordinates"
                ],
                "deletes": [],
                "mappings": [
                    {
                        "field": "getVehicleGPSCoordinates_rangeInput.field",
                        "value": "'*'",
                        "type": "MAPSET"
                    },
                    {
                        "from": "vehicle_id",
                        "to": "getVehicleGPSCoordinates_rangeInput.vehicleID",
                        "type": "MAPCOPY"
                    },
                    {
                        "from": "offset",
                        "to": "getVehicleGPSCoordinates_rangeInput.offset",
                        "type": "MAPCOPY"
                    },
                    {
                        "from": "limit",
                        "to": "getVehicleGPSCoordinates_rangeInput.limit",
                        "type": "MAPCOPY"
                    },
                    {
                        "from": "jdbcConnName",
                        "to": "$connectionName",
                        "type": "MAPCOPY"
                    }
                ]
            },
            "map_output": {
                "outputs": [
                    "EsbMsgHeader:msgHeader",
                    "configFileName",
                    "vehicle_id",
                    "Cache-Control",
                    "If-Modified-Since",
                    "Accept",
                    "count",
                    "fields",
                    "pathHeader",
                    "limit",
                    "offset",
                    "initParams",
                    "jdbcConnName",
                    "enableCache",
                    "coordinates"
                ],
                "inputs": [
                    "SQLStatement",
                    "count",
                    "getVehicleGPSCoordinates_rangeOutput.count"
                ],
                "deletes": [
                    "getVehicleGPSCoordinates_rangeInput",
                    "$connectionName"
                ],
                "mappings": [
                    {
                        "from": "getVehicleGPSCoordinates_rangeOutput.count",
                        "to": "count",
                        "type": "MAPCOPY"
                    }
                ]
            },
            "service": "wm_ocs.svcs.inbound.adptrsvcs:getVehicleGPSCoordinates_range",
            "tag": "INVOKE"
        }
    },
    {
        "MAP {'TIMEOUT': '', 'MODE': 'STANDALONE'} \n  ": {
            "tag": "MAP",
            "fields": [
                {
                    "map_input": {
                        "outputs": [
                            "EsbMsgHeader:msgHeader",
                            "configFileName",
                            "vehicle_id",
                            "Cache-Control",
                            "If-Modified-Since",
                            "count",
                            "Accept",
                            "type",
                            "fields",
                            "pathHeader",
                            "numberOfDays",
                            "limit",
                            "offset",
                            "initParams",
                            "serviceStatsFlag",
                            "jdbcConnName",
                            "coordinates",
                            "coordinates.latitude",
                            "coordinates.longitude",
                            "coordinates.gps_time"
                        ],
                        "inputs": [
                            "EsbMsgHeader:msgHeader",
                            "configFileName",
                            "vehicle_id",
                            "Cache-Control",
                            "If-Modified-Since",
                            "count",
                            "Accept",
                            "type",
                            "fields",
                            "pathHeader",
                            "numberOfDays",
                            "limit",
                            "offset",
                            "initParams",
                            "serviceStatsFlag",
                            "jdbcConnName",
                            "coordinates",
                            "SQLStatement",
                            "LATITUDE",
                            "LONGITUDE",
                            "GPSTIME",
                            "NUM",
                            "getVehicleGPSCoordinates_rangeOutput.results.LATITUDE",
                            "getVehicleGPSCoordinates_rangeOutput.results.LONGITUDE",
                            "getVehicleGPSCoordinates_rangeOutput.results.GPSTIME"
                        ],
                        "deletes": [
                            "getVehicleGPSCoordinates_rangeOutput"
                        ],
                        "mappings": [
                            {
                                "from": "getVehicleGPSCoordinates_rangeOutput.results.LATITUDE",
                                "to": "coordinates.latitude",
                                "type": "MAPCOPY"
                            },
                            {
                                "from": "getVehicleGPSCoordinates_rangeOutput.results.LONGITUDE",
                                "to": "coordinates.longitude",
                                "type": "MAPCOPY"
                            },
                            {
                                "from": "getVehicleGPSCoordinates_rangeOutput.results.GPSTIME",
                                "to": "coordinates.gps_time",
                                "type": "MAPCOPY"
                            }
                        ]
                    },
                    "map_output": {
                        "inputs": [],
                        "outputs": [
                            "EsbMsgHeader:msgHeader",
                            "configFileName",
                            "vehicle_id",
                            "Cache-Control",
                            "If-Modified-Since",
                            "count",
                            "Accept",
                            "type",
                            "fields",
                            "pathHeader",
                            "numberOfDays",
                            "limit",
                            "offset",
                            "initParams",
                            "serviceStatsFlag",
                            "jdbcConnName",
                            "coordinates",
                            "coordinates.latitude",
                            "coordinates.longitude",
                            "coordinates.gps_time"
                        ],
                        "mappings": [
                            {
                                "from": "getVehicleGPSCoordinates_rangeOutput.results.LATITUDE",
                                "to": "coordinates.latitude",
                                "type": "MAPCOPY"
                            },
                            {
                                "from": "getVehicleGPSCoordinates_rangeOutput.results.LONGITUDE",
                                "to": "coordinates.longitude",
                                "type": "MAPCOPY"
                            },
                            {
                                "from": "getVehicleGPSCoordinates_rangeOutput.results.GPSTIME",
                                "to": "coordinates.gps_time",
                                "type": "MAPCOPY"
                            }
                        ],
                        "deletes": [
                            "getVehicleGPSCoordinates_rangeOutput"
                        ]
                    }
                }
            ],
            "path": "SEQUENCE->SEQUENCE->BRANCH->SEQUENCE->BRANCH->SEQUENCE->BRANCH->SEQUENCE->",
            "comment": "map the coordinates"
        }
    },
    {
        "SEQUENCE {'NAME': '$default', 'TIMEOUT': '', 'EXIT-ON': 'FAILURE'} \n  ": {
            "tag": "SEQUENCE"
        }
    },
    {
        "INVOKE {'TIMEOUT': '', 'SERVICE': 'wm_ocs.svcs.inbound.adptrsvcs:getVehicleGPSCoordinates', 'VALIDATE-IN': '$none', 'VALIDATE-OUT': '$none'} \n  ": {
            "map_input": {
                "outputs": [
                    "vehicleID",
                    "field",
                    "getVehicleGPSCoordinatesInput.vehicleID",
                    "$connectionName"
                ],
                "inputs": [
                    "cacheManager",
                    "EsbMsgHeader:msgHeader",
                    "customer_id",
                    "configFileName",
                    "vehicle_id",
                    "Cache-Control",
                    "count",
                    "If-Modified-Since",
                    "Accept",
                    "fields",
                    "pathHeader",
                    "limit",
                    "offset",
                    "initParams",
                    "cacheManagerName",
                    "cacheName",
                    "jdbcConnName",
                    "cacheKey",
                    "contentType",
                    "finalResponse",
                    "coordinates",
                    "expirationTime",
                    "etagOutput"
                ],
                "deletes": [],
                "mappings": [
                    {
                        "field": "getVehicleGPSCoordinatesInput.field",
                        "value": "'*'",
                        "type": "MAPSET"
                    },
                    {
                        "from": "vehicle_id",
                        "to": "getVehicleGPSCoordinatesInput.vehicleID",
                        "type": "MAPCOPY"
                    },
                    {
                        "from": "jdbcConnName",
                        "to": "$connectionName",
                        "type": "MAPCOPY"
                    }
                ]
            },
            "map_output": {
                "outputs": [
                    "vehicleID",
                    "field",
                    "cacheManager",
                    "EsbMsgHeader:msgHeader",
                    "customer_id",
                    "configFileName",
                    "vehicle_id",
                    "Cache-Control",
                    "count",
                    "If-Modified-Since",
                    "Accept",
                    "fields",
                    "pathHeader",
                    "limit",
                    "offset",
                    "initParams",
                    "cacheManagerName",
                    "cacheName",
                    "jdbcConnName",
                    "cacheKey",
                    "contentType",
                    "finalResponse",
                    "coordinates",
                    "expirationTime",
                    "etagOutput"
                ],
                "inputs": [
                    "SQLStatement",
                    "count",
                    "getVehicleGPSCoordinatesOutput.count"
                ],
                "deletes": [
                    "getVehicleGPSCoordinatesInput",
                    "$connectionName"
                ],
                "mappings": [
                    {
                        "from": "getVehicleGPSCoordinatesOutput.count",
                        "to": "count",
                        "type": "MAPCOPY"
                    }
                ]
            },
            "service": "wm_ocs.svcs.inbound.adptrsvcs:getVehicleGPSCoordinates",
            "tag": "INVOKE"
        }
    },
    {
        "MAP {'TIMEOUT': '', 'MODE': 'STANDALONE'} \n  ": {
            "tag": "MAP",
            "fields": [
                {
                    "map_input": {
                        "outputs": [
                            "cacheManager",
                            "EsbMsgHeader:msgHeader",
                            "customer_id",
                            "configFileName",
                            "vehicle_id",
                            "Cache-Control",
                            "count",
                            "If-Modified-Since",
                            "Accept",
                            "fields",
                            "pathHeader",
                            "limit",
                            "offset",
                            "initParams",
                            "cacheManagerName",
                            "cacheName",
                            "jdbcConnName",
                            "cacheKey",
                            "contentType",
                            "finalResponse",
                            "coordinates",
                            "expirationTime",
                            "etagOutput",
                            "coordinates.latitude",
                            "coordinates.longitude",
                            "coordinates.gps_time"
                        ],
                        "inputs": [
                            "cacheManager",
                            "EsbMsgHeader:msgHeader",
                            "customer_id",
                            "configFileName",
                            "vehicle_id",
                            "Cache-Control",
                            "count",
                            "If-Modified-Since",
                            "Accept",
                            "fields",
                            "pathHeader",
                            "limit",
                            "offset",
                            "initParams",
                            "cacheManagerName",
                            "cacheName",
                            "jdbcConnName",
                            "cacheKey",
                            "contentType",
                            "finalResponse",
                            "coordinates",
                            "expirationTime",
                            "etagOutput",
                            "SQLStatement",
                            "LATITUDE",
                            "LONGITUDE",
                            "GPSTIME",
                            "getVehicleGPSCoordinatesOutput.results.LATITUDE",
                            "getVehicleGPSCoordinatesOutput.results.LONGITUDE",
                            "getVehicleGPSCoordinatesOutput.results.GPSTIME"
                        ],
                        "deletes": [
                            "getVehicleGPSCoordinatesOutput"
                        ],
                        "mappings": [
                            {
                                "from": "getVehicleGPSCoordinatesOutput.results.LATITUDE",
                                "to": "coordinates.latitude",
                                "type": "MAPCOPY"
                            },
                            {
                                "from": "getVehicleGPSCoordinatesOutput.results.LONGITUDE",
                                "to": "coordinates.longitude",
                                "type": "MAPCOPY"
                            },
                            {
                                "from": "getVehicleGPSCoordinatesOutput.results.GPSTIME",
                                "to": "coordinates.gps_time",
                                "type": "MAPCOPY"
                            }
                        ]
                    },
                    "map_output": {
                        "inputs": [],
                        "outputs": [
                            "cacheManager",
                            "EsbMsgHeader:msgHeader",
                            "customer_id",
                            "configFileName",
                            "vehicle_id",
                            "Cache-Control",
                            "count",
                            "If-Modified-Since",
                            "Accept",
                            "fields",
                            "pathHeader",
                            "limit",
                            "offset",
                            "initParams",
                            "cacheManagerName",
                            "cacheName",
                            "jdbcConnName",
                            "cacheKey",
                            "contentType",
                            "finalResponse",
                            "coordinates",
                            "expirationTime",
                            "etagOutput",
                            "coordinates.latitude",
                            "coordinates.longitude",
                            "coordinates.gps_time"
                        ],
                        "mappings": [
                            {
                                "from": "getVehicleGPSCoordinatesOutput.results.LATITUDE",
                                "to": "coordinates.latitude",
                                "type": "MAPCOPY"
                            },
                            {
                                "from": "getVehicleGPSCoordinatesOutput.results.LONGITUDE",
                                "to": "coordinates.longitude",
                                "type": "MAPCOPY"
                            },
                            {
                                "from": "getVehicleGPSCoordinatesOutput.results.GPSTIME",
                                "to": "coordinates.gps_time",
                                "type": "MAPCOPY"
                            }
                        ],
                        "deletes": [
                            "getVehicleGPSCoordinatesOutput"
                        ]
                    }
                }
            ],
            "path": "SEQUENCE->SEQUENCE->BRANCH->SEQUENCE->BRANCH->SEQUENCE->BRANCH->SEQUENCE->",
            "comment": "map the coordinates"
        }
    },
    {
        "BRANCH {'TIMEOUT': '', 'LABELEXPRESSIONS': 'true'} \n  ": {
            "tag": "BRANCH"
        }
    },
    {
        "SEQUENCE {'NAME': '%count%!=0', 'TIMEOUT': '', 'EXIT-ON': 'FAILURE'} \n  ": {
            "tag": "SEQUENCE"
        }
    },
    {
        "MAP {'TIMEOUT': '', 'MODE': 'STANDALONE'} \n  ": {
            "tag": "MAP",
            "fields": [
                {
                    "map_input": {
                        "outputs": [],
                        "inputs": [],
                        "deletes": [],
                        "mappings": [
                            {
                                "from": "count",
                                "to": "metadata.totalCount",
                                "type": "MAPCOPY"
                            }
                        ]
                    },
                    "map_output": {
                        "inputs": [],
                        "outputs": [],
                        "mappings": [
                            {
                                "from": "count",
                                "to": "metadata.totalCount",
                                "type": "MAPCOPY"
                            }
                        ],
                        "deletes": []
                    }
                }
            ],
            "path": "SEQUENCE->SEQUENCE->BRANCH->SEQUENCE->BRANCH->SEQUENCE->",
            "comment": "map metadata"
        }
    },
    {
        "MAP {'TIMEOUT': '', 'MODE': 'STANDALONE'} \n  ": {
            "tag": "MAP",
            "fields": [
                {
                    "map_input": {
                        "outputs": [
                            "cacheManager",
                            "EsbMsgHeader:msgHeader",
                            "vehicle_id",
                            "configFileName",
                            "customer_id",
                            "Cache-Control",
                            "count",
                            "If-Modified-Since",
                            "Accept",
                            "type",
                            "fields",
                            "pathHeader",
                            "numberOfDays",
                            "limit",
                            "offset",
                            "initParams",
                            "coordinates",
                            "serviceStatsFlag",
                            "cacheManagerName",
                            "cacheName",
                            "jdbcConnName",
                            "cacheKey",
                            "contentType",
                            "finalResponse",
                            "expirationTime",
                            "etagOutput",
                            "request_tracking_id",
                            "document.metadata",
                            "document.request_tracking_id",
                            "document.coordinates"
                        ],
                        "inputs": [
                            "cacheManager",
                            "EsbMsgHeader:msgHeader",
                            "vehicle_id",
                            "configFileName",
                            "customer_id",
                            "Cache-Control",
                            "count",
                            "If-Modified-Since",
                            "Accept",
                            "type",
                            "fields",
                            "pathHeader",
                            "numberOfDays",
                            "limit",
                            "offset",
                            "initParams",
                            "coordinates",
                            "serviceStatsFlag",
                            "cacheManagerName",
                            "cacheName",
                            "jdbcConnName",
                            "cacheKey",
                            "totalCount",
                            "contentType",
                            "finalResponse",
                            "expirationTime",
                            "etagOutput",
                            "metadata.limit",
                            "metadata.offset",
                            "metadata.totalCount",
                            "msgHeader.transactionID"
                        ],
                        "deletes": [
                            "metadata",
                            "coordinates"
                        ],
                        "mappings": [
                            {
                                "from": "metadata",
                                "to": "document.metadata",
                                "type": "MAPCOPY"
                            },
                            {
                                "from": "msgHeader.transactionID",
                                "to": "document.request_tracking_id",
                                "type": "MAPCOPY"
                            },
                            {
                                "from": "coordinates",
                                "to": "document.coordinates",
                                "type": "MAPCOPY"
                            }
                        ]
                    },
                    "map_output": {
                        "inputs": [],
                        "outputs": [
                            "cacheManager",
                            "EsbMsgHeader:msgHeader",
                            "vehicle_id",
                            "configFileName",
                            "customer_id",
                            "Cache-Control",
                            "count",
                            "If-Modified-Since",
                            "Accept",
                            "type",
                            "fields",
                            "pathHeader",
                            "numberOfDays",
                            "limit",
                            "offset",
                            "initParams",
                            "coordinates",
                            "serviceStatsFlag",
                            "cacheManagerName",
                            "cacheName",
                            "jdbcConnName",
                            "cacheKey",
                            "contentType",
                            "finalResponse",
                            "expirationTime",
                            "etagOutput",
                            "request_tracking_id",
                            "document.metadata",
                            "document.request_tracking_id",
                            "document.coordinates"
                        ],
                        "mappings": [
                            {
                                "from": "metadata",
                                "to": "document.metadata",
                                "type": "MAPCOPY"
                            },
                            {
                                "from": "msgHeader.transactionID",
                                "to": "document.request_tracking_id",
                                "type": "MAPCOPY"
                            },
                            {
                                "from": "coordinates",
                                "to": "document.coordinates",
                                "type": "MAPCOPY"
                            }
                        ],
                        "deletes": [
                            "metadata",
                            "coordinates"
                        ]
                    }
                }
            ],
            "path": "SEQUENCE->SEQUENCE->BRANCH->SEQUENCE->BRANCH->SEQUENCE->",
            "comment": "Form the services document to convert to JSON string"
        }
    },
    {
        "INVOKE {'TIMEOUT': '', 'SERVICE': 'wm_common.utils:checkAcceptHeader', 'VALIDATE-IN': '$none', 'VALIDATE-OUT': '$none'} \n  ": {
            "map_input": {
                "outputs": [
                    "Accept",
                    "document"
                ],
                "inputs": [
                    "cacheManager",
                    "EsbMsgHeader:msgHeader",
                    "customer_id",
                    "configFileName",
                    "vehicle_id",
                    "Cache-Control",
                    "count",
                    "If-Modified-Since",
                    "Accept",
                    "fields",
                    "pathHeader",
                    "limit",
                    "offset",
                    "initParams",
                    "cacheManagerName",
                    "cacheName",
                    "jdbcConnName",
                    "cacheKey",
                    "contentType",
                    "finalResponse",
                    "expirationTime",
                    "etagOutput",
                    "request_tracking_id",
                    "coordinates",
                    "document.request_tracking_id"
                ],
                "deletes": [],
                "mappings": [
                    {
                        "from": "document",
                        "to": "document",
                        "type": "MAPCOPY"
                    }
                ]
            },
            "map_output": {
                "outputs": [
                    "cacheManager",
                    "EsbMsgHeader:msgHeader",
                    "customer_id",
                    "configFileName",
                    "vehicle_id",
                    "Cache-Control",
                    "count",
                    "If-Modified-Since",
                    "Accept",
                    "fields",
                    "pathHeader",
                    "limit",
                    "offset",
                    "initParams",
                    "cacheManagerName",
                    "cacheName",
                    "jdbcConnName",
                    "cacheKey",
                    "contentType",
                    "finalResponse",
                    "expirationTime",
                    "etagOutput",
                    "request_tracking_id",
                    "coordinates"
                ],
                "inputs": [],
                "deletes": [
                    "document"
                ],
                "mappings": []
            },
            "service": "wm_common.utils:checkAcceptHeader",
            "tag": "INVOKE"
        }
    },
    {
        "INVOKE {'TIMEOUT': '', 'SERVICE': 'wm_common.utils:checkIfModifiedSinceHeader', 'VALIDATE-IN': '$none', 'VALIDATE-OUT': '$none'} \n  ": {
            "tag": "INVOKE"
        }
    },
    {
        "INVOKE {'TIMEOUT': '', 'SERVICE': 'pub.cache:put', 'VALIDATE-IN': '$none', 'VALIDATE-OUT': '$none'} \n  ": {
            "map_input": {
                "outputs": [
                    "cacheManagerName",
                    "cacheName",
                    "key",
                    "value",
                    "useWriter"
                ],
                "inputs": [
                    "cacheManager",
                    "EsbMsgHeader:msgHeader",
                    "customer_id",
                    "configFileName",
                    "vehicle_id",
                    "Cache-Control",
                    "count",
                    "If-Modified-Since",
                    "Accept",
                    "fields",
                    "pathHeader",
                    "limit",
                    "offset",
                    "initParams",
                    "cacheManagerName",
                    "cacheName",
                    "jdbcConnName",
                    "cacheKey",
                    "contentType",
                    "finalResponse",
                    "expirationTime",
                    "etagOutput"
                ],
                "deletes": [],
                "mappings": [
                    {
                        "from": "cacheName",
                        "to": "cacheName",
                        "type": "MAPCOPY"
                    },
                    {
                        "from": "cacheManagerName",
                        "to": "cacheManagerName",
                        "type": "MAPCOPY"
                    },
                    {
                        "from": "cacheKey",
                        "to": "key",
                        "type": "MAPCOPY"
                    },
                    {
                        "from": "finalResponse",
                        "to": "value",
                        "type": "MAPCOPY"
                    }
                ]
            },
            "map_output": {
                "outputs": [
                    "cacheManager",
                    "EsbMsgHeader:msgHeader",
                    "key",
                    "value",
                    "customer_id",
                    "configFileName",
                    "vehicle_id",
                    "Cache-Control",
                    "count",
                    "If-Modified-Since",
                    "Accept",
                    "fields",
                    "pathHeader",
                    "limit",
                    "offset",
                    "initParams",
                    "cacheManagerName",
                    "cacheName",
                    "jdbcConnName",
                    "cacheKey",
                    "contentType",
                    "finalResponse",
                    "expirationTime",
                    "etagOutput"
                ],
                "inputs": [],
                "deletes": [
                    "count",
                    "key",
                    "value"
                ],
                "mappings": []
            },
            "service": "pub.cache:put",
            "tag": "INVOKE"
        }
    },
    {
        "INVOKE {'TIMEOUT': '', 'SERVICE': 'CAAG.javasvcs:getExpirationTime', 'VALIDATE-IN': '$none', 'VALIDATE-OUT': '$none'} \n  ": {
            "map_input": {
                "outputs": [
                    "cacheManager",
                    "cacheName",
                    "cacheKey"
                ],
                "inputs": [
                    "cacheManager",
                    "EsbMsgHeader:msgHeader",
                    "customer_id",
                    "configFileName",
                    "vehicle_id",
                    "Cache-Control",
                    "If-Modified-Since",
                    "Accept",
                    "cachekey",
                    "fields",
                    "pathHeader",
                    "limit",
                    "offset",
                    "initParams",
                    "cacheManagerName",
                    "cacheName",
                    "jdbcConnName",
                    "cacheKey",
                    "contentType",
                    "finalResponse",
                    "expirationTime",
                    "etagOutput"
                ],
                "deletes": [],
                "mappings": [
                    {
                        "from": "cachekey",
                        "to": "cacheKey",
                        "type": "MAPCOPY"
                    },
                    {
                        "from": "cacheManagerName",
                        "to": "cacheManager",
                        "type": "MAPCOPY"
                    },
                    {
                        "from": "cacheName",
                        "to": "cacheName",
                        "type": "MAPCOPY"
                    }
                ]
            },
            "map_output": {
                "outputs": [
                    "cacheManager",
                    "EsbMsgHeader:msgHeader",
                    "customer_id",
                    "configFileName",
                    "vehicle_id",
                    "Cache-Control",
                    "If-Modified-Since",
                    "Accept",
                    "cachekey",
                    "fields",
                    "pathHeader",
                    "limit",
                    "offset",
                    "initParams",
                    "cacheManagerName",
                    "cacheName",
                    "jdbcConnName",
                    "cacheKey",
                    "contentType",
                    "finalResponse",
                    "expirationTime",
                    "etagOutput"
                ],
                "inputs": [],
                "deletes": [
                    "cacheKey"
                ],
                "mappings": []
            },
            "service": "CAAG.javasvcs:getExpirationTime",
            "tag": "INVOKE"
        }
    },
    {
        "INVOKE {'TIMEOUT': '', 'SERVICE': 'pub.flow:setResponseHeader', 'VALIDATE-IN': '$none', 'VALIDATE-OUT': '$none'} \n  ": {
            "map_input": {
                "outputs": [
                    "fieldName",
                    "fieldValue"
                ],
                "inputs": [
                    "cacheManager",
                    "EsbMsgHeader:msgHeader",
                    "customer_id",
                    "configFileName",
                    "vehicle_id",
                    "Cache-Control",
                    "If-Modified-Since",
                    "Accept",
                    "cachekey",
                    "fields",
                    "pathHeader",
                    "limit",
                    "offset",
                    "initParams",
                    "cacheManagerName",
                    "cacheName",
                    "jdbcConnName",
                    "contentType",
                    "finalResponse",
                    "expirationTime",
                    "etagOutput"
                ],
                "deletes": [],
                "mappings": [
                    {
                        "field": "fieldName",
                        "value": "'Expires'",
                        "type": "MAPSET"
                    },
                    {
                        "from": "expirationTime",
                        "to": "fieldValue",
                        "type": "MAPCOPY"
                    }
                ]
            },
            "map_output": {
                "outputs": [
                    "fieldName",
                    "fieldValue",
                    "cacheManager",
                    "EsbMsgHeader:msgHeader",
                    "customer_id",
                    "configFileName",
                    "vehicle_id",
                    "Cache-Control",
                    "If-Modified-Since",
                    "Accept",
                    "cachekey",
                    "fields",
                    "pathHeader",
                    "limit",
                    "offset",
                    "initParams",
                    "cacheManagerName",
                    "cacheName",
                    "jdbcConnName",
                    "contentType",
                    "finalResponse",
                    "expirationTime",
                    "etagOutput"
                ],
                "inputs": [],
                "deletes": [
                    "fieldName",
                    "fieldValue"
                ],
                "mappings": []
            },
            "service": "pub.flow:setResponseHeader",
            "tag": "INVOKE"
        }
    },
    {
        "SEQUENCE {'NAME': '$default', 'TIMEOUT': '', 'EXIT-ON': 'FAILURE'} \n  ": {
            "tag": "SEQUENCE"
        }
    },
    {
        "MAP {'TIMEOUT': '', 'MODE': 'STANDALONE'} \n  ": {
            "tag": "MAP",
            "fields": [
                {
                    "map_input": {
                        "outputs": [
                            "EsbMsgHeader:msgHeader",
                            "Cache-Control",
                            "If-Modified-Since",
                            "configFileName",
                            "Accept",
                            "Request-Tracking-Id",
                            "fields",
                            "count",
                            "type",
                            "pathHeader",
                            "limit",
                            "offset",
                            "initParams",
                            "jdbcConnName",
                            "route_order_number",
                            "stops",
                            "finalResponse",
                            "etagOutput",
                            "contentType"
                        ],
                        "inputs": [],
                        "deletes": [],
                        "mappings": [
                            {
                                "field": "contentType",
                                "value": "'application/json'",
                                "type": "MAPSET"
                            },
                            {
                                "field": "initParams.subjectNote",
                                "value": "'OCS'",
                                "type": "MAPSET"
                            },
                            {
                                "field": "initParams.errorCode",
                                "value": "'204'",
                                "type": "MAPSET"
                            }
                        ]
                    },
                    "map_output": {
                        "inputs": [],
                        "outputs": [
                            "EsbMsgHeader:msgHeader",
                            "Cache-Control",
                            "If-Modified-Since",
                            "configFileName",
                            "Accept",
                            "Request-Tracking-Id",
                            "fields",
                            "count",
                            "type",
                            "pathHeader",
                            "limit",
                            "offset",
                            "initParams",
                            "jdbcConnName",
                            "route_order_number",
                            "stops",
                            "finalResponse",
                            "etagOutput",
                            "contentType"
                        ],
                        "mappings": [
                            {
                                "field": "contentType",
                                "value": "'application/json'",
                                "type": "MAPSET"
                            },
                            {
                                "field": "initParams.subjectNote",
                                "value": "'OCS'",
                                "type": "MAPSET"
                            },
                            {
                                "field": "initParams.errorCode",
                                "value": "'204'",
                                "type": "MAPSET"
                            }
                        ],
                        "deletes": []
                    }
                }
            ],
            "path": "SEQUENCE->SEQUENCE->BRANCH->SEQUENCE->BRANCH->SEQUENCE->",
            "comment": "set subjectNote and errorCode"
        }
    },
    {
        "INVOKE {'TIMEOUT': '', 'SERVICE': 'wm_common.utils:throwError', 'VALIDATE-IN': '$none', 'VALIDATE-OUT': '$none'} \n  ": {
            "map_input": {
                "outputs": [
                    "errorMessage"
                ],
                "inputs": [],
                "deletes": [],
                "mappings": [
                    {
                        "field": "errorMessage",
                        "value": "'No Content'",
                        "type": "MAPSET"
                    }
                ]
            },
            "map_output": {
                "outputs": [
                    "errorMessage",
                    "cacheManager",
                    "EsbMsgHeader:msgHeader",
                    "customer_id",
                    "configFileName",
                    "vehicle_id",
                    "Cache-Control",
                    "If-Modified-Since",
                    "Accept",
                    "cachekey",
                    "fields",
                    "pathHeader",
                    "limit",
                    "offset",
                    "initParams",
                    "cacheManagerName",
                    "cacheName",
                    "jdbcConnName",
                    "contentType",
                    "finalResponse",
                    "coordinates",
                    "expirationTime",
                    "etagOutput"
                ],
                "inputs": [],
                "deletes": [
                    "errorMessage"
                ],
                "mappings": []
            },
            "service": "wm_common.utils:throwError",
            "tag": "INVOKE"
        }
    },
    {
        "MAP {'TIMEOUT': '', 'MODE': 'STANDALONE'} \n  ": {
            "tag": "MAP",
            "fields": [
                {
                    "map_input": {
                        "outputs": [],
                        "inputs": [
                            "cacheManager",
                            "EsbMsgHeader:msgHeader",
                            "configFileName",
                            "customer_id",
                            "Cache-Control",
                            "cachekey",
                            "If-Modified-Since",
                            "Accept",
                            "limit",
                            "offset",
                            "initParams",
                            "type",
                            "customerNo",
                            "library",
                            "company",
                            "fileName",
                            "pathHeader",
                            "cacheManagerName",
                            "count",
                            "cacheName",
                            "fields",
                            "jdbcConnName",
                            "numberOfDays",
                            "contentType",
                            "finalResponse",
                            "expirationTime",
                            "totalCount",
                            "etagOutput",
                            "services"
                        ],
                        "deletes": [
                            "cacheManager",
                            "msgHeader",
                            "customer_id",
                            "configFileName",
                            "vehicle_id",
                            "$path",
                            "Cache-Control",
                            "If-Modified-Since",
                            "Accept",
                            "cachekey",
                            "fields",
                            "pathHeader",
                            "limit",
                            "offset",
                            "initParams",
                            "cacheManagerName",
                            "cacheName",
                            "jdbcConnName",
                            "contentType",
                            "expirationTime",
                            "etagOutput"
                        ],
                        "mappings": []
                    },
                    "map_output": {
                        "inputs": [],
                        "outputs": [],
                        "mappings": [],
                        "deletes": [
                            "cacheManager",
                            "msgHeader",
                            "customer_id",
                            "configFileName",
                            "vehicle_id",
                            "$path",
                            "Cache-Control",
                            "If-Modified-Since",
                            "Accept",
                            "cachekey",
                            "fields",
                            "pathHeader",
                            "limit",
                            "offset",
                            "initParams",
                            "cacheManagerName",
                            "cacheName",
                            "jdbcConnName",
                            "contentType",
                            "expirationTime",
                            "etagOutput"
                        ]
                    }
                }
            ],
            "path": "SEQUENCE->SEQUENCE->",
            "comment": "Clean Up"
        }
    },
    {
        "SEQUENCE {'TIMEOUT': '', 'EXIT-ON': 'DONE'} \n  ": {
            "tag": "SEQUENCE"
        }
    },
    {
        "INVOKE {'TIMEOUT': '', 'SERVICE': 'pub.flow:getLastError', 'VALIDATE-IN': '$none', 'VALIDATE-OUT': '$none'} \n  ": {
            "map_input": {
                "outputs": [],
                "inputs": [],
                "deletes": [],
                "mappings": []
            },
            "map_output": {
                "outputs": [],
                "inputs": [],
                "deletes": [],
                "mappings": []
            },
            "service": "pub.flow:getLastError",
            "tag": "INVOKE"
        }
    },
    {
        "INVOKE {'TIMEOUT': '', 'SERVICE': 'wm_errorhandling.utils:getCallingService', 'VALIDATE-IN': '$none', 'VALIDATE-OUT': '$none'} \n  ": {
            "map_input": {
                "outputs": [],
                "inputs": [],
                "deletes": [],
                "mappings": []
            },
            "map_output": {
                "outputs": [],
                "inputs": [],
                "deletes": [],
                "mappings": []
            },
            "service": "wm_errorhandling.utils:getCallingService",
            "tag": "INVOKE"
        }
    },
    {
        "INVOKE {'TIMEOUT': '', 'SERVICE': 'wm_errorhandling.svcs.flowsvcs:createErrorMsg_FW1', 'VALIDATE-IN': '$none', 'VALIDATE-OUT': '$none'} \n  ": {
            "map_input": {
                "outputs": [],
                "inputs": [],
                "deletes": [],
                "mappings": []
            },
            "map_output": {
                "outputs": [],
                "inputs": [],
                "deletes": [],
                "mappings": []
            },
            "service": "wm_errorhandling.svcs.flowsvcs:createErrorMsg_FW1",
            "tag": "INVOKE"
        }
    },
    {
        "MAP {'TIMEOUT': '', 'MODE': 'STANDALONE'} \n  ": {
            "tag": "MAP",
            "fields": [
                {
                    "map_input": {
                        "outputs": [],
                        "inputs": [],
                        "deletes": [],
                        "mappings": [
                            {
                                "field": "contentType",
                                "value": "'application/json'",
                                "type": "MAPSET"
                            }
                        ]
                    },
                    "map_output": {
                        "inputs": [],
                        "outputs": [],
                        "mappings": [
                            {
                                "field": "contentType",
                                "value": "'application/json'",
                                "type": "MAPSET"
                            }
                        ],
                        "deletes": []
                    }
                }
            ],
            "path": "SEQUENCE->SEQUENCE->",
            "comment": "Populate contentType"
        }
    }
]