<?xml version="1.0" encoding="UTF-8"?><mule xmlns="http://www.mulesoft.org/schema/mule/core" xmlns:doc="http://www.mulesoft.org/schema/mule/documentation" xmlns:ee="http://www.mulesoft.org/schema/mule/ee/core" xmlns:jms="http://www.mulesoft.org/schema/mule/jms" xmlns:os="http://www.mulesoft.org/schema/mule/os" xmlns:xsi="http://www.w3.org/2001/XMLSchema-instance" xsi:schemaLocation="http://www.mulesoft.org/schema/mule/core http://www.mulesoft.org/schema/mule/core/current/mule.xsd http://www.mulesoft.org/schema/mule/ee/core http://www.mulesoft.org/schema/mule/ee/core/current/mule-ee.xsd http://www.mulesoft.org/schema/mule/jms http://www.mulesoft.org/schema/mule/jms/current/mule-jms.xsd http://www.mulesoft.org/schema/mule/os  http://www.mulesoft.org/schema/mule/os/current/mule-os.xsd">
    <flow doc:id="phudvrcv-eadc-40b9-98cc-268d14076da0" name="wm_ocs-svcs-inbound-flowsvcs-getCustomerEligibilityAndETA">
        <try doc:name="SEQUENCE">
            <try doc:name="SEQUENCE">
                <choice doc:name="BRANCH">
                    <when expression="%requestDate% ==$null || %requestDate% ==&quot;&quot;">
                        <try doc:name="SEQUENCE">
                            <ee:transform doc:id="fydzxgwa-9b5e-4a86-b01c-cd738c5276d4" doc:name="MAP">
                                <ee:variables>
                                    <ee:set-variable variableName="MAP">%dw 2.0
output application/json
---
vars.""</ee:set-variable>
                                </ee:variables>
                            </ee:transform>
                            <logger doc:id="hsqqghlr-eadc-40b9-98cc-268d14076da0" doc:name="wm_common.utils:throwError" level="INFO"/>
                        </try>
                    </when>
                    <when expression="%id%==$null || %id%==&quot;&quot;">
                        <try doc:name="SEQUENCE">
                            <ee:transform doc:id="rfgccqve-9b5e-4a86-b01c-cd738c5276d4" doc:name="MAP">
                                <ee:variables>
                                    <ee:set-variable variableName="MAP">%dw 2.0
output application/json
---
vars.""</ee:set-variable>
                                </ee:variables>
                            </ee:transform>
                            <logger doc:id="omxlosvy-eadc-40b9-98cc-268d14076da0" doc:name="wm_common.utils:throwError" level="INFO"/>
                        </try>
                    </when>
                </choice>
                <choice doc:name="BRANCH">
                    <when expression="% /Cache-Control% = Private">
                        <try doc:name="SEQUENCE">
                            <logger doc:id="ygxmezwt-eadc-40b9-98cc-268d14076da0" doc:name="SEQUENCE" level="INFO"/>
                        </try>
                    </when>
                    <when expression="% /Cache-Control% = no-cache">
                        <try doc:name="SEQUENCE">
                            <logger doc:id="nnmhualz-eadc-40b9-98cc-268d14076da0" doc:name="wm_ccdb.svcs.inbound.flowsvcs:getCustomerLineOfBusiness" level="INFO"/>
                            <ee:transform doc:id="vtgzlcaa-9b5e-4a86-b01c-cd738c5276d4" doc:name="MAP">
                                <ee:variables>
                                    <ee:set-variable variableName="MAP">%dw 2.0
output application/json
---
vars.""</ee:set-variable>
                                </ee:variables>
                            </ee:transform>
                            <logger doc:id="jqazbhra-eadc-40b9-98cc-268d14076da0" doc:name="wm_ocs.svcs.inbound.flowsvcs:getEligibilityDetails" level="INFO"/>
                            <ee:transform doc:id="nslbqbdt-9b5e-4a86-b01c-cd738c5276d4" doc:name="MAP">
                                <ee:variables>
                                    <ee:set-variable variableName="MAP">%dw 2.0
output application/json
---
vars.""</ee:set-variable>
                                </ee:variables>
                            </ee:transform>
                            <choice doc:name="BRANCH">
                                <when expression="% /ETAEligible% = True">
                                    <try doc:name="SEQUENCE">
                                        <ee:transform doc:id="atssftil-9b5e-4a86-b01c-cd738c5276d4" doc:name="MAP">
                                            <ee:variables>
                                                <ee:set-variable variableName="MAP">%dw 2.0
output application/json
---
vars.""</ee:set-variable>
                                            </ee:variables>
                                        </ee:transform>
                                        <ee:transform doc:id="zatswvqz-9b5e-4a86-b01c-cd738c5276d4" doc:name="MAP">
                                            <ee:variables>
                                                <ee:set-variable variableName="MAP">%dw 2.0
output application/json
---
vars.""</ee:set-variable>
                                            </ee:variables>
                                        </ee:transform>
                                        <ee:transform doc:id="sqrvkoxg-9b5e-4a86-b01c-cd738c5276d4" doc:name="MAP">
                                            <ee:variables>
                                                <ee:set-variable variableName="MAP">%dw 2.0
output application/json
---
vars.""</ee:set-variable>
                                            </ee:variables>
                                        </ee:transform>
                                        <choice doc:name="BRANCH">
                                            <when expression="%/targetServiceName% == $null || %/targetServiceName% == &quot;&quot;">
                                                <try doc:name="SEQUENCE">
                                                    <ee:transform doc:id="ppwaafbe-9b5e-4a86-b01c-cd738c5276d4" doc:name="MAP">
                                                        <ee:variables>
                                                            <ee:set-variable variableName="MAP">%dw 2.0
output application/json
---
vars.""</ee:set-variable>
                                                        </ee:variables>
                                                    </ee:transform>
                                                    <logger doc:id="ncvqjxys-eadc-40b9-98cc-268d14076da0" doc:name="wm_common.utils:throwError" level="INFO"/>
                                                </try>
                                            </when>
                                        </choice>
                                        <logger doc:id="lqmezifq-eadc-40b9-98cc-268d14076da0" doc:name="wm_common.utils:dynamicInvoke" level="INFO"/>
                                    </try>
                                </when>
                                <when expression="% /ETAEligible% = False">
                                    <try doc:name="SEQUENCE">
                                        <ee:transform doc:id="alerysoz-9b5e-4a86-b01c-cd738c5276d4" doc:name="MAP">
                                            <ee:variables>
                                                <ee:set-variable variableName="MAP">%dw 2.0
output application/json
---
vars.""</ee:set-variable>
                                            </ee:variables>
                                        </ee:transform>
                                        <logger doc:id="tuisqhoi-eadc-40b9-98cc-268d14076da0" doc:name="wm_common.utils:throwError" level="INFO"/>
                                    </try>
                                </when>
                            </choice>
                            <ee:transform doc:id="agnpqdvp-9b5e-4a86-b01c-cd738c5276d4" doc:name="MAP">
                                <ee:variables>
                                    <ee:set-variable variableName="MAP">%dw 2.0
output application/json
---
vars.""</ee:set-variable>
                                </ee:variables>
                            </ee:transform>
                            <ee:transform doc:id="zyygjvar-9b5e-4a86-b01c-cd738c5276d4" doc:name="MAP">
                                <ee:variables>
                                    <ee:set-variable variableName="MAP">%dw 2.0
output application/json
---
vars.""</ee:set-variable>
                                </ee:variables>
                            </ee:transform>
                            <logger doc:id="qmvduvoo-eadc-40b9-98cc-268d14076da0" doc:name="wm_common.utils:checkAcceptHeader" level="INFO"/>
                            <logger doc:id="nekajclp-eadc-40b9-98cc-268d14076da0" doc:name="wm_common.utils:checkIfModifiedSinceHeader" level="INFO"/>
                            <try doc:name="SEQUENCE">
                                <ee:transform doc:id="nyilgwkh-9b5e-4a86-b01c-cd738c5276d4" doc:name="MAP">
                                    <ee:variables>
                                        <ee:set-variable variableName="MAP">%dw 2.0
output application/json
---
vars.""</ee:set-variable>
                                    </ee:variables>
                                </ee:transform>
                                <set-payload doc:id="kfgqmsfp-eadc-40b9-98cc-268d14076da0" doc:name="Set Payload" name="set_payload" value="#[payload]"/>
                                <foreach collection="#[payload]" doc:id="jgcyyfbp-eadc-40b9-98cc-268d14076da0" doc:name="LOOP" name="LOOP">
                                    <ee:transform doc:id="igpitbyh-9b5e-4a86-b01c-cd738c5276d4" doc:name="MAP">
                                        <ee:variables>
                                            <ee:set-variable variableName="MAP">%dw 2.0
output application/json
---
vars.""</ee:set-variable>
                                        </ee:variables>
                                    </ee:transform>
                                </foreach>
                                <ee:transform doc:id="ofonrwvd-9b5e-4a86-b01c-cd738c5276d4" doc:name="MAP">
                                    <ee:variables>
                                        <ee:set-variable variableName="MAP">%dw 2.0
output application/json
---
vars.""</ee:set-variable>
                                    </ee:variables>
                                </ee:transform>
                                <ee:transform doc:id="hgzfycfw-9b5e-4a86-b01c-cd738c5276d4" doc:name="MAP">
                                    <ee:variables>
                                        <ee:set-variable variableName="MAP">%dw 2.0
output application/json
---
vars.""</ee:set-variable>
                                    </ee:variables>
                                </ee:transform>
                                <try doc:name="SEQUENCE">
                                    <choice doc:name="BRANCH">
                                        <when expression="% /ESB_ETALogging_DB_Log% = /[Tt][Rr][Uu][Ee]/">
                                            <try doc:name="SEQUENCE">
                                                <ee:transform doc:id="lqqkkmsy-9b5e-4a86-b01c-cd738c5276d4" doc:name="MAP">
                                                    <ee:variables>
                                                        <ee:set-variable variableName="MAP">%dw 2.0
output application/json
---
vars.""</ee:set-variable>
                                                    </ee:variables>
                                                </ee:transform>
                                                <jms:publish config-ref="pub.jms:send_conn" destination="pub.jms:send" destinationType="TOPIC" doc:id="bkenmbbnba44-4f56-9c63-d1d76a5d22ca" doc:name="Publish" name="pub.jms:send">
                                                    <jms:message>
                                                        <jms:body/>
                                                    </jms:message>
                                                </jms:publish>
                                            </try>
                                        </when>
                                    </choice>
                                </try>
                                <try doc:name="SEQUENCE">
                                    <choice doc:name="BRANCH">
                                        <when expression="% /ESB_ETALogging_Splunk% = /[Tt][Rr][Uu][Ee]/">
                                            <try doc:name="SEQUENCE">
                                                <ee:transform doc:id="rmvulzyl-9b5e-4a86-b01c-cd738c5276d4" doc:name="MAP">
                                                    <ee:variables>
                                                        <ee:set-variable variableName="MAP">%dw 2.0
output application/json
---
vars.""</ee:set-variable>
                                                    </ee:variables>
                                                </ee:transform>
                                                <jms:publish config-ref="pub.jms:send_conn" destination="pub.jms:send" destinationType="TOPIC" doc:id="xymxrutwba44-4f56-9c63-d1d76a5d22ca" doc:name="Publish" name="pub.jms:send">
                                                    <jms:message>
                                                        <jms:body/>
                                                    </jms:message>
                                                </jms:publish>
                                            </try>
                                        </when>
                                    </choice>
                                </try>
                                <try doc:name="SEQUENCE">
                                    <choice doc:name="BRANCH">
                                        <when expression="% /ESB_ETALogging_LogFile% = /[Tt][Rr][Uu][Ee]/">
                                            <try doc:name="SEQUENCE">
                                                <ee:transform doc:id="luebyfod-9b5e-4a86-b01c-cd738c5276d4" doc:name="MAP">
                                                    <ee:variables>
                                                        <ee:set-variable variableName="MAP">%dw 2.0
output application/json
---
vars.""</ee:set-variable>
                                                    </ee:variables>
                                                </ee:transform>
                                                <jms:publish config-ref="pub.jms:send_conn" destination="pub.jms:send" destinationType="TOPIC" doc:id="kwtakqykba44-4f56-9c63-d1d76a5d22ca" doc:name="Publish" name="pub.jms:send">
                                                    <jms:message>
                                                        <jms:body/>
                                                    </jms:message>
                                                </jms:publish>
                                                <ee:transform doc:id="ozwxclmu-9b5e-4a86-b01c-cd738c5276d4" doc:name="MAP">
                                                    <ee:variables>
                                                        <ee:set-variable variableName="MAP">%dw 2.0
output application/json
---
vars.""</ee:set-variable>
                                                    </ee:variables>
                                                </ee:transform>
                                            </try>
                                        </when>
                                    </choice>
                                </try>
                            </try>
                        </try>
                    </when>
                    <when expression="% /Cache-Control% = max-age">
                        <try doc:name="SEQUENCE">
                            <ee:transform doc:id="huwcrbxb-9b5e-4a86-b01c-cd738c5276d4" doc:name="MAP">
                                <ee:variables>
                                    <ee:set-variable variableName="MAP">%dw 2.0
output application/json
---
vars.""</ee:set-variable>
                                </ee:variables>
                            </ee:transform>
                            <logger doc:id="zxvkguca-eadc-40b9-98cc-268d14076da0" doc:name="wm_common.utils:constructCacheKey" level="INFO"/>
                            <os:retrieve doc:id="gkxetlky-eadc-40b9-98cc-268d14076da0" doc:name="pub.cache:get" key="#[attributes.headers.key]" name="pub.cache:get" objectStore="pub.cache-get_conn" target="pub.cache:get">
                                <os:default-value/>
                            </os:retrieve>
                            <choice doc:name="BRANCH">
                                <when expression="% /finalResponse% = /[^ ]/">
                                    <try doc:name="SEQUENCE">
                                        <logger doc:id="quuchdvq-eadc-40b9-98cc-268d14076da0" doc:name="CAAG.javasvcs:getExpirationTime" level="INFO"/>
                                        <logger doc:id="iyoedjus-eadc-40b9-98cc-268d14076da0" doc:name="pub.flow:setResponseHeader" level="INFO"/>
                                        <logger doc:id="nuqaxxys-eadc-40b9-98cc-268d14076da0" doc:name="wm_common.utils:createEtag" level="INFO"/>
                                        <logger doc:id="grehfwsa-eadc-40b9-98cc-268d14076da0" doc:name="wm_common.utils:checkIfModifiedSinceHeader" level="INFO"/>
                                        <try doc:name="SEQUENCE">
                                            <ee:transform doc:id="hoodhvrm-9b5e-4a86-b01c-cd738c5276d4" doc:name="MAP">
                                                <ee:variables>
                                                    <ee:set-variable variableName="MAP">%dw 2.0
output application/json
---
vars.""</ee:set-variable>
                                                </ee:variables>
                                            </ee:transform>
                                            <set-payload doc:id="osifoufs-eadc-40b9-98cc-268d14076da0" doc:name="Set Payload" name="set_payload" value="#[payload]"/>
                                            <foreach collection="#[payload]" doc:id="guynkglp-eadc-40b9-98cc-268d14076da0" doc:name="LOOP" name="LOOP">
                                                <ee:transform doc:id="gocgmfyi-9b5e-4a86-b01c-cd738c5276d4" doc:name="MAP">
                                                    <ee:variables>
                                                        <ee:set-variable variableName="MAP">%dw 2.0
output application/json
---
vars.""</ee:set-variable>
                                                    </ee:variables>
                                                </ee:transform>
                                            </foreach>
                                            <ee:transform doc:id="qpmfiiwf-9b5e-4a86-b01c-cd738c5276d4" doc:name="MAP">
                                                <ee:variables>
                                                    <ee:set-variable variableName="MAP">%dw 2.0
output application/json
---
vars.""</ee:set-variable>
                                                </ee:variables>
                                            </ee:transform>
                                            <ee:transform doc:id="ttcvvyrj-9b5e-4a86-b01c-cd738c5276d4" doc:name="MAP">
                                                <ee:variables>
                                                    <ee:set-variable variableName="MAP">%dw 2.0
output application/json
---
vars.""</ee:set-variable>
                                                </ee:variables>
                                            </ee:transform>
                                            <try doc:name="SEQUENCE">
                                                <choice doc:name="BRANCH">
                                                    <when expression="% /ESB_ETALogging_DB_Log% = /[Tt][Rr][Uu][Ee]/">
                                                        <try doc:name="SEQUENCE">
                                                            <ee:transform doc:id="vacgoodr-9b5e-4a86-b01c-cd738c5276d4" doc:name="MAP">
                                                                <ee:variables>
                                                                    <ee:set-variable variableName="MAP">%dw 2.0
output application/json
---
vars.""</ee:set-variable>
                                                                </ee:variables>
                                                            </ee:transform>
                                                            <jms:publish config-ref="pub.jms:send_conn" destination="pub.jms:send" destinationType="TOPIC" doc:id="xedqwhbuba44-4f56-9c63-d1d76a5d22ca" doc:name="Publish" name="pub.jms:send">
                                                                <jms:message>
                                                                    <jms:body/>
                                                                </jms:message>
                                                            </jms:publish>
                                                        </try>
                                                    </when>
                                                </choice>
                                            </try>
                                            <try doc:name="SEQUENCE">
                                                <choice doc:name="BRANCH">
                                                    <when expression="% /ESB_ETALogging_Splunk% = /[Tt][Rr][Uu][Ee]/">
                                                        <try doc:name="SEQUENCE">
                                                            <ee:transform doc:id="ianomxcs-9b5e-4a86-b01c-cd738c5276d4" doc:name="MAP">
                                                                <ee:variables>
                                                                    <ee:set-variable variableName="MAP">%dw 2.0
output application/json
---
vars.""</ee:set-variable>
                                                                </ee:variables>
                                                            </ee:transform>
                                                            <jms:publish config-ref="pub.jms:send_conn" destination="pub.jms:send" destinationType="TOPIC" doc:id="cyzhkcjiba44-4f56-9c63-d1d76a5d22ca" doc:name="Publish" name="pub.jms:send">
                                                                <jms:message>
                                                                    <jms:body/>
                                                                </jms:message>
                                                            </jms:publish>
                                                        </try>
                                                    </when>
                                                </choice>
                                            </try>
                                            <try doc:name="SEQUENCE">
                                                <choice doc:name="BRANCH">
                                                    <when expression="% /ESB_ETALogging_LogFile% = /[Tt][Rr][Uu][Ee]/">
                                                        <try doc:name="SEQUENCE">
                                                            <ee:transform doc:id="betzgxlw-9b5e-4a86-b01c-cd738c5276d4" doc:name="MAP">
                                                                <ee:variables>
                                                                    <ee:set-variable variableName="MAP">%dw 2.0
output application/json
---
vars.""</ee:set-variable>
                                                                </ee:variables>
                                                            </ee:transform>
                                                            <jms:publish config-ref="pub.jms:send_conn" destination="pub.jms:send" destinationType="TOPIC" doc:id="rgkcelwmba44-4f56-9c63-d1d76a5d22ca" doc:name="Publish" name="pub.jms:send">
                                                                <jms:message>
                                                                    <jms:body/>
                                                                </jms:message>
                                                            </jms:publish>
                                                            <ee:transform doc:id="aohephtz-9b5e-4a86-b01c-cd738c5276d4" doc:name="MAP">
                                                                <ee:variables>
                                                                    <ee:set-variable variableName="MAP">%dw 2.0
output application/json
---
vars.""</ee:set-variable>
                                                                </ee:variables>
                                                            </ee:transform>
                                                        </try>
                                                    </when>
                                                </choice>
                                            </try>
                                        </try>
                                    </try>
                                </when>
                                <otherwise>
                                    <try doc:name="SEQUENCE">
                                        <logger doc:id="hwipvdgt-eadc-40b9-98cc-268d14076da0" doc:name="wm_ccdb.svcs.inbound.flowsvcs:getCustomerLineOfBusiness" level="INFO"/>
                                        <logger doc:id="uvemgmbm-eadc-40b9-98cc-268d14076da0" doc:name="wm_ocs.svcs.inbound.flowsvcs:getEligibilityDetails" level="INFO"/>
                                        <ee:transform doc:id="poeemgze-9b5e-4a86-b01c-cd738c5276d4" doc:name="MAP">
                                            <ee:variables>
                                                <ee:set-variable variableName="MAP">%dw 2.0
output application/json
---
vars.""</ee:set-variable>
                                            </ee:variables>
                                        </ee:transform>
                                        <choice doc:name="BRANCH">
                                            <when expression="% /ETAEligible% = True">
                                                <try doc:name="SEQUENCE">
                                                    <ee:transform doc:id="ckpskqyn-9b5e-4a86-b01c-cd738c5276d4" doc:name="MAP">
                                                        <ee:variables>
                                                            <ee:set-variable variableName="MAP">%dw 2.0
output application/json
---
vars.""</ee:set-variable>
                                                        </ee:variables>
                                                    </ee:transform>
                                                    <ee:transform doc:id="nanpyasp-9b5e-4a86-b01c-cd738c5276d4" doc:name="MAP">
                                                        <ee:variables>
                                                            <ee:set-variable variableName="MAP">%dw 2.0
output application/json
---
vars.""</ee:set-variable>
                                                        </ee:variables>
                                                    </ee:transform>
                                                    <ee:transform doc:id="ueoejhja-9b5e-4a86-b01c-cd738c5276d4" doc:name="MAP">
                                                        <ee:variables>
                                                            <ee:set-variable variableName="MAP">%dw 2.0
output application/json
---
vars.""</ee:set-variable>
                                                        </ee:variables>
                                                    </ee:transform>
                                                    <choice doc:name="BRANCH">
                                                        <when expression="%/targetServiceName% == $null || %/targetServiceName% == &quot;&quot;">
                                                            <try doc:name="SEQUENCE">
                                                                <ee:transform doc:id="dkyabueh-9b5e-4a86-b01c-cd738c5276d4" doc:name="MAP">
                                                                    <ee:variables>
                                                                        <ee:set-variable variableName="MAP">%dw 2.0
output application/json
---
vars.""</ee:set-variable>
                                                                    </ee:variables>
                                                                </ee:transform>
                                                                <logger doc:id="gnonnrub-eadc-40b9-98cc-268d14076da0" doc:name="wm_common.utils:throwError" level="INFO"/>
                                                            </try>
                                                        </when>
                                                    </choice>
                                                    <logger doc:id="qvscppef-eadc-40b9-98cc-268d14076da0" doc:name="wm_common.utils:dynamicInvoke" level="INFO"/>
                                                </try>
                                            </when>
                                            <when expression="% /ETAEligible% = False">
                                                <try doc:name="SEQUENCE">
                                                    <ee:transform doc:id="jsqjaeyn-9b5e-4a86-b01c-cd738c5276d4" doc:name="MAP">
                                                        <ee:variables>
                                                            <ee:set-variable variableName="MAP">%dw 2.0
output application/json
---
vars.""</ee:set-variable>
                                                        </ee:variables>
                                                    </ee:transform>
                                                    <logger doc:id="vsxclszs-eadc-40b9-98cc-268d14076da0" doc:name="wm_common.utils:throwError" level="INFO"/>
                                                </try>
                                            </when>
                                        </choice>
                                        <ee:transform doc:id="uqfnojok-9b5e-4a86-b01c-cd738c5276d4" doc:name="MAP">
                                            <ee:variables>
                                                <ee:set-variable variableName="MAP">%dw 2.0
output application/json
---
vars.""</ee:set-variable>
                                            </ee:variables>
                                        </ee:transform>
                                        <ee:transform doc:id="yozfvder-9b5e-4a86-b01c-cd738c5276d4" doc:name="MAP">
                                            <ee:variables>
                                                <ee:set-variable variableName="MAP">%dw 2.0
output application/json
---
vars.""</ee:set-variable>
                                            </ee:variables>
                                        </ee:transform>
                                        <os:store doc:id="mmnxjxuf-eadc-40b9-98cc-268d14076da0" doc:name="pub.cache:put" key="#[attributes.headers.key]" name="pub.cache:put" objectStore="pub.cache-put_conn">
                                            <os:value>#[ payload ]</os:value>
                                        </os:store>
                                        <logger doc:id="szmnwlvu-eadc-40b9-98cc-268d14076da0" doc:name="CAAG.javasvcs:getExpirationTime" level="INFO"/>
                                        <logger doc:id="buavaebl-eadc-40b9-98cc-268d14076da0" doc:name="pub.flow:setResponseHeader" level="INFO"/>
                                        <logger doc:id="bjofbdzp-eadc-40b9-98cc-268d14076da0" doc:name="wm_common.utils:checkAcceptHeader" level="INFO"/>
                                        <logger doc:id="guqkpuey-eadc-40b9-98cc-268d14076da0" doc:name="wm_common.utils:checkIfModifiedSinceHeader" level="INFO"/>
                                        <try doc:name="SEQUENCE">
                                            <ee:transform doc:id="ugvsmffa-9b5e-4a86-b01c-cd738c5276d4" doc:name="MAP">
                                                <ee:variables>
                                                    <ee:set-variable variableName="MAP">%dw 2.0
output application/json
---
vars.""</ee:set-variable>
                                                </ee:variables>
                                            </ee:transform>
                                            <set-payload doc:id="pcgcbhpy-eadc-40b9-98cc-268d14076da0" doc:name="Set Payload" name="set_payload" value="#[payload]"/>
                                            <foreach collection="#[payload]" doc:id="aayyvlwe-eadc-40b9-98cc-268d14076da0" doc:name="LOOP" name="LOOP">
                                                <ee:transform doc:id="dagitcis-9b5e-4a86-b01c-cd738c5276d4" doc:name="MAP">
                                                    <ee:variables>
                                                        <ee:set-variable variableName="MAP">%dw 2.0
output application/json
---
vars.""</ee:set-variable>
                                                    </ee:variables>
                                                </ee:transform>
                                            </foreach>
                                            <ee:transform doc:id="fcbahssu-9b5e-4a86-b01c-cd738c5276d4" doc:name="MAP">
                                                <ee:variables>
                                                    <ee:set-variable variableName="MAP">%dw 2.0
output application/json
---
vars.""</ee:set-variable>
                                                </ee:variables>
                                            </ee:transform>
                                            <ee:transform doc:id="zruadqom-9b5e-4a86-b01c-cd738c5276d4" doc:name="MAP">
                                                <ee:variables>
                                                    <ee:set-variable variableName="MAP">%dw 2.0
output application/json
---
vars.""</ee:set-variable>
                                                </ee:variables>
                                            </ee:transform>
                                            <try doc:name="SEQUENCE">
                                                <choice doc:name="BRANCH">
                                                    <when expression="% /ESB_ETALogging_DB_Log% = /[Tt][Rr][Uu][Ee]/">
                                                        <try doc:name="SEQUENCE">
                                                            <ee:transform doc:id="lurfknyb-9b5e-4a86-b01c-cd738c5276d4" doc:name="MAP">
                                                                <ee:variables>
                                                                    <ee:set-variable variableName="MAP">%dw 2.0
output application/json
---
vars.""</ee:set-variable>
                                                                </ee:variables>
                                                            </ee:transform>
                                                            <jms:publish config-ref="pub.jms:send_conn" destination="pub.jms:send" destinationType="TOPIC" doc:id="yhiwhnwlba44-4f56-9c63-d1d76a5d22ca" doc:name="Publish" name="pub.jms:send">
                                                                <jms:message>
                                                                    <jms:body/>
                                                                </jms:message>
                                                            </jms:publish>
                                                        </try>
                                                    </when>
                                                </choice>
                                            </try>
                                            <try doc:name="SEQUENCE">
                                                <choice doc:name="BRANCH">
                                                    <when expression="% /ESB_ETALogging_Splunk% = /[Tt][Rr][Uu][Ee]/">
                                                        <try doc:name="SEQUENCE">
                                                            <ee:transform doc:id="gjlejomd-9b5e-4a86-b01c-cd738c5276d4" doc:name="MAP">
                                                                <ee:variables>
                                                                    <ee:set-variable variableName="MAP">%dw 2.0
output application/json
---
vars.""</ee:set-variable>
                                                                </ee:variables>
                                                            </ee:transform>
                                                            <jms:publish config-ref="pub.jms:send_conn" destination="pub.jms:send" destinationType="TOPIC" doc:id="hvghicuyba44-4f56-9c63-d1d76a5d22ca" doc:name="Publish" name="pub.jms:send">
                                                                <jms:message>
                                                                    <jms:body/>
                                                                </jms:message>
                                                            </jms:publish>
                                                        </try>
                                                    </when>
                                                </choice>
                                            </try>
                                            <try doc:name="SEQUENCE">
                                                <choice doc:name="BRANCH">
                                                    <when expression="% /ESB_ETALogging_LogFile% = /[Tt][Rr][Uu][Ee]/">
                                                        <try doc:name="SEQUENCE">
                                                            <ee:transform doc:id="rybtcshb-9b5e-4a86-b01c-cd738c5276d4" doc:name="MAP">
                                                                <ee:variables>
                                                                    <ee:set-variable variableName="MAP">%dw 2.0
output application/json
---
vars.""</ee:set-variable>
                                                                </ee:variables>
                                                            </ee:transform>
                                                            <jms:publish config-ref="pub.jms:send_conn" destination="pub.jms:send" destinationType="TOPIC" doc:id="zlugyrwfba44-4f56-9c63-d1d76a5d22ca" doc:name="Publish" name="pub.jms:send">
                                                                <jms:message>
                                                                    <jms:body/>
                                                                </jms:message>
                                                            </jms:publish>
                                                            <ee:transform doc:id="lyopjwlb-9b5e-4a86-b01c-cd738c5276d4" doc:name="MAP">
                                                                <ee:variables>
                                                                    <ee:set-variable variableName="MAP">%dw 2.0
output application/json
---
vars.""</ee:set-variable>
                                                                </ee:variables>
                                                            </ee:transform>
                                                        </try>
                                                    </when>
                                                </choice>
                                            </try>
                                        </try>
                                    </try>
                                </otherwise>
                            </choice>
                        </try>
                    </when>
                    <otherwise>
                        <try doc:name="SEQUENCE">
                            <ee:transform doc:id="izzyadtk-9b5e-4a86-b01c-cd738c5276d4" doc:name="MAP">
                                <ee:variables>
                                    <ee:set-variable variableName="MAP">%dw 2.0
output application/json
---
vars.""</ee:set-variable>
                                </ee:variables>
                            </ee:transform>
                            <logger doc:id="ndgxiqxe-eadc-40b9-98cc-268d14076da0" doc:name="wm_common.utils:throwError" level="INFO"/>
                        </try>
                    </otherwise>
                </choice>
                <ee:transform doc:id="afrmosrs-9b5e-4a86-b01c-cd738c5276d4" doc:name="MAP">
                    <ee:variables>
                        <ee:set-variable variableName="MAP">%dw 2.0
output application/json
---
vars.""</ee:set-variable>
                    </ee:variables>
                </ee:transform>
            </try>
            <try doc:name="SEQUENCE">
                <logger doc:id="rdhxrion-eadc-40b9-98cc-268d14076da0" doc:name="pub.flow:getLastError" level="INFO"/>
                <logger doc:id="tbklvkhc-eadc-40b9-98cc-268d14076da0" doc:name="wm_errorhandling.utils:getCallingService" level="INFO"/>
                <logger doc:id="meblqsce-eadc-40b9-98cc-268d14076da0" doc:name="wm_errorhandling.svcs.flowsvcs:createErrorMsg_FW1" level="INFO"/>
                <ee:transform doc:id="tlhibina-9b5e-4a86-b01c-cd738c5276d4" doc:name="MAP">
                    <ee:variables>
                        <ee:set-variable variableName="MAP">%dw 2.0
output application/json
---
vars.""</ee:set-variable>
                    </ee:variables>
                </ee:transform>
                <logger doc:id="wekgluna-eadc-40b9-98cc-268d14076da0" doc:name="EXIT" level="INFO"/>
            </try>
        </try>
    </flow>
</mule>
