<?xml version="1.0" encoding="UTF-8"?><mule xmlns="http://www.mulesoft.org/schema/mule/core" xmlns:doc="http://www.mulesoft.org/schema/mule/documentation" xmlns:ee="http://www.mulesoft.org/schema/mule/ee/core" xmlns:jms="http://www.mulesoft.org/schema/mule/jms" xmlns:os="http://www.mulesoft.org/schema/mule/os" xmlns:xsi="http://www.w3.org/2001/XMLSchema-instance" xsi:schemaLocation="http://www.mulesoft.org/schema/mule/core http://www.mulesoft.org/schema/mule/core/current/mule.xsd http://www.mulesoft.org/schema/mule/ee/core http://www.mulesoft.org/schema/mule/ee/core/current/mule-ee.xsd http://www.mulesoft.org/schema/mule/jms http://www.mulesoft.org/schema/mule/jms/current/mule-jms.xsd http://www.mulesoft.org/schema/mule/os  http://www.mulesoft.org/schema/mule/os/current/mule-os.xsd">
    <flow doc:id="vbalzbxv-eadc-40b9-98cc-268d14076da0" name="wm_ocs-svcs-inbound-flowsvcs-getCustomerEligibilityAndETA_backUp">
        <try doc:name="SEQUENCE">
            <try doc:name="SEQUENCE">
                <choice doc:name="BRANCH">
                    <when expression="%requestDate% ==$null || %requestDate% ==&quot;&quot;">
                        <try doc:name="SEQUENCE">
                            <ee:transform doc:id="oyscmjrt-9b5e-4a86-b01c-cd738c5276d4" doc:name="MAP">
                                <ee:variables>
                                    <ee:set-variable variableName="MAP">%dw 2.0
output application/json
---
vars.""</ee:set-variable>
                                </ee:variables>
                            </ee:transform>
                            <logger doc:id="ivrbilju-eadc-40b9-98cc-268d14076da0" doc:name="wm_common.utils:throwError" level="INFO"/>
                        </try>
                    </when>
                    <when expression="%id%==$null || %id%==&quot;&quot;">
                        <try doc:name="SEQUENCE">
                            <ee:transform doc:id="dhihhlgw-9b5e-4a86-b01c-cd738c5276d4" doc:name="MAP">
                                <ee:variables>
                                    <ee:set-variable variableName="MAP">%dw 2.0
output application/json
---
vars.""</ee:set-variable>
                                </ee:variables>
                            </ee:transform>
                            <logger doc:id="ktdzqknx-eadc-40b9-98cc-268d14076da0" doc:name="wm_common.utils:throwError" level="INFO"/>
                        </try>
                    </when>
                </choice>
                <choice doc:name="BRANCH">
                    <when expression="% /Cache-Control% = Private">
                        <try doc:name="SEQUENCE">
                            <logger doc:id="hmrrhjcb-eadc-40b9-98cc-268d14076da0" doc:name="SEQUENCE" level="INFO"/>
                        </try>
                    </when>
                    <when expression="% /Cache-Control% = no-cache">
                        <try doc:name="SEQUENCE">
                            <logger doc:id="gfgbxkpe-eadc-40b9-98cc-268d14076da0" doc:name="wm_ccdb.svcs.inbound.flowsvcs:getCustomerLineOfBusiness" level="INFO"/>
                            <ee:transform doc:id="vazghiye-9b5e-4a86-b01c-cd738c5276d4" doc:name="MAP">
                                <ee:variables>
                                    <ee:set-variable variableName="MAP">%dw 2.0
output application/json
---
vars.""</ee:set-variable>
                                </ee:variables>
                            </ee:transform>
                            <logger doc:id="ewxdbhsm-eadc-40b9-98cc-268d14076da0" doc:name="wm_ocs.svcs.inbound.flowsvcs:getEligibilityDetails" level="INFO"/>
                            <ee:transform doc:id="eymylprj-9b5e-4a86-b01c-cd738c5276d4" doc:name="MAP">
                                <ee:variables>
                                    <ee:set-variable variableName="MAP">%dw 2.0
output application/json
---
vars.""</ee:set-variable>
                                </ee:variables>
                            </ee:transform>
                            <choice doc:name="BRANCH">
                                <when expression="% /ETAEligible% = True">
                                    <try doc:name="SEQUENCE">
                                        <ee:transform doc:id="quorhlrs-9b5e-4a86-b01c-cd738c5276d4" doc:name="MAP">
                                            <ee:variables>
                                                <ee:set-variable variableName="MAP">%dw 2.0
output application/json
---
vars.""</ee:set-variable>
                                            </ee:variables>
                                        </ee:transform>
                                        <ee:transform doc:id="ydjqmbun-9b5e-4a86-b01c-cd738c5276d4" doc:name="MAP">
                                            <ee:variables>
                                                <ee:set-variable variableName="MAP">%dw 2.0
output application/json
---
vars.""</ee:set-variable>
                                            </ee:variables>
                                        </ee:transform>
                                        <ee:transform doc:id="ofeorxdj-9b5e-4a86-b01c-cd738c5276d4" doc:name="MAP">
                                            <ee:variables>
                                                <ee:set-variable variableName="MAP">%dw 2.0
output application/json
---
vars.""</ee:set-variable>
                                            </ee:variables>
                                        </ee:transform>
                                        <choice doc:name="BRANCH">
                                            <when expression="%/targetServiceName% == $null || %/targetServiceName% == &quot;&quot;">
                                                <try doc:name="SEQUENCE">
                                                    <ee:transform doc:id="rjxlfwgx-9b5e-4a86-b01c-cd738c5276d4" doc:name="MAP">
                                                        <ee:variables>
                                                            <ee:set-variable variableName="MAP">%dw 2.0
output application/json
---
vars.""</ee:set-variable>
                                                        </ee:variables>
                                                    </ee:transform>
                                                    <logger doc:id="pvutgjcc-eadc-40b9-98cc-268d14076da0" doc:name="wm_common.utils:throwError" level="INFO"/>
                                                </try>
                                            </when>
                                        </choice>
                                        <logger doc:id="amfgqlmm-eadc-40b9-98cc-268d14076da0" doc:name="wm_common.utils:dynamicInvoke" level="INFO"/>
                                    </try>
                                </when>
                                <when expression="% /ETAEligible% = False">
                                    <try doc:name="SEQUENCE">
                                        <ee:transform doc:id="vooqppxp-9b5e-4a86-b01c-cd738c5276d4" doc:name="MAP">
                                            <ee:variables>
                                                <ee:set-variable variableName="MAP">%dw 2.0
output application/json
---
vars.""</ee:set-variable>
                                            </ee:variables>
                                        </ee:transform>
                                        <logger doc:id="brdwgwkb-eadc-40b9-98cc-268d14076da0" doc:name="wm_common.utils:throwError" level="INFO"/>
                                    </try>
                                </when>
                            </choice>
                            <ee:transform doc:id="rsmoislz-9b5e-4a86-b01c-cd738c5276d4" doc:name="MAP">
                                <ee:variables>
                                    <ee:set-variable variableName="MAP">%dw 2.0
output application/json
---
vars.""</ee:set-variable>
                                </ee:variables>
                            </ee:transform>
                            <ee:transform doc:id="xvmykrqt-9b5e-4a86-b01c-cd738c5276d4" doc:name="MAP">
                                <ee:variables>
                                    <ee:set-variable variableName="MAP">%dw 2.0
output application/json
---
vars.""</ee:set-variable>
                                </ee:variables>
                            </ee:transform>
                            <logger doc:id="wgasdkao-eadc-40b9-98cc-268d14076da0" doc:name="wm_common.utils:checkAcceptHeader" level="INFO"/>
                            <logger doc:id="luuxblky-eadc-40b9-98cc-268d14076da0" doc:name="wm_common.utils:checkIfModifiedSinceHeader" level="INFO"/>
                            <try doc:name="SEQUENCE">
                                <ee:transform doc:id="kttmtxsu-9b5e-4a86-b01c-cd738c5276d4" doc:name="MAP">
                                    <ee:variables>
                                        <ee:set-variable variableName="MAP">%dw 2.0
output application/json
---
vars.""</ee:set-variable>
                                    </ee:variables>
                                </ee:transform>
                                <set-payload doc:id="qsqhyhgf-eadc-40b9-98cc-268d14076da0" doc:name="Set Payload" name="set_payload" value="#[payload]"/>
                                <foreach collection="#[payload]" doc:id="yxuagyhw-eadc-40b9-98cc-268d14076da0" doc:name="LOOP" name="LOOP">
                                    <ee:transform doc:id="shpfowqh-9b5e-4a86-b01c-cd738c5276d4" doc:name="MAP">
                                        <ee:variables>
                                            <ee:set-variable variableName="MAP">%dw 2.0
output application/json
---
vars.""</ee:set-variable>
                                        </ee:variables>
                                    </ee:transform>
                                </foreach>
                                <ee:transform doc:id="filzoyst-9b5e-4a86-b01c-cd738c5276d4" doc:name="MAP">
                                    <ee:variables>
                                        <ee:set-variable variableName="MAP">%dw 2.0
output application/json
---
vars.""</ee:set-variable>
                                    </ee:variables>
                                </ee:transform>
                                <ee:transform doc:id="rbwtimuy-9b5e-4a86-b01c-cd738c5276d4" doc:name="MAP">
                                    <ee:variables>
                                        <ee:set-variable variableName="MAP">%dw 2.0
output application/json
---
vars.""</ee:set-variable>
                                    </ee:variables>
                                </ee:transform>
                                <try doc:name="SEQUENCE">
                                    <choice doc:name="BRANCH">
                                        <when expression="% /ESB_ETALogging_DB_Log% = /[Tt][Rr][Uu][Ee]/">
                                            <try doc:name="SEQUENCE">
                                                <ee:transform doc:id="hfzyralp-9b5e-4a86-b01c-cd738c5276d4" doc:name="MAP">
                                                    <ee:variables>
                                                        <ee:set-variable variableName="MAP">%dw 2.0
output application/json
---
vars.""</ee:set-variable>
                                                    </ee:variables>
                                                </ee:transform>
                                                <jms:publish config-ref="pub.jms:send_conn" destination="pub.jms:send" destinationType="TOPIC" doc:id="eapswuarba44-4f56-9c63-d1d76a5d22ca" doc:name="Publish" name="pub.jms:send">
                                                    <jms:message>
                                                        <jms:body/>
                                                    </jms:message>
                                                </jms:publish>
                                            </try>
                                        </when>
                                    </choice>
                                </try>
                                <try doc:name="SEQUENCE">
                                    <choice doc:name="BRANCH">
                                        <when expression="% /ESB_ETALogging_Splunk% = /[Tt][Rr][Uu][Ee]/">
                                            <try doc:name="SEQUENCE">
                                                <ee:transform doc:id="mbvgumgr-9b5e-4a86-b01c-cd738c5276d4" doc:name="MAP">
                                                    <ee:variables>
                                                        <ee:set-variable variableName="MAP">%dw 2.0
output application/json
---
vars.""</ee:set-variable>
                                                    </ee:variables>
                                                </ee:transform>
                                                <jms:publish config-ref="pub.jms:send_conn" destination="pub.jms:send" destinationType="TOPIC" doc:id="rpoicnfrba44-4f56-9c63-d1d76a5d22ca" doc:name="Publish" name="pub.jms:send">
                                                    <jms:message>
                                                        <jms:body/>
                                                    </jms:message>
                                                </jms:publish>
                                            </try>
                                        </when>
                                    </choice>
                                </try>
                                <try doc:name="SEQUENCE">
                                    <choice doc:name="BRANCH">
                                        <when expression="% /ESB_ETALogging_LogFile% = /[Tt][Rr][Uu][Ee]/">
                                            <try doc:name="SEQUENCE">
                                                <ee:transform doc:id="kuifmozv-9b5e-4a86-b01c-cd738c5276d4" doc:name="MAP">
                                                    <ee:variables>
                                                        <ee:set-variable variableName="MAP">%dw 2.0
output application/json
---
vars.""</ee:set-variable>
                                                    </ee:variables>
                                                </ee:transform>
                                                <jms:publish config-ref="pub.jms:send_conn" destination="pub.jms:send" destinationType="TOPIC" doc:id="pzbrjdfjba44-4f56-9c63-d1d76a5d22ca" doc:name="Publish" name="pub.jms:send">
                                                    <jms:message>
                                                        <jms:body/>
                                                    </jms:message>
                                                </jms:publish>
                                                <ee:transform doc:id="ppdkoudp-9b5e-4a86-b01c-cd738c5276d4" doc:name="MAP">
                                                    <ee:variables>
                                                        <ee:set-variable variableName="MAP">%dw 2.0
output application/json
---
vars.""</ee:set-variable>
                                                    </ee:variables>
                                                </ee:transform>
                                            </try>
                                        </when>
                                    </choice>
                                </try>
                            </try>
                        </try>
                    </when>
                    <when expression="% /Cache-Control% = max-age">
                        <try doc:name="SEQUENCE">
                            <ee:transform doc:id="hqeiiowq-9b5e-4a86-b01c-cd738c5276d4" doc:name="MAP">
                                <ee:variables>
                                    <ee:set-variable variableName="MAP">%dw 2.0
output application/json
---
vars.""</ee:set-variable>
                                </ee:variables>
                            </ee:transform>
                            <logger doc:id="ourbnjkw-eadc-40b9-98cc-268d14076da0" doc:name="wm_common.utils:constructCacheKey" level="INFO"/>
                            <os:retrieve doc:id="euoyxwyf-eadc-40b9-98cc-268d14076da0" doc:name="pub.cache:get" key="#[attributes.headers.key]" name="pub.cache:get" objectStore="pub.cache-get_conn" target="pub.cache:get">
                                <os:default-value/>
                            </os:retrieve>
                            <choice doc:name="BRANCH">
                                <when expression="% /finalResponse% = /[^ ]/">
                                    <try doc:name="SEQUENCE">
                                        <logger doc:id="fbnewqcf-eadc-40b9-98cc-268d14076da0" doc:name="CAAG.javasvcs:getExpirationTime" level="INFO"/>
                                        <logger doc:id="rvzjefhx-eadc-40b9-98cc-268d14076da0" doc:name="pub.flow:setResponseHeader" level="INFO"/>
                                        <logger doc:id="tnscrsfd-eadc-40b9-98cc-268d14076da0" doc:name="wm_common.utils:createEtag" level="INFO"/>
                                        <logger doc:id="afgwfvrx-eadc-40b9-98cc-268d14076da0" doc:name="wm_common.utils:checkIfModifiedSinceHeader" level="INFO"/>
                                        <try doc:name="SEQUENCE">
                                            <ee:transform doc:id="yvdaommz-9b5e-4a86-b01c-cd738c5276d4" doc:name="MAP">
                                                <ee:variables>
                                                    <ee:set-variable variableName="MAP">%dw 2.0
output application/json
---
vars.""</ee:set-variable>
                                                </ee:variables>
                                            </ee:transform>
                                            <set-payload doc:id="rmkvmcrg-eadc-40b9-98cc-268d14076da0" doc:name="Set Payload" name="set_payload" value="#[payload]"/>
                                            <foreach collection="#[payload]" doc:id="ftzsomsq-eadc-40b9-98cc-268d14076da0" doc:name="LOOP" name="LOOP">
                                                <ee:transform doc:id="czveqxzk-9b5e-4a86-b01c-cd738c5276d4" doc:name="MAP">
                                                    <ee:variables>
                                                        <ee:set-variable variableName="MAP">%dw 2.0
output application/json
---
vars.""</ee:set-variable>
                                                    </ee:variables>
                                                </ee:transform>
                                            </foreach>
                                            <ee:transform doc:id="wclexuij-9b5e-4a86-b01c-cd738c5276d4" doc:name="MAP">
                                                <ee:variables>
                                                    <ee:set-variable variableName="MAP">%dw 2.0
output application/json
---
vars.""</ee:set-variable>
                                                </ee:variables>
                                            </ee:transform>
                                            <ee:transform doc:id="xduqzxyw-9b5e-4a86-b01c-cd738c5276d4" doc:name="MAP">
                                                <ee:variables>
                                                    <ee:set-variable variableName="MAP">%dw 2.0
output application/json
---
vars.""</ee:set-variable>
                                                </ee:variables>
                                            </ee:transform>
                                            <try doc:name="SEQUENCE">
                                                <choice doc:name="BRANCH">
                                                    <when expression="% /ESB_ETALogging_DB_Log% = /[Tt][Rr][Uu][Ee]/">
                                                        <try doc:name="SEQUENCE">
                                                            <ee:transform doc:id="stpfgjud-9b5e-4a86-b01c-cd738c5276d4" doc:name="MAP">
                                                                <ee:variables>
                                                                    <ee:set-variable variableName="MAP">%dw 2.0
output application/json
---
vars.""</ee:set-variable>
                                                                </ee:variables>
                                                            </ee:transform>
                                                            <jms:publish config-ref="pub.jms:send_conn" destination="pub.jms:send" destinationType="TOPIC" doc:id="alfkknanba44-4f56-9c63-d1d76a5d22ca" doc:name="Publish" name="pub.jms:send">
                                                                <jms:message>
                                                                    <jms:body/>
                                                                </jms:message>
                                                            </jms:publish>
                                                        </try>
                                                    </when>
                                                </choice>
                                            </try>
                                            <try doc:name="SEQUENCE">
                                                <choice doc:name="BRANCH">
                                                    <when expression="% /ESB_ETALogging_Splunk% = /[Tt][Rr][Uu][Ee]/">
                                                        <try doc:name="SEQUENCE">
                                                            <ee:transform doc:id="cihhxgjp-9b5e-4a86-b01c-cd738c5276d4" doc:name="MAP">
                                                                <ee:variables>
                                                                    <ee:set-variable variableName="MAP">%dw 2.0
output application/json
---
vars.""</ee:set-variable>
                                                                </ee:variables>
                                                            </ee:transform>
                                                            <jms:publish config-ref="pub.jms:send_conn" destination="pub.jms:send" destinationType="TOPIC" doc:id="syqiplgjba44-4f56-9c63-d1d76a5d22ca" doc:name="Publish" name="pub.jms:send">
                                                                <jms:message>
                                                                    <jms:body/>
                                                                </jms:message>
                                                            </jms:publish>
                                                        </try>
                                                    </when>
                                                </choice>
                                            </try>
                                            <try doc:name="SEQUENCE">
                                                <choice doc:name="BRANCH">
                                                    <when expression="% /ESB_ETALogging_LogFile% = /[Tt][Rr][Uu][Ee]/">
                                                        <try doc:name="SEQUENCE">
                                                            <ee:transform doc:id="qclwezgm-9b5e-4a86-b01c-cd738c5276d4" doc:name="MAP">
                                                                <ee:variables>
                                                                    <ee:set-variable variableName="MAP">%dw 2.0
output application/json
---
vars.""</ee:set-variable>
                                                                </ee:variables>
                                                            </ee:transform>
                                                            <jms:publish config-ref="pub.jms:send_conn" destination="pub.jms:send" destinationType="TOPIC" doc:id="bpcwfqgzba44-4f56-9c63-d1d76a5d22ca" doc:name="Publish" name="pub.jms:send">
                                                                <jms:message>
                                                                    <jms:body/>
                                                                </jms:message>
                                                            </jms:publish>
                                                            <ee:transform doc:id="ltxzyozc-9b5e-4a86-b01c-cd738c5276d4" doc:name="MAP">
                                                                <ee:variables>
                                                                    <ee:set-variable variableName="MAP">%dw 2.0
output application/json
---
vars.""</ee:set-variable>
                                                                </ee:variables>
                                                            </ee:transform>
                                                        </try>
                                                    </when>
                                                </choice>
                                            </try>
                                        </try>
                                    </try>
                                </when>
                                <otherwise>
                                    <try doc:name="SEQUENCE">
                                        <logger doc:id="rpmhvxbd-eadc-40b9-98cc-268d14076da0" doc:name="wm_ccdb.svcs.inbound.flowsvcs:getCustomerLineOfBusiness" level="INFO"/>
                                        <logger doc:id="wmjtztlr-eadc-40b9-98cc-268d14076da0" doc:name="wm_ocs.svcs.inbound.flowsvcs:getEligibilityDetails" level="INFO"/>
                                        <ee:transform doc:id="adhmaabh-9b5e-4a86-b01c-cd738c5276d4" doc:name="MAP">
                                            <ee:variables>
                                                <ee:set-variable variableName="MAP">%dw 2.0
output application/json
---
vars.""</ee:set-variable>
                                            </ee:variables>
                                        </ee:transform>
                                        <choice doc:name="BRANCH">
                                            <when expression="% /ETAEligible% = True">
                                                <try doc:name="SEQUENCE">
                                                    <ee:transform doc:id="uhceyqss-9b5e-4a86-b01c-cd738c5276d4" doc:name="MAP">
                                                        <ee:variables>
                                                            <ee:set-variable variableName="MAP">%dw 2.0
output application/json
---
vars.""</ee:set-variable>
                                                        </ee:variables>
                                                    </ee:transform>
                                                    <ee:transform doc:id="akpoktnc-9b5e-4a86-b01c-cd738c5276d4" doc:name="MAP">
                                                        <ee:variables>
                                                            <ee:set-variable variableName="MAP">%dw 2.0
output application/json
---
vars.""</ee:set-variable>
                                                        </ee:variables>
                                                    </ee:transform>
                                                    <ee:transform doc:id="cxmwzrjj-9b5e-4a86-b01c-cd738c5276d4" doc:name="MAP">
                                                        <ee:variables>
                                                            <ee:set-variable variableName="MAP">%dw 2.0
output application/json
---
vars.""</ee:set-variable>
                                                        </ee:variables>
                                                    </ee:transform>
                                                    <choice doc:name="BRANCH">
                                                        <when expression="%/targetServiceName% == $null || %/targetServiceName% == &quot;&quot;">
                                                            <try doc:name="SEQUENCE">
                                                                <ee:transform doc:id="qeabddtv-9b5e-4a86-b01c-cd738c5276d4" doc:name="MAP">
                                                                    <ee:variables>
                                                                        <ee:set-variable variableName="MAP">%dw 2.0
output application/json
---
vars.""</ee:set-variable>
                                                                    </ee:variables>
                                                                </ee:transform>
                                                                <logger doc:id="vaiftyct-eadc-40b9-98cc-268d14076da0" doc:name="wm_common.utils:throwError" level="INFO"/>
                                                            </try>
                                                        </when>
                                                    </choice>
                                                    <logger doc:id="oljxnxzx-eadc-40b9-98cc-268d14076da0" doc:name="wm_common.utils:dynamicInvoke" level="INFO"/>
                                                </try>
                                            </when>
                                            <when expression="% /ETAEligible% = False">
                                                <try doc:name="SEQUENCE">
                                                    <ee:transform doc:id="qxxfckdy-9b5e-4a86-b01c-cd738c5276d4" doc:name="MAP">
                                                        <ee:variables>
                                                            <ee:set-variable variableName="MAP">%dw 2.0
output application/json
---
vars.""</ee:set-variable>
                                                        </ee:variables>
                                                    </ee:transform>
                                                    <logger doc:id="prrmivyz-eadc-40b9-98cc-268d14076da0" doc:name="wm_common.utils:throwError" level="INFO"/>
                                                </try>
                                            </when>
                                        </choice>
                                        <ee:transform doc:id="jbaozsxq-9b5e-4a86-b01c-cd738c5276d4" doc:name="MAP">
                                            <ee:variables>
                                                <ee:set-variable variableName="MAP">%dw 2.0
output application/json
---
vars.""</ee:set-variable>
                                            </ee:variables>
                                        </ee:transform>
                                        <ee:transform doc:id="ekyvcnrn-9b5e-4a86-b01c-cd738c5276d4" doc:name="MAP">
                                            <ee:variables>
                                                <ee:set-variable variableName="MAP">%dw 2.0
output application/json
---
vars.""</ee:set-variable>
                                            </ee:variables>
                                        </ee:transform>
                                        <os:store doc:id="taffdmex-eadc-40b9-98cc-268d14076da0" doc:name="pub.cache:put" key="#[attributes.headers.key]" name="pub.cache:put" objectStore="pub.cache-put_conn">
                                            <os:value>#[ payload ]</os:value>
                                        </os:store>
                                        <logger doc:id="eajpkcqq-eadc-40b9-98cc-268d14076da0" doc:name="CAAG.javasvcs:getExpirationTime" level="INFO"/>
                                        <logger doc:id="kragqcfy-eadc-40b9-98cc-268d14076da0" doc:name="pub.flow:setResponseHeader" level="INFO"/>
                                        <logger doc:id="haooqxuk-eadc-40b9-98cc-268d14076da0" doc:name="wm_common.utils:checkAcceptHeader" level="INFO"/>
                                        <logger doc:id="plydlscr-eadc-40b9-98cc-268d14076da0" doc:name="wm_common.utils:checkIfModifiedSinceHeader" level="INFO"/>
                                        <try doc:name="SEQUENCE">
                                            <ee:transform doc:id="okkumlku-9b5e-4a86-b01c-cd738c5276d4" doc:name="MAP">
                                                <ee:variables>
                                                    <ee:set-variable variableName="MAP">%dw 2.0
output application/json
---
vars.""</ee:set-variable>
                                                </ee:variables>
                                            </ee:transform>
                                            <set-payload doc:id="gkxaqcxq-eadc-40b9-98cc-268d14076da0" doc:name="Set Payload" name="set_payload" value="#[payload]"/>
                                            <foreach collection="#[payload]" doc:id="tltynlsq-eadc-40b9-98cc-268d14076da0" doc:name="LOOP" name="LOOP">
                                                <ee:transform doc:id="gagahqyy-9b5e-4a86-b01c-cd738c5276d4" doc:name="MAP">
                                                    <ee:variables>
                                                        <ee:set-variable variableName="MAP">%dw 2.0
output application/json
---
vars.""</ee:set-variable>
                                                    </ee:variables>
                                                </ee:transform>
                                            </foreach>
                                            <ee:transform doc:id="kcqujxbe-9b5e-4a86-b01c-cd738c5276d4" doc:name="MAP">
                                                <ee:variables>
                                                    <ee:set-variable variableName="MAP">%dw 2.0
output application/json
---
vars.""</ee:set-variable>
                                                </ee:variables>
                                            </ee:transform>
                                            <ee:transform doc:id="pafraako-9b5e-4a86-b01c-cd738c5276d4" doc:name="MAP">
                                                <ee:variables>
                                                    <ee:set-variable variableName="MAP">%dw 2.0
output application/json
---
vars.""</ee:set-variable>
                                                </ee:variables>
                                            </ee:transform>
                                            <try doc:name="SEQUENCE">
                                                <choice doc:name="BRANCH">
                                                    <when expression="% /ESB_ETALogging_DB_Log% = /[Tt][Rr][Uu][Ee]/">
                                                        <try doc:name="SEQUENCE">
                                                            <ee:transform doc:id="vulpftkn-9b5e-4a86-b01c-cd738c5276d4" doc:name="MAP">
                                                                <ee:variables>
                                                                    <ee:set-variable variableName="MAP">%dw 2.0
output application/json
---
vars.""</ee:set-variable>
                                                                </ee:variables>
                                                            </ee:transform>
                                                            <jms:publish config-ref="pub.jms:send_conn" destination="pub.jms:send" destinationType="TOPIC" doc:id="dfzuahybba44-4f56-9c63-d1d76a5d22ca" doc:name="Publish" name="pub.jms:send">
                                                                <jms:message>
                                                                    <jms:body/>
                                                                </jms:message>
                                                            </jms:publish>
                                                        </try>
                                                    </when>
                                                </choice>
                                            </try>
                                            <try doc:name="SEQUENCE">
                                                <choice doc:name="BRANCH">
                                                    <when expression="% /ESB_ETALogging_Splunk% = /[Tt][Rr][Uu][Ee]/">
                                                        <try doc:name="SEQUENCE">
                                                            <ee:transform doc:id="avctlmmg-9b5e-4a86-b01c-cd738c5276d4" doc:name="MAP">
                                                                <ee:variables>
                                                                    <ee:set-variable variableName="MAP">%dw 2.0
output application/json
---
vars.""</ee:set-variable>
                                                                </ee:variables>
                                                            </ee:transform>
                                                            <jms:publish config-ref="pub.jms:send_conn" destination="pub.jms:send" destinationType="TOPIC" doc:id="acmfflmsba44-4f56-9c63-d1d76a5d22ca" doc:name="Publish" name="pub.jms:send">
                                                                <jms:message>
                                                                    <jms:body/>
                                                                </jms:message>
                                                            </jms:publish>
                                                        </try>
                                                    </when>
                                                </choice>
                                            </try>
                                            <try doc:name="SEQUENCE">
                                                <choice doc:name="BRANCH">
                                                    <when expression="% /ESB_ETALogging_LogFile% = /[Tt][Rr][Uu][Ee]/">
                                                        <try doc:name="SEQUENCE">
                                                            <ee:transform doc:id="donfmscv-9b5e-4a86-b01c-cd738c5276d4" doc:name="MAP">
                                                                <ee:variables>
                                                                    <ee:set-variable variableName="MAP">%dw 2.0
output application/json
---
vars.""</ee:set-variable>
                                                                </ee:variables>
                                                            </ee:transform>
                                                            <jms:publish config-ref="pub.jms:send_conn" destination="pub.jms:send" destinationType="TOPIC" doc:id="pouhscmsba44-4f56-9c63-d1d76a5d22ca" doc:name="Publish" name="pub.jms:send">
                                                                <jms:message>
                                                                    <jms:body/>
                                                                </jms:message>
                                                            </jms:publish>
                                                            <ee:transform doc:id="ltwnwdtf-9b5e-4a86-b01c-cd738c5276d4" doc:name="MAP">
                                                                <ee:variables>
                                                                    <ee:set-variable variableName="MAP">%dw 2.0
output application/json
---
vars.""</ee:set-variable>
                                                                </ee:variables>
                                                            </ee:transform>
                                                        </try>
                                                    </when>
                                                </choice>
                                            </try>
                                        </try>
                                    </try>
                                </otherwise>
                            </choice>
                        </try>
                    </when>
                    <otherwise>
                        <try doc:name="SEQUENCE">
                            <ee:transform doc:id="chqqiuen-9b5e-4a86-b01c-cd738c5276d4" doc:name="MAP">
                                <ee:variables>
                                    <ee:set-variable variableName="MAP">%dw 2.0
output application/json
---
vars.""</ee:set-variable>
                                </ee:variables>
                            </ee:transform>
                            <logger doc:id="tfieupuz-eadc-40b9-98cc-268d14076da0" doc:name="wm_common.utils:throwError" level="INFO"/>
                        </try>
                    </otherwise>
                </choice>
                <ee:transform doc:id="yzcsucqs-9b5e-4a86-b01c-cd738c5276d4" doc:name="MAP">
                    <ee:variables>
                        <ee:set-variable variableName="MAP">%dw 2.0
output application/json
---
vars.""</ee:set-variable>
                    </ee:variables>
                </ee:transform>
            </try>
            <try doc:name="SEQUENCE">
                <logger doc:id="ispaxtmb-eadc-40b9-98cc-268d14076da0" doc:name="pub.flow:getLastError" level="INFO"/>
                <logger doc:id="rfyopzdy-eadc-40b9-98cc-268d14076da0" doc:name="wm_errorhandling.utils:getCallingService" level="INFO"/>
                <logger doc:id="mezrjltd-eadc-40b9-98cc-268d14076da0" doc:name="wm_errorhandling.svcs.flowsvcs:createErrorMsg_FW1" level="INFO"/>
                <ee:transform doc:id="nupbvtxn-9b5e-4a86-b01c-cd738c5276d4" doc:name="MAP">
                    <ee:variables>
                        <ee:set-variable variableName="MAP">%dw 2.0
output application/json
---
vars.""</ee:set-variable>
                    </ee:variables>
                </ee:transform>
                <logger doc:id="qczoucvb-eadc-40b9-98cc-268d14076da0" doc:name="EXIT" level="INFO"/>
            </try>
        </try>
    </flow>
</mule>
