<?xml version="1.0" encoding="UTF-8"?><mule xmlns="http://www.mulesoft.org/schema/mule/core" xmlns:doc="http://www.mulesoft.org/schema/mule/documentation" xmlns:ee="http://www.mulesoft.org/schema/mule/ee/core" xmlns:xsi="http://www.w3.org/2001/XMLSchema-instance" xsi:schemaLocation="http://www.mulesoft.org/schema/mule/core http://www.mulesoft.org/schema/mule/core/current/mule.xsd http://www.mulesoft.org/schema/mule/ee/core http://www.mulesoft.org/schema/mule/ee/core/current/mule-ee.xsd">
    <flow doc:id="ehwuvutq-eadc-40b9-98cc-268d14076da0" name="wm_ocs-svcs-inbound-flowsvcs-getEligibilityDetails">
        <try doc:name="SEQUENCE">
            <try doc:name="SEQUENCE">
                
<ee:transform doc:name="MAP" doc:id="0af093a1-f36b-4a65-9f3f-7a904ab46e8b" >
			<ee:message >
			</ee:message>
			<ee:variables>
				<ee:set-variable variableName="MAP" ><![CDATA[%dw 2.0
output application/json
var value = "call wm_common.config:getCustParam with args:name=''' ++ vars.MAP.EsbMsgHeader:msgHeader.EsbMsgHeader:source.EsbMsgHeader:msgSourceCd ++ '_Request_ETA_Eligibility_' ++ vars.MAP.EsbMsgHeader:msgHeader.EsbMsgHeader:source.EsbMsgHeader:requestedEnv '',"

---
	{"jdbcAlias_ocs": value_1,
"customer_id": payload."customer_id",
"id": payload."id",
"requestDate": payload."requestDate",
"line_of_business": payload."line_of_business",
"configFileName": payload."configFileName"
}
]]></ee:set-variable>
			</ee:variables>
		</ee:transform>
    
                <choice doc:name="BRANCH">
                    <when expression="%line_of_business%  == 'COLL_RES' || %line_of_business%  == 'COLL_COM'">
                        <try doc:name="SEQUENCE">
                            <logger doc:id="zgqkdzdn-eadc-40b9-98cc-268d14076da0" doc:name="wm_ocs.svcs.inbound.adptrsvcs:getETAEligibility_CommResi" level="INFO"/>
                            
<ee:transform doc:name="MAP" doc:id="0af093a1-f36b-4a65-9f3f-7a904ab46e8b" >
			<ee:message >
			</ee:message>
			<ee:variables>
				<ee:set-variable variableName="MAP" ><![CDATA[%dw 2.0
output application/json
var size = "call pub.list:sizeOfList with args:"

---
	{"outputSize": size_1,
"customer_id": vars."wm_ocs.svcs.inbound.adptrsvcs__getETAEligibility_CommResi"."customer_id",
"id": vars."wm_ocs.svcs.inbound.adptrsvcs__getETAEligibility_CommResi"."id",
"requestDate": vars."wm_ocs.svcs.inbound.adptrsvcs__getETAEligibility_CommResi"."requestDate",
"line_of_business": vars."wm_ocs.svcs.inbound.adptrsvcs__getETAEligibility_CommResi"."line_of_business",
"configFileName": vars."wm_ocs.svcs.inbound.adptrsvcs__getETAEligibility_CommResi"."configFileName",
"jdbcAlias_ocs": vars."wm_ocs.svcs.inbound.adptrsvcs__getETAEligibility_CommResi"."jdbcAlias_ocs",
"SITE": payload."SITE",
"AMASCUSTUNQ": payload."AMASCUSTUNQ",
"SERVICEID": payload."SERVICEID",
"LOB": payload."LOB",
"PLANDATE": payload."PLANDATE",
"ORDERDATE": payload."ORDERDATE",
"ETA_FLG": payload."ETA_FLG"
}
]]></ee:set-variable>
			</ee:variables>
		</ee:transform>
    
                            <choice doc:name="BRANCH">
                                <when expression="%outputSize%&gt;0">
                                    <try doc:name="SEQUENCE">
                                        <set-payload doc:id="iczdoabh-eadc-40b9-98cc-268d14076da0" doc:name="Set Payload" name="set_payload" value="#[payload]"/>
                                        <foreach collection="#[payload]" doc:id="hnlbfrbt-eadc-40b9-98cc-268d14076da0" doc:name="LOOP" name="LOOP">
                                            <choice doc:name="BRANCH">
                                                <when expression="%getETAEligibility_CommResiOutput/REFELIGIBLE/SERVICEID% == %id%">
                                                    <try doc:name="SEQUENCE">
                                                        <choice doc:name="BRANCH">
                                                            <when expression="% /getETAEligibility_CommResiOutput/REFELIGIBLE/ETA_FLG% = Y">
                                                                <try doc:name="SEQUENCE">
                                                                    
<ee:transform doc:name="MAP" doc:id="0af093a1-f36b-4a65-9f3f-7a904ab46e8b" >
			<ee:message >
			</ee:message>
			<ee:variables>
				<ee:set-variable variableName="MAP" ><![CDATA[%dw 2.0
output application/json
---
	{"ETAEligible": 'True',
"customer_id": vars.MAP."customer_id",
"id": vars.MAP."id",
"requestDate": vars.MAP."requestDate",
"line_of_business": vars.MAP."line_of_business",
"customerID": payload."customerID",
"configFileName": vars.MAP."configFileName",
"var_ID": payload."var_ID",
"jdbcAlias_ocs": vars.MAP."jdbcAlias_ocs"
}
]]></ee:set-variable>
			</ee:variables>
		</ee:transform>
    
                                                                    <logger doc:id="irkcluog-eadc-40b9-98cc-268d14076da0" doc:name="EXIT" level="INFO"/>
                                                                </try>
                                                            </when>
                                                            <otherwise>
                                                                <try doc:name="SEQUENCE">
                                                                    
<ee:transform doc:name="MAP" doc:id="0af093a1-f36b-4a65-9f3f-7a904ab46e8b" >
			<ee:message >
			</ee:message>
			<ee:variables>
				<ee:set-variable variableName="MAP" ><![CDATA[%dw 2.0
output application/json
---
	{"ETAEligible": 'False',
"customer_id": vars.MAP."customer_id",
"id": vars.MAP."id",
"requestDate": vars.MAP."requestDate",
"line_of_business": vars.MAP."line_of_business",
"customerID": vars.MAP."customerID",
"configFileName": vars.MAP."configFileName",
"var_ID": vars.MAP."var_ID",
"jdbcAlias_ocs": vars.MAP."jdbcAlias_ocs"
}
]]></ee:set-variable>
			</ee:variables>
		</ee:transform>
    
                                                                </try>
                                                            </otherwise>
                                                        </choice>
                                                    </try>
                                                </when>
                                                <otherwise>
                                                    <try doc:name="SEQUENCE">
                                                        
<ee:transform doc:name="MAP" doc:id="0af093a1-f36b-4a65-9f3f-7a904ab46e8b" >
			<ee:message >
			</ee:message>
			<ee:variables>
				<ee:set-variable variableName="MAP" ><![CDATA[%dw 2.0
output application/json
---
	{"ETAEligible": 'False',
"customer_id": vars.MAP."customer_id",
"id": vars.MAP."id",
"requestDate": vars.MAP."requestDate",
"line_of_business": vars.MAP."line_of_business",
"customerID": vars.MAP."customerID",
"configFileName": vars.MAP."configFileName",
"var_ID": vars.MAP."var_ID",
"jdbcAlias_ocs": vars.MAP."jdbcAlias_ocs"
}
]]></ee:set-variable>
			</ee:variables>
		</ee:transform>
    
                                                    </try>
                                                </otherwise>
                                            </choice>
                                        </foreach>
                                    </try>
                                </when>
                                <otherwise>
                                    <try doc:name="SEQUENCE">
                                        
<ee:transform doc:name="MAP" doc:id="0af093a1-f36b-4a65-9f3f-7a904ab46e8b" >
			<ee:message >
			</ee:message>
			<ee:variables>
				<ee:set-variable variableName="MAP" ><![CDATA[%dw 2.0
output application/json
---
	{"ETAEligible": 'False',
"customer_id": vars.MAP."customer_id",
"id": vars.MAP."id",
"requestDate": vars.MAP."requestDate",
"line_of_business": vars.MAP."line_of_business",
"customerID": vars.MAP."customerID",
"configFileName": vars.MAP."configFileName",
"var_ID": vars.MAP."var_ID",
"jdbcAlias_ocs": vars.MAP."jdbcAlias_ocs"
}
]]></ee:set-variable>
			</ee:variables>
		</ee:transform>
    
                                    </try>
                                </otherwise>
                            </choice>
                        </try>
                    </when>
                    <when expression="%line_of_business%  == 'COLL_RO'">
                        <try doc:name="SEQUENCE">
                            
<ee:transform doc:name="MAP" doc:id="0af093a1-f36b-4a65-9f3f-7a904ab46e8b" >
			<ee:message >
			</ee:message>
			<ee:variables>
				<ee:set-variable variableName="MAP" ><![CDATA[%dw 2.0
output application/json
var dateOut = "call wm_ocs.svcs.inbound.javasvcs:getJavaUtilDate with args:dateFormat=''yyyy-MM-dd'',"

---
	{"dateOut": dateOut_1,
"customer_id": vars.MAP."customer_id",
"id": vars.MAP."id",
"requestDate": vars.MAP."requestDate",
"line_of_business": vars.MAP."line_of_business",
"customerID": vars.MAP."customerID",
"configFileName": vars.MAP."configFileName",
"jdbcAlias_ocs": vars.MAP."jdbcAlias_ocs",
"outputSize": vars.MAP."outputSize",
"ETAEligible": vars.MAP."ETAEligible"
}
]]></ee:set-variable>
			</ee:variables>
		</ee:transform>
    
                            <logger doc:id="vekgdjpu-eadc-40b9-98cc-268d14076da0" doc:name="wm_ocs.svcs.inbound.adptrsvcs:getETAEligibility" level="INFO"/>
                            
<ee:transform doc:name="MAP" doc:id="0af093a1-f36b-4a65-9f3f-7a904ab46e8b" >
			<ee:message >
			</ee:message>
			<ee:variables>
				<ee:set-variable variableName="MAP" ><![CDATA[%dw 2.0
output application/json
var size = "call pub.list:sizeOfList with args:"

---
	{"outputSize": size_1,
"customer_id": vars."wm_ocs.svcs.inbound.adptrsvcs__getETAEligibility"."customer_id",
"id": vars."wm_ocs.svcs.inbound.adptrsvcs__getETAEligibility"."id",
"requestDate": vars."wm_ocs.svcs.inbound.adptrsvcs__getETAEligibility"."requestDate",
"line_of_business": vars."wm_ocs.svcs.inbound.adptrsvcs__getETAEligibility"."line_of_business",
"configFileName": vars."wm_ocs.svcs.inbound.adptrsvcs__getETAEligibility"."configFileName",
"jdbcAlias_ocs": vars."wm_ocs.svcs.inbound.adptrsvcs__getETAEligibility"."jdbcAlias_ocs",
"ETAEligible": vars."wm_ocs.svcs.inbound.adptrsvcs__getETAEligibility"."ETAEligible",
"dateOut": vars."wm_ocs.svcs.inbound.adptrsvcs__getETAEligibility"."dateOut",
"TICKETNUMBER": payload."TICKETNUMBER",
"ASSIGNED": payload."ASSIGNED",
"COMMENTS": payload."COMMENTS",
"SERVICEID": vars.MAP."SERVICEID",
"CODE": payload."CODE",
"DESCR": payload."DESCR"
}
]]></ee:set-variable>
			</ee:variables>
		</ee:transform>
    
                            <choice doc:name="BRANCH">
                                <when expression="%outputSize%&gt;0">
                                    <try doc:name="SEQUENCE">
                                        <set-payload doc:id="jszhwvfu-eadc-40b9-98cc-268d14076da0" doc:name="Set Payload" name="set_payload" value="#[payload]"/>
                                        <foreach collection="#[payload]" doc:id="jnbtmews-eadc-40b9-98cc-268d14076da0" doc:name="LOOP" name="LOOP">
                                            <choice doc:name="BRANCH">
                                                <when expression="%getETAEligibilityOutput/OELIGIBLETICKETS/SERVICEID% == %id%">
                                                    <try doc:name="SEQUENCE">
                                                        <choice doc:name="BRANCH">
                                                            <when expression="% /getETAEligibilityOutput/OELIGIBLETICKETS/ASSIGNED% = Y">
                                                                <try doc:name="SEQUENCE">
                                                                    
<ee:transform doc:name="MAP" doc:id="0af093a1-f36b-4a65-9f3f-7a904ab46e8b" >
			<ee:message >
			</ee:message>
			<ee:variables>
				<ee:set-variable variableName="MAP" ><![CDATA[%dw 2.0
output application/json
---
	{"ETAEligible": 'True',
"customer_id": vars.MAP."customer_id",
"id": vars.MAP."id",
"requestDate": vars.MAP."requestDate",
"line_of_business": vars.MAP."line_of_business",
"customerID": vars.MAP."customerID",
"configFileName": vars.MAP."configFileName",
"var_ID": vars.MAP."var_ID",
"jdbcAlias_ocs": vars.MAP."jdbcAlias_ocs"
}
]]></ee:set-variable>
			</ee:variables>
		</ee:transform>
    
                                                                    <logger doc:id="llxddlwc-eadc-40b9-98cc-268d14076da0" doc:name="EXIT" level="INFO"/>
                                                                </try>
                                                            </when>
                                                            <otherwise>
                                                                <try doc:name="SEQUENCE">
                                                                    
<ee:transform doc:name="MAP" doc:id="0af093a1-f36b-4a65-9f3f-7a904ab46e8b" >
			<ee:message >
			</ee:message>
			<ee:variables>
				<ee:set-variable variableName="MAP" ><![CDATA[%dw 2.0
output application/json
---
	{"ETAEligible": 'False',
"customer_id": vars.MAP."customer_id",
"id": vars.MAP."id",
"requestDate": vars.MAP."requestDate",
"line_of_business": vars.MAP."line_of_business",
"customerID": vars.MAP."customerID",
"configFileName": vars.MAP."configFileName",
"var_ID": vars.MAP."var_ID",
"jdbcAlias_ocs": vars.MAP."jdbcAlias_ocs"
}
]]></ee:set-variable>
			</ee:variables>
		</ee:transform>
    
                                                                </try>
                                                            </otherwise>
                                                        </choice>
                                                    </try>
                                                </when>
                                                <otherwise>
                                                    <try doc:name="SEQUENCE">
                                                        
<ee:transform doc:name="MAP" doc:id="0af093a1-f36b-4a65-9f3f-7a904ab46e8b" >
			<ee:message >
			</ee:message>
			<ee:variables>
				<ee:set-variable variableName="MAP" ><![CDATA[%dw 2.0
output application/json
---
	{"ETAEligible": 'False',
"customer_id": vars.MAP."customer_id",
"id": vars.MAP."id",
"requestDate": vars.MAP."requestDate",
"line_of_business": vars.MAP."line_of_business",
"customerID": vars.MAP."customerID",
"configFileName": vars.MAP."configFileName",
"var_ID": vars.MAP."var_ID",
"jdbcAlias_ocs": vars.MAP."jdbcAlias_ocs"
}
]]></ee:set-variable>
			</ee:variables>
		</ee:transform>
    
                                                    </try>
                                                </otherwise>
                                            </choice>
                                        </foreach>
                                    </try>
                                </when>
                                <otherwise>
                                    <try doc:name="SEQUENCE">
                                        
<ee:transform doc:name="MAP" doc:id="0af093a1-f36b-4a65-9f3f-7a904ab46e8b" >
			<ee:message >
			</ee:message>
			<ee:variables>
				<ee:set-variable variableName="MAP" ><![CDATA[%dw 2.0
output application/json
---
	{"ETAEligible": 'False',
"customer_id": vars.MAP."customer_id",
"id": vars.MAP."id",
"requestDate": vars.MAP."requestDate",
"line_of_business": vars.MAP."line_of_business",
"customerID": vars.MAP."customerID",
"configFileName": vars.MAP."configFileName",
"var_ID": vars.MAP."var_ID",
"jdbcAlias_ocs": vars.MAP."jdbcAlias_ocs"
}
]]></ee:set-variable>
			</ee:variables>
		</ee:transform>
    
                                    </try>
                                </otherwise>
                            </choice>
                        </try>
                    </when>
                </choice>
                
<ee:transform doc:name="MAP" doc:id="0af093a1-f36b-4a65-9f3f-7a904ab46e8b" >
			<ee:message >
			</ee:message>
			<ee:variables>
				<ee:set-variable variableName="MAP" ><![CDATA[%dw 2.0
output application/json
---
	{"jdbcAlias_ccdb": payload."jdbcAlias_ccdb",
"cntrctId": payload."cntrctId",
"cntrctLnItemId": payload."cntrctLnItemId",
"ocsCall": payload."ocsCall",
"configFileName": vars.MAP."configFileName",
"var_ID": vars.MAP."var_ID",
"customerID": vars.MAP."customerID",
"ocsCallForCommResi": payload."ocsCallForCommResi"
}
]]></ee:set-variable>
			</ee:variables>
		</ee:transform>
    
            </try>
            <try doc:name="SEQUENCE">
                <logger doc:id="biojunkr-eadc-40b9-98cc-268d14076da0" doc:name="pub.flow:getLastError" level="INFO"/>
                <logger doc:id="ptcgplzm-eadc-40b9-98cc-268d14076da0" doc:name="wm_errorhandling.utils:getCallingService" level="INFO"/>
                <logger doc:id="uvumowhp-eadc-40b9-98cc-268d14076da0" doc:name="wm_errorhandling.svcs.flowsvcs:createErrorMsg_FW1" level="INFO"/>
                <logger doc:id="hedfycif-eadc-40b9-98cc-268d14076da0" doc:name="EXIT" level="INFO"/>
            </try>
        </try>
        <try doc:name="SEQUENCE">
            <try doc:name="SEQUENCE">
                <ee:transform doc:id="smtjfrpg-9b5e-4a86-b01c-cd738c5276d4" doc:name="MAP">
                    <ee:variables>
                        <ee:set-variable variableName="MAP">%dw 2.0
output application/json
---
vars.""</ee:set-variable>
                    </ee:variables>
                </ee:transform>
                <choice doc:name="BRANCH">
                    <when expression="%line_of_business%  == 'COLL_RES' || %line_of_business%  == 'COLL_COM'">
                        <try doc:name="SEQUENCE">
                            <logger doc:id="xltqrgsu-eadc-40b9-98cc-268d14076da0" doc:name="wm_ocs.svcs.inbound.adptrsvcs:getETAEligibility_CommResi" level="INFO"/>
                            <ee:transform doc:id="pwduinte-9b5e-4a86-b01c-cd738c5276d4" doc:name="MAP">
                                <ee:variables>
                                    <ee:set-variable variableName="MAP">%dw 2.0
output application/json
---
vars.""</ee:set-variable>
                                </ee:variables>
                            </ee:transform>
                            <choice doc:name="BRANCH">
                                <when expression="%outputSize%&gt;0">
                                    <try doc:name="SEQUENCE">
                                        <set-payload doc:id="mzbzzfda-eadc-40b9-98cc-268d14076da0" doc:name="Set Payload" name="set_payload" value="#[payload]"/>
                                        <foreach collection="#[payload]" doc:id="gcapptlh-eadc-40b9-98cc-268d14076da0" doc:name="LOOP" name="LOOP">
                                            <choice doc:name="BRANCH">
                                                <when expression="%getETAEligibility_CommResiOutput/REFELIGIBLE/SERVICEID% == %id%">
                                                    <try doc:name="SEQUENCE">
                                                        <choice doc:name="BRANCH">
                                                            <when expression="% /getETAEligibility_CommResiOutput/REFELIGIBLE/ETA_FLG% = Y">
                                                                <try doc:name="SEQUENCE">
                                                                    <ee:transform doc:id="fgzycxim-9b5e-4a86-b01c-cd738c5276d4" doc:name="MAP">
                                                                        <ee:variables>
                                                                            <ee:set-variable variableName="MAP">%dw 2.0
output application/json
---
vars.""</ee:set-variable>
                                                                        </ee:variables>
                                                                    </ee:transform>
                                                                    <logger doc:id="pyncpfyb-eadc-40b9-98cc-268d14076da0" doc:name="EXIT" level="INFO"/>
                                                                </try>
                                                            </when>
                                                            <otherwise>
                                                                <try doc:name="SEQUENCE">
                                                                    <ee:transform doc:id="dcyjxmme-9b5e-4a86-b01c-cd738c5276d4" doc:name="MAP">
                                                                        <ee:variables>
                                                                            <ee:set-variable variableName="MAP">%dw 2.0
output application/json
---
vars.""</ee:set-variable>
                                                                        </ee:variables>
                                                                    </ee:transform>
                                                                </try>
                                                            </otherwise>
                                                        </choice>
                                                    </try>
                                                </when>
                                                <otherwise>
                                                    <try doc:name="SEQUENCE">
                                                        <ee:transform doc:id="husfkixc-9b5e-4a86-b01c-cd738c5276d4" doc:name="MAP">
                                                            <ee:variables>
                                                                <ee:set-variable variableName="MAP">%dw 2.0
output application/json
---
vars.""</ee:set-variable>
                                                            </ee:variables>
                                                        </ee:transform>
                                                    </try>
                                                </otherwise>
                                            </choice>
                                        </foreach>
                                    </try>
                                </when>
                                <otherwise>
                                    <try doc:name="SEQUENCE">
                                        <ee:transform doc:id="caamilop-9b5e-4a86-b01c-cd738c5276d4" doc:name="MAP">
                                            <ee:variables>
                                                <ee:set-variable variableName="MAP">%dw 2.0
output application/json
---
vars.""</ee:set-variable>
                                            </ee:variables>
                                        </ee:transform>
                                    </try>
                                </otherwise>
                            </choice>
                        </try>
                    </when>
                    <when expression="%line_of_business%  == 'COLL_RO'">
                        <try doc:name="SEQUENCE">
                            <ee:transform doc:id="vzakiivc-9b5e-4a86-b01c-cd738c5276d4" doc:name="MAP">
                                <ee:variables>
                                    <ee:set-variable variableName="MAP">%dw 2.0
output application/json
---
vars.""</ee:set-variable>
                                </ee:variables>
                            </ee:transform>
                            <logger doc:id="gswdgpfp-eadc-40b9-98cc-268d14076da0" doc:name="wm_ocs.svcs.inbound.adptrsvcs:getETAEligibility" level="INFO"/>
                            <ee:transform doc:id="hqmfznku-9b5e-4a86-b01c-cd738c5276d4" doc:name="MAP">
                                <ee:variables>
                                    <ee:set-variable variableName="MAP">%dw 2.0
output application/json
---
vars.""</ee:set-variable>
                                </ee:variables>
                            </ee:transform>
                            <choice doc:name="BRANCH">
                                <when expression="%outputSize%&gt;0">
                                    <try doc:name="SEQUENCE">
                                        <set-payload doc:id="vrpnkhii-eadc-40b9-98cc-268d14076da0" doc:name="Set Payload" name="set_payload" value="#[payload]"/>
                                        <foreach collection="#[payload]" doc:id="zvzfgbkl-eadc-40b9-98cc-268d14076da0" doc:name="LOOP" name="LOOP">
                                            <choice doc:name="BRANCH">
                                                <when expression="%getETAEligibilityOutput/OELIGIBLETICKETS/SERVICEID% == %id%">
                                                    <try doc:name="SEQUENCE">
                                                        <choice doc:name="BRANCH">
                                                            <when expression="% /getETAEligibilityOutput/OELIGIBLETICKETS/ASSIGNED% = Y">
                                                                <try doc:name="SEQUENCE">
                                                                    <ee:transform doc:id="htjjtgcw-9b5e-4a86-b01c-cd738c5276d4" doc:name="MAP">
                                                                        <ee:variables>
                                                                            <ee:set-variable variableName="MAP">%dw 2.0
output application/json
---
vars.""</ee:set-variable>
                                                                        </ee:variables>
                                                                    </ee:transform>
                                                                    <logger doc:id="qmuudgzb-eadc-40b9-98cc-268d14076da0" doc:name="EXIT" level="INFO"/>
                                                                </try>
                                                            </when>
                                                            <otherwise>
                                                                <try doc:name="SEQUENCE">
                                                                    <ee:transform doc:id="asjwxkii-9b5e-4a86-b01c-cd738c5276d4" doc:name="MAP">
                                                                        <ee:variables>
                                                                            <ee:set-variable variableName="MAP">%dw 2.0
output application/json
---
vars.""</ee:set-variable>
                                                                        </ee:variables>
                                                                    </ee:transform>
                                                                </try>
                                                            </otherwise>
                                                        </choice>
                                                    </try>
                                                </when>
                                                <otherwise>
                                                    <try doc:name="SEQUENCE">
                                                        <ee:transform doc:id="hbokowia-9b5e-4a86-b01c-cd738c5276d4" doc:name="MAP">
                                                            <ee:variables>
                                                                <ee:set-variable variableName="MAP">%dw 2.0
output application/json
---
vars.""</ee:set-variable>
                                                            </ee:variables>
                                                        </ee:transform>
                                                    </try>
                                                </otherwise>
                                            </choice>
                                        </foreach>
                                    </try>
                                </when>
                                <otherwise>
                                    <try doc:name="SEQUENCE">
                                        <ee:transform doc:id="lbgskozn-9b5e-4a86-b01c-cd738c5276d4" doc:name="MAP">
                                            <ee:variables>
                                                <ee:set-variable variableName="MAP">%dw 2.0
output application/json
---
vars.""</ee:set-variable>
                                            </ee:variables>
                                        </ee:transform>
                                    </try>
                                </otherwise>
                            </choice>
                        </try>
                    </when>
                </choice>
                <ee:transform doc:id="zensydey-9b5e-4a86-b01c-cd738c5276d4" doc:name="MAP">
                    <ee:variables>
                        <ee:set-variable variableName="MAP">%dw 2.0
output application/json
---
vars.""</ee:set-variable>
                    </ee:variables>
                </ee:transform>
            </try>
            <try doc:name="SEQUENCE">
                <logger doc:id="jfaweiex-eadc-40b9-98cc-268d14076da0" doc:name="pub.flow:getLastError" level="INFO"/>
                <logger doc:id="vxladiqg-eadc-40b9-98cc-268d14076da0" doc:name="wm_errorhandling.utils:getCallingService" level="INFO"/>
                <logger doc:id="jyxgzoea-eadc-40b9-98cc-268d14076da0" doc:name="wm_errorhandling.svcs.flowsvcs:createErrorMsg_FW1" level="INFO"/>
                <logger doc:id="aawjybes-eadc-40b9-98cc-268d14076da0" doc:name="EXIT" level="INFO"/>
            </try>
        </try>
        <try doc:name="SEQUENCE">
            <try doc:name="SEQUENCE">
                <ee:transform doc:id="hlcgauam-9b5e-4a86-b01c-cd738c5276d4" doc:name="MAP">
                    <ee:variables>
                        <ee:set-variable variableName="MAP">%dw 2.0
output application/json
---
vars.""</ee:set-variable>
                    </ee:variables>
                </ee:transform>
                <choice doc:name="BRANCH">
                    <when expression="%line_of_business%  == 'COLL_RES' || %line_of_business%  == 'COLL_COM'">
                        <try doc:name="SEQUENCE">
                            <logger doc:id="tdyypvlm-eadc-40b9-98cc-268d14076da0" doc:name="wm_ocs.svcs.inbound.adptrsvcs:getETAEligibility_CommResi" level="INFO"/>
                            <ee:transform doc:id="zpnfnizh-9b5e-4a86-b01c-cd738c5276d4" doc:name="MAP">
                                <ee:variables>
                                    <ee:set-variable variableName="MAP">%dw 2.0
output application/json
---
vars.""</ee:set-variable>
                                </ee:variables>
                            </ee:transform>
                            <choice doc:name="BRANCH">
                                <when expression="%outputSize%&gt;0">
                                    <try doc:name="SEQUENCE">
                                        <set-payload doc:id="ljyeuget-eadc-40b9-98cc-268d14076da0" doc:name="Set Payload" name="set_payload" value="#[payload]"/>
                                        <foreach collection="#[payload]" doc:id="zifayxhl-eadc-40b9-98cc-268d14076da0" doc:name="LOOP" name="LOOP">
                                            <choice doc:name="BRANCH">
                                                <when expression="%getETAEligibility_CommResiOutput/REFELIGIBLE/SERVICEID% == %id%">
                                                    <try doc:name="SEQUENCE">
                                                        <choice doc:name="BRANCH">
                                                            <when expression="% /getETAEligibility_CommResiOutput/REFELIGIBLE/ETA_FLG% = Y">
                                                                <try doc:name="SEQUENCE">
                                                                    <ee:transform doc:id="crsccwkn-9b5e-4a86-b01c-cd738c5276d4" doc:name="MAP">
                                                                        <ee:variables>
                                                                            <ee:set-variable variableName="MAP">%dw 2.0
output application/json
---
vars.""</ee:set-variable>
                                                                        </ee:variables>
                                                                    </ee:transform>
                                                                    <logger doc:id="httlsrsx-eadc-40b9-98cc-268d14076da0" doc:name="EXIT" level="INFO"/>
                                                                </try>
                                                            </when>
                                                            <otherwise>
                                                                <try doc:name="SEQUENCE">
                                                                    <ee:transform doc:id="tftfmqeh-9b5e-4a86-b01c-cd738c5276d4" doc:name="MAP">
                                                                        <ee:variables>
                                                                            <ee:set-variable variableName="MAP">%dw 2.0
output application/json
---
vars.""</ee:set-variable>
                                                                        </ee:variables>
                                                                    </ee:transform>
                                                                </try>
                                                            </otherwise>
                                                        </choice>
                                                    </try>
                                                </when>
                                                <otherwise>
                                                    <try doc:name="SEQUENCE">
                                                        <ee:transform doc:id="fcksymof-9b5e-4a86-b01c-cd738c5276d4" doc:name="MAP">
                                                            <ee:variables>
                                                                <ee:set-variable variableName="MAP">%dw 2.0
output application/json
---
vars.""</ee:set-variable>
                                                            </ee:variables>
                                                        </ee:transform>
                                                    </try>
                                                </otherwise>
                                            </choice>
                                        </foreach>
                                    </try>
                                </when>
                                <otherwise>
                                    <try doc:name="SEQUENCE">
                                        <ee:transform doc:id="gydudrho-9b5e-4a86-b01c-cd738c5276d4" doc:name="MAP">
                                            <ee:variables>
                                                <ee:set-variable variableName="MAP">%dw 2.0
output application/json
---
vars.""</ee:set-variable>
                                            </ee:variables>
                                        </ee:transform>
                                    </try>
                                </otherwise>
                            </choice>
                        </try>
                    </when>
                    <when expression="%line_of_business%  == 'COLL_RO'">
                        <try doc:name="SEQUENCE">
                            <ee:transform doc:id="ncybxplt-9b5e-4a86-b01c-cd738c5276d4" doc:name="MAP">
                                <ee:variables>
                                    <ee:set-variable variableName="MAP">%dw 2.0
output application/json
---
vars.""</ee:set-variable>
                                </ee:variables>
                            </ee:transform>
                            <logger doc:id="dejmbnhm-eadc-40b9-98cc-268d14076da0" doc:name="wm_ocs.svcs.inbound.adptrsvcs:getETAEligibility" level="INFO"/>
                            <ee:transform doc:id="igjiygcx-9b5e-4a86-b01c-cd738c5276d4" doc:name="MAP">
                                <ee:variables>
                                    <ee:set-variable variableName="MAP">%dw 2.0
output application/json
---
vars.""</ee:set-variable>
                                </ee:variables>
                            </ee:transform>
                            <choice doc:name="BRANCH">
                                <when expression="%outputSize%&gt;0">
                                    <try doc:name="SEQUENCE">
                                        <set-payload doc:id="yfkkdjjj-eadc-40b9-98cc-268d14076da0" doc:name="Set Payload" name="set_payload" value="#[payload]"/>
                                        <foreach collection="#[payload]" doc:id="ywnvbexw-eadc-40b9-98cc-268d14076da0" doc:name="LOOP" name="LOOP">
                                            <choice doc:name="BRANCH">
                                                <when expression="%getETAEligibilityOutput/OELIGIBLETICKETS/SERVICEID% == %id%">
                                                    <try doc:name="SEQUENCE">
                                                        <choice doc:name="BRANCH">
                                                            <when expression="% /getETAEligibilityOutput/OELIGIBLETICKETS/ASSIGNED% = Y">
                                                                <try doc:name="SEQUENCE">
                                                                    <ee:transform doc:id="vwvzpczm-9b5e-4a86-b01c-cd738c5276d4" doc:name="MAP">
                                                                        <ee:variables>
                                                                            <ee:set-variable variableName="MAP">%dw 2.0
output application/json
---
vars.""</ee:set-variable>
                                                                        </ee:variables>
                                                                    </ee:transform>
                                                                    <logger doc:id="hlppxwlb-eadc-40b9-98cc-268d14076da0" doc:name="EXIT" level="INFO"/>
                                                                </try>
                                                            </when>
                                                            <otherwise>
                                                                <try doc:name="SEQUENCE">
                                                                    <ee:transform doc:id="yoegtgru-9b5e-4a86-b01c-cd738c5276d4" doc:name="MAP">
                                                                        <ee:variables>
                                                                            <ee:set-variable variableName="MAP">%dw 2.0
output application/json
---
vars.""</ee:set-variable>
                                                                        </ee:variables>
                                                                    </ee:transform>
                                                                </try>
                                                            </otherwise>
                                                        </choice>
                                                    </try>
                                                </when>
                                                <otherwise>
                                                    <try doc:name="SEQUENCE">
                                                        <ee:transform doc:id="hldcpwjk-9b5e-4a86-b01c-cd738c5276d4" doc:name="MAP">
                                                            <ee:variables>
                                                                <ee:set-variable variableName="MAP">%dw 2.0
output application/json
---
vars.""</ee:set-variable>
                                                            </ee:variables>
                                                        </ee:transform>
                                                    </try>
                                                </otherwise>
                                            </choice>
                                        </foreach>
                                    </try>
                                </when>
                                <otherwise>
                                    <try doc:name="SEQUENCE">
                                        <ee:transform doc:id="gzhdalbv-9b5e-4a86-b01c-cd738c5276d4" doc:name="MAP">
                                            <ee:variables>
                                                <ee:set-variable variableName="MAP">%dw 2.0
output application/json
---
vars.""</ee:set-variable>
                                            </ee:variables>
                                        </ee:transform>
                                    </try>
                                </otherwise>
                            </choice>
                        </try>
                    </when>
                </choice>
                <ee:transform doc:id="ybnkwhpq-9b5e-4a86-b01c-cd738c5276d4" doc:name="MAP">
                    <ee:variables>
                        <ee:set-variable variableName="MAP">%dw 2.0
output application/json
---
vars.""</ee:set-variable>
                    </ee:variables>
                </ee:transform>
            </try>
            <try doc:name="SEQUENCE">
                <logger doc:id="kzvusypv-eadc-40b9-98cc-268d14076da0" doc:name="pub.flow:getLastError" level="INFO"/>
                <logger doc:id="ezqwfhdt-eadc-40b9-98cc-268d14076da0" doc:name="wm_errorhandling.utils:getCallingService" level="INFO"/>
                <logger doc:id="orkkjczh-eadc-40b9-98cc-268d14076da0" doc:name="wm_errorhandling.svcs.flowsvcs:createErrorMsg_FW1" level="INFO"/>
                <logger doc:id="wougcpyu-eadc-40b9-98cc-268d14076da0" doc:name="EXIT" level="INFO"/>
            </try>
        </try>
        <try doc:name="SEQUENCE">
            <try doc:name="SEQUENCE">
                <ee:transform doc:id="embufskh-9b5e-4a86-b01c-cd738c5276d4" doc:name="MAP">
                    <ee:variables>
                        <ee:set-variable variableName="MAP">%dw 2.0
output application/json
---
vars.""</ee:set-variable>
                    </ee:variables>
                </ee:transform>
                <choice doc:name="BRANCH">
                    <when expression="%line_of_business%  == 'COLL_RES' || %line_of_business%  == 'COLL_COM'">
                        <try doc:name="SEQUENCE">
                            <logger doc:id="murftzns-eadc-40b9-98cc-268d14076da0" doc:name="wm_ocs.svcs.inbound.adptrsvcs:getETAEligibility_CommResi" level="INFO"/>
                            <ee:transform doc:id="lrqbjtip-9b5e-4a86-b01c-cd738c5276d4" doc:name="MAP">
                                <ee:variables>
                                    <ee:set-variable variableName="MAP">%dw 2.0
output application/json
---
vars.""</ee:set-variable>
                                </ee:variables>
                            </ee:transform>
                            <choice doc:name="BRANCH">
                                <when expression="%outputSize%&gt;0">
                                    <try doc:name="SEQUENCE">
                                        <set-payload doc:id="srjauxtb-eadc-40b9-98cc-268d14076da0" doc:name="Set Payload" name="set_payload" value="#[payload]"/>
                                        <foreach collection="#[payload]" doc:id="zwsinlwi-eadc-40b9-98cc-268d14076da0" doc:name="LOOP" name="LOOP">
                                            <choice doc:name="BRANCH">
                                                <when expression="%getETAEligibility_CommResiOutput/REFELIGIBLE/SERVICEID% == %id%">
                                                    <try doc:name="SEQUENCE">
                                                        <choice doc:name="BRANCH">
                                                            <when expression="% /getETAEligibility_CommResiOutput/REFELIGIBLE/ETA_FLG% = Y">
                                                                <try doc:name="SEQUENCE">
                                                                    <ee:transform doc:id="cvibijxe-9b5e-4a86-b01c-cd738c5276d4" doc:name="MAP">
                                                                        <ee:variables>
                                                                            <ee:set-variable variableName="MAP">%dw 2.0
output application/json
---
vars.""</ee:set-variable>
                                                                        </ee:variables>
                                                                    </ee:transform>
                                                                    <logger doc:id="eompfrce-eadc-40b9-98cc-268d14076da0" doc:name="EXIT" level="INFO"/>
                                                                </try>
                                                            </when>
                                                            <otherwise>
                                                                <try doc:name="SEQUENCE">
                                                                    <ee:transform doc:id="jwtghpou-9b5e-4a86-b01c-cd738c5276d4" doc:name="MAP">
                                                                        <ee:variables>
                                                                            <ee:set-variable variableName="MAP">%dw 2.0
output application/json
---
vars.""</ee:set-variable>
                                                                        </ee:variables>
                                                                    </ee:transform>
                                                                </try>
                                                            </otherwise>
                                                        </choice>
                                                    </try>
                                                </when>
                                                <otherwise>
                                                    <try doc:name="SEQUENCE">
                                                        <ee:transform doc:id="wzqpalyr-9b5e-4a86-b01c-cd738c5276d4" doc:name="MAP">
                                                            <ee:variables>
                                                                <ee:set-variable variableName="MAP">%dw 2.0
output application/json
---
vars.""</ee:set-variable>
                                                            </ee:variables>
                                                        </ee:transform>
                                                    </try>
                                                </otherwise>
                                            </choice>
                                        </foreach>
                                    </try>
                                </when>
                                <otherwise>
                                    <try doc:name="SEQUENCE">
                                        <ee:transform doc:id="ifounrin-9b5e-4a86-b01c-cd738c5276d4" doc:name="MAP">
                                            <ee:variables>
                                                <ee:set-variable variableName="MAP">%dw 2.0
output application/json
---
vars.""</ee:set-variable>
                                            </ee:variables>
                                        </ee:transform>
                                    </try>
                                </otherwise>
                            </choice>
                        </try>
                    </when>
                    <when expression="%line_of_business%  == 'COLL_RO'">
                        <try doc:name="SEQUENCE">
                            <ee:transform doc:id="aumvrsjx-9b5e-4a86-b01c-cd738c5276d4" doc:name="MAP">
                                <ee:variables>
                                    <ee:set-variable variableName="MAP">%dw 2.0
output application/json
---
vars.""</ee:set-variable>
                                </ee:variables>
                            </ee:transform>
                            <logger doc:id="vvffrxge-eadc-40b9-98cc-268d14076da0" doc:name="wm_ocs.svcs.inbound.adptrsvcs:getETAEligibility" level="INFO"/>
                            <ee:transform doc:id="rofzqeoy-9b5e-4a86-b01c-cd738c5276d4" doc:name="MAP">
                                <ee:variables>
                                    <ee:set-variable variableName="MAP">%dw 2.0
output application/json
---
vars.""</ee:set-variable>
                                </ee:variables>
                            </ee:transform>
                            <choice doc:name="BRANCH">
                                <when expression="%outputSize%&gt;0">
                                    <try doc:name="SEQUENCE">
                                        <set-payload doc:id="hasmbkpv-eadc-40b9-98cc-268d14076da0" doc:name="Set Payload" name="set_payload" value="#[payload]"/>
                                        <foreach collection="#[payload]" doc:id="ozoynbht-eadc-40b9-98cc-268d14076da0" doc:name="LOOP" name="LOOP">
                                            <choice doc:name="BRANCH">
                                                <when expression="%getETAEligibilityOutput/OELIGIBLETICKETS/SERVICEID% == %id%">
                                                    <try doc:name="SEQUENCE">
                                                        <choice doc:name="BRANCH">
                                                            <when expression="% /getETAEligibilityOutput/OELIGIBLETICKETS/ASSIGNED% = Y">
                                                                <try doc:name="SEQUENCE">
                                                                    <ee:transform doc:id="ihlpbtyy-9b5e-4a86-b01c-cd738c5276d4" doc:name="MAP">
                                                                        <ee:variables>
                                                                            <ee:set-variable variableName="MAP">%dw 2.0
output application/json
---
vars.""</ee:set-variable>
                                                                        </ee:variables>
                                                                    </ee:transform>
                                                                    <logger doc:id="wbqwmbyp-eadc-40b9-98cc-268d14076da0" doc:name="EXIT" level="INFO"/>
                                                                </try>
                                                            </when>
                                                            <otherwise>
                                                                <try doc:name="SEQUENCE">
                                                                    <ee:transform doc:id="addyrfph-9b5e-4a86-b01c-cd738c5276d4" doc:name="MAP">
                                                                        <ee:variables>
                                                                            <ee:set-variable variableName="MAP">%dw 2.0
output application/json
---
vars.""</ee:set-variable>
                                                                        </ee:variables>
                                                                    </ee:transform>
                                                                </try>
                                                            </otherwise>
                                                        </choice>
                                                    </try>
                                                </when>
                                                <otherwise>
                                                    <try doc:name="SEQUENCE">
                                                        <ee:transform doc:id="joeyalog-9b5e-4a86-b01c-cd738c5276d4" doc:name="MAP">
                                                            <ee:variables>
                                                                <ee:set-variable variableName="MAP">%dw 2.0
output application/json
---
vars.""</ee:set-variable>
                                                            </ee:variables>
                                                        </ee:transform>
                                                    </try>
                                                </otherwise>
                                            </choice>
                                        </foreach>
                                    </try>
                                </when>
                                <otherwise>
                                    <try doc:name="SEQUENCE">
                                        <ee:transform doc:id="brgcnijx-9b5e-4a86-b01c-cd738c5276d4" doc:name="MAP">
                                            <ee:variables>
                                                <ee:set-variable variableName="MAP">%dw 2.0
output application/json
---
vars.""</ee:set-variable>
                                            </ee:variables>
                                        </ee:transform>
                                    </try>
                                </otherwise>
                            </choice>
                        </try>
                    </when>
                </choice>
                <ee:transform doc:id="mupjltna-9b5e-4a86-b01c-cd738c5276d4" doc:name="MAP">
                    <ee:variables>
                        <ee:set-variable variableName="MAP">%dw 2.0
output application/json
---
vars.""</ee:set-variable>
                    </ee:variables>
                </ee:transform>
            </try>
            <try doc:name="SEQUENCE">
                <logger doc:id="nfvkieab-eadc-40b9-98cc-268d14076da0" doc:name="pub.flow:getLastError" level="INFO"/>
                <logger doc:id="toycfdvy-eadc-40b9-98cc-268d14076da0" doc:name="wm_errorhandling.utils:getCallingService" level="INFO"/>
                <logger doc:id="qejsseuu-eadc-40b9-98cc-268d14076da0" doc:name="wm_errorhandling.svcs.flowsvcs:createErrorMsg_FW1" level="INFO"/>
                <logger doc:id="ilwnsgth-eadc-40b9-98cc-268d14076da0" doc:name="EXIT" level="INFO"/>
            </try>
        </try>
        <try doc:name="SEQUENCE">
            <try doc:name="SEQUENCE">
                <ee:transform doc:id="bdvdpoem-9b5e-4a86-b01c-cd738c5276d4" doc:name="MAP">
                    <ee:variables>
                        <ee:set-variable variableName="MAP">%dw 2.0
output application/json
---
vars.""</ee:set-variable>
                    </ee:variables>
                </ee:transform>
                <choice doc:name="BRANCH">
                    <when expression="%line_of_business%  == 'COLL_RES' || %line_of_business%  == 'COLL_COM'">
                        <try doc:name="SEQUENCE">
                            <logger doc:id="mephpulu-eadc-40b9-98cc-268d14076da0" doc:name="wm_ocs.svcs.inbound.adptrsvcs:getETAEligibility_CommResi" level="INFO"/>
                            <ee:transform doc:id="afardmsl-9b5e-4a86-b01c-cd738c5276d4" doc:name="MAP">
                                <ee:variables>
                                    <ee:set-variable variableName="MAP">%dw 2.0
output application/json
---
vars.""</ee:set-variable>
                                </ee:variables>
                            </ee:transform>
                            <choice doc:name="BRANCH">
                                <when expression="%outputSize%&gt;0">
                                    <try doc:name="SEQUENCE">
                                        <set-payload doc:id="uwpncyat-eadc-40b9-98cc-268d14076da0" doc:name="Set Payload" name="set_payload" value="#[payload]"/>
                                        <foreach collection="#[payload]" doc:id="auapyutu-eadc-40b9-98cc-268d14076da0" doc:name="LOOP" name="LOOP">
                                            <choice doc:name="BRANCH">
                                                <when expression="%getETAEligibility_CommResiOutput/REFELIGIBLE/SERVICEID% == %id%">
                                                    <try doc:name="SEQUENCE">
                                                        <choice doc:name="BRANCH">
                                                            <when expression="% /getETAEligibility_CommResiOutput/REFELIGIBLE/ETA_FLG% = Y">
                                                                <try doc:name="SEQUENCE">
                                                                    <ee:transform doc:id="poftdvql-9b5e-4a86-b01c-cd738c5276d4" doc:name="MAP">
                                                                        <ee:variables>
                                                                            <ee:set-variable variableName="MAP">%dw 2.0
output application/json
---
vars.""</ee:set-variable>
                                                                        </ee:variables>
                                                                    </ee:transform>
                                                                    <logger doc:id="ufxxexhf-eadc-40b9-98cc-268d14076da0" doc:name="EXIT" level="INFO"/>
                                                                </try>
                                                            </when>
                                                            <otherwise>
                                                                <try doc:name="SEQUENCE">
                                                                    <ee:transform doc:id="siqjtaji-9b5e-4a86-b01c-cd738c5276d4" doc:name="MAP">
                                                                        <ee:variables>
                                                                            <ee:set-variable variableName="MAP">%dw 2.0
output application/json
---
vars.""</ee:set-variable>
                                                                        </ee:variables>
                                                                    </ee:transform>
                                                                </try>
                                                            </otherwise>
                                                        </choice>
                                                    </try>
                                                </when>
                                                <otherwise>
                                                    <try doc:name="SEQUENCE">
                                                        <ee:transform doc:id="ehrrbymi-9b5e-4a86-b01c-cd738c5276d4" doc:name="MAP">
                                                            <ee:variables>
                                                                <ee:set-variable variableName="MAP">%dw 2.0
output application/json
---
vars.""</ee:set-variable>
                                                            </ee:variables>
                                                        </ee:transform>
                                                    </try>
                                                </otherwise>
                                            </choice>
                                        </foreach>
                                    </try>
                                </when>
                                <otherwise>
                                    <try doc:name="SEQUENCE">
                                        <ee:transform doc:id="chqjzlzx-9b5e-4a86-b01c-cd738c5276d4" doc:name="MAP">
                                            <ee:variables>
                                                <ee:set-variable variableName="MAP">%dw 2.0
output application/json
---
vars.""</ee:set-variable>
                                            </ee:variables>
                                        </ee:transform>
                                    </try>
                                </otherwise>
                            </choice>
                        </try>
                    </when>
                    <when expression="%line_of_business%  == 'COLL_RO'">
                        <try doc:name="SEQUENCE">
                            <ee:transform doc:id="gixujguv-9b5e-4a86-b01c-cd738c5276d4" doc:name="MAP">
                                <ee:variables>
                                    <ee:set-variable variableName="MAP">%dw 2.0
output application/json
---
vars.""</ee:set-variable>
                                </ee:variables>
                            </ee:transform>
                            <logger doc:id="kzekmjgz-eadc-40b9-98cc-268d14076da0" doc:name="wm_ocs.svcs.inbound.adptrsvcs:getETAEligibility" level="INFO"/>
                            <ee:transform doc:id="yyysilhi-9b5e-4a86-b01c-cd738c5276d4" doc:name="MAP">
                                <ee:variables>
                                    <ee:set-variable variableName="MAP">%dw 2.0
output application/json
---
vars.""</ee:set-variable>
                                </ee:variables>
                            </ee:transform>
                            <choice doc:name="BRANCH">
                                <when expression="%outputSize%&gt;0">
                                    <try doc:name="SEQUENCE">
                                        <set-payload doc:id="wktakkht-eadc-40b9-98cc-268d14076da0" doc:name="Set Payload" name="set_payload" value="#[payload]"/>
                                        <foreach collection="#[payload]" doc:id="kioiuijb-eadc-40b9-98cc-268d14076da0" doc:name="LOOP" name="LOOP">
                                            <choice doc:name="BRANCH">
                                                <when expression="%getETAEligibilityOutput/OELIGIBLETICKETS/SERVICEID% == %id%">
                                                    <try doc:name="SEQUENCE">
                                                        <choice doc:name="BRANCH">
                                                            <when expression="% /getETAEligibilityOutput/OELIGIBLETICKETS/ASSIGNED% = Y">
                                                                <try doc:name="SEQUENCE">
                                                                    <ee:transform doc:id="ioxslwwj-9b5e-4a86-b01c-cd738c5276d4" doc:name="MAP">
                                                                        <ee:variables>
                                                                            <ee:set-variable variableName="MAP">%dw 2.0
output application/json
---
vars.""</ee:set-variable>
                                                                        </ee:variables>
                                                                    </ee:transform>
                                                                    <logger doc:id="trwvmywq-eadc-40b9-98cc-268d14076da0" doc:name="EXIT" level="INFO"/>
                                                                </try>
                                                            </when>
                                                            <otherwise>
                                                                <try doc:name="SEQUENCE">
                                                                    <ee:transform doc:id="kwbdbcnt-9b5e-4a86-b01c-cd738c5276d4" doc:name="MAP">
                                                                        <ee:variables>
                                                                            <ee:set-variable variableName="MAP">%dw 2.0
output application/json
---
vars.""</ee:set-variable>
                                                                        </ee:variables>
                                                                    </ee:transform>
                                                                </try>
                                                            </otherwise>
                                                        </choice>
                                                    </try>
                                                </when>
                                                <otherwise>
                                                    <try doc:name="SEQUENCE">
                                                        <ee:transform doc:id="irpuxcdb-9b5e-4a86-b01c-cd738c5276d4" doc:name="MAP">
                                                            <ee:variables>
                                                                <ee:set-variable variableName="MAP">%dw 2.0
output application/json
---
vars.""</ee:set-variable>
                                                            </ee:variables>
                                                        </ee:transform>
                                                    </try>
                                                </otherwise>
                                            </choice>
                                        </foreach>
                                    </try>
                                </when>
                                <otherwise>
                                    <try doc:name="SEQUENCE">
                                        <ee:transform doc:id="qhwurhat-9b5e-4a86-b01c-cd738c5276d4" doc:name="MAP">
                                            <ee:variables>
                                                <ee:set-variable variableName="MAP">%dw 2.0
output application/json
---
vars.""</ee:set-variable>
                                            </ee:variables>
                                        </ee:transform>
                                    </try>
                                </otherwise>
                            </choice>
                        </try>
                    </when>
                </choice>
                <ee:transform doc:id="hsbdqpgp-9b5e-4a86-b01c-cd738c5276d4" doc:name="MAP">
                    <ee:variables>
                        <ee:set-variable variableName="MAP">%dw 2.0
output application/json
---
vars.""</ee:set-variable>
                    </ee:variables>
                </ee:transform>
            </try>
            <try doc:name="SEQUENCE">
                <logger doc:id="zpqgbxir-eadc-40b9-98cc-268d14076da0" doc:name="pub.flow:getLastError" level="INFO"/>
                <logger doc:id="quhqqzat-eadc-40b9-98cc-268d14076da0" doc:name="wm_errorhandling.utils:getCallingService" level="INFO"/>
                <logger doc:id="sppkqbdh-eadc-40b9-98cc-268d14076da0" doc:name="wm_errorhandling.svcs.flowsvcs:createErrorMsg_FW1" level="INFO"/>
                <logger doc:id="iszlvroj-eadc-40b9-98cc-268d14076da0" doc:name="EXIT" level="INFO"/>
            </try>
        </try>
    </flow>
</mule>
