<?xml version="1.0" encoding="UTF-8"?><mule xmlns="http://www.mulesoft.org/schema/mule/core" xmlns:doc="http://www.mulesoft.org/schema/mule/documentation" xmlns:ee="http://www.mulesoft.org/schema/mule/ee/core" xmlns:xsi="http://www.w3.org/2001/XMLSchema-instance" xsi:schemaLocation="http://www.mulesoft.org/schema/mule/core http://www.mulesoft.org/schema/mule/core/current/mule.xsd http://www.mulesoft.org/schema/mule/ee/core http://www.mulesoft.org/schema/mule/ee/core/current/mule-ee.xsd">
    <flow doc:id="uibntwbd-eadc-40b9-98cc-268d14076da0" name="wm_ocs-svcs-inbound-flowsvcs-getRouteStops">
        <try doc:name="SEQUENCE">
            <try doc:name="SEQUENCE">
                <choice doc:name="BRANCH">
                    <when expression="(%limit%==$null || %limit%==&quot;&quot; )&amp;&amp; %offset%!= $null">
                        <try doc:name="SEQUENCE">
                            <ee:transform doc:id="ftmcqfvk-9b5e-4a86-b01c-cd738c5276d4" doc:name="MAP">
                                <ee:variables>
                                    <ee:set-variable variableName="MAP">%dw 2.0
output application/json
---
vars.""</ee:set-variable>
                                </ee:variables>
                            </ee:transform>
                            <logger doc:id="omecwycv-eadc-40b9-98cc-268d14076da0" doc:name="wm_common.utils:throwError" level="INFO"/>
                        </try>
                    </when>
                    <when expression="%limit%!=$null &amp;&amp; (%offset%==$null || %offset%==&quot;&quot;)">
                        <try doc:name="SEQUENCE">
                            <ee:transform doc:id="oebaqhgn-9b5e-4a86-b01c-cd738c5276d4" doc:name="MAP">
                                <ee:variables>
                                    <ee:set-variable variableName="MAP">%dw 2.0
output application/json
---
vars.""</ee:set-variable>
                                </ee:variables>
                            </ee:transform>
                            <logger doc:id="mjbauhiv-eadc-40b9-98cc-268d14076da0" doc:name="wm_common.utils:throwError" level="INFO"/>
                        </try>
                    </when>
                </choice>
                <choice doc:name="BRANCH">
                    <when expression="% /Cache-Control% = Private">
                        <try doc:name="SEQUENCE">
                            <logger doc:id="ouagthvg-eadc-40b9-98cc-268d14076da0" doc:name="SEQUENCE" level="INFO"/>
                        </try>
                    </when>
                    <when expression="% /Cache-Control% = no-cache">
                        <try doc:name="SEQUENCE">
                            <logger doc:id="mgiubjky-eadc-40b9-98cc-268d14076da0" doc:name="wm_ocs.svcs.inbound.flowsvcs:mapRouteStopsForNoCache" level="INFO"/>
                        </try>
                    </when>
                    <when expression="% /Cache-Control% = max-age">
                        <try doc:name="SEQUENCE">
                            <logger doc:id="ograkxpl-eadc-40b9-98cc-268d14076da0" doc:name="wm_ocs.svcs.inbound.flowsvcs:mapRouteStopsForMaxAge" level="INFO"/>
                        </try>
                    </when>
                    <otherwise>
                        <try doc:name="SEQUENCE">
                            <ee:transform doc:id="udiraikc-9b5e-4a86-b01c-cd738c5276d4" doc:name="MAP">
                                <ee:variables>
                                    <ee:set-variable variableName="MAP">%dw 2.0
output application/json
---
vars.""</ee:set-variable>
                                </ee:variables>
                            </ee:transform>
                            <logger doc:id="jltjegld-eadc-40b9-98cc-268d14076da0" doc:name="wm_common.utils:throwError" level="INFO"/>
                        </try>
                    </otherwise>
                </choice>
                <ee:transform doc:id="bmctyoqf-9b5e-4a86-b01c-cd738c5276d4" doc:name="MAP">
                    <ee:variables>
                        <ee:set-variable variableName="MAP">%dw 2.0
output application/json
---
vars.""</ee:set-variable>
                    </ee:variables>
                </ee:transform>
            </try>
            <try doc:name="SEQUENCE">
                <logger doc:id="mcoussqz-eadc-40b9-98cc-268d14076da0" doc:name="pub.flow:getLastError" level="INFO"/>
                <logger doc:id="gvtqoqex-eadc-40b9-98cc-268d14076da0" doc:name="wm_errorhandling.utils:getCallingService" level="INFO"/>
                <logger doc:id="zbyddmxg-eadc-40b9-98cc-268d14076da0" doc:name="wm_errorhandling.svcs.flowsvcs:createErrorMsg_FW1" level="INFO"/>
                <ee:transform doc:id="vijcizut-9b5e-4a86-b01c-cd738c5276d4" doc:name="MAP">
                    <ee:variables>
                        <ee:set-variable variableName="MAP">%dw 2.0
output application/json
---
vars.""</ee:set-variable>
                    </ee:variables>
                </ee:transform>
                <logger doc:id="rhpbafnj-eadc-40b9-98cc-268d14076da0" doc:name="EXIT" level="INFO"/>
            </try>
        </try>
    </flow>
</mule>
