<?xml version="1.0" encoding="UTF-8"?><mule xmlns="http://www.mulesoft.org/schema/mule/core" xmlns:doc="http://www.mulesoft.org/schema/mule/documentation" xmlns:ee="http://www.mulesoft.org/schema/mule/ee/core" xmlns:xsi="http://www.w3.org/2001/XMLSchema-instance" xsi:schemaLocation="http://www.mulesoft.org/schema/mule/core http://www.mulesoft.org/schema/mule/core/current/mule.xsd http://www.mulesoft.org/schema/mule/ee/core http://www.mulesoft.org/schema/mule/ee/core/current/mule-ee.xsd">
    <flow doc:id="ttqskird-eadc-40b9-98cc-268d14076da0" name="wm_ocs-svcs-inbound-flowsvcs-getServiceStats">
        <logger doc:id="sztwpqsv-eadc-40b9-98cc-268d14076da0" doc:name="pub.flow:savePipelineToFile" level="INFO"/>
        <try doc:name="SEQUENCE">
            <try doc:name="SEQUENCE">
                <choice doc:name="BRANCH">
                    <when expression="%numberOfDays%==$null || %numberOfDays%==&quot;&quot;">
                        <try doc:name="SEQUENCE">
                            <ee:transform doc:id="odqdlwtp-9b5e-4a86-b01c-cd738c5276d4" doc:name="MAP">
                                <ee:variables>
                                    <ee:set-variable variableName="MAP">%dw 2.0
output application/json
---
vars.""</ee:set-variable>
                                </ee:variables>
                            </ee:transform>
                        </try>
                    </when>
                </choice>
                <choice doc:name="BRANCH">
                    <when expression="(%limit%==$null || %limit%==&quot;&quot; )&amp;&amp; %offset%!= $null">
                        <try doc:name="SEQUENCE">
                            <ee:transform doc:id="yahhrjrx-9b5e-4a86-b01c-cd738c5276d4" doc:name="MAP">
                                <ee:variables>
                                    <ee:set-variable variableName="MAP">%dw 2.0
output application/json
---
vars.""</ee:set-variable>
                                </ee:variables>
                            </ee:transform>
                            <logger doc:id="cobctnph-eadc-40b9-98cc-268d14076da0" doc:name="wm_common.utils:throwError" level="INFO"/>
                        </try>
                    </when>
                    <when expression="%limit%!=$null &amp;&amp; (%offset%==$null || %offset%==&quot;&quot;)">
                        <try doc:name="SEQUENCE">
                            <ee:transform doc:id="snmlrtcq-9b5e-4a86-b01c-cd738c5276d4" doc:name="MAP">
                                <ee:variables>
                                    <ee:set-variable variableName="MAP">%dw 2.0
output application/json
---
vars.""</ee:set-variable>
                                </ee:variables>
                            </ee:transform>
                            <logger doc:id="niiehdee-eadc-40b9-98cc-268d14076da0" doc:name="wm_common.utils:throwError" level="INFO"/>
                        </try>
                    </when>
                </choice>
                <choice doc:name="BRANCH">
                    <when expression="% /Cache-Control% = Private">
                        <try doc:name="SEQUENCE">
                            <logger doc:id="fgvbpbwh-eadc-40b9-98cc-268d14076da0" doc:name="SEQUENCE" level="INFO"/>
                        </try>
                    </when>
                    <when expression="% /Cache-Control% = no-cache">
                        <try doc:name="SEQUENCE">
                            <logger doc:id="orvddoaj-eadc-40b9-98cc-268d14076da0" doc:name="wm_ocs.svcs.inbound.flowsvcs:mapServiceStatsForNoCache" level="INFO"/>
                            <logger doc:id="rdixndis-eadc-40b9-98cc-268d14076da0" doc:name="EXIT" level="INFO"/>
                        </try>
                    </when>
                    <when expression="% /Cache-Control% = max-age">
                        <try doc:name="SEQUENCE">
                            <logger doc:id="rddkvnra-eadc-40b9-98cc-268d14076da0" doc:name="wm_ocs.svcs.inbound.flowsvcs:mapServicesStatsForMaxAge" level="INFO"/>
                        </try>
                    </when>
                    <otherwise>
                        <try doc:name="SEQUENCE">
                            <ee:transform doc:id="vrbxdulo-9b5e-4a86-b01c-cd738c5276d4" doc:name="MAP">
                                <ee:variables>
                                    <ee:set-variable variableName="MAP">%dw 2.0
output application/json
---
vars.""</ee:set-variable>
                                </ee:variables>
                            </ee:transform>
                            <logger doc:id="zfqqmehe-eadc-40b9-98cc-268d14076da0" doc:name="wm_common.utils:throwError" level="INFO"/>
                        </try>
                    </otherwise>
                </choice>
                <ee:transform doc:id="paywbfhf-9b5e-4a86-b01c-cd738c5276d4" doc:name="MAP">
                    <ee:variables>
                        <ee:set-variable variableName="MAP">%dw 2.0
output application/json
---
vars.""</ee:set-variable>
                    </ee:variables>
                </ee:transform>
            </try>
            <try doc:name="SEQUENCE">
                <logger doc:id="rilqwdpt-eadc-40b9-98cc-268d14076da0" doc:name="pub.flow:getLastError" level="INFO"/>
                <logger doc:id="hhygabxr-eadc-40b9-98cc-268d14076da0" doc:name="wm_errorhandling.utils:getCallingService" level="INFO"/>
                <logger doc:id="msytlutn-eadc-40b9-98cc-268d14076da0" doc:name="wm_errorhandling.svcs.flowsvcs:createErrorMsg_FW1" level="INFO"/>
                <ee:transform doc:id="vqovfbzn-9b5e-4a86-b01c-cd738c5276d4" doc:name="MAP">
                    <ee:variables>
                        <ee:set-variable variableName="MAP">%dw 2.0
output application/json
---
vars.""</ee:set-variable>
                    </ee:variables>
                </ee:transform>
                <logger doc:id="hdqgctbo-eadc-40b9-98cc-268d14076da0" doc:name="EXIT" level="INFO"/>
            </try>
        </try>
    </flow>
</mule>
