<?xml version="1.0" encoding="UTF-8"?><mule xmlns="http://www.mulesoft.org/schema/mule/core" xmlns:doc="http://www.mulesoft.org/schema/mule/documentation" xmlns:ee="http://www.mulesoft.org/schema/mule/ee/core" xmlns:xsi="http://www.w3.org/2001/XMLSchema-instance" xsi:schemaLocation="http://www.mulesoft.org/schema/mule/core http://www.mulesoft.org/schema/mule/core/current/mule.xsd http://www.mulesoft.org/schema/mule/ee/core http://www.mulesoft.org/schema/mule/ee/core/current/mule-ee.xsd">
    <flow doc:id="nrvszboy-eadc-40b9-98cc-268d14076da0" name="wm_ocs-svcs-inbound-flowsvcs-getServiceExceptions">
        <try doc:name="SEQUENCE">
            <try doc:name="SEQUENCE">
                <choice doc:name="BRANCH">
                    <when expression="%customer_order_number% == $null || %customer_order_number% == &quot;&quot;">
                        <try doc:name="SEQUENCE">
                            
<ee:transform doc:name="MAP" doc:id="0af093a1-f36b-4a65-9f3f-7a904ab46e8b" >
			<ee:message >
			</ee:message>
			<ee:variables>
				<ee:set-variable variableName="MAP" ><![CDATA[%dw 2.0
output application/json
---
	{"initParams": {
  "subjectNote": 'ESB',
  "errorCode": '422'
},
"contentType": payload."Accept",
"configFileName": payload."configFileName",
"customer_id": payload."customer_id",
"Cache-Control": payload."Cache-Control",
"If-Modified-Since": payload."If-Modified-Since",
"Accept": payload."Accept",
"type": payload."type",
"fields": payload."fields",
"pathHeader": payload."pathHeader",
"numberOfDays": payload."numberOfDays",
"limit": payload."limit",
"offset": payload."offset",
"serviceStatsFlag": payload."serviceStatsFlag"
}
]]></ee:set-variable>
			</ee:variables>
		</ee:transform>
    
                            <logger doc:id="mhvsxexu-eadc-40b9-98cc-268d14076da0" doc:name="wm_common.utils:throwError" level="INFO"/>
                        </try>
                    </when>
                    <when expression="%customer_service_number%==$null || %customer_service_number%==&quot;&quot;">
                        <try doc:name="SEQUENCE">
                            
<ee:transform doc:name="MAP" doc:id="0af093a1-f36b-4a65-9f3f-7a904ab46e8b" >
			<ee:message >
			</ee:message>
			<ee:variables>
				<ee:set-variable variableName="MAP" ><![CDATA[%dw 2.0
output application/json
---
	{"initParams": {
  "subjectNote": 'ESB',
  "errorCode": '422'
},
"contentType": vars."wm_common.utils__throwError"."Accept"
}
]]></ee:set-variable>
			</ee:variables>
		</ee:transform>
    
                            <logger doc:id="rjvbgard-eadc-40b9-98cc-268d14076da0" doc:name="wm_common.utils:throwError" level="INFO"/>
                        </try>
                    </when>
                </choice>
                <choice doc:name="BRANCH">
                    <when expression="% /Cache-Control% = Private">
                        <try doc:name="SEQUENCE">
                            <logger doc:id="bsoavnja-eadc-40b9-98cc-268d14076da0" doc:name="SEQUENCE" level="INFO"/>
                        </try>
                    </when>
                    <when expression="% /Cache-Control% = no-cache">
                        <try doc:name="SEQUENCE">
                            <logger doc:id="azwhfpsb-eadc-40b9-98cc-268d14076da0" doc:name="wm_ocs.svcs.inbound.flowsvcs:mapServiceExceptionsForNoCache" level="INFO"/>
                            <logger doc:id="xznoydwo-eadc-40b9-98cc-268d14076da0" doc:name="EXIT" level="INFO"/>
                        </try>
                    </when>
                    <when expression="% /Cache-Control% = max-age">
                        <try doc:name="SEQUENCE">
                            <logger doc:id="apozyxmb-eadc-40b9-98cc-268d14076da0" doc:name="wm_ocs.svcs.inbound.flowsvcs:mapServiceExceptionsForMaxAge" level="INFO"/>
                        </try>
                    </when>
                    <otherwise>
                        <try doc:name="SEQUENCE">
                            
<ee:transform doc:name="MAP" doc:id="0af093a1-f36b-4a65-9f3f-7a904ab46e8b" >
			<ee:message >
			</ee:message>
			<ee:variables>
				<ee:set-variable variableName="MAP" ><![CDATA[%dw 2.0
output application/json
---
	{"initParams": {
  "subjectNote": 'ESB',
  "errorCode": '422'
},
"contentType": 'application/json'
}
]]></ee:set-variable>
			</ee:variables>
		</ee:transform>
    
                            <logger doc:id="kszinctu-eadc-40b9-98cc-268d14076da0" doc:name="wm_common.utils:throwError" level="INFO"/>
                        </try>
                    </otherwise>
                </choice>
                
<ee:transform doc:name="MAP" doc:id="0af093a1-f36b-4a65-9f3f-7a904ab46e8b" >
			<ee:message >
			</ee:message>
			<ee:variables>
				<ee:set-variable variableName="MAP" ><![CDATA[%dw 2.0
output application/json
---
	{"field": payload."field",
"noOfDays": payload."noOfDays",
"customerID": payload."customerID",
"fromRow": payload."fromRow",
"toRow": payload."toRow",
"fileName": payload."fileName",
"configFileName": vars."wm_common.utils__throwError"."configFileName",
"customer_id": vars."wm_common.utils__throwError"."customer_id",
"cachekey": payload."cachekey",
"SVC_LINE_ID": payload."SVC_LINE_ID",
"SVCCD": payload."SVCCD",
"TKTNUM": payload."TKTNUM",
"TKTTYPE": payload."TKTTYPE",
"TICKET_LOAD_TYPE": payload."TICKET_LOAD_TYPE",
"RTE": payload."RTE",
"PLANDTE": payload."PLANDTE",
"ORDERDTE": payload."ORDERDTE",
"EXCP_REASONCODE": payload."EXCP_REASONCODE",
"EXCP_CLASS": payload."EXCP_CLASS",
"SVCTIME": payload."SVCTIME",
"STATUS": payload."STATUS",
"RTE_ORDER_PKEY": payload."RTE_ORDER_PKEY",
"CUST_ORDER_PKEY": payload."CUST_ORDER_PKEY",
"CUST_SVC_PKEY": payload."CUST_SVC_PKEY",
"Cache-Control": vars."wm_common.utils__throwError"."Cache-Control",
"If-Modified-Since": vars."wm_common.utils__throwError"."If-Modified-Since",
"Accept": vars."wm_common.utils__throwError"."Accept",
"fields": vars."wm_common.utils__throwError"."fields",
"numberOfDays": vars."wm_common.utils__throwError"."numberOfDays",
"service_id": payload."service_id",
"service_code": payload."service_code",
"number_of_confirmed_services": payload."number_of_confirmed_services",
"number_of_ETA_requests": payload."number_of_ETA_requests",
"number_of_missed_pickups": payload."number_of_missed_pickups",
"number_of_courtesy_services": payload."number_of_courtesy_services",
"number_of_service_exceptions": payload."number_of_service_exceptions",
"limit": vars."wm_common.utils__throwError"."limit",
"offset": vars."wm_common.utils__throwError"."offset",
"totalCount": payload."totalCount",
"serviceStatsFlag": vars."wm_common.utils__throwError"."serviceStatsFlag",
"finalResponse": payload."finalResponse",
"contentType": vars."wm_common.utils__throwError"."contentType",
"SQLStatement": payload."SQLStatement",
"recordCount": payload."recordCount"
}
]]></ee:set-variable>
			</ee:variables>
		</ee:transform>
    
            </try>
            <try doc:name="SEQUENCE">
                <logger doc:id="yyoexuux-eadc-40b9-98cc-268d14076da0" doc:name="pub.flow:getLastError" level="INFO"/>
                <logger doc:id="egcdelkh-eadc-40b9-98cc-268d14076da0" doc:name="wm_errorhandling.utils:getCallingService" level="INFO"/>
                <logger doc:id="sckvtgyn-eadc-40b9-98cc-268d14076da0" doc:name="wm_errorhandling.svcs.flowsvcs:createErrorMsg_FW1" level="INFO"/>
                
<ee:transform doc:name="MAP" doc:id="0af093a1-f36b-4a65-9f3f-7a904ab46e8b" >
			<ee:message >
			</ee:message>
			<ee:variables>
				<ee:set-variable variableName="MAP" ><![CDATA[%dw 2.0
output application/json
---
	{"contentType": 'application/json'
}
]]></ee:set-variable>
			</ee:variables>
		</ee:transform>
    
                <logger doc:id="ppgokgbf-eadc-40b9-98cc-268d14076da0" doc:name="EXIT" level="INFO"/>
            </try>
        </try>
    </flow>
</mule>
