<?xml version="1.0" encoding="UTF-8"?><mule xmlns="http://www.mulesoft.org/schema/mule/core" xmlns:doc="http://www.mulesoft.org/schema/mule/documentation" xmlns:ee="http://www.mulesoft.org/schema/mule/ee/core" xmlns:xsi="http://www.w3.org/2001/XMLSchema-instance" xsi:schemaLocation="http://www.mulesoft.org/schema/mule/core http://www.mulesoft.org/schema/mule/core/current/mule.xsd http://www.mulesoft.org/schema/mule/ee/core http://www.mulesoft.org/schema/mule/ee/core/current/mule-ee.xsd">
    <flow doc:id="ttqskird-eadc-40b9-98cc-268d14076da0" name="wm_ocs-svcs-inbound-flowsvcs-getServiceStats">
        <logger doc:id="sztwpqsv-eadc-40b9-98cc-268d14076da0" doc:name="pub.flow:savePipelineToFile" level="INFO"/>
        <try doc:name="SEQUENCE">
            <try doc:name="SEQUENCE">
                <choice doc:name="BRANCH">
                    <when expression="%numberOfDays%==$null || %numberOfDays%==&quot;&quot;">
                        <try doc:name="SEQUENCE">
                            
<ee:transform doc:name="MAP" doc:id="0af093a1-f36b-4a65-9f3f-7a904ab46e8b" >
			<ee:message >
			</ee:message>
			<ee:variables>
				<ee:set-variable variableName="MAP" ><![CDATA[%dw 2.0
output application/json
---
	{"numberOfDays": '60',
"configFileName": payload."configFileName",
"customer_id": payload."customer_id",
"Cache-Control": payload."Cache-Control",
"If-Modified-Since": payload."If-Modified-Since",
"Accept": payload."Accept",
"type": payload."type",
"pathHeader": payload."pathHeader",
"limit": payload."limit",
"offset": payload."offset"
}
]]></ee:set-variable>
			</ee:variables>
		</ee:transform>
    
                        </try>
                    </when>
                </choice>
                <choice doc:name="BRANCH">
                    <when expression="(%limit%==$null || %limit%==&quot;&quot; )&amp;&amp; %offset%!= $null">
                        <try doc:name="SEQUENCE">
                            
<ee:transform doc:name="MAP" doc:id="0af093a1-f36b-4a65-9f3f-7a904ab46e8b" >
			<ee:message >
			</ee:message>
			<ee:variables>
				<ee:set-variable variableName="MAP" ><![CDATA[%dw 2.0
output application/json
---
	{"initParams": {
  "subjectNote": 'ESB',
  "errorCode": '422'
},
"contentType": 'application/json',
"configFileName": vars.MAP."configFileName",
"customer_id": vars.MAP."customer_id",
"Cache-Control": vars.MAP."Cache-Control",
"If-Modified-Since": vars.MAP."If-Modified-Since",
"Accept": vars.MAP."Accept",
"type": vars.MAP."type",
"fields": payload."fields",
"pathHeader": vars.MAP."pathHeader",
"numberOfDays": vars.MAP."numberOfDays",
"limit": vars.MAP."limit",
"offset": vars.MAP."offset",
"serviceStatsFlag": payload."serviceStatsFlag"
}
]]></ee:set-variable>
			</ee:variables>
		</ee:transform>
    
                            <logger doc:id="cobctnph-eadc-40b9-98cc-268d14076da0" doc:name="wm_common.utils:throwError" level="INFO"/>
                        </try>
                    </when>
                    <when expression="%limit%!=$null &amp;&amp; (%offset%==$null || %offset%==&quot;&quot;)">
                        <try doc:name="SEQUENCE">
                            
<ee:transform doc:name="MAP" doc:id="0af093a1-f36b-4a65-9f3f-7a904ab46e8b" >
			<ee:message >
			</ee:message>
			<ee:variables>
				<ee:set-variable variableName="MAP" ><![CDATA[%dw 2.0
output application/json
---
	{"initParams": {
  "subjectNote": 'ESB',
  "errorCode": '422'
},
"contentType": 'application/json',
"configFileName": vars."wm_common.utils__throwError"."configFileName",
"customer_id": vars."wm_common.utils__throwError"."customer_id",
"Cache-Control": vars."wm_common.utils__throwError"."Cache-Control",
"If-Modified-Since": vars."wm_common.utils__throwError"."If-Modified-Since",
"Accept": vars."wm_common.utils__throwError"."Accept",
"type": vars."wm_common.utils__throwError"."type",
"fields": vars."wm_common.utils__throwError"."fields",
"pathHeader": vars."wm_common.utils__throwError"."pathHeader",
"numberOfDays": vars."wm_common.utils__throwError"."numberOfDays",
"limit": vars."wm_common.utils__throwError"."limit",
"offset": vars."wm_common.utils__throwError"."offset",
"serviceStatsFlag": vars."wm_common.utils__throwError"."serviceStatsFlag"
}
]]></ee:set-variable>
			</ee:variables>
		</ee:transform>
    
                            <logger doc:id="niiehdee-eadc-40b9-98cc-268d14076da0" doc:name="wm_common.utils:throwError" level="INFO"/>
                        </try>
                    </when>
                </choice>
                <choice doc:name="BRANCH">
                    <when expression="% /Cache-Control% = Private">
                        <try doc:name="SEQUENCE">
                            <logger doc:id="fgvbpbwh-eadc-40b9-98cc-268d14076da0" doc:name="SEQUENCE" level="INFO"/>
                        </try>
                    </when>
                    <when expression="% /Cache-Control% = no-cache">
                        <try doc:name="SEQUENCE">
                            <logger doc:id="orvddoaj-eadc-40b9-98cc-268d14076da0" doc:name="wm_ocs.svcs.inbound.flowsvcs:mapServiceStatsForNoCache" level="INFO"/>
                            <logger doc:id="rdixndis-eadc-40b9-98cc-268d14076da0" doc:name="EXIT" level="INFO"/>
                        </try>
                    </when>
                    <when expression="% /Cache-Control% = max-age">
                        <try doc:name="SEQUENCE">
                            <logger doc:id="rddkvnra-eadc-40b9-98cc-268d14076da0" doc:name="wm_ocs.svcs.inbound.flowsvcs:mapServicesStatsForMaxAge" level="INFO"/>
                        </try>
                    </when>
                    <otherwise>
                        <try doc:name="SEQUENCE">
                            
<ee:transform doc:name="MAP" doc:id="0af093a1-f36b-4a65-9f3f-7a904ab46e8b" >
			<ee:message >
			</ee:message>
			<ee:variables>
				<ee:set-variable variableName="MAP" ><![CDATA[%dw 2.0
output application/json
---
	{"initParams": {
  "subjectNote": 'ESB',
  "errorCode": '422'
},
"contentType": 'application/json'
}
]]></ee:set-variable>
			</ee:variables>
		</ee:transform>
    
                            <logger doc:id="zfqqmehe-eadc-40b9-98cc-268d14076da0" doc:name="wm_common.utils:throwError" level="INFO"/>
                        </try>
                    </otherwise>
                </choice>
                
<ee:transform doc:name="MAP" doc:id="0af093a1-f36b-4a65-9f3f-7a904ab46e8b" >
			<ee:message >
			</ee:message>
			<ee:variables>
				<ee:set-variable variableName="MAP" ><![CDATA[%dw 2.0
output application/json
---
	{"configFileName": vars."wm_common.utils__throwError"."configFileName",
"customer_id": vars."wm_common.utils__throwError"."customer_id",
"SVC_LINE_ID": payload."SVC_LINE_ID",
"SVCCD": payload."SVCCD",
"TKTNUM": payload."TKTNUM",
"TKTTYPE": payload."TKTTYPE",
"TICKET_LOAD_TYPE": payload."TICKET_LOAD_TYPE",
"RTE": payload."RTE",
"PLANDTE": payload."PLANDTE",
"ORDERDTE": payload."ORDERDTE",
"EXCP_REASONCODE": payload."EXCP_REASONCODE",
"EXCP_CLASS": payload."EXCP_CLASS",
"SVCTIME": payload."SVCTIME",
"STATUS": payload."STATUS",
"RTE_ORDER_PKEY": payload."RTE_ORDER_PKEY",
"CUST_ORDER_PKEY": payload."CUST_ORDER_PKEY",
"CUST_SVC_PKEY": payload."CUST_SVC_PKEY",
"Cache-Control": vars."wm_common.utils__throwError"."Cache-Control",
"If-Modified-Since": vars."wm_common.utils__throwError"."If-Modified-Since",
"contentType": vars."wm_common.utils__throwError"."contentType",
"Accept": vars."wm_common.utils__throwError"."Accept",
"fields": vars."wm_common.utils__throwError"."fields",
"numberOfDays": vars."wm_common.utils__throwError"."numberOfDays",
"limit": vars."wm_common.utils__throwError"."limit",
"offset": vars."wm_common.utils__throwError"."offset",
"serviceStatsFlag": vars."wm_common.utils__throwError"."serviceStatsFlag"
}
]]></ee:set-variable>
			</ee:variables>
		</ee:transform>
    
            </try>
            <try doc:name="SEQUENCE">
                <logger doc:id="rilqwdpt-eadc-40b9-98cc-268d14076da0" doc:name="pub.flow:getLastError" level="INFO"/>
                <logger doc:id="hhygabxr-eadc-40b9-98cc-268d14076da0" doc:name="wm_errorhandling.utils:getCallingService" level="INFO"/>
                <logger doc:id="msytlutn-eadc-40b9-98cc-268d14076da0" doc:name="wm_errorhandling.svcs.flowsvcs:createErrorMsg_FW1" level="INFO"/>
                
<ee:transform doc:name="MAP" doc:id="0af093a1-f36b-4a65-9f3f-7a904ab46e8b" >
			<ee:message >
			</ee:message>
			<ee:variables>
				<ee:set-variable variableName="MAP" ><![CDATA[%dw 2.0
output application/json
---
	{"contentType": 'application/json'
}
]]></ee:set-variable>
			</ee:variables>
		</ee:transform>
    
                <logger doc:id="hdqgctbo-eadc-40b9-98cc-268d14076da0" doc:name="EXIT" level="INFO"/>
            </try>
        </try>
    </flow>
</mule>
