<?xml version="1.0" encoding="UTF-8"?><mule xmlns="http://www.mulesoft.org/schema/mule/core" xmlns:db="http://www.mulesoft.org/schema/mule/db" xmlns:doc="http://www.mulesoft.org/schema/mule/documentation" xmlns:ee="http://www.mulesoft.org/schema/mule/ee/core" xmlns:os="http://www.mulesoft.org/schema/mule/os" xmlns:xsi="http://www.w3.org/2001/XMLSchema-instance" xsi:schemaLocation="http://www.mulesoft.org/schema/mule/core http://www.mulesoft.org/schema/mule/core/current/mule.xsd http://www.mulesoft.org/schema/mule/ee/core http://www.mulesoft.org/schema/mule/ee/core/current/mule-ee.xsd http://www.mulesoft.org/schema/mule/db http://www.mulesoft.org/schema/mule/db/current/mule-db.xsd http://www.mulesoft.org/schema/mule/os  http://www.mulesoft.org/schema/mule/os/current/mule-os.xsd">
    <flow doc:id="upcacmha-eadc-40b9-98cc-268d14076da0" name="wm_ocs-svcs-inbound-flowsvcs-getTicketStatus">
        <try doc:name="SEQUENCE">
            <try doc:name="SEQUENCE">
                <ee:transform doc:id="nscpmuxe-9b5e-4a86-b01c-cd738c5276d4" doc:name="MAP">
                    <ee:variables>
                        <ee:set-variable variableName="MAP">%dw 2.0
output application/json
---
vars.""</ee:set-variable>
                    </ee:variables>
                </ee:transform>
                <choice doc:name="BRANCH">
                    <when expression="% /Cache-Control% = no-cache">
                        <try doc:name="SEQUENCE">
                            <ee:transform doc:id="bdfojijr-9b5e-4a86-b01c-cd738c5276d4" doc:name="MAP">
                                <ee:variables>
                                    <ee:set-variable variableName="MAP">%dw 2.0
output application/json
---
vars.""</ee:set-variable>
                                </ee:variables>
                            </ee:transform>
                            <db:execute-ddl config-ref="wm_ocs.conn:JDBC_CONN_OCSD_ESBUSER" doc:id="bjslxxfy-eadc-40b9-98cc-268d14076da0" doc:name="wm_ocs.svcs.inbound.adptrsvcs:getTicketStatusDetails" target="wm_ocs.svcs.inbound.adptrsvcs:getticketstatusdetails">
                                <db:sql>select (select max (cs.transferstatus.statuscode ())&#13;
          from ocs_admin.vm_customerorder_stat cs&#13;
         where cs.customerorder = ref (t))&#13;
          as transfer_status,&#13;
       ws.status.active.code as workstatus,&#13;
       ws.status.active.created as statuscreated&#13;
  from ocs_admin.vp_customerorder t&#13;
       inner join ocs_admin.vp_servicelocation srv&#13;
          on srv.pkey = t.servicelocation.pkey&#13;
       left outer join ocs_admin.vp_co_workstatus ws&#13;
          on ws.customerorder = ref (t)&#13;
 where     t.ticketnumber = ?&#13;
       and t.customer.uniqueid = ?;</db:sql>
                            </db:execute-ddl>
                            <choice doc:name="BRANCH">
                                <when expression="%resultCount%!=0">
                                    <try doc:name="SEQUENCE">
                                        <ee:transform doc:id="bsrmvydw-9b5e-4a86-b01c-cd738c5276d4" doc:name="MAP">
                                            <ee:variables>
                                                <ee:set-variable variableName="MAP">%dw 2.0
output application/json
---
vars.""</ee:set-variable>
                                            </ee:variables>
                                        </ee:transform>
                                        <ee:transform doc:id="hengksob-9b5e-4a86-b01c-cd738c5276d4" doc:name="MAP">
                                            <ee:variables>
                                                <ee:set-variable variableName="MAP">%dw 2.0
output application/json
---
vars.""</ee:set-variable>
                                            </ee:variables>
                                        </ee:transform>
                                        <logger doc:id="cxwiwenm-eadc-40b9-98cc-268d14076da0" doc:name="wm_common.utils:checkAcceptHeader" level="INFO"/>
                                        <choice doc:name="BRANCH">
                                            <when expression="% /enableCache% = true">
                                                <try doc:name="SEQUENCE">
                                                    <ee:transform doc:id="vpbpostp-9b5e-4a86-b01c-cd738c5276d4" doc:name="MAP">
                                                        <ee:variables>
                                                            <ee:set-variable variableName="MAP">%dw 2.0
output application/json
---
vars.""</ee:set-variable>
                                                        </ee:variables>
                                                    </ee:transform>
                                                    <logger doc:id="ukswmicm-eadc-40b9-98cc-268d14076da0" doc:name="wm_common.utils:constructCacheKey" level="INFO"/>
                                                    <os:store doc:id="twnhprnj-eadc-40b9-98cc-268d14076da0" doc:name="pub.cache:put" key="#[attributes.headers.key]" name="pub.cache:put" objectStore="pub.cache-put_conn">
                                                        <os:value>#[ payload ]</os:value>
                                                    </os:store>
                                                    <logger doc:id="kzgipbdj-eadc-40b9-98cc-268d14076da0" doc:name="CAAG.javasvcs:getExpirationTime" level="INFO"/>
                                                    <logger doc:id="fcxhyexr-eadc-40b9-98cc-268d14076da0" doc:name="pub.flow:setResponseHeader" level="INFO"/>
                                                </try>
                                            </when>
                                        </choice>
                                        <logger doc:id="efyrbiww-eadc-40b9-98cc-268d14076da0" doc:name="wm_common.utils:checkIfModifiedSinceHeader" level="INFO"/>
                                    </try>
                                </when>
                                <otherwise>
                                    <try doc:name="SEQUENCE">
                                        <ee:transform doc:id="dtjyasxb-9b5e-4a86-b01c-cd738c5276d4" doc:name="MAP">
                                            <ee:variables>
                                                <ee:set-variable variableName="MAP">%dw 2.0
output application/json
---
vars.""</ee:set-variable>
                                            </ee:variables>
                                        </ee:transform>
                                        <logger doc:id="cdrdnshd-eadc-40b9-98cc-268d14076da0" doc:name="wm_common.utils:throwError" level="INFO"/>
                                    </try>
                                </otherwise>
                            </choice>
                        </try>
                    </when>
                    <when expression="% /Cache-Control% = max-age">
                        <try doc:name="SEQUENCE">
                            <ee:transform doc:id="krnpstcg-9b5e-4a86-b01c-cd738c5276d4" doc:name="MAP">
                                <ee:variables>
                                    <ee:set-variable variableName="MAP">%dw 2.0
output application/json
---
vars.""</ee:set-variable>
                                </ee:variables>
                            </ee:transform>
                            <logger doc:id="xecbmwdw-eadc-40b9-98cc-268d14076da0" doc:name="wm_common.utils:constructCacheKey" level="INFO"/>
                            <os:retrieve doc:id="rujvccxc-eadc-40b9-98cc-268d14076da0" doc:name="pub.cache:get" key="#[attributes.headers.key]" name="pub.cache:get" objectStore="pub.cache-get_conn" target="pub.cache:get">
                                <os:default-value/>
                            </os:retrieve>
                            <choice doc:name="BRANCH">
                                <when expression="% /finalResponse% = /[^ ]/">
                                    <try doc:name="SEQUENCE">
                                        <logger doc:id="eqeasdff-eadc-40b9-98cc-268d14076da0" doc:name="CAAG.javasvcs:getExpirationTime" level="INFO"/>
                                        <logger doc:id="aahtsogc-eadc-40b9-98cc-268d14076da0" doc:name="pub.flow:setResponseHeader" level="INFO"/>
                                        <logger doc:id="puxmzrju-eadc-40b9-98cc-268d14076da0" doc:name="wm_common.utils:createEtag" level="INFO"/>
                                        <logger doc:id="zmpdelxs-eadc-40b9-98cc-268d14076da0" doc:name="wm_common.utils:checkIfModifiedSinceHeader" level="INFO"/>
                                    </try>
                                </when>
                                <otherwise>
                                    <try doc:name="SEQUENCE">
                                        <ee:transform doc:id="sdjceihm-9b5e-4a86-b01c-cd738c5276d4" doc:name="MAP">
                                            <ee:variables>
                                                <ee:set-variable variableName="MAP">%dw 2.0
output application/json
---
vars.""</ee:set-variable>
                                            </ee:variables>
                                        </ee:transform>
                                        <ee:transform doc:id="cmdncbtx-9b5e-4a86-b01c-cd738c5276d4" doc:name="MAP">
                                            <ee:variables>
                                                <ee:set-variable variableName="MAP">%dw 2.0
output application/json
---
vars.""</ee:set-variable>
                                            </ee:variables>
                                        </ee:transform>
                                        <db:execute-ddl config-ref="wm_ocs.conn:JDBC_CONN_OCSD_ESBUSER" doc:id="ymcuwllp-eadc-40b9-98cc-268d14076da0" doc:name="wm_ocs.svcs.inbound.adptrsvcs:getTicketStatusDetails" target="wm_ocs.svcs.inbound.adptrsvcs:getticketstatusdetails">
                                            <db:sql>select (select max (cs.transferstatus.statuscode ())&#13;
          from ocs_admin.vm_customerorder_stat cs&#13;
         where cs.customerorder = ref (t))&#13;
          as transfer_status,&#13;
       ws.status.active.code as workstatus,&#13;
       ws.status.active.created as statuscreated&#13;
  from ocs_admin.vp_customerorder t&#13;
       inner join ocs_admin.vp_servicelocation srv&#13;
          on srv.pkey = t.servicelocation.pkey&#13;
       left outer join ocs_admin.vp_co_workstatus ws&#13;
          on ws.customerorder = ref (t)&#13;
 where     t.ticketnumber = ?&#13;
       and t.customer.uniqueid = ?;</db:sql>
                                        </db:execute-ddl>
                                        <choice doc:name="BRANCH">
                                            <when expression="%resultCount%!=0">
                                                <try doc:name="SEQUENCE">
                                                    <ee:transform doc:id="ulfpyrge-9b5e-4a86-b01c-cd738c5276d4" doc:name="MAP">
                                                        <ee:variables>
                                                            <ee:set-variable variableName="MAP">%dw 2.0
output application/json
---
vars.""</ee:set-variable>
                                                        </ee:variables>
                                                    </ee:transform>
                                                    <ee:transform doc:id="waogvvkh-9b5e-4a86-b01c-cd738c5276d4" doc:name="MAP">
                                                        <ee:variables>
                                                            <ee:set-variable variableName="MAP">%dw 2.0
output application/json
---
vars.""</ee:set-variable>
                                                        </ee:variables>
                                                    </ee:transform>
                                                    <logger doc:id="fryjsemj-eadc-40b9-98cc-268d14076da0" doc:name="wm_common.utils:checkAcceptHeader" level="INFO"/>
                                                    <os:store doc:id="znshkbwq-eadc-40b9-98cc-268d14076da0" doc:name="pub.cache:put" key="#[attributes.headers.key]" name="pub.cache:put" objectStore="pub.cache-put_conn">
                                                        <os:value>#[ payload ]</os:value>
                                                    </os:store>
                                                    <logger doc:id="ecrzaoog-eadc-40b9-98cc-268d14076da0" doc:name="CAAG.javasvcs:getExpirationTime" level="INFO"/>
                                                    <logger doc:id="fpwflnmy-eadc-40b9-98cc-268d14076da0" doc:name="pub.flow:setResponseHeader" level="INFO"/>
                                                    <logger doc:id="tpunjadu-eadc-40b9-98cc-268d14076da0" doc:name="wm_common.utils:checkIfModifiedSinceHeader" level="INFO"/>
                                                </try>
                                            </when>
                                            <otherwise>
                                                <try doc:name="SEQUENCE">
                                                    <ee:transform doc:id="smgrfvzl-9b5e-4a86-b01c-cd738c5276d4" doc:name="MAP">
                                                        <ee:variables>
                                                            <ee:set-variable variableName="MAP">%dw 2.0
output application/json
---
vars.""</ee:set-variable>
                                                        </ee:variables>
                                                    </ee:transform>
                                                    <logger doc:id="wwwokjxi-eadc-40b9-98cc-268d14076da0" doc:name="wm_common.utils:throwError" level="INFO"/>
                                                </try>
                                            </otherwise>
                                        </choice>
                                    </try>
                                </otherwise>
                            </choice>
                        </try>
                    </when>
                    <otherwise>
                        <try doc:name="SEQUENCE">
                            <ee:transform doc:id="hcribazd-9b5e-4a86-b01c-cd738c5276d4" doc:name="MAP">
                                <ee:variables>
                                    <ee:set-variable variableName="MAP">%dw 2.0
output application/json
---
vars.""</ee:set-variable>
                                </ee:variables>
                            </ee:transform>
                            <logger doc:id="wfodfcma-eadc-40b9-98cc-268d14076da0" doc:name="wm_common.utils:throwError" level="INFO"/>
                        </try>
                    </otherwise>
                </choice>
                <ee:transform doc:id="drtymioz-9b5e-4a86-b01c-cd738c5276d4" doc:name="MAP">
                    <ee:variables>
                        <ee:set-variable variableName="MAP">%dw 2.0
output application/json
---
vars.""</ee:set-variable>
                    </ee:variables>
                </ee:transform>
            </try>
            <try doc:name="SEQUENCE">
                <logger doc:id="lvpcrxya-eadc-40b9-98cc-268d14076da0" doc:name="pub.flow:getLastError" level="INFO"/>
                <logger doc:id="fholootm-eadc-40b9-98cc-268d14076da0" doc:name="wm_errorhandling.utils:getCallingService" level="INFO"/>
                <logger doc:id="ezqcauvb-eadc-40b9-98cc-268d14076da0" doc:name="wm_errorhandling.svcs.flowsvcs:createErrorMsg_FW1" level="INFO"/>
                <logger doc:id="ibgdicbj-eadc-40b9-98cc-268d14076da0" doc:name="EXIT" level="INFO"/>
            </try>
        </try>
    </flow>
</mule>
