<?xml version="1.0" encoding="UTF-8"?><mule xmlns="http://www.mulesoft.org/schema/mule/core" xmlns:db="http://www.mulesoft.org/schema/mule/db" xmlns:doc="http://www.mulesoft.org/schema/mule/documentation" xmlns:ee="http://www.mulesoft.org/schema/mule/ee/core" xmlns:os="http://www.mulesoft.org/schema/mule/os" xmlns:xsi="http://www.w3.org/2001/XMLSchema-instance" xsi:schemaLocation="http://www.mulesoft.org/schema/mule/core http://www.mulesoft.org/schema/mule/core/current/mule.xsd http://www.mulesoft.org/schema/mule/ee/core http://www.mulesoft.org/schema/mule/ee/core/current/mule-ee.xsd http://www.mulesoft.org/schema/mule/db http://www.mulesoft.org/schema/mule/db/current/mule-db.xsd http://www.mulesoft.org/schema/mule/os  http://www.mulesoft.org/schema/mule/os/current/mule-os.xsd">
    <flow doc:id="upcacmha-eadc-40b9-98cc-268d14076da0" name="wm_ocs-svcs-inbound-flowsvcs-getTicketStatus">
        <try doc:name="SEQUENCE">
            <try doc:name="SEQUENCE">
                
<ee:transform doc:name="MAP" doc:id="0af093a1-f36b-4a65-9f3f-7a904ab46e8b" >
			<ee:message >
			</ee:message>
			<ee:variables>
				<ee:set-variable variableName="MAP" ><![CDATA[%dw 2.0
output application/json
var value = "call pub.string:padLeft with args:padString=''0'',length=''15'',"

---
	{"customer_id": value_1,
"configFileName": payload."configFileName",
"ticket_id": payload."ticket_id",
"Cache-Control": payload."Cache-Control",
"If-Modified-Since": payload."If-Modified-Since",
"Accept": payload."Accept"
}
]]></ee:set-variable>
			</ee:variables>
		</ee:transform>
    
                <choice doc:name="BRANCH">
                    <when expression="% /Cache-Control% = no-cache">
                        <try doc:name="SEQUENCE">
                            
<ee:transform doc:name="MAP" doc:id="0af093a1-f36b-4a65-9f3f-7a904ab46e8b" >
			<ee:message >
			</ee:message>
			<ee:variables>
				<ee:set-variable variableName="MAP" ><![CDATA[%dw 2.0
output application/json
var valueList = "call wm_common.config:getCustParam_multiple with args:nameList='''',"

---
	{"jdbcConn_OCS": valueList[0],
"enableCache": valueList[1],
"configFileName": vars.MAP."configFileName",
"customer_id": vars.MAP."customer_id",
"ticket_id": vars.MAP."ticket_id",
"Cache-Control": vars.MAP."Cache-Control",
"If-Modified-Since": vars.MAP."If-Modified-Since",
"Accept": vars.MAP."Accept"
}
]]></ee:set-variable>
			</ee:variables>
		</ee:transform>
    
                            <db:execute-ddl config-ref="wm_ocs.conn:JDBC_CONN_OCSD_ESBUSER" doc:id="bjslxxfy-eadc-40b9-98cc-268d14076da0" doc:name="wm_ocs.svcs.inbound.adptrsvcs:getTicketStatusDetails" target="wm_ocs.svcs.inbound.adptrsvcs:getticketstatusdetails">
                                <db:sql>select (select max (cs.transferstatus.statuscode ())&#13;
          from ocs_admin.vm_customerorder_stat cs&#13;
         where cs.customerorder = ref (t))&#13;
          as transfer_status,&#13;
       ws.status.active.code as workstatus,&#13;
       ws.status.active.created as statuscreated&#13;
  from ocs_admin.vp_customerorder t&#13;
       inner join ocs_admin.vp_servicelocation srv&#13;
          on srv.pkey = t.servicelocation.pkey&#13;
       left outer join ocs_admin.vp_co_workstatus ws&#13;
          on ws.customerorder = ref (t)&#13;
 where     t.ticketnumber = ?&#13;
       and t.customer.uniqueid = ?;</db:sql>
                            </db:execute-ddl>
                            <choice doc:name="BRANCH">
                                <when expression="%resultCount%!=0">
                                    <try doc:name="SEQUENCE">
                                        
<ee:transform doc:name="MAP" doc:id="0af093a1-f36b-4a65-9f3f-7a904ab46e8b" >
			<ee:message >
			</ee:message>
			<ee:variables>
				<ee:set-variable variableName="MAP" ><![CDATA[%dw 2.0
output application/json
---
	{"status_info": {
  "transmission_status": payload."getTicketStatusDetailsOutput.results.transfer_status",
  "status_date_time": payload."getTicketStatusDetailsOutput.results.statuscreated",
  "status": payload."getTicketStatusDetailsOutput.results.workstatus"
},
"configFileName": vars."wm_ocs.svcs.inbound.adptrsvcs__getTicketStatusDetails"."configFileName",
"customer_id": vars.MAP."customer_id",
"ticket_id": vars.MAP."ticket_id",
"Cache-Control": vars."wm_ocs.svcs.inbound.adptrsvcs__getTicketStatusDetails"."Cache-Control",
"If-Modified-Since": vars."wm_ocs.svcs.inbound.adptrsvcs__getTicketStatusDetails"."If-Modified-Since",
"Accept": vars."wm_ocs.svcs.inbound.adptrsvcs__getTicketStatusDetails"."Accept",
"jdbcConn_OCS": vars."wm_ocs.svcs.inbound.adptrsvcs__getTicketStatusDetails"."jdbcConn_OCS",
"enableCache": vars."wm_ocs.svcs.inbound.adptrsvcs__getTicketStatusDetails"."enableCache",
"resultCount": vars."wm_ocs.svcs.inbound.adptrsvcs__getTicketStatusDetails"."resultCount",
"SQLStatement": payload."SQLStatement",
"transfer_status": payload."transfer_status",
"workstatus": payload."workstatus",
"statuscreated": payload."statuscreated",
"getTicketStatusDetailsOutput": {
  "results": {
    "transfer_status": payload."getTicketStatusDetailsOutput.results.transfer_status",
    "statuscreated": payload."getTicketStatusDetailsOutput.results.statuscreated",
    "workstatus": payload."getTicketStatusDetailsOutput.results.workstatus"
  }
}
}
]]></ee:set-variable>
			</ee:variables>
		</ee:transform>
    
                                        
<ee:transform doc:name="MAP" doc:id="0af093a1-f36b-4a65-9f3f-7a904ab46e8b" >
			<ee:message >
			</ee:message>
			<ee:variables>
				<ee:set-variable variableName="MAP" ><![CDATA[%dw 2.0
output application/json
---
	{"document": {
  "status_info": payload."status_info",
  "request_tracking_id": payload."msgHeader.transactionID"
},
"configFileName": vars.MAP."configFileName",
"customer_id": vars.MAP."customer_id",
"ticket_id": vars.MAP."ticket_id",
"Cache-Control": vars.MAP."Cache-Control",
"If-Modified-Since": vars.MAP."If-Modified-Since",
"Accept": vars.MAP."Accept",
"jdbcConn_OCS": vars.MAP."jdbcConn_OCS",
"enableCache": vars.MAP."enableCache",
"resultCount": vars.MAP."resultCount",
"request_tracking_id": payload."request_tracking_id",
"msgHeader": {
  "transactionID": payload."msgHeader.transactionID"
}
}
]]></ee:set-variable>
			</ee:variables>
		</ee:transform>
    
                                        <logger doc:id="cxwiwenm-eadc-40b9-98cc-268d14076da0" doc:name="wm_common.utils:checkAcceptHeader" level="INFO"/>
                                        <choice doc:name="BRANCH">
                                            <when expression="% /enableCache% = true">
                                                <try doc:name="SEQUENCE">
                                                    
<ee:transform doc:name="MAP" doc:id="0af093a1-f36b-4a65-9f3f-7a904ab46e8b" >
			<ee:message >
			</ee:message>
			<ee:variables>
				<ee:set-variable variableName="MAP" ><![CDATA[%dw 2.0
output application/json
var valueList = "call wm_common.config:getCustParam_multiple with args:nameList='''',"

---
	{"cacheManagerName": valueList[0],
"cacheName": valueList[1],
"configFileName": vars."wm_common.utils__checkAcceptHeader"."configFileName",
"customer_id": vars."wm_common.utils__checkAcceptHeader"."customer_id",
"ticket_id": vars."wm_common.utils__checkAcceptHeader"."ticket_id",
"Cache-Control": vars."wm_common.utils__checkAcceptHeader"."Cache-Control",
"If-Modified-Since": vars."wm_common.utils__checkAcceptHeader"."If-Modified-Since",
"Accept": vars."wm_common.utils__checkAcceptHeader"."Accept",
"jdbcConn_OCS": vars."wm_common.utils__checkAcceptHeader"."jdbcConn_OCS",
"enableCache": vars."wm_common.utils__checkAcceptHeader"."enableCache",
"resultCount": vars."wm_common.utils__checkAcceptHeader"."resultCount"
}
]]></ee:set-variable>
			</ee:variables>
		</ee:transform>
    
                                                    <logger doc:id="ukswmicm-eadc-40b9-98cc-268d14076da0" doc:name="wm_common.utils:constructCacheKey" level="INFO"/>
                                                    <os:store doc:id="twnhprnj-eadc-40b9-98cc-268d14076da0" doc:name="pub.cache:put" key="#[attributes.headers.key]" name="pub.cache:put" objectStore="pub.cache-put_conn">
                                                        <os:value>#[ payload ]</os:value>
                                                    </os:store>
                                                    <logger doc:id="kzgipbdj-eadc-40b9-98cc-268d14076da0" doc:name="CAAG.javasvcs:getExpirationTime" level="INFO"/>
                                                    <logger doc:id="fcxhyexr-eadc-40b9-98cc-268d14076da0" doc:name="pub.flow:setResponseHeader" level="INFO"/>
                                                </try>
                                            </when>
                                        </choice>
                                        <logger doc:id="efyrbiww-eadc-40b9-98cc-268d14076da0" doc:name="wm_common.utils:checkIfModifiedSinceHeader" level="INFO"/>
                                    </try>
                                </when>
                                <otherwise>
                                    <try doc:name="SEQUENCE">
                                        
<ee:transform doc:name="MAP" doc:id="0af093a1-f36b-4a65-9f3f-7a904ab46e8b" >
			<ee:message >
			</ee:message>
			<ee:variables>
				<ee:set-variable variableName="MAP" ><![CDATA[%dw 2.0
output application/json
---
	{"contentType": 'application/json',
"initParams": {
  "errorCode": '204',
  "subjectNote": 'OCS'
},
"configFileName": vars."pub.flow__setResponseHeader"."configFileName",
"customer_id": vars."pub.flow__setResponseHeader"."customer_id",
"ticket_id": vars."pub.flow__setResponseHeader"."ticket_id",
"Cache-Control": vars."pub.flow__setResponseHeader"."Cache-Control",
"If-Modified-Since": vars."pub.flow__setResponseHeader"."If-Modified-Since",
"Accept": vars."pub.flow__setResponseHeader"."Accept",
"jdbcConn_OCS": vars."pub.flow__setResponseHeader"."jdbcConn_OCS",
"enableCache": vars."pub.flow__setResponseHeader"."enableCache",
"resultCount": vars."pub.flow__setResponseHeader"."resultCount",
"cacheManagerName": vars."pub.flow__setResponseHeader"."cacheManagerName",
"cacheName": vars."pub.flow__setResponseHeader"."cacheName",
"finalResponse": vars."pub.flow__setResponseHeader"."finalResponse",
"etagOutput": vars."pub.flow__setResponseHeader"."etagOutput",
"cacheKey": vars."pub.flow__setResponseHeader"."cacheKey",
"expirationTime": vars."pub.flow__setResponseHeader"."expirationTime"
}
]]></ee:set-variable>
			</ee:variables>
		</ee:transform>
    
                                        <logger doc:id="cdrdnshd-eadc-40b9-98cc-268d14076da0" doc:name="wm_common.utils:throwError" level="INFO"/>
                                    </try>
                                </otherwise>
                            </choice>
                        </try>
                    </when>
                    <when expression="% /Cache-Control% = max-age">
                        <try doc:name="SEQUENCE">
                            
<ee:transform doc:name="MAP" doc:id="0af093a1-f36b-4a65-9f3f-7a904ab46e8b" >
			<ee:message >
			</ee:message>
			<ee:variables>
				<ee:set-variable variableName="MAP" ><![CDATA[%dw 2.0
output application/json
var valueList = "call wm_common.config:getCustParam_multiple with args:nameList='''',"

---
	{"cacheManagerName": valueList[0],
"cacheName": valueList[1],
"configFileName": vars."wm_common.utils__throwError"."configFileName",
"customer_id": vars."wm_common.utils__throwError"."customer_id",
"ticket_id": vars."wm_common.utils__throwError"."ticket_id",
"Cache-Control": vars."wm_common.utils__throwError"."Cache-Control",
"If-Modified-Since": vars."wm_common.utils__throwError"."If-Modified-Since",
"Accept": vars."wm_common.utils__throwError"."Accept",
"jdbcConn_OCS": vars."wm_common.utils__throwError"."jdbcConn_OCS",
"enableCache": vars."wm_common.utils__throwError"."enableCache",
"resultCount": vars."wm_common.utils__throwError"."resultCount",
"finalResponse": vars."wm_common.utils__throwError"."finalResponse",
"etagOutput": vars."wm_common.utils__throwError"."etagOutput",
"contentType": vars."wm_common.utils__throwError"."contentType",
"cacheKey": vars."wm_common.utils__throwError"."cacheKey"
}
]]></ee:set-variable>
			</ee:variables>
		</ee:transform>
    
                            <logger doc:id="xecbmwdw-eadc-40b9-98cc-268d14076da0" doc:name="wm_common.utils:constructCacheKey" level="INFO"/>
                            <os:retrieve doc:id="rujvccxc-eadc-40b9-98cc-268d14076da0" doc:name="pub.cache:get" key="#[attributes.headers.key]" name="pub.cache:get" objectStore="pub.cache-get_conn" target="pub.cache:get">
                                <os:default-value/>
                            </os:retrieve>
                            <choice doc:name="BRANCH">
                                <when expression="% /finalResponse% = /[^ ]/">
                                    <try doc:name="SEQUENCE">
                                        <logger doc:id="eqeasdff-eadc-40b9-98cc-268d14076da0" doc:name="CAAG.javasvcs:getExpirationTime" level="INFO"/>
                                        <logger doc:id="aahtsogc-eadc-40b9-98cc-268d14076da0" doc:name="pub.flow:setResponseHeader" level="INFO"/>
                                        <logger doc:id="puxmzrju-eadc-40b9-98cc-268d14076da0" doc:name="wm_common.utils:createEtag" level="INFO"/>
                                        <logger doc:id="zmpdelxs-eadc-40b9-98cc-268d14076da0" doc:name="wm_common.utils:checkIfModifiedSinceHeader" level="INFO"/>
                                    </try>
                                </when>
                                <otherwise>
                                    <try doc:name="SEQUENCE">
                                        
<ee:transform doc:name="MAP" doc:id="0af093a1-f36b-4a65-9f3f-7a904ab46e8b" >
			<ee:message >
			</ee:message>
			<ee:variables>
				<ee:set-variable variableName="MAP" ><![CDATA[%dw 2.0
output application/json
---
	{"initParams": {
  "customUID": '' ++ vars.INVOKE.cachekey '
},
"cacheManager": vars."wm_common.utils__createEtag"."cacheManager",
"configFileName": vars."wm_common.utils__createEtag"."configFileName",
"customer_id": vars."wm_common.utils__createEtag"."customer_id",
"ticket_id": vars."wm_common.utils__createEtag"."ticket_id",
"Cache-Control": vars."wm_common.utils__createEtag"."Cache-Control",
"If-Modified-Since": vars."wm_common.utils__createEtag"."If-Modified-Since",
"Accept": vars."wm_common.utils__createEtag"."Accept",
"jdbcConn_OCS": vars."wm_common.utils__createEtag"."jdbcConn_OCS",
"enableCache": vars."wm_common.utils__createEtag"."enableCache",
"resultCount": vars."wm_common.utils__createEtag"."resultCount",
"cacheManagerName": vars."wm_common.utils__createEtag"."cacheManagerName",
"cacheName": vars."wm_common.utils__createEtag"."cacheName",
"finalResponse": vars."wm_common.utils__createEtag"."finalResponse",
"etagOutput": vars."wm_common.utils__createEtag"."etagOutput",
"contentType": vars."wm_common.utils__createEtag"."contentType",
"cacheKey": vars."wm_common.utils__createEtag"."cacheKey",
"expirationTime": vars."wm_common.utils__createEtag"."expirationTime"
}
]]></ee:set-variable>
			</ee:variables>
		</ee:transform>
    
                                        
<ee:transform doc:name="MAP" doc:id="0af093a1-f36b-4a65-9f3f-7a904ab46e8b" >
			<ee:message >
			</ee:message>
			<ee:variables>
				<ee:set-variable variableName="MAP" ><![CDATA[%dw 2.0
output application/json
var valueList = "call wm_common.config:getCustParam_multiple with args:nameList='''',"

---
	{"jdbcConn_OCS": valueList[0],
"cacheManager": vars.MAP."cacheManager",
"configFileName": vars.MAP."configFileName",
"customer_id": vars.MAP."customer_id",
"ticket_id": vars.MAP."ticket_id",
"Cache-Control": vars.MAP."Cache-Control",
"If-Modified-Since": vars.MAP."If-Modified-Since",
"Accept": vars.MAP."Accept",
"enableCache": vars.MAP."enableCache",
"resultCount": vars.MAP."resultCount",
"finalResponse": vars.MAP."finalResponse",
"cacheManagerName": vars.MAP."cacheManagerName",
"cacheName": vars.MAP."cacheName",
"cacheKey": vars.MAP."cacheKey",
"contentType": vars.MAP."contentType",
"etagOutput": vars.MAP."etagOutput",
"expirationTime": vars.MAP."expirationTime"
}
]]></ee:set-variable>
			</ee:variables>
		</ee:transform>
    
                                        <db:execute-ddl config-ref="wm_ocs.conn:JDBC_CONN_OCSD_ESBUSER" doc:id="ymcuwllp-eadc-40b9-98cc-268d14076da0" doc:name="wm_ocs.svcs.inbound.adptrsvcs:getTicketStatusDetails" target="wm_ocs.svcs.inbound.adptrsvcs:getticketstatusdetails">
                                            <db:sql>select (select max (cs.transferstatus.statuscode ())&#13;
          from ocs_admin.vm_customerorder_stat cs&#13;
         where cs.customerorder = ref (t))&#13;
          as transfer_status,&#13;
       ws.status.active.code as workstatus,&#13;
       ws.status.active.created as statuscreated&#13;
  from ocs_admin.vp_customerorder t&#13;
       inner join ocs_admin.vp_servicelocation srv&#13;
          on srv.pkey = t.servicelocation.pkey&#13;
       left outer join ocs_admin.vp_co_workstatus ws&#13;
          on ws.customerorder = ref (t)&#13;
 where     t.ticketnumber = ?&#13;
       and t.customer.uniqueid = ?;</db:sql>
                                        </db:execute-ddl>
                                        <choice doc:name="BRANCH">
                                            <when expression="%resultCount%!=0">
                                                <try doc:name="SEQUENCE">
                                                    
<ee:transform doc:name="MAP" doc:id="0af093a1-f36b-4a65-9f3f-7a904ab46e8b" >
			<ee:message >
			</ee:message>
			<ee:variables>
				<ee:set-variable variableName="MAP" ><![CDATA[%dw 2.0
output application/json
---
	{"status_info": {
  "transmission_status": vars.MAP."getTicketStatusDetailsOutput.results.transfer_status",
  "status_date_time": vars.MAP."getTicketStatusDetailsOutput.results.statuscreated",
  "status": vars.MAP."getTicketStatusDetailsOutput.results.workstatus"
},
"cacheManager": vars."wm_ocs.svcs.inbound.adptrsvcs__getTicketStatusDetails"."cacheManager",
"configFileName": vars."wm_ocs.svcs.inbound.adptrsvcs__getTicketStatusDetails"."configFileName",
"customer_id": vars."wm_ocs.svcs.inbound.adptrsvcs__getTicketStatusDetails"."customer_id",
"ticket_id": vars."wm_ocs.svcs.inbound.adptrsvcs__getTicketStatusDetails"."ticket_id",
"Cache-Control": vars."wm_ocs.svcs.inbound.adptrsvcs__getTicketStatusDetails"."Cache-Control",
"If-Modified-Since": vars."wm_ocs.svcs.inbound.adptrsvcs__getTicketStatusDetails"."If-Modified-Since",
"Accept": vars."wm_ocs.svcs.inbound.adptrsvcs__getTicketStatusDetails"."Accept",
"jdbcConn_OCS": vars."wm_ocs.svcs.inbound.adptrsvcs__getTicketStatusDetails"."jdbcConn_OCS",
"enableCache": vars."wm_ocs.svcs.inbound.adptrsvcs__getTicketStatusDetails"."enableCache",
"resultCount": vars."wm_ocs.svcs.inbound.adptrsvcs__getTicketStatusDetails"."resultCount",
"cacheManagerName": vars."wm_ocs.svcs.inbound.adptrsvcs__getTicketStatusDetails"."cacheManagerName",
"cacheName": vars."wm_ocs.svcs.inbound.adptrsvcs__getTicketStatusDetails"."cacheName",
"finalResponse": vars."wm_ocs.svcs.inbound.adptrsvcs__getTicketStatusDetails"."finalResponse",
"etagOutput": vars."wm_ocs.svcs.inbound.adptrsvcs__getTicketStatusDetails"."etagOutput",
"contentType": vars."wm_ocs.svcs.inbound.adptrsvcs__getTicketStatusDetails"."contentType",
"cacheKey": vars."wm_ocs.svcs.inbound.adptrsvcs__getTicketStatusDetails"."cacheKey",
"expirationTime": vars."wm_ocs.svcs.inbound.adptrsvcs__getTicketStatusDetails"."expirationTime",
"SQLStatement": vars.MAP."SQLStatement",
"transfer_status": vars.MAP."transfer_status",
"workstatus": vars.MAP."workstatus",
"statuscreated": vars.MAP."statuscreated",
"getTicketStatusDetailsOutput": {
  "results": {
    "transfer_status": vars.MAP."getTicketStatusDetailsOutput.results.transfer_status",
    "statuscreated": vars.MAP."getTicketStatusDetailsOutput.results.statuscreated",
    "workstatus": vars.MAP."getTicketStatusDetailsOutput.results.workstatus"
  }
}
}
]]></ee:set-variable>
			</ee:variables>
		</ee:transform>
    
                                                    
<ee:transform doc:name="MAP" doc:id="0af093a1-f36b-4a65-9f3f-7a904ab46e8b" >
			<ee:message >
			</ee:message>
			<ee:variables>
				<ee:set-variable variableName="MAP" ><![CDATA[%dw 2.0
output application/json
---
	{"document": {
  "status_info": vars.MAP."status_info",
  "request_tracking_id": vars.MAP."msgHeader.transactionID"
},
"configFileName": vars.MAP."configFileName",
"customer_id": vars.MAP."customer_id",
"ticket_id": vars.MAP."ticket_id",
"Cache-Control": vars.MAP."Cache-Control",
"If-Modified-Since": vars.MAP."If-Modified-Since",
"Accept": vars.MAP."Accept",
"jdbcConn_OCS": vars.MAP."jdbcConn_OCS",
"resultCount": vars.MAP."resultCount",
"request_tracking_id": vars.MAP."request_tracking_id",
"finalResponse": vars.MAP."finalResponse",
"etagOutput": vars.MAP."etagOutput",
"contentType": vars.MAP."contentType",
"msgHeader": {
  "transactionID": vars.MAP."msgHeader.transactionID"
}
}
]]></ee:set-variable>
			</ee:variables>
		</ee:transform>
    
                                                    <logger doc:id="fryjsemj-eadc-40b9-98cc-268d14076da0" doc:name="wm_common.utils:checkAcceptHeader" level="INFO"/>
                                                    <os:store doc:id="znshkbwq-eadc-40b9-98cc-268d14076da0" doc:name="pub.cache:put" key="#[attributes.headers.key]" name="pub.cache:put" objectStore="pub.cache-put_conn">
                                                        <os:value>#[ payload ]</os:value>
                                                    </os:store>
                                                    <logger doc:id="ecrzaoog-eadc-40b9-98cc-268d14076da0" doc:name="CAAG.javasvcs:getExpirationTime" level="INFO"/>
                                                    <logger doc:id="fpwflnmy-eadc-40b9-98cc-268d14076da0" doc:name="pub.flow:setResponseHeader" level="INFO"/>
                                                    <logger doc:id="tpunjadu-eadc-40b9-98cc-268d14076da0" doc:name="wm_common.utils:checkIfModifiedSinceHeader" level="INFO"/>
                                                </try>
                                            </when>
                                            <otherwise>
                                                <try doc:name="SEQUENCE">
                                                    
<ee:transform doc:name="MAP" doc:id="0af093a1-f36b-4a65-9f3f-7a904ab46e8b" >
			<ee:message >
			</ee:message>
			<ee:variables>
				<ee:set-variable variableName="MAP" ><![CDATA[%dw 2.0
output application/json
---
	{"contentType": 'application/json',
"initParams": {
  "errorCode": '204',
  "subjectNote": 'OCS'
},
"configFileName": vars."pub.flow__setResponseHeader"."configFileName",
"customer_id": vars."pub.flow__setResponseHeader"."customer_id",
"ticket_id": vars."pub.flow__setResponseHeader"."ticket_id",
"Cache-Control": vars."pub.flow__setResponseHeader"."Cache-Control",
"If-Modified-Since": vars."pub.flow__setResponseHeader"."If-Modified-Since",
"Accept": vars."pub.flow__setResponseHeader"."Accept",
"jdbcConn_OCS": vars."pub.flow__setResponseHeader"."jdbcConn_OCS",
"enableCache": vars."pub.flow__setResponseHeader"."enableCache",
"resultCount": vars."pub.flow__setResponseHeader"."resultCount",
"cacheManagerName": vars."pub.flow__setResponseHeader"."cacheManagerName",
"cacheName": vars."pub.flow__setResponseHeader"."cacheName",
"finalResponse": vars."pub.flow__setResponseHeader"."finalResponse",
"etagOutput": vars."pub.flow__setResponseHeader"."etagOutput",
"cacheKey": vars."pub.flow__setResponseHeader"."cacheKey",
"expirationTime": vars."pub.flow__setResponseHeader"."expirationTime"
}
]]></ee:set-variable>
			</ee:variables>
		</ee:transform>
    
                                                    <logger doc:id="wwwokjxi-eadc-40b9-98cc-268d14076da0" doc:name="wm_common.utils:throwError" level="INFO"/>
                                                </try>
                                            </otherwise>
                                        </choice>
                                    </try>
                                </otherwise>
                            </choice>
                        </try>
                    </when>
                    <otherwise>
                        <try doc:name="SEQUENCE">
                            
<ee:transform doc:name="MAP" doc:id="0af093a1-f36b-4a65-9f3f-7a904ab46e8b" >
			<ee:message >
			</ee:message>
			<ee:variables>
				<ee:set-variable variableName="MAP" ><![CDATA[%dw 2.0
output application/json
---
	{"initParams": {
  "subjectNote": 'ESB',
  "errorCode": '422'
},
"contentType": 'application/json'
}
]]></ee:set-variable>
			</ee:variables>
		</ee:transform>
    
                            <logger doc:id="wfodfcma-eadc-40b9-98cc-268d14076da0" doc:name="wm_common.utils:throwError" level="INFO"/>
                        </try>
                    </otherwise>
                </choice>
                
<ee:transform doc:name="MAP" doc:id="0af093a1-f36b-4a65-9f3f-7a904ab46e8b" >
			<ee:message >
			</ee:message>
			<ee:variables>
				<ee:set-variable variableName="MAP" ><![CDATA[%dw 2.0
output application/json
---
	{"configFileName": vars."wm_common.utils__throwError"."configFileName",
"customer_id": vars."wm_common.utils__throwError"."customer_id",
"Cache-Control": vars."wm_common.utils__throwError"."Cache-Control",
"If-Modified-Since": vars."wm_common.utils__throwError"."If-Modified-Since",
"Accept": vars."wm_common.utils__throwError"."Accept",
"request_tracking_id": vars."wm_common.utils__throwError"."request_tracking_id",
"finalResponse": vars."wm_common.utils__throwError"."finalResponse",
"contentType": vars."wm_common.utils__throwError"."contentType",
"jdbcConnName": vars."wm_common.utils__throwError"."jdbcConnName"
}
]]></ee:set-variable>
			</ee:variables>
		</ee:transform>
    
            </try>
            <try doc:name="SEQUENCE">
                <logger doc:id="lvpcrxya-eadc-40b9-98cc-268d14076da0" doc:name="pub.flow:getLastError" level="INFO"/>
                <logger doc:id="fholootm-eadc-40b9-98cc-268d14076da0" doc:name="wm_errorhandling.utils:getCallingService" level="INFO"/>
                <logger doc:id="ezqcauvb-eadc-40b9-98cc-268d14076da0" doc:name="wm_errorhandling.svcs.flowsvcs:createErrorMsg_FW1" level="INFO"/>
                <logger doc:id="ibgdicbj-eadc-40b9-98cc-268d14076da0" doc:name="EXIT" level="INFO"/>
            </try>
        </try>
    </flow>
</mule>
