<?xml version="1.0" encoding="UTF-8"?><mule xmlns="http://www.mulesoft.org/schema/mule/core" xmlns:db="http://www.mulesoft.org/schema/mule/db" xmlns:doc="http://www.mulesoft.org/schema/mule/documentation" xmlns:ee="http://www.mulesoft.org/schema/mule/ee/core" xmlns:os="http://www.mulesoft.org/schema/mule/os" xmlns:xsi="http://www.w3.org/2001/XMLSchema-instance" xsi:schemaLocation="http://www.mulesoft.org/schema/mule/core http://www.mulesoft.org/schema/mule/core/current/mule.xsd http://www.mulesoft.org/schema/mule/ee/core http://www.mulesoft.org/schema/mule/ee/core/current/mule-ee.xsd http://www.mulesoft.org/schema/mule/os  http://www.mulesoft.org/schema/mule/os/current/mule-os.xsd http://www.mulesoft.org/schema/mule/db http://www.mulesoft.org/schema/mule/db/current/mule-db.xsd">
    <flow doc:id="ljzdaqbw-eadc-40b9-98cc-268d14076da0" name="wm_ocs-svcs-inbound-flowsvcs-mapPlanServicesForMaxAge">
        <try doc:name="SEQUENCE">
            <try doc:name="SEQUENCE">
                <ee:transform doc:id="qznyyqrq-9b5e-4a86-b01c-cd738c5276d4" doc:name="MAP">
                    <ee:variables>
                        <ee:set-variable variableName="MAP">%dw 2.0
output application/json
---
vars.""</ee:set-variable>
                    </ee:variables>
                </ee:transform>
                <logger doc:id="xwytlfms-eadc-40b9-98cc-268d14076da0" doc:name="wm_common.utils:constructCacheKey" level="INFO"/>
                <os:retrieve doc:id="pimaolxa-eadc-40b9-98cc-268d14076da0" doc:name="pub.cache:get" key="#[attributes.headers.key]" name="pub.cache:get" objectStore="pub.cache-get_conn" target="pub.cache:get">
                    <os:default-value/>
                </os:retrieve>
                <choice doc:name="BRANCH">
                    <when expression="% /finalResponse% = /[^ ]/">
                        <try doc:name="SEQUENCE">
                            <logger doc:id="pjillpak-eadc-40b9-98cc-268d14076da0" doc:name="CAAG.javasvcs:getExpirationTime" level="INFO"/>
                            <logger doc:id="qctsyehn-eadc-40b9-98cc-268d14076da0" doc:name="pub.flow:setResponseHeader" level="INFO"/>
                            <logger doc:id="dihcjrof-eadc-40b9-98cc-268d14076da0" doc:name="wm_common.utils:createEtag" level="INFO"/>
                            <logger doc:id="qhlobcai-eadc-40b9-98cc-268d14076da0" doc:name="wm_common.utils:checkIfModifiedSinceHeader" level="INFO"/>
                        </try>
                    </when>
                    <otherwise>
                        <try doc:name="SEQUENCE">
                            <choice doc:name="BRANCH">
                                <when expression="%offset%!=$null &amp;&amp; %limit%!=$null &amp;&amp; %offset%!=&quot;&quot; &amp;&amp; %limit% !=&quot;&quot;">
                                    <try doc:name="SEQUENCE">
                                        <ee:transform doc:id="lsqrpyhy-9b5e-4a86-b01c-cd738c5276d4" doc:name="MAP">
                                            <ee:variables>
                                                <ee:set-variable variableName="MAP">%dw 2.0
output application/json
---
vars.""</ee:set-variable>
                                            </ee:variables>
                                        </ee:transform>
                                        <ee:transform doc:id="dvdcjjkl-9b5e-4a86-b01c-cd738c5276d4" doc:name="MAP">
                                            <ee:variables>
                                                <ee:set-variable variableName="MAP">%dw 2.0
output application/json
---
vars.""</ee:set-variable>
                                            </ee:variables>
                                        </ee:transform>
                                    </try>
                                </when>
                            </choice>
                            <choice doc:name="BRANCH">
                                <when expression="% /fields% = /[^ ]/">
                                    <try doc:name="SEQUENCE">
                                        <choice doc:name="BRANCH">
                                            <when expression="% /limit% = /[^ ]/">
                                                <try doc:name="SEQUENCE">
                                                    <db:execute-ddl config-ref="wm_ocs.conn:JDBC_CONN_OCSD_CAAG_USER" doc:id="wqbizeje-eadc-40b9-98cc-268d14076da0" doc:name="wm_ocs.svcs.inbound.adptrsvcs:getPlanServices_range" target="wm_ocs.svcs.inbound.adptrsvcs:getplanservices_range">
                                                        <db:sql>SELECT ${field}&#13;
    FROM (SELECT NVL(UNIQUEID,'--') UNIQUEID,&#13;
         NVL(PLANDTE,'--') PLANDTE,&#13;
         NVL(ORDERDTE,'--') ORDERDTE,&#13;
         NVL(LOB,'--') LOB,&#13;
         NVL(ROUTE_ID,'--') ROUTE_ID,&#13;
         DECODE(RTE_PKEYID,NULL,'--',RTE_PKEYID) RTE_PKEYID,&#13;
         NVL(STATUS,'--') STATUS,&#13;
         NVL(SVC_LINE_ID,'--') SVC_LINE_ID,&#13;
         NVL(svccd,'--') svccd,&#13;
     TIMEZONE&#13;
    FROM (SELECT t.customer.UNIQUEID UNIQUEID,&#13;
                 TO_CHAR (t.plandate, 'MM/DD/YYYY') PLANDTE,&#13;
                 TO_CHAR (t.routeorder.orderdate, 'MM/DD/YYYY') ORDERDTE,&#13;
                 T.LOB.name LOB,&#13;
                 t.routeorder.route.id ROUTE_ID,&#13;
                 t.routeorder.pkey RTE_PKEYID,&#13;
                 NVL (DECODE &#13;
                 ((CASE&#13;
                 WHEN T.CANCELED = 'X' THEN 'CANCELED'&#13;
                 WHEN T.CLOSED = 'X' THEN 'CLOSED'&#13;
                 ELSE R.STATUS.ACTIVE.CODE&#13;
                 END),&#13;
                'CONFIRMEDPOS', 'Confirmed Positive',&#13;
                'CONFIRMEDNEG', 'Confirmed Negative',&#13;
                'CONFIRMEDINC', 'Confirmed Incomplete',&#13;
                'WORKING', 'In Progress',&#13;
                'REJECTED', 'Rejected',&#13;
                'CLOSED', 'Closed',&#13;
                'CANCELED', 'Suspended/Cancelled',&#13;
                'In Progress', 'In Progress','Planned'&#13;
                ),'--') STATUS,&#13;
                 s.id SVC_LINE_ID,    &#13;
                 s.code svccd,&#13;
         t.site.TIMEZONE TIMEZONE,&#13;
                 ROW_NUMBER () OVER (ORDER BY r.status.active.created DESC) rn&#13;
            FROM ocs_admin.vp_customerorder t&#13;
                 LEFT OUTER JOIN ocs_admin.vp_co_workstatus R&#13;
                    ON REF (t) = r.customerorder&#13;
                 INNER JOIN ocs_admin.vp_customerservice s&#13;
                    ON REF (t) = s.customerorder&#13;
           WHERE     t.routeorder.orderdate &gt;= TRUNC(SYSDATE) and t.assigned = 'X'&#13;
                 AND EXISTS&#13;
                        (SELECT 1&#13;
                           FROM OCS_ADMIN.VP_CUSTOMER VC&#13;
                          WHERE     VC.PKEY = T.CUSTOMER.PKEY&#13;
                                AND VC.UNIQUEID =?)&#13;
            ORDER BY t.routeorder.orderdate)&#13;
   WHERE rn BETWEEN ? AND ?);</db:sql>
                                                    </db:execute-ddl>
                                                    <set-payload doc:id="zsvmphbb-eadc-40b9-98cc-268d14076da0" doc:name="Set Payload" name="set_payload" value="#[payload]"/>
                                                    <foreach collection="#[payload]" doc:id="whblfnpd-eadc-40b9-98cc-268d14076da0" doc:name="LOOP" name="LOOP">
                                                        <ee:transform doc:id="vglijlvy-9b5e-4a86-b01c-cd738c5276d4" doc:name="MAP">
                                                            <ee:variables>
                                                                <ee:set-variable variableName="MAP">%dw 2.0
output application/json
---
vars.""</ee:set-variable>
                                                            </ee:variables>
                                                        </ee:transform>
                                                    </foreach>
                                                </try>
                                            </when>
                                            <otherwise>
                                                <try doc:name="SEQUENCE">
                                                    <db:select config-ref="wm_ocs.conn:JDBC_CONN_OCSD_CAAG_USER" doc:id="xnefexom-eadc-40b9-98cc-268d14076da0" doc:name="wm_ocs.svcs.inbound.adptrsvcs:getPlanServices" target="wm_ocs.svcs.inbound.adptrsvcs:getplanservices">
                                                        <db:sql>SELECT ${field}&#13;
  FROM (SELECT UNIQUEID,&#13;
                 PLANDTE,&#13;
                 ORDERDTE,&#13;
                 LOB,&#13;
                 ROUTE_ID,&#13;
                 RTE_PKEYID,&#13;
                 TKTNUM,&#13;
                 TKTTYPE,&#13;
                 TICKET_LOAD_TYPE,&#13;
       NVL (&#13;
                    CASE&#13;
                                         WHEN COUNT ( DISTINCT TP.TEXT) &gt; 1&#13;
                                         THEN&#13;
                                            'Multiple Exceptions'&#13;
                                         WHEN COUNT (DISTINCT TP.TEXT) =  1&#13;
                                         THEN&#13;
                                            MIN (TP.TEXT)&#13;
                                         ELSE&#13;
                                            NULL&#13;
                    END,&#13;
                            '--')&#13;
                            EXCP_CD,&#13;
                 STATUS,&#13;
                 SVC_LINE_ID,&#13;
                SVCCD,&#13;
                 TIMEZONE&#13;
            FROM (SELECT NVL (vc.UNIQUEID, '--') UNIQUEID,&#13;
                         NVL (TO_CHAR (t.plandate, 'MM/DD/YYYY'), '--') PLANDTE,&#13;
                         NVL (TO_CHAR (t.routeorder.orderdate, 'MM/DD/YYYY'),&#13;
                              '--')&#13;
                            ORDERDTE,&#13;
                         NVL (T.LOB.name, '--') LOB,&#13;
                         NVL (t.routeorder.route.id, '--') ROUTE_ID,&#13;
                         DECODE (t.routeorder.pkey,&#13;
                                 NULL, '--',&#13;
                                 t.routeorder.pkey)&#13;
                            RTE_PKEYID,&#13;
                         DECODE (t.ticketnumber, NULL, '--', t.ticketnumber)&#13;
                            TKTNUM,&#13;
                         NVL (t.reasoncode, '--') TKTTYPE,&#13;
                         NVL (t.ticketloadtype.uniqueid, '--') TICKET_LOAD_TYPE,&#13;
                         NVL (DECODE &#13;
                        (&#13;
                            (CASE&#13;
                            WHEN T.CANCELED = 'X' THEN 'CANCELED'&#13;
                            WHEN T.CLOSED = 'X' THEN 'CLOSED'&#13;
                            ELSE NVL (CS.CONFIRMATIONSTATUS,R.STATUS.ACTIVE.CODE)&#13;
                            END),&#13;
                            'CONFIRMEDPOS', 'Confirmed Positive',&#13;
                            'CONFIRMEDNEG', 'Confirmed Negative',&#13;
                            'CONFIRMEDINC', 'Confirmed Incomplete',&#13;
                            'WORKING', 'In Progress',&#13;
                            'REJECTED', 'Rejected',&#13;
                            'CLOSED', 'Closed',&#13;
                            'CANCELED', 'Suspended/Cancelled',&#13;
                            'In Progress', 'In Progress','Planned'&#13;
                        ),'--') STATUS,&#13;
    NVL( s.id,'--') SVC_LINE_ID,   &#13;
                         NVL (s.code, '--') svccd,&#13;
                         t.pkey CUST_ORDER_PKEY,&#13;
                         s.pkey CUST_SVC_PKEY&#13;
                         ,vc.site.TIMEZONE TIMEZONE&#13;
                    FROM ocs_admin.vp_customer vc&#13;
                         INNER JOIN ocs_admin.vp_customerorder t&#13;
                            ON t.customer = ref (vc)&#13;
                         LEFT OUTER JOIN ocs_admin.vp_co_workstatus R&#13;
                            ON ref(t) = r.customerorder&#13;
                         INNER JOIN ocs_admin.tn_customerservice s&#13;
                           ON t.pkey = s.fk_customerorder&#13;
                         LEFT OUTER JOIN&#13;
                         ocs_admin.tp_cs_result cs&#13;
                            ON     cs.fk_customerservice = s.pkey&#13;
                               AND cs.fk_vehicle IS NOT NULL&#13;
WHERE     t.routeorder.orderdate &gt;= TRUNC(SYSDATE) and t.assigned = 'X'&#13;
                         AND VC.UNIQUEID = ?) t&#13;
                 LEFT OUTER JOIN&#13;
                 ocs_admin.tp_co_haulcall o&#13;
                    ON     CUST_ORDER_PKEY = o.fk_customerorder&#13;
                       AND (o.fk_customerservice is null or CUST_SVC_PKEY = o.fk_customerservice)&#13;
                       AND o.fk_vehicle IS NOT NULL&#13;
                 LEFT OUTER JOIN ocs_admin.tp_template tp&#13;
                    ON tp.pkey = o.fk_haulcall&#13;
        GROUP BY CUST_ORDER_PKEY,&#13;
                 UNIQUEID,&#13;
                 PLANDTE,&#13;
                 ORDERDTE,&#13;
                 LOB,&#13;
                 ROUTE_ID,&#13;
                 RTE_PKEYID,&#13;
                 TKTNUM,&#13;
                 TKTTYPE,&#13;
                 TICKET_LOAD_TYPE,&#13;
                 STATUS,&#13;
                 SVC_LINE_ID,&#13;
                 SVCCD,&#13;
                 TIMEZONE&#13;
        ORDER BY ORDERDTE)</db:sql>
                                                    </db:select>
                                                    <set-payload doc:id="pncvvicd-eadc-40b9-98cc-268d14076da0" doc:name="Set Payload" name="set_payload" value="#[payload]"/>
                                                    <foreach collection="#[payload]" doc:id="aolwhmaz-eadc-40b9-98cc-268d14076da0" doc:name="LOOP" name="LOOP">
                                                        <ee:transform doc:id="enifymph-9b5e-4a86-b01c-cd738c5276d4" doc:name="MAP">
                                                            <ee:variables>
                                                                <ee:set-variable variableName="MAP">%dw 2.0
output application/json
---
vars.""</ee:set-variable>
                                                            </ee:variables>
                                                        </ee:transform>
                                                    </foreach>
                                                </try>
                                            </otherwise>
                                        </choice>
                                    </try>
                                </when>
                                <otherwise>
                                    <try doc:name="SEQUENCE">
                                        <choice doc:name="BRANCH">
                                            <when expression="% /limit% = /[^ ]/">
                                                <try doc:name="SEQUENCE">
                                                    <db:execute-ddl config-ref="wm_ocs.conn:JDBC_CONN_OCSD_CAAG_USER" doc:id="kxphpdmf-eadc-40b9-98cc-268d14076da0" doc:name="wm_ocs.svcs.inbound.adptrsvcs:getPlanServices_range" target="wm_ocs.svcs.inbound.adptrsvcs:getplanservices_range">
                                                        <db:sql>SELECT ${field}&#13;
    FROM (SELECT NVL(UNIQUEID,'--') UNIQUEID,&#13;
         NVL(PLANDTE,'--') PLANDTE,&#13;
         NVL(ORDERDTE,'--') ORDERDTE,&#13;
         NVL(LOB,'--') LOB,&#13;
         NVL(ROUTE_ID,'--') ROUTE_ID,&#13;
         DECODE(RTE_PKEYID,NULL,'--',RTE_PKEYID) RTE_PKEYID,&#13;
         NVL(STATUS,'--') STATUS,&#13;
         NVL(SVC_LINE_ID,'--') SVC_LINE_ID,&#13;
         NVL(svccd,'--') svccd,&#13;
     TIMEZONE&#13;
    FROM (SELECT t.customer.UNIQUEID UNIQUEID,&#13;
                 TO_CHAR (t.plandate, 'MM/DD/YYYY') PLANDTE,&#13;
                 TO_CHAR (t.routeorder.orderdate, 'MM/DD/YYYY') ORDERDTE,&#13;
                 T.LOB.name LOB,&#13;
                 t.routeorder.route.id ROUTE_ID,&#13;
                 t.routeorder.pkey RTE_PKEYID,&#13;
                 NVL (DECODE &#13;
                 ((CASE&#13;
                 WHEN T.CANCELED = 'X' THEN 'CANCELED'&#13;
                 WHEN T.CLOSED = 'X' THEN 'CLOSED'&#13;
                 ELSE R.STATUS.ACTIVE.CODE&#13;
                 END),&#13;
                'CONFIRMEDPOS', 'Confirmed Positive',&#13;
                'CONFIRMEDNEG', 'Confirmed Negative',&#13;
                'CONFIRMEDINC', 'Confirmed Incomplete',&#13;
                'WORKING', 'In Progress',&#13;
                'REJECTED', 'Rejected',&#13;
                'CLOSED', 'Closed',&#13;
                'CANCELED', 'Suspended/Cancelled',&#13;
                'In Progress', 'In Progress','Planned'&#13;
                ),'--') STATUS,&#13;
                 s.id SVC_LINE_ID,    &#13;
                 s.code svccd,&#13;
         t.site.TIMEZONE TIMEZONE,&#13;
                 ROW_NUMBER () OVER (ORDER BY r.status.active.created DESC) rn&#13;
            FROM ocs_admin.vp_customerorder t&#13;
                 LEFT OUTER JOIN ocs_admin.vp_co_workstatus R&#13;
                    ON REF (t) = r.customerorder&#13;
                 INNER JOIN ocs_admin.vp_customerservice s&#13;
                    ON REF (t) = s.customerorder&#13;
           WHERE     t.routeorder.orderdate &gt;= TRUNC(SYSDATE) and t.assigned = 'X'&#13;
                 AND EXISTS&#13;
                        (SELECT 1&#13;
                           FROM OCS_ADMIN.VP_CUSTOMER VC&#13;
                          WHERE     VC.PKEY = T.CUSTOMER.PKEY&#13;
                                AND VC.UNIQUEID =?)&#13;
            ORDER BY t.routeorder.orderdate)&#13;
   WHERE rn BETWEEN ? AND ?);</db:sql>
                                                    </db:execute-ddl>
                                                    <set-payload doc:id="xonfunra-eadc-40b9-98cc-268d14076da0" doc:name="Set Payload" name="set_payload" value="#[payload]"/>
                                                    <foreach collection="#[payload]" doc:id="ekryywwr-eadc-40b9-98cc-268d14076da0" doc:name="LOOP" name="LOOP">
                                                        <ee:transform doc:id="lmagwwcy-9b5e-4a86-b01c-cd738c5276d4" doc:name="MAP">
                                                            <ee:variables>
                                                                <ee:set-variable variableName="MAP">%dw 2.0
output application/json
---
vars.""</ee:set-variable>
                                                            </ee:variables>
                                                        </ee:transform>
                                                    </foreach>
                                                </try>
                                            </when>
                                            <otherwise>
                                                <try doc:name="SEQUENCE">
                                                    <db:select config-ref="wm_ocs.conn:JDBC_CONN_OCSD_CAAG_USER" doc:id="xfryeqxl-eadc-40b9-98cc-268d14076da0" doc:name="wm_ocs.svcs.inbound.adptrsvcs:getPlanServices" target="wm_ocs.svcs.inbound.adptrsvcs:getplanservices">
                                                        <db:sql>SELECT ${field}&#13;
  FROM (SELECT UNIQUEID,&#13;
                 PLANDTE,&#13;
                 ORDERDTE,&#13;
                 LOB,&#13;
                 ROUTE_ID,&#13;
                 RTE_PKEYID,&#13;
                 TKTNUM,&#13;
                 TKTTYPE,&#13;
                 TICKET_LOAD_TYPE,&#13;
       NVL (&#13;
                    CASE&#13;
                                         WHEN COUNT ( DISTINCT TP.TEXT) &gt; 1&#13;
                                         THEN&#13;
                                            'Multiple Exceptions'&#13;
                                         WHEN COUNT (DISTINCT TP.TEXT) =  1&#13;
                                         THEN&#13;
                                            MIN (TP.TEXT)&#13;
                                         ELSE&#13;
                                            NULL&#13;
                    END,&#13;
                            '--')&#13;
                            EXCP_CD,&#13;
                 STATUS,&#13;
                 SVC_LINE_ID,&#13;
                SVCCD,&#13;
                 TIMEZONE&#13;
            FROM (SELECT NVL (vc.UNIQUEID, '--') UNIQUEID,&#13;
                         NVL (TO_CHAR (t.plandate, 'MM/DD/YYYY'), '--') PLANDTE,&#13;
                         NVL (TO_CHAR (t.routeorder.orderdate, 'MM/DD/YYYY'),&#13;
                              '--')&#13;
                            ORDERDTE,&#13;
                         NVL (T.LOB.name, '--') LOB,&#13;
                         NVL (t.routeorder.route.id, '--') ROUTE_ID,&#13;
                         DECODE (t.routeorder.pkey,&#13;
                                 NULL, '--',&#13;
                                 t.routeorder.pkey)&#13;
                            RTE_PKEYID,&#13;
                         DECODE (t.ticketnumber, NULL, '--', t.ticketnumber)&#13;
                            TKTNUM,&#13;
                         NVL (t.reasoncode, '--') TKTTYPE,&#13;
                         NVL (t.ticketloadtype.uniqueid, '--') TICKET_LOAD_TYPE,&#13;
                         NVL (DECODE &#13;
                        (&#13;
                            (CASE&#13;
                            WHEN T.CANCELED = 'X' THEN 'CANCELED'&#13;
                            WHEN T.CLOSED = 'X' THEN 'CLOSED'&#13;
                            ELSE NVL (CS.CONFIRMATIONSTATUS,R.STATUS.ACTIVE.CODE)&#13;
                            END),&#13;
                            'CONFIRMEDPOS', 'Confirmed Positive',&#13;
                            'CONFIRMEDNEG', 'Confirmed Negative',&#13;
                            'CONFIRMEDINC', 'Confirmed Incomplete',&#13;
                            'WORKING', 'In Progress',&#13;
                            'REJECTED', 'Rejected',&#13;
                            'CLOSED', 'Closed',&#13;
                            'CANCELED', 'Suspended/Cancelled',&#13;
                            'In Progress', 'In Progress','Planned'&#13;
                        ),'--') STATUS,&#13;
    NVL( s.id,'--') SVC_LINE_ID,   &#13;
                         NVL (s.code, '--') svccd,&#13;
                         t.pkey CUST_ORDER_PKEY,&#13;
                         s.pkey CUST_SVC_PKEY&#13;
                         ,vc.site.TIMEZONE TIMEZONE&#13;
                    FROM ocs_admin.vp_customer vc&#13;
                         INNER JOIN ocs_admin.vp_customerorder t&#13;
                            ON t.customer = ref (vc)&#13;
                         LEFT OUTER JOIN ocs_admin.vp_co_workstatus R&#13;
                            ON ref(t) = r.customerorder&#13;
                         INNER JOIN ocs_admin.tn_customerservice s&#13;
                           ON t.pkey = s.fk_customerorder&#13;
                         LEFT OUTER JOIN&#13;
                         ocs_admin.tp_cs_result cs&#13;
                            ON     cs.fk_customerservice = s.pkey&#13;
                               AND cs.fk_vehicle IS NOT NULL&#13;
WHERE     t.routeorder.orderdate &gt;= TRUNC(SYSDATE) and t.assigned = 'X'&#13;
                         AND VC.UNIQUEID = ?) t&#13;
                 LEFT OUTER JOIN&#13;
                 ocs_admin.tp_co_haulcall o&#13;
                    ON     CUST_ORDER_PKEY = o.fk_customerorder&#13;
                       AND (o.fk_customerservice is null or CUST_SVC_PKEY = o.fk_customerservice)&#13;
                       AND o.fk_vehicle IS NOT NULL&#13;
                 LEFT OUTER JOIN ocs_admin.tp_template tp&#13;
                    ON tp.pkey = o.fk_haulcall&#13;
        GROUP BY CUST_ORDER_PKEY,&#13;
                 UNIQUEID,&#13;
                 PLANDTE,&#13;
                 ORDERDTE,&#13;
                 LOB,&#13;
                 ROUTE_ID,&#13;
                 RTE_PKEYID,&#13;
                 TKTNUM,&#13;
                 TKTTYPE,&#13;
                 TICKET_LOAD_TYPE,&#13;
                 STATUS,&#13;
                 SVC_LINE_ID,&#13;
                 SVCCD,&#13;
                 TIMEZONE&#13;
        ORDER BY ORDERDTE)</db:sql>
                                                    </db:select>
                                                    <set-payload doc:id="ezwfqizf-eadc-40b9-98cc-268d14076da0" doc:name="Set Payload" name="set_payload" value="#[payload]"/>
                                                    <foreach collection="#[payload]" doc:id="flmyzkuz-eadc-40b9-98cc-268d14076da0" doc:name="LOOP" name="LOOP">
                                                        <ee:transform doc:id="oelyvspt-9b5e-4a86-b01c-cd738c5276d4" doc:name="MAP">
                                                            <ee:variables>
                                                                <ee:set-variable variableName="MAP">%dw 2.0
output application/json
---
vars.""</ee:set-variable>
                                                            </ee:variables>
                                                        </ee:transform>
                                                    </foreach>
                                                </try>
                                            </otherwise>
                                        </choice>
                                    </try>
                                </otherwise>
                            </choice>
                            <choice doc:name="BRANCH">
                                <when expression="%count%!=0">
                                    <try doc:name="SEQUENCE">
                                        <ee:transform doc:id="lddizqsa-9b5e-4a86-b01c-cd738c5276d4" doc:name="MAP">
                                            <ee:variables>
                                                <ee:set-variable variableName="MAP">%dw 2.0
output application/json
---
vars.""</ee:set-variable>
                                            </ee:variables>
                                        </ee:transform>
                                        <ee:transform doc:id="xukvqgqc-9b5e-4a86-b01c-cd738c5276d4" doc:name="MAP">
                                            <ee:variables>
                                                <ee:set-variable variableName="MAP">%dw 2.0
output application/json
---
vars.""</ee:set-variable>
                                            </ee:variables>
                                        </ee:transform>
                                        <logger doc:id="pzuiihvt-eadc-40b9-98cc-268d14076da0" doc:name="wm_common.utils:checkAcceptHeader" level="INFO"/>
                                        <logger doc:id="ljewxnpi-eadc-40b9-98cc-268d14076da0" doc:name="wm_common.utils:checkIfModifiedSinceHeader" level="INFO"/>
                                        <os:store doc:id="ciwkttwt-eadc-40b9-98cc-268d14076da0" doc:name="pub.cache:put" key="#[attributes.headers.key]" name="pub.cache:put" objectStore="pub.cache-put_conn">
                                            <os:value>#[ payload ]</os:value>
                                        </os:store>
                                        <logger doc:id="qezvpxzb-eadc-40b9-98cc-268d14076da0" doc:name="CAAG.javasvcs:getExpirationTime" level="INFO"/>
                                        <logger doc:id="wzvcmnmn-eadc-40b9-98cc-268d14076da0" doc:name="pub.flow:setResponseHeader" level="INFO"/>
                                    </try>
                                </when>
                                <otherwise>
                                    <try doc:name="SEQUENCE">
                                        <ee:transform doc:id="sfkitqqf-9b5e-4a86-b01c-cd738c5276d4" doc:name="MAP">
                                            <ee:variables>
                                                <ee:set-variable variableName="MAP">%dw 2.0
output application/json
---
vars.""</ee:set-variable>
                                            </ee:variables>
                                        </ee:transform>
                                        <logger doc:id="ikdlcbzr-eadc-40b9-98cc-268d14076da0" doc:name="wm_common.utils:throwError" level="INFO"/>
                                    </try>
                                </otherwise>
                            </choice>
                            <ee:transform doc:id="zjaibmyz-9b5e-4a86-b01c-cd738c5276d4" doc:name="MAP">
                                <ee:variables>
                                    <ee:set-variable variableName="MAP">%dw 2.0
output application/json
---
vars.""</ee:set-variable>
                                </ee:variables>
                            </ee:transform>
                        </try>
                    </otherwise>
                </choice>
                <ee:transform doc:id="fsbarqef-9b5e-4a86-b01c-cd738c5276d4" doc:name="MAP">
                    <ee:variables>
                        <ee:set-variable variableName="MAP">%dw 2.0
output application/json
---
vars.""</ee:set-variable>
                    </ee:variables>
                </ee:transform>
            </try>
            <try doc:name="SEQUENCE">
                <logger doc:id="kxfuywpx-eadc-40b9-98cc-268d14076da0" doc:name="pub.flow:getLastError" level="INFO"/>
                <logger doc:id="amcrymuf-eadc-40b9-98cc-268d14076da0" doc:name="wm_errorhandling.utils:getCallingService" level="INFO"/>
                <logger doc:id="awmpvque-eadc-40b9-98cc-268d14076da0" doc:name="wm_errorhandling.svcs.flowsvcs:createErrorMsg_FW1" level="INFO"/>
                <ee:transform doc:id="stlzhuvg-9b5e-4a86-b01c-cd738c5276d4" doc:name="MAP">
                    <ee:variables>
                        <ee:set-variable variableName="MAP">%dw 2.0
output application/json
---
vars.""</ee:set-variable>
                    </ee:variables>
                </ee:transform>
                <logger doc:id="yygdjvsh-eadc-40b9-98cc-268d14076da0" doc:name="EXIT" level="INFO"/>
            </try>
        </try>
        <try doc:name="SEQUENCE">
            <try doc:name="SEQUENCE">
                <ee:transform doc:id="hfhewttp-9b5e-4a86-b01c-cd738c5276d4" doc:name="MAP">
                    <ee:variables>
                        <ee:set-variable variableName="MAP">%dw 2.0
output application/json
---
vars.""</ee:set-variable>
                    </ee:variables>
                </ee:transform>
                <logger doc:id="ebalshvb-eadc-40b9-98cc-268d14076da0" doc:name="wm_common.utils:constructCacheKey" level="INFO"/>
                <os:retrieve doc:id="kacejlal-eadc-40b9-98cc-268d14076da0" doc:name="pub.cache:get" key="#[attributes.headers.key]" name="pub.cache:get" objectStore="pub.cache-get_conn" target="pub.cache:get">
                    <os:default-value/>
                </os:retrieve>
                <choice doc:name="BRANCH">
                    <when expression="% /finalResponse% = /[^ ]/">
                        <try doc:name="SEQUENCE">
                            <logger doc:id="oscyroqi-eadc-40b9-98cc-268d14076da0" doc:name="CAAG.javasvcs:getExpirationTime" level="INFO"/>
                            <logger doc:id="anrndnjl-eadc-40b9-98cc-268d14076da0" doc:name="pub.flow:setResponseHeader" level="INFO"/>
                            <logger doc:id="racmcjpa-eadc-40b9-98cc-268d14076da0" doc:name="wm_common.utils:createEtag" level="INFO"/>
                            <logger doc:id="krjthwbo-eadc-40b9-98cc-268d14076da0" doc:name="wm_common.utils:checkIfModifiedSinceHeader" level="INFO"/>
                        </try>
                    </when>
                    <otherwise>
                        <try doc:name="SEQUENCE">
                            <choice doc:name="BRANCH">
                                <when expression="%offset%!=$null &amp;&amp; %limit%!=$null &amp;&amp; %offset%!=&quot;&quot; &amp;&amp; %limit% !=&quot;&quot;">
                                    <try doc:name="SEQUENCE">
                                        <ee:transform doc:id="scxhjvfg-9b5e-4a86-b01c-cd738c5276d4" doc:name="MAP">
                                            <ee:variables>
                                                <ee:set-variable variableName="MAP">%dw 2.0
output application/json
---
vars.""</ee:set-variable>
                                            </ee:variables>
                                        </ee:transform>
                                        <ee:transform doc:id="plidbumg-9b5e-4a86-b01c-cd738c5276d4" doc:name="MAP">
                                            <ee:variables>
                                                <ee:set-variable variableName="MAP">%dw 2.0
output application/json
---
vars.""</ee:set-variable>
                                            </ee:variables>
                                        </ee:transform>
                                    </try>
                                </when>
                            </choice>
                            <choice doc:name="BRANCH">
                                <when expression="% /fields% = /[^ ]/">
                                    <try doc:name="SEQUENCE">
                                        <choice doc:name="BRANCH">
                                            <when expression="% /limit% = /[^ ]/">
                                                <try doc:name="SEQUENCE">
                                                    <db:execute-ddl config-ref="wm_ocs.conn:JDBC_CONN_OCSD_CAAG_USER" doc:id="wwlmsvvr-eadc-40b9-98cc-268d14076da0" doc:name="wm_ocs.svcs.inbound.adptrsvcs:getPlanServices_range" target="wm_ocs.svcs.inbound.adptrsvcs:getplanservices_range">
                                                        <db:sql>SELECT ${field}&#13;
    FROM (SELECT NVL(UNIQUEID,'--') UNIQUEID,&#13;
         NVL(PLANDTE,'--') PLANDTE,&#13;
         NVL(ORDERDTE,'--') ORDERDTE,&#13;
         NVL(LOB,'--') LOB,&#13;
         NVL(ROUTE_ID,'--') ROUTE_ID,&#13;
         DECODE(RTE_PKEYID,NULL,'--',RTE_PKEYID) RTE_PKEYID,&#13;
         NVL(STATUS,'--') STATUS,&#13;
         NVL(SVC_LINE_ID,'--') SVC_LINE_ID,&#13;
         NVL(svccd,'--') svccd,&#13;
     TIMEZONE&#13;
    FROM (SELECT t.customer.UNIQUEID UNIQUEID,&#13;
                 TO_CHAR (t.plandate, 'MM/DD/YYYY') PLANDTE,&#13;
                 TO_CHAR (t.routeorder.orderdate, 'MM/DD/YYYY') ORDERDTE,&#13;
                 T.LOB.name LOB,&#13;
                 t.routeorder.route.id ROUTE_ID,&#13;
                 t.routeorder.pkey RTE_PKEYID,&#13;
                 NVL (DECODE &#13;
                 ((CASE&#13;
                 WHEN T.CANCELED = 'X' THEN 'CANCELED'&#13;
                 WHEN T.CLOSED = 'X' THEN 'CLOSED'&#13;
                 ELSE R.STATUS.ACTIVE.CODE&#13;
                 END),&#13;
                'CONFIRMEDPOS', 'Confirmed Positive',&#13;
                'CONFIRMEDNEG', 'Confirmed Negative',&#13;
                'CONFIRMEDINC', 'Confirmed Incomplete',&#13;
                'WORKING', 'In Progress',&#13;
                'REJECTED', 'Rejected',&#13;
                'CLOSED', 'Closed',&#13;
                'CANCELED', 'Suspended/Cancelled',&#13;
                'In Progress', 'In Progress','Planned'&#13;
                ),'--') STATUS,&#13;
                 s.id SVC_LINE_ID,    &#13;
                 s.code svccd,&#13;
         t.site.TIMEZONE TIMEZONE,&#13;
                 ROW_NUMBER () OVER (ORDER BY r.status.active.created DESC) rn&#13;
            FROM ocs_admin.vp_customerorder t&#13;
                 LEFT OUTER JOIN ocs_admin.vp_co_workstatus R&#13;
                    ON REF (t) = r.customerorder&#13;
                 INNER JOIN ocs_admin.vp_customerservice s&#13;
                    ON REF (t) = s.customerorder&#13;
           WHERE     t.routeorder.orderdate &gt;= TRUNC(SYSDATE) and t.assigned = 'X'&#13;
                 AND EXISTS&#13;
                        (SELECT 1&#13;
                           FROM OCS_ADMIN.VP_CUSTOMER VC&#13;
                          WHERE     VC.PKEY = T.CUSTOMER.PKEY&#13;
                                AND VC.UNIQUEID =?)&#13;
            ORDER BY t.routeorder.orderdate)&#13;
   WHERE rn BETWEEN ? AND ?);</db:sql>
                                                    </db:execute-ddl>
                                                    <set-payload doc:id="ixvwbohu-eadc-40b9-98cc-268d14076da0" doc:name="Set Payload" name="set_payload" value="#[payload]"/>
                                                    <foreach collection="#[payload]" doc:id="vfregpqx-eadc-40b9-98cc-268d14076da0" doc:name="LOOP" name="LOOP">
                                                        <ee:transform doc:id="jcrydcmw-9b5e-4a86-b01c-cd738c5276d4" doc:name="MAP">
                                                            <ee:variables>
                                                                <ee:set-variable variableName="MAP">%dw 2.0
output application/json
---
vars.""</ee:set-variable>
                                                            </ee:variables>
                                                        </ee:transform>
                                                    </foreach>
                                                </try>
                                            </when>
                                            <otherwise>
                                                <try doc:name="SEQUENCE">
                                                    <db:select config-ref="wm_ocs.conn:JDBC_CONN_OCSD_CAAG_USER" doc:id="gazhapdp-eadc-40b9-98cc-268d14076da0" doc:name="wm_ocs.svcs.inbound.adptrsvcs:getPlanServices" target="wm_ocs.svcs.inbound.adptrsvcs:getplanservices">
                                                        <db:sql>SELECT ${field}&#13;
  FROM (SELECT UNIQUEID,&#13;
                 PLANDTE,&#13;
                 ORDERDTE,&#13;
                 LOB,&#13;
                 ROUTE_ID,&#13;
                 RTE_PKEYID,&#13;
                 TKTNUM,&#13;
                 TKTTYPE,&#13;
                 TICKET_LOAD_TYPE,&#13;
       NVL (&#13;
                    CASE&#13;
                                         WHEN COUNT ( DISTINCT TP.TEXT) &gt; 1&#13;
                                         THEN&#13;
                                            'Multiple Exceptions'&#13;
                                         WHEN COUNT (DISTINCT TP.TEXT) =  1&#13;
                                         THEN&#13;
                                            MIN (TP.TEXT)&#13;
                                         ELSE&#13;
                                            NULL&#13;
                    END,&#13;
                            '--')&#13;
                            EXCP_CD,&#13;
                 STATUS,&#13;
                 SVC_LINE_ID,&#13;
                SVCCD,&#13;
                 TIMEZONE&#13;
            FROM (SELECT NVL (vc.UNIQUEID, '--') UNIQUEID,&#13;
                         NVL (TO_CHAR (t.plandate, 'MM/DD/YYYY'), '--') PLANDTE,&#13;
                         NVL (TO_CHAR (t.routeorder.orderdate, 'MM/DD/YYYY'),&#13;
                              '--')&#13;
                            ORDERDTE,&#13;
                         NVL (T.LOB.name, '--') LOB,&#13;
                         NVL (t.routeorder.route.id, '--') ROUTE_ID,&#13;
                         DECODE (t.routeorder.pkey,&#13;
                                 NULL, '--',&#13;
                                 t.routeorder.pkey)&#13;
                            RTE_PKEYID,&#13;
                         DECODE (t.ticketnumber, NULL, '--', t.ticketnumber)&#13;
                            TKTNUM,&#13;
                         NVL (t.reasoncode, '--') TKTTYPE,&#13;
                         NVL (t.ticketloadtype.uniqueid, '--') TICKET_LOAD_TYPE,&#13;
                         NVL (DECODE &#13;
                        (&#13;
                            (CASE&#13;
                            WHEN T.CANCELED = 'X' THEN 'CANCELED'&#13;
                            WHEN T.CLOSED = 'X' THEN 'CLOSED'&#13;
                            ELSE NVL (CS.CONFIRMATIONSTATUS,R.STATUS.ACTIVE.CODE)&#13;
                            END),&#13;
                            'CONFIRMEDPOS', 'Confirmed Positive',&#13;
                            'CONFIRMEDNEG', 'Confirmed Negative',&#13;
                            'CONFIRMEDINC', 'Confirmed Incomplete',&#13;
                            'WORKING', 'In Progress',&#13;
                            'REJECTED', 'Rejected',&#13;
                            'CLOSED', 'Closed',&#13;
                            'CANCELED', 'Suspended/Cancelled',&#13;
                            'In Progress', 'In Progress','Planned'&#13;
                        ),'--') STATUS,&#13;
    NVL( s.id,'--') SVC_LINE_ID,   &#13;
                         NVL (s.code, '--') svccd,&#13;
                         t.pkey CUST_ORDER_PKEY,&#13;
                         s.pkey CUST_SVC_PKEY&#13;
                         ,vc.site.TIMEZONE TIMEZONE&#13;
                    FROM ocs_admin.vp_customer vc&#13;
                         INNER JOIN ocs_admin.vp_customerorder t&#13;
                            ON t.customer = ref (vc)&#13;
                         LEFT OUTER JOIN ocs_admin.vp_co_workstatus R&#13;
                            ON ref(t) = r.customerorder&#13;
                         INNER JOIN ocs_admin.tn_customerservice s&#13;
                           ON t.pkey = s.fk_customerorder&#13;
                         LEFT OUTER JOIN&#13;
                         ocs_admin.tp_cs_result cs&#13;
                            ON     cs.fk_customerservice = s.pkey&#13;
                               AND cs.fk_vehicle IS NOT NULL&#13;
WHERE     t.routeorder.orderdate &gt;= TRUNC(SYSDATE) and t.assigned = 'X'&#13;
                         AND VC.UNIQUEID = ?) t&#13;
                 LEFT OUTER JOIN&#13;
                 ocs_admin.tp_co_haulcall o&#13;
                    ON     CUST_ORDER_PKEY = o.fk_customerorder&#13;
                       AND (o.fk_customerservice is null or CUST_SVC_PKEY = o.fk_customerservice)&#13;
                       AND o.fk_vehicle IS NOT NULL&#13;
                 LEFT OUTER JOIN ocs_admin.tp_template tp&#13;
                    ON tp.pkey = o.fk_haulcall&#13;
        GROUP BY CUST_ORDER_PKEY,&#13;
                 UNIQUEID,&#13;
                 PLANDTE,&#13;
                 ORDERDTE,&#13;
                 LOB,&#13;
                 ROUTE_ID,&#13;
                 RTE_PKEYID,&#13;
                 TKTNUM,&#13;
                 TKTTYPE,&#13;
                 TICKET_LOAD_TYPE,&#13;
                 STATUS,&#13;
                 SVC_LINE_ID,&#13;
                 SVCCD,&#13;
                 TIMEZONE&#13;
        ORDER BY ORDERDTE)</db:sql>
                                                    </db:select>
                                                    <set-payload doc:id="vvtjfria-eadc-40b9-98cc-268d14076da0" doc:name="Set Payload" name="set_payload" value="#[payload]"/>
                                                    <foreach collection="#[payload]" doc:id="ludpfnbt-eadc-40b9-98cc-268d14076da0" doc:name="LOOP" name="LOOP">
                                                        <ee:transform doc:id="xfcplxkr-9b5e-4a86-b01c-cd738c5276d4" doc:name="MAP">
                                                            <ee:variables>
                                                                <ee:set-variable variableName="MAP">%dw 2.0
output application/json
---
vars.""</ee:set-variable>
                                                            </ee:variables>
                                                        </ee:transform>
                                                    </foreach>
                                                </try>
                                            </otherwise>
                                        </choice>
                                    </try>
                                </when>
                                <otherwise>
                                    <try doc:name="SEQUENCE">
                                        <choice doc:name="BRANCH">
                                            <when expression="% /limit% = /[^ ]/">
                                                <try doc:name="SEQUENCE">
                                                    <db:execute-ddl config-ref="wm_ocs.conn:JDBC_CONN_OCSD_CAAG_USER" doc:id="dgaflnbr-eadc-40b9-98cc-268d14076da0" doc:name="wm_ocs.svcs.inbound.adptrsvcs:getPlanServices_range" target="wm_ocs.svcs.inbound.adptrsvcs:getplanservices_range">
                                                        <db:sql>SELECT ${field}&#13;
    FROM (SELECT NVL(UNIQUEID,'--') UNIQUEID,&#13;
         NVL(PLANDTE,'--') PLANDTE,&#13;
         NVL(ORDERDTE,'--') ORDERDTE,&#13;
         NVL(LOB,'--') LOB,&#13;
         NVL(ROUTE_ID,'--') ROUTE_ID,&#13;
         DECODE(RTE_PKEYID,NULL,'--',RTE_PKEYID) RTE_PKEYID,&#13;
         NVL(STATUS,'--') STATUS,&#13;
         NVL(SVC_LINE_ID,'--') SVC_LINE_ID,&#13;
         NVL(svccd,'--') svccd,&#13;
     TIMEZONE&#13;
    FROM (SELECT t.customer.UNIQUEID UNIQUEID,&#13;
                 TO_CHAR (t.plandate, 'MM/DD/YYYY') PLANDTE,&#13;
                 TO_CHAR (t.routeorder.orderdate, 'MM/DD/YYYY') ORDERDTE,&#13;
                 T.LOB.name LOB,&#13;
                 t.routeorder.route.id ROUTE_ID,&#13;
                 t.routeorder.pkey RTE_PKEYID,&#13;
                 NVL (DECODE &#13;
                 ((CASE&#13;
                 WHEN T.CANCELED = 'X' THEN 'CANCELED'&#13;
                 WHEN T.CLOSED = 'X' THEN 'CLOSED'&#13;
                 ELSE R.STATUS.ACTIVE.CODE&#13;
                 END),&#13;
                'CONFIRMEDPOS', 'Confirmed Positive',&#13;
                'CONFIRMEDNEG', 'Confirmed Negative',&#13;
                'CONFIRMEDINC', 'Confirmed Incomplete',&#13;
                'WORKING', 'In Progress',&#13;
                'REJECTED', 'Rejected',&#13;
                'CLOSED', 'Closed',&#13;
                'CANCELED', 'Suspended/Cancelled',&#13;
                'In Progress', 'In Progress','Planned'&#13;
                ),'--') STATUS,&#13;
                 s.id SVC_LINE_ID,    &#13;
                 s.code svccd,&#13;
         t.site.TIMEZONE TIMEZONE,&#13;
                 ROW_NUMBER () OVER (ORDER BY r.status.active.created DESC) rn&#13;
            FROM ocs_admin.vp_customerorder t&#13;
                 LEFT OUTER JOIN ocs_admin.vp_co_workstatus R&#13;
                    ON REF (t) = r.customerorder&#13;
                 INNER JOIN ocs_admin.vp_customerservice s&#13;
                    ON REF (t) = s.customerorder&#13;
           WHERE     t.routeorder.orderdate &gt;= TRUNC(SYSDATE) and t.assigned = 'X'&#13;
                 AND EXISTS&#13;
                        (SELECT 1&#13;
                           FROM OCS_ADMIN.VP_CUSTOMER VC&#13;
                          WHERE     VC.PKEY = T.CUSTOMER.PKEY&#13;
                                AND VC.UNIQUEID =?)&#13;
            ORDER BY t.routeorder.orderdate)&#13;
   WHERE rn BETWEEN ? AND ?);</db:sql>
                                                    </db:execute-ddl>
                                                    <set-payload doc:id="svqszsyc-eadc-40b9-98cc-268d14076da0" doc:name="Set Payload" name="set_payload" value="#[payload]"/>
                                                    <foreach collection="#[payload]" doc:id="dgxqvybd-eadc-40b9-98cc-268d14076da0" doc:name="LOOP" name="LOOP">
                                                        <ee:transform doc:id="wnowmmzr-9b5e-4a86-b01c-cd738c5276d4" doc:name="MAP">
                                                            <ee:variables>
                                                                <ee:set-variable variableName="MAP">%dw 2.0
output application/json
---
vars.""</ee:set-variable>
                                                            </ee:variables>
                                                        </ee:transform>
                                                    </foreach>
                                                </try>
                                            </when>
                                            <otherwise>
                                                <try doc:name="SEQUENCE">
                                                    <db:select config-ref="wm_ocs.conn:JDBC_CONN_OCSD_CAAG_USER" doc:id="aqixdtnc-eadc-40b9-98cc-268d14076da0" doc:name="wm_ocs.svcs.inbound.adptrsvcs:getPlanServices" target="wm_ocs.svcs.inbound.adptrsvcs:getplanservices">
                                                        <db:sql>SELECT ${field}&#13;
  FROM (SELECT UNIQUEID,&#13;
                 PLANDTE,&#13;
                 ORDERDTE,&#13;
                 LOB,&#13;
                 ROUTE_ID,&#13;
                 RTE_PKEYID,&#13;
                 TKTNUM,&#13;
                 TKTTYPE,&#13;
                 TICKET_LOAD_TYPE,&#13;
       NVL (&#13;
                    CASE&#13;
                                         WHEN COUNT ( DISTINCT TP.TEXT) &gt; 1&#13;
                                         THEN&#13;
                                            'Multiple Exceptions'&#13;
                                         WHEN COUNT (DISTINCT TP.TEXT) =  1&#13;
                                         THEN&#13;
                                            MIN (TP.TEXT)&#13;
                                         ELSE&#13;
                                            NULL&#13;
                    END,&#13;
                            '--')&#13;
                            EXCP_CD,&#13;
                 STATUS,&#13;
                 SVC_LINE_ID,&#13;
                SVCCD,&#13;
                 TIMEZONE&#13;
            FROM (SELECT NVL (vc.UNIQUEID, '--') UNIQUEID,&#13;
                         NVL (TO_CHAR (t.plandate, 'MM/DD/YYYY'), '--') PLANDTE,&#13;
                         NVL (TO_CHAR (t.routeorder.orderdate, 'MM/DD/YYYY'),&#13;
                              '--')&#13;
                            ORDERDTE,&#13;
                         NVL (T.LOB.name, '--') LOB,&#13;
                         NVL (t.routeorder.route.id, '--') ROUTE_ID,&#13;
                         DECODE (t.routeorder.pkey,&#13;
                                 NULL, '--',&#13;
                                 t.routeorder.pkey)&#13;
                            RTE_PKEYID,&#13;
                         DECODE (t.ticketnumber, NULL, '--', t.ticketnumber)&#13;
                            TKTNUM,&#13;
                         NVL (t.reasoncode, '--') TKTTYPE,&#13;
                         NVL (t.ticketloadtype.uniqueid, '--') TICKET_LOAD_TYPE,&#13;
                         NVL (DECODE &#13;
                        (&#13;
                            (CASE&#13;
                            WHEN T.CANCELED = 'X' THEN 'CANCELED'&#13;
                            WHEN T.CLOSED = 'X' THEN 'CLOSED'&#13;
                            ELSE NVL (CS.CONFIRMATIONSTATUS,R.STATUS.ACTIVE.CODE)&#13;
                            END),&#13;
                            'CONFIRMEDPOS', 'Confirmed Positive',&#13;
                            'CONFIRMEDNEG', 'Confirmed Negative',&#13;
                            'CONFIRMEDINC', 'Confirmed Incomplete',&#13;
                            'WORKING', 'In Progress',&#13;
                            'REJECTED', 'Rejected',&#13;
                            'CLOSED', 'Closed',&#13;
                            'CANCELED', 'Suspended/Cancelled',&#13;
                            'In Progress', 'In Progress','Planned'&#13;
                        ),'--') STATUS,&#13;
    NVL( s.id,'--') SVC_LINE_ID,   &#13;
                         NVL (s.code, '--') svccd,&#13;
                         t.pkey CUST_ORDER_PKEY,&#13;
                         s.pkey CUST_SVC_PKEY&#13;
                         ,vc.site.TIMEZONE TIMEZONE&#13;
                    FROM ocs_admin.vp_customer vc&#13;
                         INNER JOIN ocs_admin.vp_customerorder t&#13;
                            ON t.customer = ref (vc)&#13;
                         LEFT OUTER JOIN ocs_admin.vp_co_workstatus R&#13;
                            ON ref(t) = r.customerorder&#13;
                         INNER JOIN ocs_admin.tn_customerservice s&#13;
                           ON t.pkey = s.fk_customerorder&#13;
                         LEFT OUTER JOIN&#13;
                         ocs_admin.tp_cs_result cs&#13;
                            ON     cs.fk_customerservice = s.pkey&#13;
                               AND cs.fk_vehicle IS NOT NULL&#13;
WHERE     t.routeorder.orderdate &gt;= TRUNC(SYSDATE) and t.assigned = 'X'&#13;
                         AND VC.UNIQUEID = ?) t&#13;
                 LEFT OUTER JOIN&#13;
                 ocs_admin.tp_co_haulcall o&#13;
                    ON     CUST_ORDER_PKEY = o.fk_customerorder&#13;
                       AND (o.fk_customerservice is null or CUST_SVC_PKEY = o.fk_customerservice)&#13;
                       AND o.fk_vehicle IS NOT NULL&#13;
                 LEFT OUTER JOIN ocs_admin.tp_template tp&#13;
                    ON tp.pkey = o.fk_haulcall&#13;
        GROUP BY CUST_ORDER_PKEY,&#13;
                 UNIQUEID,&#13;
                 PLANDTE,&#13;
                 ORDERDTE,&#13;
                 LOB,&#13;
                 ROUTE_ID,&#13;
                 RTE_PKEYID,&#13;
                 TKTNUM,&#13;
                 TKTTYPE,&#13;
                 TICKET_LOAD_TYPE,&#13;
                 STATUS,&#13;
                 SVC_LINE_ID,&#13;
                 SVCCD,&#13;
                 TIMEZONE&#13;
        ORDER BY ORDERDTE)</db:sql>
                                                    </db:select>
                                                    <set-payload doc:id="pffkcvzj-eadc-40b9-98cc-268d14076da0" doc:name="Set Payload" name="set_payload" value="#[payload]"/>
                                                    <foreach collection="#[payload]" doc:id="rtcqtkxd-eadc-40b9-98cc-268d14076da0" doc:name="LOOP" name="LOOP">
                                                        <ee:transform doc:id="cpepnbxk-9b5e-4a86-b01c-cd738c5276d4" doc:name="MAP">
                                                            <ee:variables>
                                                                <ee:set-variable variableName="MAP">%dw 2.0
output application/json
---
vars.""</ee:set-variable>
                                                            </ee:variables>
                                                        </ee:transform>
                                                    </foreach>
                                                </try>
                                            </otherwise>
                                        </choice>
                                    </try>
                                </otherwise>
                            </choice>
                            <choice doc:name="BRANCH">
                                <when expression="%count%!=0">
                                    <try doc:name="SEQUENCE">
                                        <ee:transform doc:id="mjmefufz-9b5e-4a86-b01c-cd738c5276d4" doc:name="MAP">
                                            <ee:variables>
                                                <ee:set-variable variableName="MAP">%dw 2.0
output application/json
---
vars.""</ee:set-variable>
                                            </ee:variables>
                                        </ee:transform>
                                        <ee:transform doc:id="adpcaphl-9b5e-4a86-b01c-cd738c5276d4" doc:name="MAP">
                                            <ee:variables>
                                                <ee:set-variable variableName="MAP">%dw 2.0
output application/json
---
vars.""</ee:set-variable>
                                            </ee:variables>
                                        </ee:transform>
                                        <logger doc:id="ugbvlwhd-eadc-40b9-98cc-268d14076da0" doc:name="wm_common.utils:checkAcceptHeader" level="INFO"/>
                                        <logger doc:id="abpmgkzv-eadc-40b9-98cc-268d14076da0" doc:name="wm_common.utils:checkIfModifiedSinceHeader" level="INFO"/>
                                        <os:store doc:id="tpuwnvmr-eadc-40b9-98cc-268d14076da0" doc:name="pub.cache:put" key="#[attributes.headers.key]" name="pub.cache:put" objectStore="pub.cache-put_conn">
                                            <os:value>#[ payload ]</os:value>
                                        </os:store>
                                        <logger doc:id="embkeqme-eadc-40b9-98cc-268d14076da0" doc:name="CAAG.javasvcs:getExpirationTime" level="INFO"/>
                                        <logger doc:id="uwsusoby-eadc-40b9-98cc-268d14076da0" doc:name="pub.flow:setResponseHeader" level="INFO"/>
                                    </try>
                                </when>
                                <otherwise>
                                    <try doc:name="SEQUENCE">
                                        <ee:transform doc:id="tpanisap-9b5e-4a86-b01c-cd738c5276d4" doc:name="MAP">
                                            <ee:variables>
                                                <ee:set-variable variableName="MAP">%dw 2.0
output application/json
---
vars.""</ee:set-variable>
                                            </ee:variables>
                                        </ee:transform>
                                        <logger doc:id="rmvwqced-eadc-40b9-98cc-268d14076da0" doc:name="wm_common.utils:throwError" level="INFO"/>
                                    </try>
                                </otherwise>
                            </choice>
                            <ee:transform doc:id="szxftgdx-9b5e-4a86-b01c-cd738c5276d4" doc:name="MAP">
                                <ee:variables>
                                    <ee:set-variable variableName="MAP">%dw 2.0
output application/json
---
vars.""</ee:set-variable>
                                </ee:variables>
                            </ee:transform>
                        </try>
                    </otherwise>
                </choice>
                <ee:transform doc:id="nhgvydqz-9b5e-4a86-b01c-cd738c5276d4" doc:name="MAP">
                    <ee:variables>
                        <ee:set-variable variableName="MAP">%dw 2.0
output application/json
---
vars.""</ee:set-variable>
                    </ee:variables>
                </ee:transform>
            </try>
            <try doc:name="SEQUENCE">
                <logger doc:id="gssuvvlo-eadc-40b9-98cc-268d14076da0" doc:name="pub.flow:getLastError" level="INFO"/>
                <logger doc:id="baepoyvq-eadc-40b9-98cc-268d14076da0" doc:name="wm_errorhandling.utils:getCallingService" level="INFO"/>
                <logger doc:id="oplnpzeq-eadc-40b9-98cc-268d14076da0" doc:name="wm_errorhandling.svcs.flowsvcs:createErrorMsg_FW1" level="INFO"/>
                <ee:transform doc:id="fyetbhzj-9b5e-4a86-b01c-cd738c5276d4" doc:name="MAP">
                    <ee:variables>
                        <ee:set-variable variableName="MAP">%dw 2.0
output application/json
---
vars.""</ee:set-variable>
                    </ee:variables>
                </ee:transform>
                <logger doc:id="tznesayn-eadc-40b9-98cc-268d14076da0" doc:name="EXIT" level="INFO"/>
            </try>
        </try>
    </flow>
</mule>
