<?xml version="1.0" encoding="UTF-8"?><mule xmlns="http://www.mulesoft.org/schema/mule/core" xmlns:db="http://www.mulesoft.org/schema/mule/db" xmlns:doc="http://www.mulesoft.org/schema/mule/documentation" xmlns:ee="http://www.mulesoft.org/schema/mule/ee/core" xmlns:os="http://www.mulesoft.org/schema/mule/os" xmlns:xsi="http://www.w3.org/2001/XMLSchema-instance" xsi:schemaLocation="http://www.mulesoft.org/schema/mule/core http://www.mulesoft.org/schema/mule/core/current/mule.xsd http://www.mulesoft.org/schema/mule/ee/core http://www.mulesoft.org/schema/mule/ee/core/current/mule-ee.xsd http://www.mulesoft.org/schema/mule/os  http://www.mulesoft.org/schema/mule/os/current/mule-os.xsd http://www.mulesoft.org/schema/mule/db http://www.mulesoft.org/schema/mule/db/current/mule-db.xsd">
    <flow doc:id="ljzdaqbw-eadc-40b9-98cc-268d14076da0" name="wm_ocs-svcs-inbound-flowsvcs-mapPlanServicesForMaxAge">
        <try doc:name="SEQUENCE">
            <try doc:name="SEQUENCE">
                
<ee:transform doc:name="MAP" doc:id="0af093a1-f36b-4a65-9f3f-7a904ab46e8b" >
			<ee:message >
			</ee:message>
			<ee:variables>
				<ee:set-variable variableName="MAP" ><![CDATA[%dw 2.0
output application/json
var valueList = "call wm_common.config:getCustParam_multiple with args:nameList='''',"

---
	{"cacheManagerName": valueList[0],
"cacheName": valueList[1],
"jdbcConnName": valueList[2]
}
]]></ee:set-variable>
			</ee:variables>
		</ee:transform>
    
                <logger doc:id="xwytlfms-eadc-40b9-98cc-268d14076da0" doc:name="wm_common.utils:constructCacheKey" level="INFO"/>
                <os:retrieve doc:id="pimaolxa-eadc-40b9-98cc-268d14076da0" doc:name="pub.cache:get" key="#[attributes.headers.key]" name="pub.cache:get" objectStore="pub.cache-get_conn" target="pub.cache:get">
                    <os:default-value/>
                </os:retrieve>
                <choice doc:name="BRANCH">
                    <when expression="% /finalResponse% = /[^ ]/">
                        <try doc:name="SEQUENCE">
                            <logger doc:id="pjillpak-eadc-40b9-98cc-268d14076da0" doc:name="CAAG.javasvcs:getExpirationTime" level="INFO"/>
                            <logger doc:id="qctsyehn-eadc-40b9-98cc-268d14076da0" doc:name="pub.flow:setResponseHeader" level="INFO"/>
                            <logger doc:id="dihcjrof-eadc-40b9-98cc-268d14076da0" doc:name="wm_common.utils:createEtag" level="INFO"/>
                            <logger doc:id="qhlobcai-eadc-40b9-98cc-268d14076da0" doc:name="wm_common.utils:checkIfModifiedSinceHeader" level="INFO"/>
                        </try>
                    </when>
                    <otherwise>
                        <try doc:name="SEQUENCE">
                            <choice doc:name="BRANCH">
                                <when expression="%offset%!=$null &amp;&amp; %limit%!=$null &amp;&amp; %offset%!=&quot;&quot; &amp;&amp; %limit% !=&quot;&quot;">
                                    <try doc:name="SEQUENCE">
                                        
<ee:transform doc:name="MAP" doc:id="0af093a1-f36b-4a65-9f3f-7a904ab46e8b" >
			<ee:message >
			</ee:message>
			<ee:variables>
				<ee:set-variable variableName="MAP" ><![CDATA[%dw 2.0
output application/json
---
	{"metadata": {
  "offset": payload."offset",
  "limit": payload."limit"
},
"cacheManager": vars."wm_common.utils__createEtag"."cacheManager",
"configFileName": vars."wm_common.utils__createEtag"."configFileName",
"count": payload."count",
"customer_id": vars."wm_common.utils__createEtag"."customer_id",
"Cache-Control": vars."wm_common.utils__createEtag"."Cache-Control",
"If-Modified-Since": vars."wm_common.utils__createEtag"."If-Modified-Since",
"Accept": vars."wm_common.utils__createEtag"."Accept",
"type": vars."wm_common.utils__createEtag"."type",
"pathHeader": vars."wm_common.utils__createEtag"."pathHeader",
"limit": payload."limit",
"cacheManagerName": vars."wm_common.utils__createEtag"."cacheManagerName",
"cacheName": vars."wm_common.utils__createEtag"."cacheName",
"offset": payload."offset",
"customerUnqID": payload."customerUnqID",
"fields": payload."fields",
"totalCount": payload."totalCount",
"cachekey": payload."cachekey",
"jdbcConnName": vars."wm_common.utils__createEtag"."jdbcConnName",
"finalResponse": vars."wm_common.utils__createEtag"."finalResponse",
"etagOutput": vars."wm_common.utils__createEtag"."etagOutput",
"contentType": vars."wm_common.utils__createEtag"."contentType",
"cacheKey": vars."wm_common.utils__createEtag"."cacheKey",
"expirationTime": vars."wm_common.utils__createEtag"."expirationTime"
}
]]></ee:set-variable>
			</ee:variables>
		</ee:transform>
    
                                        
<ee:transform doc:name="MAP" doc:id="0af093a1-f36b-4a65-9f3f-7a904ab46e8b" >
			<ee:message >
			</ee:message>
			<ee:variables>
				<ee:set-variable variableName="MAP" ><![CDATA[%dw 2.0
output application/json
var value = "call pub.math:addInts with args:"

---
	{"limit": value_1,
"cacheManagerName": vars.MAP."cacheManagerName",
"jsonString": payload."jsonString",
"cacheName": vars.MAP."cacheName",
"customerUnqID": vars.MAP."customerUnqID",
"offset": vars.MAP."offset",
"fields": vars.MAP."fields",
"cachekey": vars.MAP."cachekey",
"connection_ocs": payload."connection_ocs",
"cacheManager": vars.MAP."cacheManager",
"configFileName": vars.MAP."configFileName",
"customer_id": vars.MAP."customer_id",
"Cache-Control": vars.MAP."Cache-Control",
"If-Modified-Since": vars.MAP."If-Modified-Since",
"Accept": vars.MAP."Accept",
"type": vars.MAP."type",
"pathHeader": vars.MAP."pathHeader",
"etagOutput": vars.MAP."etagOutput",
"jdbcConnName": vars.MAP."jdbcConnName",
"cacheKey": vars.MAP."cacheKey",
"contentType": vars.MAP."contentType",
"finalResponse": vars.MAP."finalResponse",
"expirationTime": vars.MAP."expirationTime"
}
]]></ee:set-variable>
			</ee:variables>
		</ee:transform>
    
                                    </try>
                                </when>
                            </choice>
                            <choice doc:name="BRANCH">
                                <when expression="% /fields% = /[^ ]/">
                                    <try doc:name="SEQUENCE">
                                        <choice doc:name="BRANCH">
                                            <when expression="% /limit% = /[^ ]/">
                                                <try doc:name="SEQUENCE">
                                                    <db:execute-ddl config-ref="wm_ocs.conn:JDBC_CONN_OCSD_CAAG_USER" doc:id="wqbizeje-eadc-40b9-98cc-268d14076da0" doc:name="wm_ocs.svcs.inbound.adptrsvcs:getPlanServices_range" target="wm_ocs.svcs.inbound.adptrsvcs:getplanservices_range">
                                                        <db:sql>SELECT ${field}&#13;
    FROM (SELECT NVL(UNIQUEID,'--') UNIQUEID,&#13;
         NVL(PLANDTE,'--') PLANDTE,&#13;
         NVL(ORDERDTE,'--') ORDERDTE,&#13;
         NVL(LOB,'--') LOB,&#13;
         NVL(ROUTE_ID,'--') ROUTE_ID,&#13;
         DECODE(RTE_PKEYID,NULL,'--',RTE_PKEYID) RTE_PKEYID,&#13;
         NVL(STATUS,'--') STATUS,&#13;
         NVL(SVC_LINE_ID,'--') SVC_LINE_ID,&#13;
         NVL(svccd,'--') svccd,&#13;
     TIMEZONE&#13;
    FROM (SELECT t.customer.UNIQUEID UNIQUEID,&#13;
                 TO_CHAR (t.plandate, 'MM/DD/YYYY') PLANDTE,&#13;
                 TO_CHAR (t.routeorder.orderdate, 'MM/DD/YYYY') ORDERDTE,&#13;
                 T.LOB.name LOB,&#13;
                 t.routeorder.route.id ROUTE_ID,&#13;
                 t.routeorder.pkey RTE_PKEYID,&#13;
                 NVL (DECODE &#13;
                 ((CASE&#13;
                 WHEN T.CANCELED = 'X' THEN 'CANCELED'&#13;
                 WHEN T.CLOSED = 'X' THEN 'CLOSED'&#13;
                 ELSE R.STATUS.ACTIVE.CODE&#13;
                 END),&#13;
                'CONFIRMEDPOS', 'Confirmed Positive',&#13;
                'CONFIRMEDNEG', 'Confirmed Negative',&#13;
                'CONFIRMEDINC', 'Confirmed Incomplete',&#13;
                'WORKING', 'In Progress',&#13;
                'REJECTED', 'Rejected',&#13;
                'CLOSED', 'Closed',&#13;
                'CANCELED', 'Suspended/Cancelled',&#13;
                'In Progress', 'In Progress','Planned'&#13;
                ),'--') STATUS,&#13;
                 s.id SVC_LINE_ID,    &#13;
                 s.code svccd,&#13;
         t.site.TIMEZONE TIMEZONE,&#13;
                 ROW_NUMBER () OVER (ORDER BY r.status.active.created DESC) rn&#13;
            FROM ocs_admin.vp_customerorder t&#13;
                 LEFT OUTER JOIN ocs_admin.vp_co_workstatus R&#13;
                    ON REF (t) = r.customerorder&#13;
                 INNER JOIN ocs_admin.vp_customerservice s&#13;
                    ON REF (t) = s.customerorder&#13;
           WHERE     t.routeorder.orderdate &gt;= TRUNC(SYSDATE) and t.assigned = 'X'&#13;
                 AND EXISTS&#13;
                        (SELECT 1&#13;
                           FROM OCS_ADMIN.VP_CUSTOMER VC&#13;
                          WHERE     VC.PKEY = T.CUSTOMER.PKEY&#13;
                                AND VC.UNIQUEID =?)&#13;
            ORDER BY t.routeorder.orderdate)&#13;
   WHERE rn BETWEEN ? AND ?);</db:sql>
                                                    </db:execute-ddl>
                                                    <set-payload doc:id="zsvmphbb-eadc-40b9-98cc-268d14076da0" doc:name="Set Payload" name="set_payload" value="#[payload]"/>
                                                    <foreach collection="#[payload]" doc:id="whblfnpd-eadc-40b9-98cc-268d14076da0" doc:name="LOOP" name="LOOP">
                                                        
<ee:transform doc:name="MAP" doc:id="0af093a1-f36b-4a65-9f3f-7a904ab46e8b" >
			<ee:message >
			</ee:message>
			<ee:variables>
				<ee:set-variable variableName="MAP" ><![CDATA[%dw 2.0
output application/json
var result = "call pub.string:objectToString with args:"
var outString = "call wm_ocs.utils:CheckForTheFieldExistence with args:"

---
	{"services": {
  "operations": {
    "route_order_number": outString_2,
    "route_id": payload."services.operations.route_id"
  },
  "id": payload."services.id",
  "wm_metadata": {
    "service_code": payload."services.wm_metadata.service_code",
    "site_timezone": payload."services.wm_metadata.site_timezone"
  },
  "ticket_number": payload."services.ticket_number",
  "ticket_type": payload."services.ticket_type",
  "ticket_load_type": payload."services.ticket_load_type",
  "planned_date": payload."services.planned_date",
  "ordered_date": payload."services.ordered_date",
  "exception_class": payload."services.exception_class",
  "service_time": payload."services.service_time",
  "status": payload."services.status",
  "line_of_business": payload."services.line_of_business",
  "exception_reason_code": payload."services.exception_reason_code"
},
"cacheManager": vars."wm_ocs.svcs.inbound.adptrsvcs__getPlanServices_range"."cacheManager",
"configFileName": vars."wm_ocs.svcs.inbound.adptrsvcs__getPlanServices_range"."configFileName",
"count": vars."wm_ocs.svcs.inbound.adptrsvcs__getPlanServices_range"."count",
"customer_id": vars."wm_ocs.svcs.inbound.adptrsvcs__getPlanServices_range"."customer_id",
"Cache-Control": vars."wm_ocs.svcs.inbound.adptrsvcs__getPlanServices_range"."Cache-Control",
"If-Modified-Since": vars."wm_ocs.svcs.inbound.adptrsvcs__getPlanServices_range"."If-Modified-Since",
"Accept": vars."wm_ocs.svcs.inbound.adptrsvcs__getPlanServices_range"."Accept",
"fields": vars."wm_ocs.svcs.inbound.adptrsvcs__getPlanServices_range"."fields",
"type": vars."wm_ocs.svcs.inbound.adptrsvcs__getPlanServices_range"."type",
"pathHeader": vars."wm_ocs.svcs.inbound.adptrsvcs__getPlanServices_range"."pathHeader",
"limit": vars."wm_ocs.svcs.inbound.adptrsvcs__getPlanServices_range"."limit",
"offset": vars."wm_ocs.svcs.inbound.adptrsvcs__getPlanServices_range"."offset",
"etagOutput": vars."wm_ocs.svcs.inbound.adptrsvcs__getPlanServices_range"."etagOutput",
"cacheManagerName": vars."wm_ocs.svcs.inbound.adptrsvcs__getPlanServices_range"."cacheManagerName",
"cacheName": vars."wm_ocs.svcs.inbound.adptrsvcs__getPlanServices_range"."cacheName",
"jdbcConnName": vars."wm_ocs.svcs.inbound.adptrsvcs__getPlanServices_range"."jdbcConnName",
"cacheKey": vars."wm_ocs.svcs.inbound.adptrsvcs__getPlanServices_range"."cacheKey",
"contentType": vars."wm_ocs.svcs.inbound.adptrsvcs__getPlanServices_range"."contentType",
"finalResponse": vars."wm_ocs.svcs.inbound.adptrsvcs__getPlanServices_range"."finalResponse",
"expirationTime": vars."wm_ocs.svcs.inbound.adptrsvcs__getPlanServices_range"."expirationTime",
"SVC_LINE_ID": vars."wm_ocs.svcs.inbound.adptrsvcs__getPlanServices_range"."SVC_LINE_ID",
"SVCCD": vars."wm_ocs.svcs.inbound.adptrsvcs__getPlanServices_range"."SVCCD",
"TKTNUM": vars."wm_ocs.svcs.inbound.adptrsvcs__getPlanServices_range"."TKTNUM",
"TKTTYPE": vars."wm_ocs.svcs.inbound.adptrsvcs__getPlanServices_range"."TKTTYPE",
"TICKET_LOAD_TYPE": vars."wm_ocs.svcs.inbound.adptrsvcs__getPlanServices_range"."TICKET_LOAD_TYPE",
"ROUTE_ID": vars."wm_ocs.svcs.inbound.adptrsvcs__getPlanServices_range"."ROUTE_ID",
"PLANDTE": vars."wm_ocs.svcs.inbound.adptrsvcs__getPlanServices_range"."PLANDTE",
"ORDERDTE": vars."wm_ocs.svcs.inbound.adptrsvcs__getPlanServices_range"."ORDERDTE",
"EXCP_CD": vars."wm_ocs.svcs.inbound.adptrsvcs__getPlanServices_range"."EXCP_CD",
"EXCP_CLASS": vars."wm_ocs.svcs.inbound.adptrsvcs__getPlanServices_range"."EXCP_CLASS",
"SVCTIME": vars."wm_ocs.svcs.inbound.adptrsvcs__getPlanServices_range"."SVCTIME",
"STATUS": vars."wm_ocs.svcs.inbound.adptrsvcs__getPlanServices_range"."STATUS",
"RTE_PKEYID": vars."wm_ocs.svcs.inbound.adptrsvcs__getPlanServices_range"."RTE_PKEYID",
"CUST_ORDER_PKEY": vars."wm_ocs.svcs.inbound.adptrsvcs__getPlanServices_range"."CUST_ORDER_PKEY",
"CUST_SVC_PKEY": vars."wm_ocs.svcs.inbound.adptrsvcs__getPlanServices_range"."CUST_SVC_PKEY",
"LOB": vars."wm_ocs.svcs.inbound.adptrsvcs__getPlanServices_range"."LOB",
"TIMEZONE": vars."wm_ocs.svcs.inbound.adptrsvcs__getPlanServices_range"."TIMEZONE",
"servicesTemp": {
  "SVC_LINE_ID": payload."servicesTemp.SVC_LINE_ID",
  "SVCCD": payload."servicesTemp.SVCCD",
  "TKTNUM": payload."servicesTemp.TKTNUM",
  "TKTTYPE": payload."servicesTemp.TKTTYPE",
  "TICKET_LOAD_TYPE": payload."servicesTemp.TICKET_LOAD_TYPE",
  "PLANDTE": payload."servicesTemp.PLANDTE",
  "ORDERDTE": payload."servicesTemp.ORDERDTE",
  "EXCP_CLASS": payload."servicesTemp.EXCP_CLASS",
  "SVCTIME": payload."servicesTemp.SVCTIME",
  "STATUS": payload."servicesTemp.STATUS",
  "LOB": payload."servicesTemp.LOB",
  "ROUTE_ID": payload."servicesTemp.ROUTE_ID",
  "TIMEZONE": payload."servicesTemp.TIMEZONE",
  "EXCP_CD": payload."servicesTemp.EXCP_CD"
}
}
]]></ee:set-variable>
			</ee:variables>
		</ee:transform>
    
                                                    </foreach>
                                                </try>
                                            </when>
                                            <otherwise>
                                                <try doc:name="SEQUENCE">
                                                    <db:select config-ref="wm_ocs.conn:JDBC_CONN_OCSD_CAAG_USER" doc:id="xnefexom-eadc-40b9-98cc-268d14076da0" doc:name="wm_ocs.svcs.inbound.adptrsvcs:getPlanServices" target="wm_ocs.svcs.inbound.adptrsvcs:getplanservices">
                                                        <db:sql>SELECT ${field}&#13;
  FROM (SELECT UNIQUEID,&#13;
                 PLANDTE,&#13;
                 ORDERDTE,&#13;
                 LOB,&#13;
                 ROUTE_ID,&#13;
                 RTE_PKEYID,&#13;
                 TKTNUM,&#13;
                 TKTTYPE,&#13;
                 TICKET_LOAD_TYPE,&#13;
       NVL (&#13;
                    CASE&#13;
                                         WHEN COUNT ( DISTINCT TP.TEXT) &gt; 1&#13;
                                         THEN&#13;
                                            'Multiple Exceptions'&#13;
                                         WHEN COUNT (DISTINCT TP.TEXT) =  1&#13;
                                         THEN&#13;
                                            MIN (TP.TEXT)&#13;
                                         ELSE&#13;
                                            NULL&#13;
                    END,&#13;
                            '--')&#13;
                            EXCP_CD,&#13;
                 STATUS,&#13;
                 SVC_LINE_ID,&#13;
                SVCCD,&#13;
                 TIMEZONE&#13;
            FROM (SELECT NVL (vc.UNIQUEID, '--') UNIQUEID,&#13;
                         NVL (TO_CHAR (t.plandate, 'MM/DD/YYYY'), '--') PLANDTE,&#13;
                         NVL (TO_CHAR (t.routeorder.orderdate, 'MM/DD/YYYY'),&#13;
                              '--')&#13;
                            ORDERDTE,&#13;
                         NVL (T.LOB.name, '--') LOB,&#13;
                         NVL (t.routeorder.route.id, '--') ROUTE_ID,&#13;
                         DECODE (t.routeorder.pkey,&#13;
                                 NULL, '--',&#13;
                                 t.routeorder.pkey)&#13;
                            RTE_PKEYID,&#13;
                         DECODE (t.ticketnumber, NULL, '--', t.ticketnumber)&#13;
                            TKTNUM,&#13;
                         NVL (t.reasoncode, '--') TKTTYPE,&#13;
                         NVL (t.ticketloadtype.uniqueid, '--') TICKET_LOAD_TYPE,&#13;
                         NVL (DECODE &#13;
                        (&#13;
                            (CASE&#13;
                            WHEN T.CANCELED = 'X' THEN 'CANCELED'&#13;
                            WHEN T.CLOSED = 'X' THEN 'CLOSED'&#13;
                            ELSE NVL (CS.CONFIRMATIONSTATUS,R.STATUS.ACTIVE.CODE)&#13;
                            END),&#13;
                            'CONFIRMEDPOS', 'Confirmed Positive',&#13;
                            'CONFIRMEDNEG', 'Confirmed Negative',&#13;
                            'CONFIRMEDINC', 'Confirmed Incomplete',&#13;
                            'WORKING', 'In Progress',&#13;
                            'REJECTED', 'Rejected',&#13;
                            'CLOSED', 'Closed',&#13;
                            'CANCELED', 'Suspended/Cancelled',&#13;
                            'In Progress', 'In Progress','Planned'&#13;
                        ),'--') STATUS,&#13;
    NVL( s.id,'--') SVC_LINE_ID,   &#13;
                         NVL (s.code, '--') svccd,&#13;
                         t.pkey CUST_ORDER_PKEY,&#13;
                         s.pkey CUST_SVC_PKEY&#13;
                         ,vc.site.TIMEZONE TIMEZONE&#13;
                    FROM ocs_admin.vp_customer vc&#13;
                         INNER JOIN ocs_admin.vp_customerorder t&#13;
                            ON t.customer = ref (vc)&#13;
                         LEFT OUTER JOIN ocs_admin.vp_co_workstatus R&#13;
                            ON ref(t) = r.customerorder&#13;
                         INNER JOIN ocs_admin.tn_customerservice s&#13;
                           ON t.pkey = s.fk_customerorder&#13;
                         LEFT OUTER JOIN&#13;
                         ocs_admin.tp_cs_result cs&#13;
                            ON     cs.fk_customerservice = s.pkey&#13;
                               AND cs.fk_vehicle IS NOT NULL&#13;
WHERE     t.routeorder.orderdate &gt;= TRUNC(SYSDATE) and t.assigned = 'X'&#13;
                         AND VC.UNIQUEID = ?) t&#13;
                 LEFT OUTER JOIN&#13;
                 ocs_admin.tp_co_haulcall o&#13;
                    ON     CUST_ORDER_PKEY = o.fk_customerorder&#13;
                       AND (o.fk_customerservice is null or CUST_SVC_PKEY = o.fk_customerservice)&#13;
                       AND o.fk_vehicle IS NOT NULL&#13;
                 LEFT OUTER JOIN ocs_admin.tp_template tp&#13;
                    ON tp.pkey = o.fk_haulcall&#13;
        GROUP BY CUST_ORDER_PKEY,&#13;
                 UNIQUEID,&#13;
                 PLANDTE,&#13;
                 ORDERDTE,&#13;
                 LOB,&#13;
                 ROUTE_ID,&#13;
                 RTE_PKEYID,&#13;
                 TKTNUM,&#13;
                 TKTTYPE,&#13;
                 TICKET_LOAD_TYPE,&#13;
                 STATUS,&#13;
                 SVC_LINE_ID,&#13;
                 SVCCD,&#13;
                 TIMEZONE&#13;
        ORDER BY ORDERDTE)</db:sql>
                                                    </db:select>
                                                    <set-payload doc:id="pncvvicd-eadc-40b9-98cc-268d14076da0" doc:name="Set Payload" name="set_payload" value="#[payload]"/>
                                                    <foreach collection="#[payload]" doc:id="aolwhmaz-eadc-40b9-98cc-268d14076da0" doc:name="LOOP" name="LOOP">
                                                        
<ee:transform doc:name="MAP" doc:id="0af093a1-f36b-4a65-9f3f-7a904ab46e8b" >
			<ee:message >
			</ee:message>
			<ee:variables>
				<ee:set-variable variableName="MAP" ><![CDATA[%dw 2.0
output application/json
var result = "call pub.string:objectToString with args:"
var outString = "call wm_ocs.utils:CheckForTheFieldExistence with args:"

---
	{"services": {
  "operations": {
    "route_order_number": outString_2,
    "route_id": vars."wm_ocs.svcs.inbound.adptrsvcs__getPlanServices"."services.operations.route_id"
  },
  "id": vars."wm_ocs.svcs.inbound.adptrsvcs__getPlanServices"."services.id",
  "wm_metadata": {
    "service_code": vars."wm_ocs.svcs.inbound.adptrsvcs__getPlanServices"."services.wm_metadata.service_code"
  },
  "ticket_number": vars."wm_ocs.svcs.inbound.adptrsvcs__getPlanServices"."services.ticket_number",
  "ticket_type": vars."wm_ocs.svcs.inbound.adptrsvcs__getPlanServices"."services.ticket_type",
  "ticket_load_type": vars."wm_ocs.svcs.inbound.adptrsvcs__getPlanServices"."services.ticket_load_type",
  "planned_date": vars."wm_ocs.svcs.inbound.adptrsvcs__getPlanServices"."services.planned_date",
  "ordered_date": vars."wm_ocs.svcs.inbound.adptrsvcs__getPlanServices"."services.ordered_date",
  "exception_class": vars."wm_ocs.svcs.inbound.adptrsvcs__getPlanServices"."services.exception_class",
  "service_time": vars."wm_ocs.svcs.inbound.adptrsvcs__getPlanServices"."services.service_time",
  "status": vars."wm_ocs.svcs.inbound.adptrsvcs__getPlanServices"."services.status",
  "line_of_business": vars."wm_ocs.svcs.inbound.adptrsvcs__getPlanServices"."services.line_of_business",
  "exception_reason_code": vars."wm_ocs.svcs.inbound.adptrsvcs__getPlanServices"."services.exception_reason_code"
},
"cacheManager": vars."wm_ocs.svcs.inbound.adptrsvcs__getPlanServices"."cacheManager",
"configFileName": vars."wm_ocs.svcs.inbound.adptrsvcs__getPlanServices"."configFileName",
"count": vars."wm_ocs.svcs.inbound.adptrsvcs__getPlanServices"."count",
"customer_id": vars."wm_ocs.svcs.inbound.adptrsvcs__getPlanServices"."customer_id",
"Cache-Control": vars."wm_ocs.svcs.inbound.adptrsvcs__getPlanServices"."Cache-Control",
"If-Modified-Since": vars."wm_ocs.svcs.inbound.adptrsvcs__getPlanServices"."If-Modified-Since",
"Accept": vars."wm_ocs.svcs.inbound.adptrsvcs__getPlanServices"."Accept",
"fields": vars."wm_ocs.svcs.inbound.adptrsvcs__getPlanServices"."fields",
"type": vars."wm_ocs.svcs.inbound.adptrsvcs__getPlanServices"."type",
"pathHeader": vars."wm_ocs.svcs.inbound.adptrsvcs__getPlanServices"."pathHeader",
"limit": vars."wm_ocs.svcs.inbound.adptrsvcs__getPlanServices"."limit",
"offset": vars."wm_ocs.svcs.inbound.adptrsvcs__getPlanServices"."offset",
"etagOutput": vars."wm_ocs.svcs.inbound.adptrsvcs__getPlanServices"."etagOutput",
"cacheManagerName": vars."wm_ocs.svcs.inbound.adptrsvcs__getPlanServices"."cacheManagerName",
"cacheName": vars."wm_ocs.svcs.inbound.adptrsvcs__getPlanServices"."cacheName",
"jdbcConnName": vars."wm_ocs.svcs.inbound.adptrsvcs__getPlanServices"."jdbcConnName",
"cacheKey": vars."wm_ocs.svcs.inbound.adptrsvcs__getPlanServices"."cacheKey",
"contentType": vars."wm_ocs.svcs.inbound.adptrsvcs__getPlanServices"."contentType",
"finalResponse": vars."wm_ocs.svcs.inbound.adptrsvcs__getPlanServices"."finalResponse",
"expirationTime": vars."wm_ocs.svcs.inbound.adptrsvcs__getPlanServices"."expirationTime",
"SVC_LINE_ID": vars."wm_ocs.svcs.inbound.adptrsvcs__getPlanServices"."SVC_LINE_ID",
"SVCCD": vars."wm_ocs.svcs.inbound.adptrsvcs__getPlanServices"."SVCCD",
"TKTNUM": vars."wm_ocs.svcs.inbound.adptrsvcs__getPlanServices"."TKTNUM",
"TKTTYPE": vars."wm_ocs.svcs.inbound.adptrsvcs__getPlanServices"."TKTTYPE",
"TICKET_LOAD_TYPE": vars."wm_ocs.svcs.inbound.adptrsvcs__getPlanServices"."TICKET_LOAD_TYPE",
"ROUTE_ID": vars."wm_ocs.svcs.inbound.adptrsvcs__getPlanServices"."ROUTE_ID",
"PLANDTE": vars."wm_ocs.svcs.inbound.adptrsvcs__getPlanServices"."PLANDTE",
"ORDERDTE": vars."wm_ocs.svcs.inbound.adptrsvcs__getPlanServices"."ORDERDTE",
"EXCP_CD": vars."wm_ocs.svcs.inbound.adptrsvcs__getPlanServices"."EXCP_CD",
"EXCP_CLASS": vars."wm_ocs.svcs.inbound.adptrsvcs__getPlanServices"."EXCP_CLASS",
"SVCTIME": vars."wm_ocs.svcs.inbound.adptrsvcs__getPlanServices"."SVCTIME",
"STATUS": vars."wm_ocs.svcs.inbound.adptrsvcs__getPlanServices"."STATUS",
"RTE_PKEYID": vars."wm_ocs.svcs.inbound.adptrsvcs__getPlanServices"."RTE_PKEYID",
"CUST_ORDER_PKEY": vars."wm_ocs.svcs.inbound.adptrsvcs__getPlanServices"."CUST_ORDER_PKEY",
"CUST_SVC_PKEY": vars."wm_ocs.svcs.inbound.adptrsvcs__getPlanServices"."CUST_SVC_PKEY",
"LOB": vars."wm_ocs.svcs.inbound.adptrsvcs__getPlanServices"."LOB",
"TIMEZONE": vars."wm_ocs.svcs.inbound.adptrsvcs__getPlanServices"."TIMEZONE",
"servicesTemp": {
  "SVC_LINE_ID": vars."wm_ocs.svcs.inbound.adptrsvcs__getPlanServices"."servicesTemp.SVC_LINE_ID",
  "SVCCD": vars."wm_ocs.svcs.inbound.adptrsvcs__getPlanServices"."servicesTemp.SVCCD",
  "TKTNUM": vars."wm_ocs.svcs.inbound.adptrsvcs__getPlanServices"."servicesTemp.TKTNUM",
  "TKTTYPE": vars."wm_ocs.svcs.inbound.adptrsvcs__getPlanServices"."servicesTemp.TKTTYPE",
  "TICKET_LOAD_TYPE": vars."wm_ocs.svcs.inbound.adptrsvcs__getPlanServices"."servicesTemp.TICKET_LOAD_TYPE",
  "PLANDTE": vars."wm_ocs.svcs.inbound.adptrsvcs__getPlanServices"."servicesTemp.PLANDTE",
  "ORDERDTE": vars."wm_ocs.svcs.inbound.adptrsvcs__getPlanServices"."servicesTemp.ORDERDTE",
  "EXCP_CLASS": vars."wm_ocs.svcs.inbound.adptrsvcs__getPlanServices"."servicesTemp.EXCP_CLASS",
  "SVCTIME": vars."wm_ocs.svcs.inbound.adptrsvcs__getPlanServices"."servicesTemp.SVCTIME",
  "STATUS": vars."wm_ocs.svcs.inbound.adptrsvcs__getPlanServices"."servicesTemp.STATUS",
  "LOB": vars."wm_ocs.svcs.inbound.adptrsvcs__getPlanServices"."servicesTemp.LOB",
  "ROUTE_ID": vars."wm_ocs.svcs.inbound.adptrsvcs__getPlanServices"."servicesTemp.ROUTE_ID",
  "EXCP_CD": vars."wm_ocs.svcs.inbound.adptrsvcs__getPlanServices"."servicesTemp.EXCP_CD"
}
}
]]></ee:set-variable>
			</ee:variables>
		</ee:transform>
    
                                                    </foreach>
                                                </try>
                                            </otherwise>
                                        </choice>
                                    </try>
                                </when>
                                <otherwise>
                                    <try doc:name="SEQUENCE">
                                        <choice doc:name="BRANCH">
                                            <when expression="% /limit% = /[^ ]/">
                                                <try doc:name="SEQUENCE">
                                                    <db:execute-ddl config-ref="wm_ocs.conn:JDBC_CONN_OCSD_CAAG_USER" doc:id="kxphpdmf-eadc-40b9-98cc-268d14076da0" doc:name="wm_ocs.svcs.inbound.adptrsvcs:getPlanServices_range" target="wm_ocs.svcs.inbound.adptrsvcs:getplanservices_range">
                                                        <db:sql>SELECT ${field}&#13;
    FROM (SELECT NVL(UNIQUEID,'--') UNIQUEID,&#13;
         NVL(PLANDTE,'--') PLANDTE,&#13;
         NVL(ORDERDTE,'--') ORDERDTE,&#13;
         NVL(LOB,'--') LOB,&#13;
         NVL(ROUTE_ID,'--') ROUTE_ID,&#13;
         DECODE(RTE_PKEYID,NULL,'--',RTE_PKEYID) RTE_PKEYID,&#13;
         NVL(STATUS,'--') STATUS,&#13;
         NVL(SVC_LINE_ID,'--') SVC_LINE_ID,&#13;
         NVL(svccd,'--') svccd,&#13;
     TIMEZONE&#13;
    FROM (SELECT t.customer.UNIQUEID UNIQUEID,&#13;
                 TO_CHAR (t.plandate, 'MM/DD/YYYY') PLANDTE,&#13;
                 TO_CHAR (t.routeorder.orderdate, 'MM/DD/YYYY') ORDERDTE,&#13;
                 T.LOB.name LOB,&#13;
                 t.routeorder.route.id ROUTE_ID,&#13;
                 t.routeorder.pkey RTE_PKEYID,&#13;
                 NVL (DECODE &#13;
                 ((CASE&#13;
                 WHEN T.CANCELED = 'X' THEN 'CANCELED'&#13;
                 WHEN T.CLOSED = 'X' THEN 'CLOSED'&#13;
                 ELSE R.STATUS.ACTIVE.CODE&#13;
                 END),&#13;
                'CONFIRMEDPOS', 'Confirmed Positive',&#13;
                'CONFIRMEDNEG', 'Confirmed Negative',&#13;
                'CONFIRMEDINC', 'Confirmed Incomplete',&#13;
                'WORKING', 'In Progress',&#13;
                'REJECTED', 'Rejected',&#13;
                'CLOSED', 'Closed',&#13;
                'CANCELED', 'Suspended/Cancelled',&#13;
                'In Progress', 'In Progress','Planned'&#13;
                ),'--') STATUS,&#13;
                 s.id SVC_LINE_ID,    &#13;
                 s.code svccd,&#13;
         t.site.TIMEZONE TIMEZONE,&#13;
                 ROW_NUMBER () OVER (ORDER BY r.status.active.created DESC) rn&#13;
            FROM ocs_admin.vp_customerorder t&#13;
                 LEFT OUTER JOIN ocs_admin.vp_co_workstatus R&#13;
                    ON REF (t) = r.customerorder&#13;
                 INNER JOIN ocs_admin.vp_customerservice s&#13;
                    ON REF (t) = s.customerorder&#13;
           WHERE     t.routeorder.orderdate &gt;= TRUNC(SYSDATE) and t.assigned = 'X'&#13;
                 AND EXISTS&#13;
                        (SELECT 1&#13;
                           FROM OCS_ADMIN.VP_CUSTOMER VC&#13;
                          WHERE     VC.PKEY = T.CUSTOMER.PKEY&#13;
                                AND VC.UNIQUEID =?)&#13;
            ORDER BY t.routeorder.orderdate)&#13;
   WHERE rn BETWEEN ? AND ?);</db:sql>
                                                    </db:execute-ddl>
                                                    <set-payload doc:id="xonfunra-eadc-40b9-98cc-268d14076da0" doc:name="Set Payload" name="set_payload" value="#[payload]"/>
                                                    <foreach collection="#[payload]" doc:id="ekryywwr-eadc-40b9-98cc-268d14076da0" doc:name="LOOP" name="LOOP">
                                                        
<ee:transform doc:name="MAP" doc:id="0af093a1-f36b-4a65-9f3f-7a904ab46e8b" >
			<ee:message >
			</ee:message>
			<ee:variables>
				<ee:set-variable variableName="MAP" ><![CDATA[%dw 2.0
output application/json
var string = "call pub.string:objectToString with args:"
var result = "call pub.string:objectToString with args:"

---
	{"services": {
  "operations": {
    "route_order_number": string_1,
    "route_id": vars."wm_ocs.svcs.inbound.adptrsvcs__getPlanServices_range"."services.operations.route_id"
  },
  "id": vars."wm_ocs.svcs.inbound.adptrsvcs__getPlanServices_range"."services.id",
  "wm_metadata": {
    "service_code": vars."wm_ocs.svcs.inbound.adptrsvcs__getPlanServices_range"."services.wm_metadata.service_code",
    "site_timezone": vars."wm_ocs.svcs.inbound.adptrsvcs__getPlanServices_range"."services.wm_metadata.site_timezone"
  },
  "ticket_number": vars."wm_ocs.svcs.inbound.adptrsvcs__getPlanServices_range"."services.ticket_number",
  "ticket_type": vars."wm_ocs.svcs.inbound.adptrsvcs__getPlanServices_range"."services.ticket_type",
  "ticket_load_type": vars."wm_ocs.svcs.inbound.adptrsvcs__getPlanServices_range"."services.ticket_load_type",
  "planned_date": vars."wm_ocs.svcs.inbound.adptrsvcs__getPlanServices_range"."services.planned_date",
  "ordered_date": vars."wm_ocs.svcs.inbound.adptrsvcs__getPlanServices_range"."services.ordered_date",
  "exception_class": vars."wm_ocs.svcs.inbound.adptrsvcs__getPlanServices_range"."services.exception_class",
  "service_time": vars."wm_ocs.svcs.inbound.adptrsvcs__getPlanServices_range"."services.service_time",
  "status": vars."wm_ocs.svcs.inbound.adptrsvcs__getPlanServices_range"."services.status",
  "line_of_business": vars."wm_ocs.svcs.inbound.adptrsvcs__getPlanServices_range"."services.line_of_business",
  "exception_reason_code": vars."wm_ocs.svcs.inbound.adptrsvcs__getPlanServices_range"."services.exception_reason_code"
},
"cacheManager": vars."wm_ocs.svcs.inbound.adptrsvcs__getPlanServices_range"."cacheManager",
"configFileName": vars."wm_ocs.svcs.inbound.adptrsvcs__getPlanServices_range"."configFileName",
"count": vars."wm_ocs.svcs.inbound.adptrsvcs__getPlanServices_range"."count",
"customer_id": vars."wm_ocs.svcs.inbound.adptrsvcs__getPlanServices_range"."customer_id",
"Cache-Control": vars."wm_ocs.svcs.inbound.adptrsvcs__getPlanServices_range"."Cache-Control",
"If-Modified-Since": vars."wm_ocs.svcs.inbound.adptrsvcs__getPlanServices_range"."If-Modified-Since",
"Accept": vars."wm_ocs.svcs.inbound.adptrsvcs__getPlanServices_range"."Accept",
"fields": vars."wm_ocs.svcs.inbound.adptrsvcs__getPlanServices_range"."fields",
"type": vars."wm_ocs.svcs.inbound.adptrsvcs__getPlanServices_range"."type",
"pathHeader": vars."wm_ocs.svcs.inbound.adptrsvcs__getPlanServices_range"."pathHeader",
"limit": vars."wm_ocs.svcs.inbound.adptrsvcs__getPlanServices_range"."limit",
"offset": vars."wm_ocs.svcs.inbound.adptrsvcs__getPlanServices_range"."offset",
"etagOutput": vars."wm_ocs.svcs.inbound.adptrsvcs__getPlanServices_range"."etagOutput",
"cacheManagerName": vars."wm_ocs.svcs.inbound.adptrsvcs__getPlanServices_range"."cacheManagerName",
"cacheName": vars."wm_ocs.svcs.inbound.adptrsvcs__getPlanServices_range"."cacheName",
"jdbcConnName": vars."wm_ocs.svcs.inbound.adptrsvcs__getPlanServices_range"."jdbcConnName",
"cacheKey": vars."wm_ocs.svcs.inbound.adptrsvcs__getPlanServices_range"."cacheKey",
"contentType": vars."wm_ocs.svcs.inbound.adptrsvcs__getPlanServices_range"."contentType",
"finalResponse": vars."wm_ocs.svcs.inbound.adptrsvcs__getPlanServices_range"."finalResponse",
"expirationTime": vars."wm_ocs.svcs.inbound.adptrsvcs__getPlanServices_range"."expirationTime",
"SVC_LINE_ID": vars."wm_ocs.svcs.inbound.adptrsvcs__getPlanServices_range"."SVC_LINE_ID",
"SVCCD": vars."wm_ocs.svcs.inbound.adptrsvcs__getPlanServices_range"."SVCCD",
"TKTNUM": vars."wm_ocs.svcs.inbound.adptrsvcs__getPlanServices_range"."TKTNUM",
"TKTTYPE": vars."wm_ocs.svcs.inbound.adptrsvcs__getPlanServices_range"."TKTTYPE",
"TICKET_LOAD_TYPE": vars."wm_ocs.svcs.inbound.adptrsvcs__getPlanServices_range"."TICKET_LOAD_TYPE",
"ROUTE_ID": vars."wm_ocs.svcs.inbound.adptrsvcs__getPlanServices_range"."ROUTE_ID",
"PLANDTE": vars."wm_ocs.svcs.inbound.adptrsvcs__getPlanServices_range"."PLANDTE",
"ORDERDTE": vars."wm_ocs.svcs.inbound.adptrsvcs__getPlanServices_range"."ORDERDTE",
"EXCP_CD": vars."wm_ocs.svcs.inbound.adptrsvcs__getPlanServices_range"."EXCP_CD",
"EXCP_CLASS": vars."wm_ocs.svcs.inbound.adptrsvcs__getPlanServices_range"."EXCP_CLASS",
"SVCTIME": vars."wm_ocs.svcs.inbound.adptrsvcs__getPlanServices_range"."SVCTIME",
"STATUS": vars."wm_ocs.svcs.inbound.adptrsvcs__getPlanServices_range"."STATUS",
"RTE_PKEYID": vars."wm_ocs.svcs.inbound.adptrsvcs__getPlanServices_range"."RTE_PKEYID",
"CUST_ORDER_PKEY": vars."wm_ocs.svcs.inbound.adptrsvcs__getPlanServices_range"."CUST_ORDER_PKEY",
"CUST_SVC_PKEY": vars."wm_ocs.svcs.inbound.adptrsvcs__getPlanServices_range"."CUST_SVC_PKEY",
"LOB": vars."wm_ocs.svcs.inbound.adptrsvcs__getPlanServices_range"."LOB",
"TIMEZONE": vars."wm_ocs.svcs.inbound.adptrsvcs__getPlanServices_range"."TIMEZONE",
"servicesTemp": {
  "SVC_LINE_ID": vars."wm_ocs.svcs.inbound.adptrsvcs__getPlanServices_range"."servicesTemp.SVC_LINE_ID",
  "SVCCD": vars."wm_ocs.svcs.inbound.adptrsvcs__getPlanServices_range"."servicesTemp.SVCCD",
  "TKTNUM": vars."wm_ocs.svcs.inbound.adptrsvcs__getPlanServices_range"."servicesTemp.TKTNUM",
  "TKTTYPE": vars."wm_ocs.svcs.inbound.adptrsvcs__getPlanServices_range"."servicesTemp.TKTTYPE",
  "TICKET_LOAD_TYPE": vars."wm_ocs.svcs.inbound.adptrsvcs__getPlanServices_range"."servicesTemp.TICKET_LOAD_TYPE",
  "PLANDTE": vars."wm_ocs.svcs.inbound.adptrsvcs__getPlanServices_range"."servicesTemp.PLANDTE",
  "ORDERDTE": vars."wm_ocs.svcs.inbound.adptrsvcs__getPlanServices_range"."servicesTemp.ORDERDTE",
  "EXCP_CLASS": vars."wm_ocs.svcs.inbound.adptrsvcs__getPlanServices_range"."servicesTemp.EXCP_CLASS",
  "SVCTIME": vars."wm_ocs.svcs.inbound.adptrsvcs__getPlanServices_range"."servicesTemp.SVCTIME",
  "STATUS": vars."wm_ocs.svcs.inbound.adptrsvcs__getPlanServices_range"."servicesTemp.STATUS",
  "LOB": vars."wm_ocs.svcs.inbound.adptrsvcs__getPlanServices_range"."servicesTemp.LOB",
  "ROUTE_ID": vars."wm_ocs.svcs.inbound.adptrsvcs__getPlanServices_range"."servicesTemp.ROUTE_ID",
  "TIMEZONE": vars."wm_ocs.svcs.inbound.adptrsvcs__getPlanServices_range"."servicesTemp.TIMEZONE",
  "EXCP_CD": vars."wm_ocs.svcs.inbound.adptrsvcs__getPlanServices_range"."servicesTemp.EXCP_CD"
}
}
]]></ee:set-variable>
			</ee:variables>
		</ee:transform>
    
                                                    </foreach>
                                                </try>
                                            </when>
                                            <otherwise>
                                                <try doc:name="SEQUENCE">
                                                    <db:select config-ref="wm_ocs.conn:JDBC_CONN_OCSD_CAAG_USER" doc:id="xfryeqxl-eadc-40b9-98cc-268d14076da0" doc:name="wm_ocs.svcs.inbound.adptrsvcs:getPlanServices" target="wm_ocs.svcs.inbound.adptrsvcs:getplanservices">
                                                        <db:sql>SELECT ${field}&#13;
  FROM (SELECT UNIQUEID,&#13;
                 PLANDTE,&#13;
                 ORDERDTE,&#13;
                 LOB,&#13;
                 ROUTE_ID,&#13;
                 RTE_PKEYID,&#13;
                 TKTNUM,&#13;
                 TKTTYPE,&#13;
                 TICKET_LOAD_TYPE,&#13;
       NVL (&#13;
                    CASE&#13;
                                         WHEN COUNT ( DISTINCT TP.TEXT) &gt; 1&#13;
                                         THEN&#13;
                                            'Multiple Exceptions'&#13;
                                         WHEN COUNT (DISTINCT TP.TEXT) =  1&#13;
                                         THEN&#13;
                                            MIN (TP.TEXT)&#13;
                                         ELSE&#13;
                                            NULL&#13;
                    END,&#13;
                            '--')&#13;
                            EXCP_CD,&#13;
                 STATUS,&#13;
                 SVC_LINE_ID,&#13;
                SVCCD,&#13;
                 TIMEZONE&#13;
            FROM (SELECT NVL (vc.UNIQUEID, '--') UNIQUEID,&#13;
                         NVL (TO_CHAR (t.plandate, 'MM/DD/YYYY'), '--') PLANDTE,&#13;
                         NVL (TO_CHAR (t.routeorder.orderdate, 'MM/DD/YYYY'),&#13;
                              '--')&#13;
                            ORDERDTE,&#13;
                         NVL (T.LOB.name, '--') LOB,&#13;
                         NVL (t.routeorder.route.id, '--') ROUTE_ID,&#13;
                         DECODE (t.routeorder.pkey,&#13;
                                 NULL, '--',&#13;
                                 t.routeorder.pkey)&#13;
                            RTE_PKEYID,&#13;
                         DECODE (t.ticketnumber, NULL, '--', t.ticketnumber)&#13;
                            TKTNUM,&#13;
                         NVL (t.reasoncode, '--') TKTTYPE,&#13;
                         NVL (t.ticketloadtype.uniqueid, '--') TICKET_LOAD_TYPE,&#13;
                         NVL (DECODE &#13;
                        (&#13;
                            (CASE&#13;
                            WHEN T.CANCELED = 'X' THEN 'CANCELED'&#13;
                            WHEN T.CLOSED = 'X' THEN 'CLOSED'&#13;
                            ELSE NVL (CS.CONFIRMATIONSTATUS,R.STATUS.ACTIVE.CODE)&#13;
                            END),&#13;
                            'CONFIRMEDPOS', 'Confirmed Positive',&#13;
                            'CONFIRMEDNEG', 'Confirmed Negative',&#13;
                            'CONFIRMEDINC', 'Confirmed Incomplete',&#13;
                            'WORKING', 'In Progress',&#13;
                            'REJECTED', 'Rejected',&#13;
                            'CLOSED', 'Closed',&#13;
                            'CANCELED', 'Suspended/Cancelled',&#13;
                            'In Progress', 'In Progress','Planned'&#13;
                        ),'--') STATUS,&#13;
    NVL( s.id,'--') SVC_LINE_ID,   &#13;
                         NVL (s.code, '--') svccd,&#13;
                         t.pkey CUST_ORDER_PKEY,&#13;
                         s.pkey CUST_SVC_PKEY&#13;
                         ,vc.site.TIMEZONE TIMEZONE&#13;
                    FROM ocs_admin.vp_customer vc&#13;
                         INNER JOIN ocs_admin.vp_customerorder t&#13;
                            ON t.customer = ref (vc)&#13;
                         LEFT OUTER JOIN ocs_admin.vp_co_workstatus R&#13;
                            ON ref(t) = r.customerorder&#13;
                         INNER JOIN ocs_admin.tn_customerservice s&#13;
                           ON t.pkey = s.fk_customerorder&#13;
                         LEFT OUTER JOIN&#13;
                         ocs_admin.tp_cs_result cs&#13;
                            ON     cs.fk_customerservice = s.pkey&#13;
                               AND cs.fk_vehicle IS NOT NULL&#13;
WHERE     t.routeorder.orderdate &gt;= TRUNC(SYSDATE) and t.assigned = 'X'&#13;
                         AND VC.UNIQUEID = ?) t&#13;
                 LEFT OUTER JOIN&#13;
                 ocs_admin.tp_co_haulcall o&#13;
                    ON     CUST_ORDER_PKEY = o.fk_customerorder&#13;
                       AND (o.fk_customerservice is null or CUST_SVC_PKEY = o.fk_customerservice)&#13;
                       AND o.fk_vehicle IS NOT NULL&#13;
                 LEFT OUTER JOIN ocs_admin.tp_template tp&#13;
                    ON tp.pkey = o.fk_haulcall&#13;
        GROUP BY CUST_ORDER_PKEY,&#13;
                 UNIQUEID,&#13;
                 PLANDTE,&#13;
                 ORDERDTE,&#13;
                 LOB,&#13;
                 ROUTE_ID,&#13;
                 RTE_PKEYID,&#13;
                 TKTNUM,&#13;
                 TKTTYPE,&#13;
                 TICKET_LOAD_TYPE,&#13;
                 STATUS,&#13;
                 SVC_LINE_ID,&#13;
                 SVCCD,&#13;
                 TIMEZONE&#13;
        ORDER BY ORDERDTE)</db:sql>
                                                    </db:select>
                                                    <set-payload doc:id="ezwfqizf-eadc-40b9-98cc-268d14076da0" doc:name="Set Payload" name="set_payload" value="#[payload]"/>
                                                    <foreach collection="#[payload]" doc:id="flmyzkuz-eadc-40b9-98cc-268d14076da0" doc:name="LOOP" name="LOOP">
                                                        
<ee:transform doc:name="MAP" doc:id="0af093a1-f36b-4a65-9f3f-7a904ab46e8b" >
			<ee:message >
			</ee:message>
			<ee:variables>
				<ee:set-variable variableName="MAP" ><![CDATA[%dw 2.0
output application/json
var string = "call pub.string:objectToString with args:"
var result = "call pub.string:objectToString with args:"

---
	{"services": {
  "operations": {
    "route_order_number": string_1,
    "route_id": vars."wm_ocs.svcs.inbound.adptrsvcs__getPlanServices"."services.operations.route_id"
  },
  "id": vars."wm_ocs.svcs.inbound.adptrsvcs__getPlanServices"."services.id",
  "wm_metadata": {
    "service_code": vars."wm_ocs.svcs.inbound.adptrsvcs__getPlanServices"."services.wm_metadata.service_code",
    "site_timezone": vars."wm_ocs.svcs.inbound.adptrsvcs__getPlanServices"."services.wm_metadata.site_timezone"
  },
  "ticket_number": vars."wm_ocs.svcs.inbound.adptrsvcs__getPlanServices"."services.ticket_number",
  "ticket_type": vars."wm_ocs.svcs.inbound.adptrsvcs__getPlanServices"."services.ticket_type",
  "ticket_load_type": vars."wm_ocs.svcs.inbound.adptrsvcs__getPlanServices"."services.ticket_load_type",
  "planned_date": vars."wm_ocs.svcs.inbound.adptrsvcs__getPlanServices"."services.planned_date",
  "ordered_date": vars."wm_ocs.svcs.inbound.adptrsvcs__getPlanServices"."services.ordered_date",
  "exception_class": vars."wm_ocs.svcs.inbound.adptrsvcs__getPlanServices"."services.exception_class",
  "service_time": vars."wm_ocs.svcs.inbound.adptrsvcs__getPlanServices"."services.service_time",
  "status": vars."wm_ocs.svcs.inbound.adptrsvcs__getPlanServices"."services.status",
  "line_of_business": vars."wm_ocs.svcs.inbound.adptrsvcs__getPlanServices"."services.line_of_business",
  "exception_reason_code": vars."wm_ocs.svcs.inbound.adptrsvcs__getPlanServices"."services.exception_reason_code"
},
"cacheManager": vars."wm_ocs.svcs.inbound.adptrsvcs__getPlanServices"."cacheManager",
"configFileName": vars."wm_ocs.svcs.inbound.adptrsvcs__getPlanServices"."configFileName",
"count": vars."wm_ocs.svcs.inbound.adptrsvcs__getPlanServices"."count",
"customer_id": vars."wm_ocs.svcs.inbound.adptrsvcs__getPlanServices"."customer_id",
"Cache-Control": vars."wm_ocs.svcs.inbound.adptrsvcs__getPlanServices"."Cache-Control",
"If-Modified-Since": vars."wm_ocs.svcs.inbound.adptrsvcs__getPlanServices"."If-Modified-Since",
"Accept": vars."wm_ocs.svcs.inbound.adptrsvcs__getPlanServices"."Accept",
"fields": vars."wm_ocs.svcs.inbound.adptrsvcs__getPlanServices"."fields",
"type": vars."wm_ocs.svcs.inbound.adptrsvcs__getPlanServices"."type",
"pathHeader": vars."wm_ocs.svcs.inbound.adptrsvcs__getPlanServices"."pathHeader",
"limit": vars."wm_ocs.svcs.inbound.adptrsvcs__getPlanServices"."limit",
"offset": vars."wm_ocs.svcs.inbound.adptrsvcs__getPlanServices"."offset",
"etagOutput": vars."wm_ocs.svcs.inbound.adptrsvcs__getPlanServices"."etagOutput",
"cacheManagerName": vars."wm_ocs.svcs.inbound.adptrsvcs__getPlanServices"."cacheManagerName",
"cacheName": vars."wm_ocs.svcs.inbound.adptrsvcs__getPlanServices"."cacheName",
"jdbcConnName": vars."wm_ocs.svcs.inbound.adptrsvcs__getPlanServices"."jdbcConnName",
"cacheKey": vars."wm_ocs.svcs.inbound.adptrsvcs__getPlanServices"."cacheKey",
"contentType": vars."wm_ocs.svcs.inbound.adptrsvcs__getPlanServices"."contentType",
"finalResponse": vars."wm_ocs.svcs.inbound.adptrsvcs__getPlanServices"."finalResponse",
"expirationTime": vars."wm_ocs.svcs.inbound.adptrsvcs__getPlanServices"."expirationTime",
"SVC_LINE_ID": vars."wm_ocs.svcs.inbound.adptrsvcs__getPlanServices"."SVC_LINE_ID",
"SVCCD": vars."wm_ocs.svcs.inbound.adptrsvcs__getPlanServices"."SVCCD",
"TKTNUM": vars."wm_ocs.svcs.inbound.adptrsvcs__getPlanServices"."TKTNUM",
"TKTTYPE": vars."wm_ocs.svcs.inbound.adptrsvcs__getPlanServices"."TKTTYPE",
"TICKET_LOAD_TYPE": vars."wm_ocs.svcs.inbound.adptrsvcs__getPlanServices"."TICKET_LOAD_TYPE",
"ROUTE_ID": vars."wm_ocs.svcs.inbound.adptrsvcs__getPlanServices"."ROUTE_ID",
"PLANDTE": vars."wm_ocs.svcs.inbound.adptrsvcs__getPlanServices"."PLANDTE",
"ORDERDTE": vars."wm_ocs.svcs.inbound.adptrsvcs__getPlanServices"."ORDERDTE",
"EXCP_CD": vars."wm_ocs.svcs.inbound.adptrsvcs__getPlanServices"."EXCP_CD",
"EXCP_CLASS": vars."wm_ocs.svcs.inbound.adptrsvcs__getPlanServices"."EXCP_CLASS",
"SVCTIME": vars."wm_ocs.svcs.inbound.adptrsvcs__getPlanServices"."SVCTIME",
"STATUS": vars."wm_ocs.svcs.inbound.adptrsvcs__getPlanServices"."STATUS",
"RTE_PKEYID": vars."wm_ocs.svcs.inbound.adptrsvcs__getPlanServices"."RTE_PKEYID",
"CUST_ORDER_PKEY": vars."wm_ocs.svcs.inbound.adptrsvcs__getPlanServices"."CUST_ORDER_PKEY",
"CUST_SVC_PKEY": vars."wm_ocs.svcs.inbound.adptrsvcs__getPlanServices"."CUST_SVC_PKEY",
"LOB": vars."wm_ocs.svcs.inbound.adptrsvcs__getPlanServices"."LOB",
"TIMEZONE": vars."wm_ocs.svcs.inbound.adptrsvcs__getPlanServices"."TIMEZONE",
"servicesTemp": {
  "SVC_LINE_ID": vars."wm_ocs.svcs.inbound.adptrsvcs__getPlanServices"."servicesTemp.SVC_LINE_ID",
  "SVCCD": vars."wm_ocs.svcs.inbound.adptrsvcs__getPlanServices"."servicesTemp.SVCCD",
  "TKTNUM": vars."wm_ocs.svcs.inbound.adptrsvcs__getPlanServices"."servicesTemp.TKTNUM",
  "TKTTYPE": vars."wm_ocs.svcs.inbound.adptrsvcs__getPlanServices"."servicesTemp.TKTTYPE",
  "TICKET_LOAD_TYPE": vars."wm_ocs.svcs.inbound.adptrsvcs__getPlanServices"."servicesTemp.TICKET_LOAD_TYPE",
  "PLANDTE": vars."wm_ocs.svcs.inbound.adptrsvcs__getPlanServices"."servicesTemp.PLANDTE",
  "ORDERDTE": vars."wm_ocs.svcs.inbound.adptrsvcs__getPlanServices"."servicesTemp.ORDERDTE",
  "EXCP_CLASS": vars."wm_ocs.svcs.inbound.adptrsvcs__getPlanServices"."servicesTemp.EXCP_CLASS",
  "SVCTIME": vars."wm_ocs.svcs.inbound.adptrsvcs__getPlanServices"."servicesTemp.SVCTIME",
  "STATUS": vars."wm_ocs.svcs.inbound.adptrsvcs__getPlanServices"."servicesTemp.STATUS",
  "LOB": vars."wm_ocs.svcs.inbound.adptrsvcs__getPlanServices"."servicesTemp.LOB",
  "ROUTE_ID": vars."wm_ocs.svcs.inbound.adptrsvcs__getPlanServices"."servicesTemp.ROUTE_ID",
  "TIMEZONE": vars."wm_ocs.svcs.inbound.adptrsvcs__getPlanServices"."servicesTemp.TIMEZONE",
  "EXCP_CD": vars."wm_ocs.svcs.inbound.adptrsvcs__getPlanServices"."servicesTemp.EXCP_CD"
}
}
]]></ee:set-variable>
			</ee:variables>
		</ee:transform>
    
                                                    </foreach>
                                                </try>
                                            </otherwise>
                                        </choice>
                                    </try>
                                </otherwise>
                            </choice>
                            <choice doc:name="BRANCH">
                                <when expression="%count%!=0">
                                    <try doc:name="SEQUENCE">
                                        
<ee:transform doc:name="MAP" doc:id="0af093a1-f36b-4a65-9f3f-7a904ab46e8b" >
			<ee:message >
			</ee:message>
			<ee:variables>
				<ee:set-variable variableName="MAP" ><![CDATA[%dw 2.0
output application/json
---
	{"Routes": {
  "_metadata": {
    "totalCount": '' ++ vars.MAP.count '
  }
},
"metadata": {
  "totalCount": payload."count"
},
"cacheManager": vars.MAP."cacheManager",
"configFileName": vars.MAP."configFileName",
"count": vars.MAP."count",
"customer_id": vars.MAP."customer_id",
"Cache-Control": vars.MAP."Cache-Control",
"If-Modified-Since": vars.MAP."If-Modified-Since",
"Accept": vars.MAP."Accept",
"type": vars.MAP."type",
"pathHeader": vars.MAP."pathHeader",
"limit": vars.MAP."limit",
"cacheManagerName": vars.MAP."cacheManagerName",
"cacheName": vars.MAP."cacheName",
"offset": vars.MAP."offset",
"customerUnqID": vars.MAP."customerUnqID",
"fields": vars.MAP."fields",
"totalCount": vars.MAP."totalCount",
"cachekey": vars.MAP."cachekey",
"jdbcConnName": vars.MAP."jdbcConnName",
"finalResponse": vars.MAP."finalResponse",
"etagOutput": vars.MAP."etagOutput",
"contentType": vars.MAP."contentType",
"cacheKey": vars.MAP."cacheKey",
"expirationTime": vars.MAP."expirationTime"
}
]]></ee:set-variable>
			</ee:variables>
		</ee:transform>
    
                                        
<ee:transform doc:name="MAP" doc:id="0af093a1-f36b-4a65-9f3f-7a904ab46e8b" >
			<ee:message >
			</ee:message>
			<ee:variables>
				<ee:set-variable variableName="MAP" ><![CDATA[%dw 2.0
output application/json
---
	{"document": {
  "services": payload."services",
  "metadata": payload."metadata",
  "request_tracking_id": payload."msgHeader.transactionID"
},
"cacheManager": vars.MAP."cacheManager",
"configFileName": vars.MAP."configFileName",
"count": vars.MAP."count",
"customer_id": vars.MAP."customer_id",
"Cache-Control": vars.MAP."Cache-Control",
"If-Modified-Since": vars.MAP."If-Modified-Since",
"Accept": vars.MAP."Accept",
"fields": vars.MAP."fields",
"type": vars.MAP."type",
"pathHeader": vars.MAP."pathHeader",
"limit": vars.MAP."limit",
"offset": vars.MAP."offset",
"etagOutput": vars.MAP."etagOutput",
"cacheManagerName": vars.MAP."cacheManagerName",
"cacheName": vars.MAP."cacheName",
"jdbcConnName": vars.MAP."jdbcConnName",
"cacheKey": vars.MAP."cacheKey",
"request_tracking_id": payload."request_tracking_id",
"contentType": vars.MAP."contentType",
"finalResponse": vars.MAP."finalResponse",
"expirationTime": vars.MAP."expirationTime",
"totalCount": vars.MAP."totalCount",
"metadata": {
  "limit": vars.MAP."metadata.limit",
  "offset": vars.MAP."metadata.offset",
  "totalCount": vars.MAP."metadata.totalCount"
},
"msgHeader": {
  "transactionID": payload."msgHeader.transactionID"
}
}
]]></ee:set-variable>
			</ee:variables>
		</ee:transform>
    
                                        <logger doc:id="pzuiihvt-eadc-40b9-98cc-268d14076da0" doc:name="wm_common.utils:checkAcceptHeader" level="INFO"/>
                                        <logger doc:id="ljewxnpi-eadc-40b9-98cc-268d14076da0" doc:name="wm_common.utils:checkIfModifiedSinceHeader" level="INFO"/>
                                        <os:store doc:id="ciwkttwt-eadc-40b9-98cc-268d14076da0" doc:name="pub.cache:put" key="#[attributes.headers.key]" name="pub.cache:put" objectStore="pub.cache-put_conn">
                                            <os:value>#[ payload ]</os:value>
                                        </os:store>
                                        <logger doc:id="qezvpxzb-eadc-40b9-98cc-268d14076da0" doc:name="CAAG.javasvcs:getExpirationTime" level="INFO"/>
                                        <logger doc:id="wzvcmnmn-eadc-40b9-98cc-268d14076da0" doc:name="pub.flow:setResponseHeader" level="INFO"/>
                                    </try>
                                </when>
                                <otherwise>
                                    <try doc:name="SEQUENCE">
                                        
<ee:transform doc:name="MAP" doc:id="0af093a1-f36b-4a65-9f3f-7a904ab46e8b" >
			<ee:message >
			</ee:message>
			<ee:variables>
				<ee:set-variable variableName="MAP" ><![CDATA[%dw 2.0
output application/json
---
	{"contentType": 'application/json',
"initParams": {
  "subjectNote": 'OCS',
  "errorCode": '204'
},
"cacheManager": vars."pub.flow__setResponseHeader"."cacheManager",
"configFileName": vars."pub.flow__setResponseHeader"."configFileName",
"count": vars."pub.flow__setResponseHeader"."count",
"customer_id": vars."pub.flow__setResponseHeader"."customer_id",
"Cache-Control": vars."pub.flow__setResponseHeader"."Cache-Control",
"If-Modified-Since": vars."pub.flow__setResponseHeader"."If-Modified-Since",
"Accept": vars."pub.flow__setResponseHeader"."Accept",
"fields": vars."pub.flow__setResponseHeader"."fields",
"type": vars."pub.flow__setResponseHeader"."type",
"pathHeader": vars."pub.flow__setResponseHeader"."pathHeader",
"limit": vars."pub.flow__setResponseHeader"."limit",
"offset": vars."pub.flow__setResponseHeader"."offset",
"cachekey": vars."pub.flow__setResponseHeader"."cachekey",
"etagOutput": vars."pub.flow__setResponseHeader"."etagOutput",
"cacheManagerName": vars."pub.flow__setResponseHeader"."cacheManagerName",
"cacheName": vars."pub.flow__setResponseHeader"."cacheName",
"jdbcConnName": vars."pub.flow__setResponseHeader"."jdbcConnName",
"finalResponse": vars."pub.flow__setResponseHeader"."finalResponse",
"expirationTime": vars."pub.flow__setResponseHeader"."expirationTime"
}
]]></ee:set-variable>
			</ee:variables>
		</ee:transform>
    
                                        <logger doc:id="ikdlcbzr-eadc-40b9-98cc-268d14076da0" doc:name="wm_common.utils:throwError" level="INFO"/>
                                    </try>
                                </otherwise>
                            </choice>
                            
<ee:transform doc:name="MAP" doc:id="0af093a1-f36b-4a65-9f3f-7a904ab46e8b" >
			<ee:message >
			</ee:message>
			<ee:variables>
				<ee:set-variable variableName="MAP" ><![CDATA[%dw 2.0
output application/json
---
	{"initParams": {
  "customUID": '' ++ vars.MAP.cachekey '
},
"count": vars."wm_common.utils__throwError"."count",
"cacheManager": vars."wm_common.utils__throwError"."cacheManager",
"fields": vars."wm_common.utils__throwError"."fields",
"requestSubjectCd": payload."requestSubjectCd",
"requestByTypeCd": payload."requestByTypeCd",
"jsonString": vars."wm_common.utils__throwError"."jsonString",
"offset": vars."wm_common.utils__throwError"."offset",
"cacheManagerName": vars."wm_common.utils__throwError"."cacheManagerName",
"limit": vars."wm_common.utils__throwError"."limit",
"If-None-Match": payload."If-None-Match",
"cacheName": vars."wm_common.utils__throwError"."cacheName",
"connection_ocs": vars."wm_common.utils__throwError"."connection_ocs",
"iscache": payload."iscache",
"cachekey": vars."wm_common.utils__throwError"."cachekey",
"customerUnqID": vars."wm_common.utils__throwError"."customerUnqID",
"expirationTime": vars."wm_common.utils__throwError"."expirationTime"
}
]]></ee:set-variable>
			</ee:variables>
		</ee:transform>
    
                        </try>
                    </otherwise>
                </choice>
                
<ee:transform doc:name="MAP" doc:id="0af093a1-f36b-4a65-9f3f-7a904ab46e8b" >
			<ee:message >
			</ee:message>
			<ee:variables>
				<ee:set-variable variableName="MAP" ><![CDATA[%dw 2.0
output application/json
---
	{"fields": vars.MAP."fields",
"numberOfDays": payload."numberOfDays",
"serviceStatsFlag": payload."serviceStatsFlag"
}
]]></ee:set-variable>
			</ee:variables>
		</ee:transform>
    
            </try>
            <try doc:name="SEQUENCE">
                <logger doc:id="kxfuywpx-eadc-40b9-98cc-268d14076da0" doc:name="pub.flow:getLastError" level="INFO"/>
                <logger doc:id="amcrymuf-eadc-40b9-98cc-268d14076da0" doc:name="wm_errorhandling.utils:getCallingService" level="INFO"/>
                <logger doc:id="awmpvque-eadc-40b9-98cc-268d14076da0" doc:name="wm_errorhandling.svcs.flowsvcs:createErrorMsg_FW1" level="INFO"/>
                
<ee:transform doc:name="MAP" doc:id="0af093a1-f36b-4a65-9f3f-7a904ab46e8b" >
			<ee:message >
			</ee:message>
			<ee:variables>
				<ee:set-variable variableName="MAP" ><![CDATA[%dw 2.0
output application/json
---
	{"contentType": 'application/json'
}
]]></ee:set-variable>
			</ee:variables>
		</ee:transform>
    
                <logger doc:id="yygdjvsh-eadc-40b9-98cc-268d14076da0" doc:name="EXIT" level="INFO"/>
            </try>
        </try>
        <try doc:name="SEQUENCE">
            <try doc:name="SEQUENCE">
                <ee:transform doc:id="hfhewttp-9b5e-4a86-b01c-cd738c5276d4" doc:name="MAP">
                    <ee:variables>
                        <ee:set-variable variableName="MAP">%dw 2.0
output application/json
---
vars.""</ee:set-variable>
                    </ee:variables>
                </ee:transform>
                <logger doc:id="ebalshvb-eadc-40b9-98cc-268d14076da0" doc:name="wm_common.utils:constructCacheKey" level="INFO"/>
                <os:retrieve doc:id="kacejlal-eadc-40b9-98cc-268d14076da0" doc:name="pub.cache:get" key="#[attributes.headers.key]" name="pub.cache:get" objectStore="pub.cache-get_conn" target="pub.cache:get">
                    <os:default-value/>
                </os:retrieve>
                <choice doc:name="BRANCH">
                    <when expression="% /finalResponse% = /[^ ]/">
                        <try doc:name="SEQUENCE">
                            <logger doc:id="oscyroqi-eadc-40b9-98cc-268d14076da0" doc:name="CAAG.javasvcs:getExpirationTime" level="INFO"/>
                            <logger doc:id="anrndnjl-eadc-40b9-98cc-268d14076da0" doc:name="pub.flow:setResponseHeader" level="INFO"/>
                            <logger doc:id="racmcjpa-eadc-40b9-98cc-268d14076da0" doc:name="wm_common.utils:createEtag" level="INFO"/>
                            <logger doc:id="krjthwbo-eadc-40b9-98cc-268d14076da0" doc:name="wm_common.utils:checkIfModifiedSinceHeader" level="INFO"/>
                        </try>
                    </when>
                    <otherwise>
                        <try doc:name="SEQUENCE">
                            <choice doc:name="BRANCH">
                                <when expression="%offset%!=$null &amp;&amp; %limit%!=$null &amp;&amp; %offset%!=&quot;&quot; &amp;&amp; %limit% !=&quot;&quot;">
                                    <try doc:name="SEQUENCE">
                                        <ee:transform doc:id="scxhjvfg-9b5e-4a86-b01c-cd738c5276d4" doc:name="MAP">
                                            <ee:variables>
                                                <ee:set-variable variableName="MAP">%dw 2.0
output application/json
---
vars.""</ee:set-variable>
                                            </ee:variables>
                                        </ee:transform>
                                        <ee:transform doc:id="plidbumg-9b5e-4a86-b01c-cd738c5276d4" doc:name="MAP">
                                            <ee:variables>
                                                <ee:set-variable variableName="MAP">%dw 2.0
output application/json
---
vars.""</ee:set-variable>
                                            </ee:variables>
                                        </ee:transform>
                                    </try>
                                </when>
                            </choice>
                            <choice doc:name="BRANCH">
                                <when expression="% /fields% = /[^ ]/">
                                    <try doc:name="SEQUENCE">
                                        <choice doc:name="BRANCH">
                                            <when expression="% /limit% = /[^ ]/">
                                                <try doc:name="SEQUENCE">
                                                    <db:execute-ddl config-ref="wm_ocs.conn:JDBC_CONN_OCSD_CAAG_USER" doc:id="wwlmsvvr-eadc-40b9-98cc-268d14076da0" doc:name="wm_ocs.svcs.inbound.adptrsvcs:getPlanServices_range" target="wm_ocs.svcs.inbound.adptrsvcs:getplanservices_range">
                                                        <db:sql>SELECT ${field}&#13;
    FROM (SELECT NVL(UNIQUEID,'--') UNIQUEID,&#13;
         NVL(PLANDTE,'--') PLANDTE,&#13;
         NVL(ORDERDTE,'--') ORDERDTE,&#13;
         NVL(LOB,'--') LOB,&#13;
         NVL(ROUTE_ID,'--') ROUTE_ID,&#13;
         DECODE(RTE_PKEYID,NULL,'--',RTE_PKEYID) RTE_PKEYID,&#13;
         NVL(STATUS,'--') STATUS,&#13;
         NVL(SVC_LINE_ID,'--') SVC_LINE_ID,&#13;
         NVL(svccd,'--') svccd,&#13;
     TIMEZONE&#13;
    FROM (SELECT t.customer.UNIQUEID UNIQUEID,&#13;
                 TO_CHAR (t.plandate, 'MM/DD/YYYY') PLANDTE,&#13;
                 TO_CHAR (t.routeorder.orderdate, 'MM/DD/YYYY') ORDERDTE,&#13;
                 T.LOB.name LOB,&#13;
                 t.routeorder.route.id ROUTE_ID,&#13;
                 t.routeorder.pkey RTE_PKEYID,&#13;
                 NVL (DECODE &#13;
                 ((CASE&#13;
                 WHEN T.CANCELED = 'X' THEN 'CANCELED'&#13;
                 WHEN T.CLOSED = 'X' THEN 'CLOSED'&#13;
                 ELSE R.STATUS.ACTIVE.CODE&#13;
                 END),&#13;
                'CONFIRMEDPOS', 'Confirmed Positive',&#13;
                'CONFIRMEDNEG', 'Confirmed Negative',&#13;
                'CONFIRMEDINC', 'Confirmed Incomplete',&#13;
                'WORKING', 'In Progress',&#13;
                'REJECTED', 'Rejected',&#13;
                'CLOSED', 'Closed',&#13;
                'CANCELED', 'Suspended/Cancelled',&#13;
                'In Progress', 'In Progress','Planned'&#13;
                ),'--') STATUS,&#13;
                 s.id SVC_LINE_ID,    &#13;
                 s.code svccd,&#13;
         t.site.TIMEZONE TIMEZONE,&#13;
                 ROW_NUMBER () OVER (ORDER BY r.status.active.created DESC) rn&#13;
            FROM ocs_admin.vp_customerorder t&#13;
                 LEFT OUTER JOIN ocs_admin.vp_co_workstatus R&#13;
                    ON REF (t) = r.customerorder&#13;
                 INNER JOIN ocs_admin.vp_customerservice s&#13;
                    ON REF (t) = s.customerorder&#13;
           WHERE     t.routeorder.orderdate &gt;= TRUNC(SYSDATE) and t.assigned = 'X'&#13;
                 AND EXISTS&#13;
                        (SELECT 1&#13;
                           FROM OCS_ADMIN.VP_CUSTOMER VC&#13;
                          WHERE     VC.PKEY = T.CUSTOMER.PKEY&#13;
                                AND VC.UNIQUEID =?)&#13;
            ORDER BY t.routeorder.orderdate)&#13;
   WHERE rn BETWEEN ? AND ?);</db:sql>
                                                    </db:execute-ddl>
                                                    <set-payload doc:id="ixvwbohu-eadc-40b9-98cc-268d14076da0" doc:name="Set Payload" name="set_payload" value="#[payload]"/>
                                                    <foreach collection="#[payload]" doc:id="vfregpqx-eadc-40b9-98cc-268d14076da0" doc:name="LOOP" name="LOOP">
                                                        <ee:transform doc:id="jcrydcmw-9b5e-4a86-b01c-cd738c5276d4" doc:name="MAP">
                                                            <ee:variables>
                                                                <ee:set-variable variableName="MAP">%dw 2.0
output application/json
---
vars.""</ee:set-variable>
                                                            </ee:variables>
                                                        </ee:transform>
                                                    </foreach>
                                                </try>
                                            </when>
                                            <otherwise>
                                                <try doc:name="SEQUENCE">
                                                    <db:select config-ref="wm_ocs.conn:JDBC_CONN_OCSD_CAAG_USER" doc:id="gazhapdp-eadc-40b9-98cc-268d14076da0" doc:name="wm_ocs.svcs.inbound.adptrsvcs:getPlanServices" target="wm_ocs.svcs.inbound.adptrsvcs:getplanservices">
                                                        <db:sql>SELECT ${field}&#13;
  FROM (SELECT UNIQUEID,&#13;
                 PLANDTE,&#13;
                 ORDERDTE,&#13;
                 LOB,&#13;
                 ROUTE_ID,&#13;
                 RTE_PKEYID,&#13;
                 TKTNUM,&#13;
                 TKTTYPE,&#13;
                 TICKET_LOAD_TYPE,&#13;
       NVL (&#13;
                    CASE&#13;
                                         WHEN COUNT ( DISTINCT TP.TEXT) &gt; 1&#13;
                                         THEN&#13;
                                            'Multiple Exceptions'&#13;
                                         WHEN COUNT (DISTINCT TP.TEXT) =  1&#13;
                                         THEN&#13;
                                            MIN (TP.TEXT)&#13;
                                         ELSE&#13;
                                            NULL&#13;
                    END,&#13;
                            '--')&#13;
                            EXCP_CD,&#13;
                 STATUS,&#13;
                 SVC_LINE_ID,&#13;
                SVCCD,&#13;
                 TIMEZONE&#13;
            FROM (SELECT NVL (vc.UNIQUEID, '--') UNIQUEID,&#13;
                         NVL (TO_CHAR (t.plandate, 'MM/DD/YYYY'), '--') PLANDTE,&#13;
                         NVL (TO_CHAR (t.routeorder.orderdate, 'MM/DD/YYYY'),&#13;
                              '--')&#13;
                            ORDERDTE,&#13;
                         NVL (T.LOB.name, '--') LOB,&#13;
                         NVL (t.routeorder.route.id, '--') ROUTE_ID,&#13;
                         DECODE (t.routeorder.pkey,&#13;
                                 NULL, '--',&#13;
                                 t.routeorder.pkey)&#13;
                            RTE_PKEYID,&#13;
                         DECODE (t.ticketnumber, NULL, '--', t.ticketnumber)&#13;
                            TKTNUM,&#13;
                         NVL (t.reasoncode, '--') TKTTYPE,&#13;
                         NVL (t.ticketloadtype.uniqueid, '--') TICKET_LOAD_TYPE,&#13;
                         NVL (DECODE &#13;
                        (&#13;
                            (CASE&#13;
                            WHEN T.CANCELED = 'X' THEN 'CANCELED'&#13;
                            WHEN T.CLOSED = 'X' THEN 'CLOSED'&#13;
                            ELSE NVL (CS.CONFIRMATIONSTATUS,R.STATUS.ACTIVE.CODE)&#13;
                            END),&#13;
                            'CONFIRMEDPOS', 'Confirmed Positive',&#13;
                            'CONFIRMEDNEG', 'Confirmed Negative',&#13;
                            'CONFIRMEDINC', 'Confirmed Incomplete',&#13;
                            'WORKING', 'In Progress',&#13;
                            'REJECTED', 'Rejected',&#13;
                            'CLOSED', 'Closed',&#13;
                            'CANCELED', 'Suspended/Cancelled',&#13;
                            'In Progress', 'In Progress','Planned'&#13;
                        ),'--') STATUS,&#13;
    NVL( s.id,'--') SVC_LINE_ID,   &#13;
                         NVL (s.code, '--') svccd,&#13;
                         t.pkey CUST_ORDER_PKEY,&#13;
                         s.pkey CUST_SVC_PKEY&#13;
                         ,vc.site.TIMEZONE TIMEZONE&#13;
                    FROM ocs_admin.vp_customer vc&#13;
                         INNER JOIN ocs_admin.vp_customerorder t&#13;
                            ON t.customer = ref (vc)&#13;
                         LEFT OUTER JOIN ocs_admin.vp_co_workstatus R&#13;
                            ON ref(t) = r.customerorder&#13;
                         INNER JOIN ocs_admin.tn_customerservice s&#13;
                           ON t.pkey = s.fk_customerorder&#13;
                         LEFT OUTER JOIN&#13;
                         ocs_admin.tp_cs_result cs&#13;
                            ON     cs.fk_customerservice = s.pkey&#13;
                               AND cs.fk_vehicle IS NOT NULL&#13;
WHERE     t.routeorder.orderdate &gt;= TRUNC(SYSDATE) and t.assigned = 'X'&#13;
                         AND VC.UNIQUEID = ?) t&#13;
                 LEFT OUTER JOIN&#13;
                 ocs_admin.tp_co_haulcall o&#13;
                    ON     CUST_ORDER_PKEY = o.fk_customerorder&#13;
                       AND (o.fk_customerservice is null or CUST_SVC_PKEY = o.fk_customerservice)&#13;
                       AND o.fk_vehicle IS NOT NULL&#13;
                 LEFT OUTER JOIN ocs_admin.tp_template tp&#13;
                    ON tp.pkey = o.fk_haulcall&#13;
        GROUP BY CUST_ORDER_PKEY,&#13;
                 UNIQUEID,&#13;
                 PLANDTE,&#13;
                 ORDERDTE,&#13;
                 LOB,&#13;
                 ROUTE_ID,&#13;
                 RTE_PKEYID,&#13;
                 TKTNUM,&#13;
                 TKTTYPE,&#13;
                 TICKET_LOAD_TYPE,&#13;
                 STATUS,&#13;
                 SVC_LINE_ID,&#13;
                 SVCCD,&#13;
                 TIMEZONE&#13;
        ORDER BY ORDERDTE)</db:sql>
                                                    </db:select>
                                                    <set-payload doc:id="vvtjfria-eadc-40b9-98cc-268d14076da0" doc:name="Set Payload" name="set_payload" value="#[payload]"/>
                                                    <foreach collection="#[payload]" doc:id="ludpfnbt-eadc-40b9-98cc-268d14076da0" doc:name="LOOP" name="LOOP">
                                                        <ee:transform doc:id="xfcplxkr-9b5e-4a86-b01c-cd738c5276d4" doc:name="MAP">
                                                            <ee:variables>
                                                                <ee:set-variable variableName="MAP">%dw 2.0
output application/json
---
vars.""</ee:set-variable>
                                                            </ee:variables>
                                                        </ee:transform>
                                                    </foreach>
                                                </try>
                                            </otherwise>
                                        </choice>
                                    </try>
                                </when>
                                <otherwise>
                                    <try doc:name="SEQUENCE">
                                        <choice doc:name="BRANCH">
                                            <when expression="% /limit% = /[^ ]/">
                                                <try doc:name="SEQUENCE">
                                                    <db:execute-ddl config-ref="wm_ocs.conn:JDBC_CONN_OCSD_CAAG_USER" doc:id="dgaflnbr-eadc-40b9-98cc-268d14076da0" doc:name="wm_ocs.svcs.inbound.adptrsvcs:getPlanServices_range" target="wm_ocs.svcs.inbound.adptrsvcs:getplanservices_range">
                                                        <db:sql>SELECT ${field}&#13;
    FROM (SELECT NVL(UNIQUEID,'--') UNIQUEID,&#13;
         NVL(PLANDTE,'--') PLANDTE,&#13;
         NVL(ORDERDTE,'--') ORDERDTE,&#13;
         NVL(LOB,'--') LOB,&#13;
         NVL(ROUTE_ID,'--') ROUTE_ID,&#13;
         DECODE(RTE_PKEYID,NULL,'--',RTE_PKEYID) RTE_PKEYID,&#13;
         NVL(STATUS,'--') STATUS,&#13;
         NVL(SVC_LINE_ID,'--') SVC_LINE_ID,&#13;
         NVL(svccd,'--') svccd,&#13;
     TIMEZONE&#13;
    FROM (SELECT t.customer.UNIQUEID UNIQUEID,&#13;
                 TO_CHAR (t.plandate, 'MM/DD/YYYY') PLANDTE,&#13;
                 TO_CHAR (t.routeorder.orderdate, 'MM/DD/YYYY') ORDERDTE,&#13;
                 T.LOB.name LOB,&#13;
                 t.routeorder.route.id ROUTE_ID,&#13;
                 t.routeorder.pkey RTE_PKEYID,&#13;
                 NVL (DECODE &#13;
                 ((CASE&#13;
                 WHEN T.CANCELED = 'X' THEN 'CANCELED'&#13;
                 WHEN T.CLOSED = 'X' THEN 'CLOSED'&#13;
                 ELSE R.STATUS.ACTIVE.CODE&#13;
                 END),&#13;
                'CONFIRMEDPOS', 'Confirmed Positive',&#13;
                'CONFIRMEDNEG', 'Confirmed Negative',&#13;
                'CONFIRMEDINC', 'Confirmed Incomplete',&#13;
                'WORKING', 'In Progress',&#13;
                'REJECTED', 'Rejected',&#13;
                'CLOSED', 'Closed',&#13;
                'CANCELED', 'Suspended/Cancelled',&#13;
                'In Progress', 'In Progress','Planned'&#13;
                ),'--') STATUS,&#13;
                 s.id SVC_LINE_ID,    &#13;
                 s.code svccd,&#13;
         t.site.TIMEZONE TIMEZONE,&#13;
                 ROW_NUMBER () OVER (ORDER BY r.status.active.created DESC) rn&#13;
            FROM ocs_admin.vp_customerorder t&#13;
                 LEFT OUTER JOIN ocs_admin.vp_co_workstatus R&#13;
                    ON REF (t) = r.customerorder&#13;
                 INNER JOIN ocs_admin.vp_customerservice s&#13;
                    ON REF (t) = s.customerorder&#13;
           WHERE     t.routeorder.orderdate &gt;= TRUNC(SYSDATE) and t.assigned = 'X'&#13;
                 AND EXISTS&#13;
                        (SELECT 1&#13;
                           FROM OCS_ADMIN.VP_CUSTOMER VC&#13;
                          WHERE     VC.PKEY = T.CUSTOMER.PKEY&#13;
                                AND VC.UNIQUEID =?)&#13;
            ORDER BY t.routeorder.orderdate)&#13;
   WHERE rn BETWEEN ? AND ?);</db:sql>
                                                    </db:execute-ddl>
                                                    <set-payload doc:id="svqszsyc-eadc-40b9-98cc-268d14076da0" doc:name="Set Payload" name="set_payload" value="#[payload]"/>
                                                    <foreach collection="#[payload]" doc:id="dgxqvybd-eadc-40b9-98cc-268d14076da0" doc:name="LOOP" name="LOOP">
                                                        <ee:transform doc:id="wnowmmzr-9b5e-4a86-b01c-cd738c5276d4" doc:name="MAP">
                                                            <ee:variables>
                                                                <ee:set-variable variableName="MAP">%dw 2.0
output application/json
---
vars.""</ee:set-variable>
                                                            </ee:variables>
                                                        </ee:transform>
                                                    </foreach>
                                                </try>
                                            </when>
                                            <otherwise>
                                                <try doc:name="SEQUENCE">
                                                    <db:select config-ref="wm_ocs.conn:JDBC_CONN_OCSD_CAAG_USER" doc:id="aqixdtnc-eadc-40b9-98cc-268d14076da0" doc:name="wm_ocs.svcs.inbound.adptrsvcs:getPlanServices" target="wm_ocs.svcs.inbound.adptrsvcs:getplanservices">
                                                        <db:sql>SELECT ${field}&#13;
  FROM (SELECT UNIQUEID,&#13;
                 PLANDTE,&#13;
                 ORDERDTE,&#13;
                 LOB,&#13;
                 ROUTE_ID,&#13;
                 RTE_PKEYID,&#13;
                 TKTNUM,&#13;
                 TKTTYPE,&#13;
                 TICKET_LOAD_TYPE,&#13;
       NVL (&#13;
                    CASE&#13;
                                         WHEN COUNT ( DISTINCT TP.TEXT) &gt; 1&#13;
                                         THEN&#13;
                                            'Multiple Exceptions'&#13;
                                         WHEN COUNT (DISTINCT TP.TEXT) =  1&#13;
                                         THEN&#13;
                                            MIN (TP.TEXT)&#13;
                                         ELSE&#13;
                                            NULL&#13;
                    END,&#13;
                            '--')&#13;
                            EXCP_CD,&#13;
                 STATUS,&#13;
                 SVC_LINE_ID,&#13;
                SVCCD,&#13;
                 TIMEZONE&#13;
            FROM (SELECT NVL (vc.UNIQUEID, '--') UNIQUEID,&#13;
                         NVL (TO_CHAR (t.plandate, 'MM/DD/YYYY'), '--') PLANDTE,&#13;
                         NVL (TO_CHAR (t.routeorder.orderdate, 'MM/DD/YYYY'),&#13;
                              '--')&#13;
                            ORDERDTE,&#13;
                         NVL (T.LOB.name, '--') LOB,&#13;
                         NVL (t.routeorder.route.id, '--') ROUTE_ID,&#13;
                         DECODE (t.routeorder.pkey,&#13;
                                 NULL, '--',&#13;
                                 t.routeorder.pkey)&#13;
                            RTE_PKEYID,&#13;
                         DECODE (t.ticketnumber, NULL, '--', t.ticketnumber)&#13;
                            TKTNUM,&#13;
                         NVL (t.reasoncode, '--') TKTTYPE,&#13;
                         NVL (t.ticketloadtype.uniqueid, '--') TICKET_LOAD_TYPE,&#13;
                         NVL (DECODE &#13;
                        (&#13;
                            (CASE&#13;
                            WHEN T.CANCELED = 'X' THEN 'CANCELED'&#13;
                            WHEN T.CLOSED = 'X' THEN 'CLOSED'&#13;
                            ELSE NVL (CS.CONFIRMATIONSTATUS,R.STATUS.ACTIVE.CODE)&#13;
                            END),&#13;
                            'CONFIRMEDPOS', 'Confirmed Positive',&#13;
                            'CONFIRMEDNEG', 'Confirmed Negative',&#13;
                            'CONFIRMEDINC', 'Confirmed Incomplete',&#13;
                            'WORKING', 'In Progress',&#13;
                            'REJECTED', 'Rejected',&#13;
                            'CLOSED', 'Closed',&#13;
                            'CANCELED', 'Suspended/Cancelled',&#13;
                            'In Progress', 'In Progress','Planned'&#13;
                        ),'--') STATUS,&#13;
    NVL( s.id,'--') SVC_LINE_ID,   &#13;
                         NVL (s.code, '--') svccd,&#13;
                         t.pkey CUST_ORDER_PKEY,&#13;
                         s.pkey CUST_SVC_PKEY&#13;
                         ,vc.site.TIMEZONE TIMEZONE&#13;
                    FROM ocs_admin.vp_customer vc&#13;
                         INNER JOIN ocs_admin.vp_customerorder t&#13;
                            ON t.customer = ref (vc)&#13;
                         LEFT OUTER JOIN ocs_admin.vp_co_workstatus R&#13;
                            ON ref(t) = r.customerorder&#13;
                         INNER JOIN ocs_admin.tn_customerservice s&#13;
                           ON t.pkey = s.fk_customerorder&#13;
                         LEFT OUTER JOIN&#13;
                         ocs_admin.tp_cs_result cs&#13;
                            ON     cs.fk_customerservice = s.pkey&#13;
                               AND cs.fk_vehicle IS NOT NULL&#13;
WHERE     t.routeorder.orderdate &gt;= TRUNC(SYSDATE) and t.assigned = 'X'&#13;
                         AND VC.UNIQUEID = ?) t&#13;
                 LEFT OUTER JOIN&#13;
                 ocs_admin.tp_co_haulcall o&#13;
                    ON     CUST_ORDER_PKEY = o.fk_customerorder&#13;
                       AND (o.fk_customerservice is null or CUST_SVC_PKEY = o.fk_customerservice)&#13;
                       AND o.fk_vehicle IS NOT NULL&#13;
                 LEFT OUTER JOIN ocs_admin.tp_template tp&#13;
                    ON tp.pkey = o.fk_haulcall&#13;
        GROUP BY CUST_ORDER_PKEY,&#13;
                 UNIQUEID,&#13;
                 PLANDTE,&#13;
                 ORDERDTE,&#13;
                 LOB,&#13;
                 ROUTE_ID,&#13;
                 RTE_PKEYID,&#13;
                 TKTNUM,&#13;
                 TKTTYPE,&#13;
                 TICKET_LOAD_TYPE,&#13;
                 STATUS,&#13;
                 SVC_LINE_ID,&#13;
                 SVCCD,&#13;
                 TIMEZONE&#13;
        ORDER BY ORDERDTE)</db:sql>
                                                    </db:select>
                                                    <set-payload doc:id="pffkcvzj-eadc-40b9-98cc-268d14076da0" doc:name="Set Payload" name="set_payload" value="#[payload]"/>
                                                    <foreach collection="#[payload]" doc:id="rtcqtkxd-eadc-40b9-98cc-268d14076da0" doc:name="LOOP" name="LOOP">
                                                        <ee:transform doc:id="cpepnbxk-9b5e-4a86-b01c-cd738c5276d4" doc:name="MAP">
                                                            <ee:variables>
                                                                <ee:set-variable variableName="MAP">%dw 2.0
output application/json
---
vars.""</ee:set-variable>
                                                            </ee:variables>
                                                        </ee:transform>
                                                    </foreach>
                                                </try>
                                            </otherwise>
                                        </choice>
                                    </try>
                                </otherwise>
                            </choice>
                            <choice doc:name="BRANCH">
                                <when expression="%count%!=0">
                                    <try doc:name="SEQUENCE">
                                        <ee:transform doc:id="mjmefufz-9b5e-4a86-b01c-cd738c5276d4" doc:name="MAP">
                                            <ee:variables>
                                                <ee:set-variable variableName="MAP">%dw 2.0
output application/json
---
vars.""</ee:set-variable>
                                            </ee:variables>
                                        </ee:transform>
                                        <ee:transform doc:id="adpcaphl-9b5e-4a86-b01c-cd738c5276d4" doc:name="MAP">
                                            <ee:variables>
                                                <ee:set-variable variableName="MAP">%dw 2.0
output application/json
---
vars.""</ee:set-variable>
                                            </ee:variables>
                                        </ee:transform>
                                        <logger doc:id="ugbvlwhd-eadc-40b9-98cc-268d14076da0" doc:name="wm_common.utils:checkAcceptHeader" level="INFO"/>
                                        <logger doc:id="abpmgkzv-eadc-40b9-98cc-268d14076da0" doc:name="wm_common.utils:checkIfModifiedSinceHeader" level="INFO"/>
                                        <os:store doc:id="tpuwnvmr-eadc-40b9-98cc-268d14076da0" doc:name="pub.cache:put" key="#[attributes.headers.key]" name="pub.cache:put" objectStore="pub.cache-put_conn">
                                            <os:value>#[ payload ]</os:value>
                                        </os:store>
                                        <logger doc:id="embkeqme-eadc-40b9-98cc-268d14076da0" doc:name="CAAG.javasvcs:getExpirationTime" level="INFO"/>
                                        <logger doc:id="uwsusoby-eadc-40b9-98cc-268d14076da0" doc:name="pub.flow:setResponseHeader" level="INFO"/>
                                    </try>
                                </when>
                                <otherwise>
                                    <try doc:name="SEQUENCE">
                                        <ee:transform doc:id="tpanisap-9b5e-4a86-b01c-cd738c5276d4" doc:name="MAP">
                                            <ee:variables>
                                                <ee:set-variable variableName="MAP">%dw 2.0
output application/json
---
vars.""</ee:set-variable>
                                            </ee:variables>
                                        </ee:transform>
                                        <logger doc:id="rmvwqced-eadc-40b9-98cc-268d14076da0" doc:name="wm_common.utils:throwError" level="INFO"/>
                                    </try>
                                </otherwise>
                            </choice>
                            <ee:transform doc:id="szxftgdx-9b5e-4a86-b01c-cd738c5276d4" doc:name="MAP">
                                <ee:variables>
                                    <ee:set-variable variableName="MAP">%dw 2.0
output application/json
---
vars.""</ee:set-variable>
                                </ee:variables>
                            </ee:transform>
                        </try>
                    </otherwise>
                </choice>
                <ee:transform doc:id="nhgvydqz-9b5e-4a86-b01c-cd738c5276d4" doc:name="MAP">
                    <ee:variables>
                        <ee:set-variable variableName="MAP">%dw 2.0
output application/json
---
vars.""</ee:set-variable>
                    </ee:variables>
                </ee:transform>
            </try>
            <try doc:name="SEQUENCE">
                <logger doc:id="gssuvvlo-eadc-40b9-98cc-268d14076da0" doc:name="pub.flow:getLastError" level="INFO"/>
                <logger doc:id="baepoyvq-eadc-40b9-98cc-268d14076da0" doc:name="wm_errorhandling.utils:getCallingService" level="INFO"/>
                <logger doc:id="oplnpzeq-eadc-40b9-98cc-268d14076da0" doc:name="wm_errorhandling.svcs.flowsvcs:createErrorMsg_FW1" level="INFO"/>
                <ee:transform doc:id="fyetbhzj-9b5e-4a86-b01c-cd738c5276d4" doc:name="MAP">
                    <ee:variables>
                        <ee:set-variable variableName="MAP">%dw 2.0
output application/json
---
vars.""</ee:set-variable>
                    </ee:variables>
                </ee:transform>
                <logger doc:id="tznesayn-eadc-40b9-98cc-268d14076da0" doc:name="EXIT" level="INFO"/>
            </try>
        </try>
    </flow>
</mule>
