<?xml version="1.0" encoding="UTF-8"?><mule xmlns="http://www.mulesoft.org/schema/mule/core" xmlns:db="http://www.mulesoft.org/schema/mule/db" xmlns:doc="http://www.mulesoft.org/schema/mule/documentation" xmlns:ee="http://www.mulesoft.org/schema/mule/ee/core" xmlns:os="http://www.mulesoft.org/schema/mule/os" xmlns:xsi="http://www.w3.org/2001/XMLSchema-instance" xsi:schemaLocation="http://www.mulesoft.org/schema/mule/core http://www.mulesoft.org/schema/mule/core/current/mule.xsd http://www.mulesoft.org/schema/mule/ee/core http://www.mulesoft.org/schema/mule/ee/core/current/mule-ee.xsd http://www.mulesoft.org/schema/mule/os  http://www.mulesoft.org/schema/mule/os/current/mule-os.xsd http://www.mulesoft.org/schema/mule/db http://www.mulesoft.org/schema/mule/db/current/mule-db.xsd">
    <flow doc:id="aqbzzqjt-eadc-40b9-98cc-268d14076da0" name="wm_ocs-svcs-inbound-flowsvcs-mapRouteStopsForMaxAge">
        <try doc:name="SEQUENCE">
            <try doc:name="SEQUENCE">
                
<ee:transform doc:name="MAP" doc:id="0af093a1-f36b-4a65-9f3f-7a904ab46e8b" >
			<ee:message >
			</ee:message>
			<ee:variables>
				<ee:set-variable variableName="MAP" ><![CDATA[%dw 2.0
output application/json
var valueList = "call wm_common.config:getCustParam_multiple with args:nameList='''',"

---
	{"cacheManagerName": valueList[0],
"cacheName": valueList[1],
"jdbcConnName": valueList[2],
"Cache-Control": payload."Cache-Control",
"If-Modified-Since": payload."If-Modified-Since",
"configFileName": payload."configFileName",
"Accept": payload."Accept",
"Request-Tracking-Id": payload."Request-Tracking-Id",
"fields": payload."fields",
"type": payload."type",
"pathHeader": payload."pathHeader",
"limit": payload."limit",
"offset": payload."offset",
"route_order_number": payload."route_order_number",
"$resourceID": payload."$resourceID"
}
]]></ee:set-variable>
			</ee:variables>
		</ee:transform>
    
                <logger doc:id="znbdytnp-eadc-40b9-98cc-268d14076da0" doc:name="wm_common.utils:constructCacheKey" level="INFO"/>
                <os:retrieve doc:id="wxchdatk-eadc-40b9-98cc-268d14076da0" doc:name="pub.cache:get" key="#[attributes.headers.key]" name="pub.cache:get" objectStore="pub.cache-get_conn" target="pub.cache:get">
                    <os:default-value/>
                </os:retrieve>
                <choice doc:name="BRANCH">
                    <when expression="% /finalResponse% = /[^ ]/">
                        <try doc:name="SEQUENCE">
                            <logger doc:id="tzfltogo-eadc-40b9-98cc-268d14076da0" doc:name="CAAG.javasvcs:getExpirationTime" level="INFO"/>
                            <logger doc:id="mlwagqib-eadc-40b9-98cc-268d14076da0" doc:name="pub.flow:setResponseHeader" level="INFO"/>
                            <logger doc:id="gsipcthr-eadc-40b9-98cc-268d14076da0" doc:name="wm_common.utils:createEtag" level="INFO"/>
                            <logger doc:id="xybqlonm-eadc-40b9-98cc-268d14076da0" doc:name="wm_common.utils:checkIfModifiedSinceHeader" level="INFO"/>
                        </try>
                    </when>
                    <otherwise>
                        <try doc:name="SEQUENCE">
                            <choice doc:name="BRANCH">
                                <when expression="%offset%!=$null &amp;&amp; %limit%!=$null &amp;&amp; %offset%!=&quot;&quot; &amp;&amp; %limit% !=&quot;&quot;">
                                    <try doc:name="SEQUENCE">
                                        
<ee:transform doc:name="MAP" doc:id="0af093a1-f36b-4a65-9f3f-7a904ab46e8b" >
			<ee:message >
			</ee:message>
			<ee:variables>
				<ee:set-variable variableName="MAP" ><![CDATA[%dw 2.0
output application/json
---
	{"metadata": {
  "limit": payload."limit",
  "offset": payload."offset"
},
"configFileName": vars."wm_common.utils__createEtag"."configFileName",
"customer_id": payload."customer_id",
"Cache-Control": vars."wm_common.utils__createEtag"."Cache-Control",
"If-Modified-Since": vars."wm_common.utils__createEtag"."If-Modified-Since",
"Accept": vars."wm_common.utils__createEtag"."Accept",
"type": vars."wm_common.utils__createEtag"."type",
"pathHeader": vars."wm_common.utils__createEtag"."pathHeader",
"limit": vars."wm_common.utils__createEtag"."limit",
"offset": vars."wm_common.utils__createEtag"."offset",
"totalCount": payload."totalCount",
"customerUnqID": payload."customerUnqID",
"fields": vars."wm_common.utils__createEtag"."fields",
"cachekey": payload."cachekey",
"jdbcConnName": vars."wm_common.utils__createEtag"."jdbcConnName"
}
]]></ee:set-variable>
			</ee:variables>
		</ee:transform>
    
                                        
<ee:transform doc:name="MAP" doc:id="0af093a1-f36b-4a65-9f3f-7a904ab46e8b" >
			<ee:message >
			</ee:message>
			<ee:variables>
				<ee:set-variable variableName="MAP" ><![CDATA[%dw 2.0
output application/json
var value = "call pub.math:addInts with args:"

---
	{"limit": value_1,
"cacheManagerName": vars.MAP."cacheManagerName",
"jsonString": payload."jsonString",
"cacheName": vars.MAP."cacheName",
"customerUnqID": vars.MAP."customerUnqID",
"offset": vars.MAP."offset",
"fields": vars.MAP."fields",
"cachekey": vars.MAP."cachekey",
"connection_ocs": payload."connection_ocs",
"cacheManager": vars."wm_common.utils__createEtag"."cacheManager",
"Cache-Control": vars.MAP."Cache-Control",
"If-Modified-Since": vars.MAP."If-Modified-Since",
"configFileName": vars.MAP."configFileName",
"Accept": vars.MAP."Accept",
"Request-Tracking-Id": vars.MAP."Request-Tracking-Id",
"type": vars.MAP."type",
"pathHeader": vars.MAP."pathHeader",
"jdbcConnName": vars.MAP."jdbcConnName",
"route_order_number": vars.MAP."route_order_number",
"cacheKey": vars."wm_common.utils__createEtag"."cacheKey",
"contentType": vars."wm_common.utils__createEtag"."contentType",
"finalResponse": vars."wm_common.utils__createEtag"."finalResponse",
"expirationTime": vars."wm_common.utils__createEtag"."expirationTime",
"etagOutput": vars."wm_common.utils__createEtag"."etagOutput"
}
]]></ee:set-variable>
			</ee:variables>
		</ee:transform>
    
                                    </try>
                                </when>
                            </choice>
                            <choice doc:name="BRANCH">
                                <when expression="% /fields% = /[^ ]/">
                                    <try doc:name="SEQUENCE">
                                        <choice doc:name="BRANCH">
                                            <when expression="% /limit% = /[^ ]/">
                                                <try doc:name="SEQUENCE">
                                                    <db:select config-ref="wm_ocs.conn:JDBC_CONN_OCSD_CAAG_USER" doc:id="hikgksqv-eadc-40b9-98cc-268d14076da0" doc:name="wm_ocs.svcs.inbound.adptrsvcs:getRouteStops_range" target="wm_ocs.svcs.inbound.adptrsvcs:getroutestops_range">
                                                        <db:sql>SELECT ${field}&#13;
FROM (&#13;
	SELECT NVL(route_id, '--') route_id&#13;
		,NVL(rte, '--') rte&#13;
		,DECODE(seq, NULL, '--', seq) seq&#13;
		,NVL(masunique, '--') masunique&#13;
		,NVL(customer, '--') customer&#13;
		,DECODE(tktnum, NULL, '--', tktnum) tktnum&#13;
		,NVL(tkttype, '--') tkttype&#13;
		,NVL(ticket_load_type, '--') ticket_load_type&#13;
		,NVL(svctime, '--') svctime&#13;
		,NVL(STATUS, '--') STATUS&#13;
		,NVL(svc_line_id, '--') svc_line_id&#13;
		,NVL(svccd, '--') svccd&#13;
		,NVL(svccd_desc, '--') svccd_desc&#13;
		,DECODE(rtepkey, NULL, '--', rtepkey) rte_order_pkey&#13;
		,DECODE(custpkey, NULL, '--', custpkey) cust_order_pkey&#13;
		,NVL(reasoncode, '--') reasoncode&#13;
		,excp_cd&#13;
		,cust_svc_pkey&#13;
		,driver_id&#13;
		,site_id&#13;
		,site_name&#13;
		,plandate&#13;
		,orderdate&#13;
		,latitude&#13;
		,longitude&#13;
		,vehicle&#13;
	FROM (&#13;
		SELECT vr.route.id route_id&#13;
			,vr.route.name rte&#13;
			,t.order_sequence / 2 seq&#13;
			,tc.uniqueid masunique&#13;
			,tc.name customer&#13;
			,t.ticketnumber tktnum&#13;
			,t.reasoncode tkttype&#13;
			,t.ticketloadtype.uniqueid ticket_load_type&#13;
			,TO_CHAR(FROM_TZ(TO_TIMESTAMP(TO_CHAR(NVL(csr.finished, cor.ticketcompleted), 'DD-MON-YYYY HH:MI:SS AM')), 'UTC') AT TIME ZONE(NVL(t.site.timezone, 'UTC')), 'yyyy-MM-DD HH24:MI:SS TZD') svctime&#13;
			,DECODE(NVL(csr.confirmationstatus, cor.confirmationstatus), 'CONFIRMEDPOS', 'Confirmed Positive', 'CONFIRMEDNEG', 'Confirmed Negative', 'CONFIRMEDINC', 'Confirmed Incomplete', NVL(csr.confirmationstatus, cor.confirmationstatus)) STATUS&#13;
			,s.id svc_line_id&#13;
			,s.code svccd&#13;
			,s.descr svccd_desc&#13;
			,vr.pkey rtepkey&#13;
			,t.pkey custpkey&#13;
			,t.reasoncode&#13;
			,NVL((&#13;
					SELECT CASE &#13;
							WHEN COUNT(DISTINCT tp.TEXT) &gt; 1&#13;
								THEN 'Multiple Exceptions'&#13;
							WHEN COUNT(DISTINCT tp.TEXT) = 1&#13;
								THEN MIN(tp.TEXT)&#13;
							ELSE NULL&#13;
							END&#13;
					FROM ocs_admin.vp_co_haulcall o&#13;
						,ocs_admin.vp_template tp&#13;
					WHERE t.pkey = o.customerorder.pkey&#13;
						AND o.vehicle IS NOT NULL&#13;
						AND tp.pkey = o.tmplhaulcall.pkey&#13;
						AND (&#13;
							o.customerservice IS NULL&#13;
							OR s.pkey = o.customerservice.pkey&#13;
							)&#13;
					GROUP BY customerorder&#13;
					), '--') excp_cd&#13;
			,s.pkey cust_svc_pkey&#13;
			,vr.driver.empid driver_id&#13;
			,vr.site.uniqueid site_id&#13;
			,vr.site.name site_name&#13;
			,t.plandate&#13;
			,vr.orderdate orderdate&#13;
			,NVL(t.servicelocation.latitude, t.servicelocation.address.latitude) latitude&#13;
			,NVL(t.servicelocation.longitude, t.servicelocation.address.longitude) longitude&#13;
			,tv.id vehicle&#13;
			,ROW_NUMBER() OVER (&#13;
				ORDER BY t.order_sequence&#13;
				) rn&#13;
		FROM ocs_admin.vp_routeorder vr&#13;
		INNER JOIN ocs_admin.vp_customerorder t ON t.routeorder = REF(vr)&#13;
		INNER JOIN ocs_admin.vp_vehicle tv ON REF(tv) = vr.vehicle&#13;
		INNER JOIN ocs_admin.vp_customer tc ON t.customer = REF(tc)&#13;
		INNER JOIN ocs_admin.vp_customerservice s ON s.customerorder = REF(t)&#13;
		LEFT JOIN ocs_admin.vp_co_result cor ON cor.customerorder = REF(t)&#13;
			AND cor.vehicle IS NOT NULL&#13;
		LEFT JOIN ocs_admin.vp_cs_result csr ON csr.customerservice = REF(s)&#13;
			AND csr.vehicle IS NOT NULL&#13;
		WHERE vr.pkey = ? -- Route Order PKEY&#13;
		ORDER BY t.order_sequence DESC&#13;
		)&#13;
	WHERE rn BETWEEN ?&#13;
			AND ?&#13;
	)</db:sql>
                                                    </db:select>
                                                    
<ee:transform doc:name="MAP" doc:id="0af093a1-f36b-4a65-9f3f-7a904ab46e8b" >
			<ee:message >
			</ee:message>
			<ee:variables>
				<ee:set-variable variableName="MAP" ><![CDATA[%dw 2.0
output application/json
---
	{"stops": {
  "service_time": payload."stops_temp.SVCTIME",
  "sequence": payload."stops_temp.SEQ",
  "status": payload."stops_temp.STATUS",
  "ticket_type": payload."stops_temp.TKTTYPE",
  "ticket_number": payload."stops_temp.TKTNUM",
  "exception_code": payload."stops_temp.EXCP_CD",
  "customer_info": {
    "customer_order_number": payload."stops_temp.CUST_ORDER_PKEY",
    "customer_service_number": payload."stops_temp.CUST_SVC_PKEY",
    "name": payload."stops_temp.CUSTOMER",
    "eZpayId": payload."stops_temp.MASUNIQUE"
  },
  "service_info": {
    "id": payload."stops_temp.SVC_LINE_ID",
    "code": payload."stops_temp.SVCCD",
    "description": payload."stops_temp.SVCCD_DESC"
  },
  "load_type": payload."stops_temp.TICKET_LOAD_TYPE",
  "route_id": payload."stops_temp.RTE",
  "site_id": payload."stops_temp.SITE_UID",
  "address": {
    "latitude": payload."stops_temp.LATITUDE",
    "longitude": payload."stops_temp.LONGITUDE"
  },
  "vehicle_id": payload."stops_temp.VEHICLE_ID"
},
"Cache-Control": vars."wm_ocs.svcs.inbound.adptrsvcs__getRouteStops_range"."Cache-Control",
"If-Modified-Since": vars."wm_ocs.svcs.inbound.adptrsvcs__getRouteStops_range"."If-Modified-Since",
"configFileName": vars."wm_ocs.svcs.inbound.adptrsvcs__getRouteStops_range"."configFileName",
"Accept": vars."wm_ocs.svcs.inbound.adptrsvcs__getRouteStops_range"."Accept",
"Request-Tracking-Id": vars."wm_ocs.svcs.inbound.adptrsvcs__getRouteStops_range"."Request-Tracking-Id",
"fields": vars."wm_ocs.svcs.inbound.adptrsvcs__getRouteStops_range"."fields",
"count": vars."wm_ocs.svcs.inbound.adptrsvcs__getRouteStops_range"."count",
"type": vars."wm_ocs.svcs.inbound.adptrsvcs__getRouteStops_range"."type",
"pathHeader": vars."wm_ocs.svcs.inbound.adptrsvcs__getRouteStops_range"."pathHeader",
"limit": vars."wm_ocs.svcs.inbound.adptrsvcs__getRouteStops_range"."limit",
"offset": vars."wm_ocs.svcs.inbound.adptrsvcs__getRouteStops_range"."offset",
"jdbcConnName": vars."wm_ocs.svcs.inbound.adptrsvcs__getRouteStops_range"."jdbcConnName",
"route_order_number": vars."wm_ocs.svcs.inbound.adptrsvcs__getRouteStops_range"."route_order_number",
"SVCTIME": vars."wm_ocs.svcs.inbound.adptrsvcs__getRouteStops_range"."SVCTIME",
"SEQ": vars."wm_ocs.svcs.inbound.adptrsvcs__getRouteStops_range"."SEQ",
"STATUS": vars."wm_ocs.svcs.inbound.adptrsvcs__getRouteStops_range"."STATUS",
"TKTTYPE": vars."wm_ocs.svcs.inbound.adptrsvcs__getRouteStops_range"."TKTTYPE",
"TKTNUM": vars."wm_ocs.svcs.inbound.adptrsvcs__getRouteStops_range"."TKTNUM",
"EXCP_CD": vars."wm_ocs.svcs.inbound.adptrsvcs__getRouteStops_range"."EXCP_CD",
"CUST_ORDER_PKEY": vars."wm_ocs.svcs.inbound.adptrsvcs__getRouteStops_range"."CUST_ORDER_PKEY",
"CUST_SVC_PKEY": vars."wm_ocs.svcs.inbound.adptrsvcs__getRouteStops_range"."CUST_SVC_PKEY",
"SVC_LINE_ID": vars."wm_ocs.svcs.inbound.adptrsvcs__getRouteStops_range"."SVC_LINE_ID",
"SVCCD": vars."wm_ocs.svcs.inbound.adptrsvcs__getRouteStops_range"."SVCCD",
"SVCCD_DESC": vars."wm_ocs.svcs.inbound.adptrsvcs__getRouteStops_range"."SVCCD_DESC",
"CUSTOMER": vars."wm_ocs.svcs.inbound.adptrsvcs__getRouteStops_range"."CUSTOMER",
"MASUNIQUE": vars."wm_ocs.svcs.inbound.adptrsvcs__getRouteStops_range"."MASUNIQUE",
"TICKET_LOAD_TYPE": vars."wm_ocs.svcs.inbound.adptrsvcs__getRouteStops_range"."TICKET_LOAD_TYPE",
"RTE": vars."wm_ocs.svcs.inbound.adptrsvcs__getRouteStops_range"."RTE",
"SITE_UID": vars."wm_ocs.svcs.inbound.adptrsvcs__getRouteStops_range"."SITE_UID",
"LATITUDE": vars."wm_ocs.svcs.inbound.adptrsvcs__getRouteStops_range"."LATITUDE",
"LONGITUDE": vars."wm_ocs.svcs.inbound.adptrsvcs__getRouteStops_range"."LONGITUDE",
"VEHICLE_ID": vars."wm_ocs.svcs.inbound.adptrsvcs__getRouteStops_range"."VEHICLE_ID"
}
]]></ee:set-variable>
			</ee:variables>
		</ee:transform>
    
                                                </try>
                                            </when>
                                            <otherwise>
                                                <try doc:name="SEQUENCE">
                                                    <db:select config-ref="wm_ocs.conn:JDBC_CONN_OCSD_CAAG_USER" doc:id="njhuqomx-eadc-40b9-98cc-268d14076da0" doc:name="wm_ocs.svcs.inbound.adptrsvcs:getRouteStops" target="wm_ocs.svcs.inbound.adptrsvcs:getroutestops">
                                                        <db:sql>SELECT ${field}&#13;
FROM (&#13;
	SELECT NVL(route_id, '--') route_id&#13;
		,NVL(rte, '--') rte&#13;
		,DECODE(seq, NULL, '--', seq) seq&#13;
		,NVL(masunique, '--') masunique&#13;
		,NVL(customer, '--') customer&#13;
		,DECODE(tktnum, NULL, '--', tktnum) tktnum&#13;
		,NVL(tkttype, '--') tkttype&#13;
		,NVL(ticket_load_type, '--') ticket_load_type&#13;
		,NVL(svctime, '--') svctime&#13;
		,NVL(STATUS, '--') STATUS&#13;
		,NVL(svc_line_id, '--') svc_line_id&#13;
		,NVL(svccd, '--') svccd&#13;
		,NVL(svccd_desc, '--') svccd_desc&#13;
		,DECODE(rtepkey, NULL, '--', rtepkey) rte_order_pkey&#13;
		,DECODE(custpkey, NULL, '--', custpkey) cust_order_pkey&#13;
		,NVL(reasoncode, '--') reasoncode&#13;
		,excp_cd&#13;
		,cust_svc_pkey&#13;
		,driver_id&#13;
		,site_id&#13;
		,site_name&#13;
		,plandate&#13;
		,orderdate&#13;
		,latitude&#13;
		,longitude&#13;
		,vehicle&#13;
	FROM (&#13;
		SELECT vr.route.id route_id&#13;
			,vr.route.name rte&#13;
			,t.order_sequence / 2 seq&#13;
			,tc.uniqueid masunique&#13;
			,tc.name customer&#13;
			,t.ticketnumber tktnum&#13;
			,t.reasoncode tkttype&#13;
			,t.ticketloadtype.uniqueid ticket_load_type&#13;
			,TO_CHAR(FROM_TZ(TO_TIMESTAMP(TO_CHAR(NVL(csr.finished, cor.ticketcompleted), 'DD-MON-YYYY HH:MI:SS AM')), 'UTC') AT TIME ZONE(NVL(t.site.timezone, 'UTC')), 'yyyy-MM-DD HH24:MI:SS TZD') svctime&#13;
			,DECODE(NVL(csr.confirmationstatus, cor.confirmationstatus), 'CONFIRMEDPOS', 'Confirmed Positive', 'CONFIRMEDNEG', 'Confirmed Negative', 'CONFIRMEDINC', 'Confirmed Incomplete', NVL(csr.confirmationstatus, cor.confirmationstatus)) STATUS&#13;
			,s.id svc_line_id&#13;
			,s.code svccd&#13;
			,s.descr svccd_desc&#13;
			,vr.pkey rtepkey&#13;
			,t.pkey custpkey&#13;
			,t.reasoncode&#13;
			,NVL((&#13;
					SELECT CASE &#13;
							WHEN COUNT(DISTINCT tp.TEXT) &gt; 1&#13;
								THEN 'Multiple Exceptions'&#13;
							WHEN COUNT(DISTINCT tp.TEXT) = 1&#13;
								THEN MIN(tp.TEXT)&#13;
							ELSE NULL&#13;
							END&#13;
					FROM ocs_admin.vp_co_haulcall o&#13;
						,ocs_admin.vp_template tp&#13;
					WHERE t.pkey = o.customerorder.pkey&#13;
						AND o.vehicle IS NOT NULL&#13;
						AND tp.pkey = o.tmplhaulcall.pkey&#13;
						AND (&#13;
							o.customerservice IS NULL&#13;
							OR s.pkey = o.customerservice.pkey&#13;
							)&#13;
					GROUP BY customerorder&#13;
					), '--') excp_cd&#13;
			,s.pkey cust_svc_pkey&#13;
			,vr.driver.empid driver_id&#13;
			,vr.site.uniqueid site_id&#13;
			,vr.site.name site_name&#13;
			,t.plandate&#13;
			,vr.orderdate orderdate&#13;
			,NVL(t.servicelocation.latitude, t.servicelocation.address.latitude) latitude&#13;
			,NVL(t.servicelocation.longitude, t.servicelocation.address.longitude) longitude&#13;
			,tv.id vehicle&#13;
		FROM ocs_admin.vp_routeorder vr&#13;
		INNER JOIN ocs_admin.vp_customerorder t ON t.routeorder = REF(vr)&#13;
		INNER JOIN ocs_admin.vp_vehicle tv ON REF(tv) = vr.vehicle&#13;
		INNER JOIN ocs_admin.vp_customer tc ON t.customer = REF(tc)&#13;
		INNER JOIN ocs_admin.vp_customerservice s ON s.customerorder = REF(t)&#13;
		LEFT JOIN ocs_admin.vp_co_result cor ON cor.customerorder = REF(t)&#13;
			AND cor.vehicle IS NOT NULL&#13;
		LEFT JOIN ocs_admin.vp_cs_result csr ON csr.customerservice = REF(s)&#13;
			AND csr.vehicle IS NOT NULL&#13;
		WHERE vr.pkey = ? -- Route Order PKEY&#13;
		ORDER BY t.order_sequence DESC&#13;
		)&#13;
	)</db:sql>
                                                    </db:select>
                                                    
<ee:transform doc:name="MAP" doc:id="0af093a1-f36b-4a65-9f3f-7a904ab46e8b" >
			<ee:message >
			</ee:message>
			<ee:variables>
				<ee:set-variable variableName="MAP" ><![CDATA[%dw 2.0
output application/json
---
	{"stops": {
  "service_time": vars."wm_ocs.svcs.inbound.adptrsvcs__getRouteStops"."stops_temp.SVCTIME",
  "sequence": vars."wm_ocs.svcs.inbound.adptrsvcs__getRouteStops"."stops_temp.SEQ",
  "status": vars."wm_ocs.svcs.inbound.adptrsvcs__getRouteStops"."stops_temp.STATUS",
  "ticket_type": vars."wm_ocs.svcs.inbound.adptrsvcs__getRouteStops"."stops_temp.TKTTYPE",
  "ticket_number": vars."wm_ocs.svcs.inbound.adptrsvcs__getRouteStops"."stops_temp.TKTNUM",
  "exception_code": vars."wm_ocs.svcs.inbound.adptrsvcs__getRouteStops"."stops_temp.EXCP_CD",
  "customer_info": {
    "customer_order_number": vars."wm_ocs.svcs.inbound.adptrsvcs__getRouteStops"."stops_temp.CUST_ORDER_PKEY",
    "customer_service_number": vars."wm_ocs.svcs.inbound.adptrsvcs__getRouteStops"."stops_temp.CUST_SVC_PKEY",
    "name": vars."wm_ocs.svcs.inbound.adptrsvcs__getRouteStops"."stops_temp.CUSTOMER",
    "eZpayId": vars."wm_ocs.svcs.inbound.adptrsvcs__getRouteStops"."stops_temp.MASUNIQUE"
  },
  "service_info": {
    "id": vars."wm_ocs.svcs.inbound.adptrsvcs__getRouteStops"."stops_temp.SVC_LINE_ID",
    "code": vars."wm_ocs.svcs.inbound.adptrsvcs__getRouteStops"."stops_temp.SVCCD",
    "description": vars."wm_ocs.svcs.inbound.adptrsvcs__getRouteStops"."stops_temp.SVCCD_DESC"
  },
  "load_type": vars."wm_ocs.svcs.inbound.adptrsvcs__getRouteStops"."stops_temp.TICKET_LOAD_TYPE",
  "route_id": vars."wm_ocs.svcs.inbound.adptrsvcs__getRouteStops"."stops_temp.RTE",
  "site_id": vars."wm_ocs.svcs.inbound.adptrsvcs__getRouteStops"."stops_temp.SITE_UID",
  "address": {
    "latitude": vars."wm_ocs.svcs.inbound.adptrsvcs__getRouteStops"."stops_temp.LATITUDE",
    "longitude": vars."wm_ocs.svcs.inbound.adptrsvcs__getRouteStops"."stops_temp.LONGITUDE"
  },
  "vehicle_id": vars."wm_ocs.svcs.inbound.adptrsvcs__getRouteStops"."stops_temp.VEHICLE_ID"
}
}
]]></ee:set-variable>
			</ee:variables>
		</ee:transform>
    
                                                </try>
                                            </otherwise>
                                        </choice>
                                    </try>
                                </when>
                                <otherwise>
                                    <try doc:name="SEQUENCE">
                                        <choice doc:name="BRANCH">
                                            <when expression="% /limit% = /[^ ]/">
                                                <try doc:name="SEQUENCE">
                                                    <db:select config-ref="wm_ocs.conn:JDBC_CONN_OCSD_CAAG_USER" doc:id="irikwgqn-eadc-40b9-98cc-268d14076da0" doc:name="wm_ocs.svcs.inbound.adptrsvcs:getRouteStops_range" target="wm_ocs.svcs.inbound.adptrsvcs:getroutestops_range">
                                                        <db:sql>SELECT ${field}&#13;
FROM (&#13;
	SELECT NVL(route_id, '--') route_id&#13;
		,NVL(rte, '--') rte&#13;
		,DECODE(seq, NULL, '--', seq) seq&#13;
		,NVL(masunique, '--') masunique&#13;
		,NVL(customer, '--') customer&#13;
		,DECODE(tktnum, NULL, '--', tktnum) tktnum&#13;
		,NVL(tkttype, '--') tkttype&#13;
		,NVL(ticket_load_type, '--') ticket_load_type&#13;
		,NVL(svctime, '--') svctime&#13;
		,NVL(STATUS, '--') STATUS&#13;
		,NVL(svc_line_id, '--') svc_line_id&#13;
		,NVL(svccd, '--') svccd&#13;
		,NVL(svccd_desc, '--') svccd_desc&#13;
		,DECODE(rtepkey, NULL, '--', rtepkey) rte_order_pkey&#13;
		,DECODE(custpkey, NULL, '--', custpkey) cust_order_pkey&#13;
		,NVL(reasoncode, '--') reasoncode&#13;
		,excp_cd&#13;
		,cust_svc_pkey&#13;
		,driver_id&#13;
		,site_id&#13;
		,site_name&#13;
		,plandate&#13;
		,orderdate&#13;
		,latitude&#13;
		,longitude&#13;
		,vehicle&#13;
	FROM (&#13;
		SELECT vr.route.id route_id&#13;
			,vr.route.name rte&#13;
			,t.order_sequence / 2 seq&#13;
			,tc.uniqueid masunique&#13;
			,tc.name customer&#13;
			,t.ticketnumber tktnum&#13;
			,t.reasoncode tkttype&#13;
			,t.ticketloadtype.uniqueid ticket_load_type&#13;
			,TO_CHAR(FROM_TZ(TO_TIMESTAMP(TO_CHAR(NVL(csr.finished, cor.ticketcompleted), 'DD-MON-YYYY HH:MI:SS AM')), 'UTC') AT TIME ZONE(NVL(t.site.timezone, 'UTC')), 'yyyy-MM-DD HH24:MI:SS TZD') svctime&#13;
			,DECODE(NVL(csr.confirmationstatus, cor.confirmationstatus), 'CONFIRMEDPOS', 'Confirmed Positive', 'CONFIRMEDNEG', 'Confirmed Negative', 'CONFIRMEDINC', 'Confirmed Incomplete', NVL(csr.confirmationstatus, cor.confirmationstatus)) STATUS&#13;
			,s.id svc_line_id&#13;
			,s.code svccd&#13;
			,s.descr svccd_desc&#13;
			,vr.pkey rtepkey&#13;
			,t.pkey custpkey&#13;
			,t.reasoncode&#13;
			,NVL((&#13;
					SELECT CASE &#13;
							WHEN COUNT(DISTINCT tp.TEXT) &gt; 1&#13;
								THEN 'Multiple Exceptions'&#13;
							WHEN COUNT(DISTINCT tp.TEXT) = 1&#13;
								THEN MIN(tp.TEXT)&#13;
							ELSE NULL&#13;
							END&#13;
					FROM ocs_admin.vp_co_haulcall o&#13;
						,ocs_admin.vp_template tp&#13;
					WHERE t.pkey = o.customerorder.pkey&#13;
						AND o.vehicle IS NOT NULL&#13;
						AND tp.pkey = o.tmplhaulcall.pkey&#13;
						AND (&#13;
							o.customerservice IS NULL&#13;
							OR s.pkey = o.customerservice.pkey&#13;
							)&#13;
					GROUP BY customerorder&#13;
					), '--') excp_cd&#13;
			,s.pkey cust_svc_pkey&#13;
			,vr.driver.empid driver_id&#13;
			,vr.site.uniqueid site_id&#13;
			,vr.site.name site_name&#13;
			,t.plandate&#13;
			,vr.orderdate orderdate&#13;
			,NVL(t.servicelocation.latitude, t.servicelocation.address.latitude) latitude&#13;
			,NVL(t.servicelocation.longitude, t.servicelocation.address.longitude) longitude&#13;
			,tv.id vehicle&#13;
			,ROW_NUMBER() OVER (&#13;
				ORDER BY t.order_sequence&#13;
				) rn&#13;
		FROM ocs_admin.vp_routeorder vr&#13;
		INNER JOIN ocs_admin.vp_customerorder t ON t.routeorder = REF(vr)&#13;
		INNER JOIN ocs_admin.vp_vehicle tv ON REF(tv) = vr.vehicle&#13;
		INNER JOIN ocs_admin.vp_customer tc ON t.customer = REF(tc)&#13;
		INNER JOIN ocs_admin.vp_customerservice s ON s.customerorder = REF(t)&#13;
		LEFT JOIN ocs_admin.vp_co_result cor ON cor.customerorder = REF(t)&#13;
			AND cor.vehicle IS NOT NULL&#13;
		LEFT JOIN ocs_admin.vp_cs_result csr ON csr.customerservice = REF(s)&#13;
			AND csr.vehicle IS NOT NULL&#13;
		WHERE vr.pkey = ? -- Route Order PKEY&#13;
		ORDER BY t.order_sequence DESC&#13;
		)&#13;
	WHERE rn BETWEEN ?&#13;
			AND ?&#13;
	)</db:sql>
                                                    </db:select>
                                                    
<ee:transform doc:name="MAP" doc:id="0af093a1-f36b-4a65-9f3f-7a904ab46e8b" >
			<ee:message >
			</ee:message>
			<ee:variables>
				<ee:set-variable variableName="MAP" ><![CDATA[%dw 2.0
output application/json
---
	{"stops": {
  "service_time": vars."wm_ocs.svcs.inbound.adptrsvcs__getRouteStops_range"."stops_temp.SVCTIME",
  "sequence": vars."wm_ocs.svcs.inbound.adptrsvcs__getRouteStops_range"."stops_temp.SEQ",
  "status": vars."wm_ocs.svcs.inbound.adptrsvcs__getRouteStops_range"."stops_temp.STATUS",
  "ticket_type": vars."wm_ocs.svcs.inbound.adptrsvcs__getRouteStops_range"."stops_temp.TKTTYPE",
  "ticket_number": vars."wm_ocs.svcs.inbound.adptrsvcs__getRouteStops_range"."stops_temp.TKTNUM",
  "exception_code": vars."wm_ocs.svcs.inbound.adptrsvcs__getRouteStops_range"."stops_temp.EXCP_CD",
  "customer_info": {
    "customer_order_number": vars."wm_ocs.svcs.inbound.adptrsvcs__getRouteStops_range"."stops_temp.CUST_ORDER_PKEY",
    "customer_service_number": vars."wm_ocs.svcs.inbound.adptrsvcs__getRouteStops_range"."stops_temp.CUST_SVC_PKEY",
    "name": vars."wm_ocs.svcs.inbound.adptrsvcs__getRouteStops_range"."stops_temp.CUSTOMER",
    "eZpayId": vars."wm_ocs.svcs.inbound.adptrsvcs__getRouteStops_range"."stops_temp.MASUNIQUE"
  },
  "service_info": {
    "id": vars."wm_ocs.svcs.inbound.adptrsvcs__getRouteStops_range"."stops_temp.SVC_LINE_ID",
    "code": vars."wm_ocs.svcs.inbound.adptrsvcs__getRouteStops_range"."stops_temp.SVCCD",
    "description": vars."wm_ocs.svcs.inbound.adptrsvcs__getRouteStops_range"."stops_temp.SVCCD_DESC"
  },
  "load_type": vars."wm_ocs.svcs.inbound.adptrsvcs__getRouteStops_range"."stops_temp.TICKET_LOAD_TYPE",
  "route_id": vars."wm_ocs.svcs.inbound.adptrsvcs__getRouteStops_range"."stops_temp.RTE",
  "site_id": vars."wm_ocs.svcs.inbound.adptrsvcs__getRouteStops_range"."stops_temp.SITE_UID",
  "address": {
    "latitude": vars."wm_ocs.svcs.inbound.adptrsvcs__getRouteStops_range"."stops_temp.LATITUDE",
    "longitude": vars."wm_ocs.svcs.inbound.adptrsvcs__getRouteStops_range"."stops_temp.LONGITUDE"
  },
  "vehicle_id": vars."wm_ocs.svcs.inbound.adptrsvcs__getRouteStops_range"."stops_temp.VEHICLE_ID"
},
"Cache-Control": vars."wm_ocs.svcs.inbound.adptrsvcs__getRouteStops_range"."Cache-Control",
"If-Modified-Since": vars."wm_ocs.svcs.inbound.adptrsvcs__getRouteStops_range"."If-Modified-Since",
"configFileName": vars."wm_ocs.svcs.inbound.adptrsvcs__getRouteStops_range"."configFileName",
"Accept": vars."wm_ocs.svcs.inbound.adptrsvcs__getRouteStops_range"."Accept",
"Request-Tracking-Id": vars."wm_ocs.svcs.inbound.adptrsvcs__getRouteStops_range"."Request-Tracking-Id",
"fields": vars."wm_ocs.svcs.inbound.adptrsvcs__getRouteStops_range"."fields",
"type": vars."wm_ocs.svcs.inbound.adptrsvcs__getRouteStops_range"."type",
"pathHeader": vars."wm_ocs.svcs.inbound.adptrsvcs__getRouteStops_range"."pathHeader",
"limit": vars."wm_ocs.svcs.inbound.adptrsvcs__getRouteStops_range"."limit",
"offset": vars."wm_ocs.svcs.inbound.adptrsvcs__getRouteStops_range"."offset",
"jdbcConnName": vars."wm_ocs.svcs.inbound.adptrsvcs__getRouteStops_range"."jdbcConnName",
"route_order_number": vars."wm_ocs.svcs.inbound.adptrsvcs__getRouteStops_range"."route_order_number",
"count": vars."wm_ocs.svcs.inbound.adptrsvcs__getRouteStops_range"."count",
"SVCTIME": vars."wm_ocs.svcs.inbound.adptrsvcs__getRouteStops_range"."SVCTIME",
"SEQ": vars."wm_ocs.svcs.inbound.adptrsvcs__getRouteStops_range"."SEQ",
"STATUS": vars."wm_ocs.svcs.inbound.adptrsvcs__getRouteStops_range"."STATUS",
"TKTTYPE": vars."wm_ocs.svcs.inbound.adptrsvcs__getRouteStops_range"."TKTTYPE",
"TKTNUM": vars."wm_ocs.svcs.inbound.adptrsvcs__getRouteStops_range"."TKTNUM",
"EXCP_CD": vars."wm_ocs.svcs.inbound.adptrsvcs__getRouteStops_range"."EXCP_CD",
"CUST_ORDER_PKEY": vars."wm_ocs.svcs.inbound.adptrsvcs__getRouteStops_range"."CUST_ORDER_PKEY",
"CUST_SVC_PKEY": vars."wm_ocs.svcs.inbound.adptrsvcs__getRouteStops_range"."CUST_SVC_PKEY",
"SVC_LINE_ID": vars."wm_ocs.svcs.inbound.adptrsvcs__getRouteStops_range"."SVC_LINE_ID",
"SVCCD": vars."wm_ocs.svcs.inbound.adptrsvcs__getRouteStops_range"."SVCCD",
"SVCCD_DESC": vars."wm_ocs.svcs.inbound.adptrsvcs__getRouteStops_range"."SVCCD_DESC",
"CUSTOMER": vars."wm_ocs.svcs.inbound.adptrsvcs__getRouteStops_range"."CUSTOMER",
"MASUNIQUE": vars."wm_ocs.svcs.inbound.adptrsvcs__getRouteStops_range"."MASUNIQUE",
"TICKET_LOAD_TYPE": vars."wm_ocs.svcs.inbound.adptrsvcs__getRouteStops_range"."TICKET_LOAD_TYPE",
"RTE": vars."wm_ocs.svcs.inbound.adptrsvcs__getRouteStops_range"."RTE",
"SITE_UID": vars."wm_ocs.svcs.inbound.adptrsvcs__getRouteStops_range"."SITE_UID",
"LATITUDE": vars."wm_ocs.svcs.inbound.adptrsvcs__getRouteStops_range"."LATITUDE",
"LONGITUDE": vars."wm_ocs.svcs.inbound.adptrsvcs__getRouteStops_range"."LONGITUDE",
"VEHICLE_ID": vars."wm_ocs.svcs.inbound.adptrsvcs__getRouteStops_range"."VEHICLE_ID"
}
]]></ee:set-variable>
			</ee:variables>
		</ee:transform>
    
                                                </try>
                                            </when>
                                            <otherwise>
                                                <try doc:name="SEQUENCE">
                                                    <db:select config-ref="wm_ocs.conn:JDBC_CONN_OCSD_CAAG_USER" doc:id="wobhpipa-eadc-40b9-98cc-268d14076da0" doc:name="wm_ocs.svcs.inbound.adptrsvcs:getRouteStops" target="wm_ocs.svcs.inbound.adptrsvcs:getroutestops">
                                                        <db:sql>SELECT ${field}&#13;
FROM (&#13;
	SELECT NVL(route_id, '--') route_id&#13;
		,NVL(rte, '--') rte&#13;
		,DECODE(seq, NULL, '--', seq) seq&#13;
		,NVL(masunique, '--') masunique&#13;
		,NVL(customer, '--') customer&#13;
		,DECODE(tktnum, NULL, '--', tktnum) tktnum&#13;
		,NVL(tkttype, '--') tkttype&#13;
		,NVL(ticket_load_type, '--') ticket_load_type&#13;
		,NVL(svctime, '--') svctime&#13;
		,NVL(STATUS, '--') STATUS&#13;
		,NVL(svc_line_id, '--') svc_line_id&#13;
		,NVL(svccd, '--') svccd&#13;
		,NVL(svccd_desc, '--') svccd_desc&#13;
		,DECODE(rtepkey, NULL, '--', rtepkey) rte_order_pkey&#13;
		,DECODE(custpkey, NULL, '--', custpkey) cust_order_pkey&#13;
		,NVL(reasoncode, '--') reasoncode&#13;
		,excp_cd&#13;
		,cust_svc_pkey&#13;
		,driver_id&#13;
		,site_id&#13;
		,site_name&#13;
		,plandate&#13;
		,orderdate&#13;
		,latitude&#13;
		,longitude&#13;
		,vehicle&#13;
	FROM (&#13;
		SELECT vr.route.id route_id&#13;
			,vr.route.name rte&#13;
			,t.order_sequence / 2 seq&#13;
			,tc.uniqueid masunique&#13;
			,tc.name customer&#13;
			,t.ticketnumber tktnum&#13;
			,t.reasoncode tkttype&#13;
			,t.ticketloadtype.uniqueid ticket_load_type&#13;
			,TO_CHAR(FROM_TZ(TO_TIMESTAMP(TO_CHAR(NVL(csr.finished, cor.ticketcompleted), 'DD-MON-YYYY HH:MI:SS AM')), 'UTC') AT TIME ZONE(NVL(t.site.timezone, 'UTC')), 'yyyy-MM-DD HH24:MI:SS TZD') svctime&#13;
			,DECODE(NVL(csr.confirmationstatus, cor.confirmationstatus), 'CONFIRMEDPOS', 'Confirmed Positive', 'CONFIRMEDNEG', 'Confirmed Negative', 'CONFIRMEDINC', 'Confirmed Incomplete', NVL(csr.confirmationstatus, cor.confirmationstatus)) STATUS&#13;
			,s.id svc_line_id&#13;
			,s.code svccd&#13;
			,s.descr svccd_desc&#13;
			,vr.pkey rtepkey&#13;
			,t.pkey custpkey&#13;
			,t.reasoncode&#13;
			,NVL((&#13;
					SELECT CASE &#13;
							WHEN COUNT(DISTINCT tp.TEXT) &gt; 1&#13;
								THEN 'Multiple Exceptions'&#13;
							WHEN COUNT(DISTINCT tp.TEXT) = 1&#13;
								THEN MIN(tp.TEXT)&#13;
							ELSE NULL&#13;
							END&#13;
					FROM ocs_admin.vp_co_haulcall o&#13;
						,ocs_admin.vp_template tp&#13;
					WHERE t.pkey = o.customerorder.pkey&#13;
						AND o.vehicle IS NOT NULL&#13;
						AND tp.pkey = o.tmplhaulcall.pkey&#13;
						AND (&#13;
							o.customerservice IS NULL&#13;
							OR s.pkey = o.customerservice.pkey&#13;
							)&#13;
					GROUP BY customerorder&#13;
					), '--') excp_cd&#13;
			,s.pkey cust_svc_pkey&#13;
			,vr.driver.empid driver_id&#13;
			,vr.site.uniqueid site_id&#13;
			,vr.site.name site_name&#13;
			,t.plandate&#13;
			,vr.orderdate orderdate&#13;
			,NVL(t.servicelocation.latitude, t.servicelocation.address.latitude) latitude&#13;
			,NVL(t.servicelocation.longitude, t.servicelocation.address.longitude) longitude&#13;
			,tv.id vehicle&#13;
		FROM ocs_admin.vp_routeorder vr&#13;
		INNER JOIN ocs_admin.vp_customerorder t ON t.routeorder = REF(vr)&#13;
		INNER JOIN ocs_admin.vp_vehicle tv ON REF(tv) = vr.vehicle&#13;
		INNER JOIN ocs_admin.vp_customer tc ON t.customer = REF(tc)&#13;
		INNER JOIN ocs_admin.vp_customerservice s ON s.customerorder = REF(t)&#13;
		LEFT JOIN ocs_admin.vp_co_result cor ON cor.customerorder = REF(t)&#13;
			AND cor.vehicle IS NOT NULL&#13;
		LEFT JOIN ocs_admin.vp_cs_result csr ON csr.customerservice = REF(s)&#13;
			AND csr.vehicle IS NOT NULL&#13;
		WHERE vr.pkey = ? -- Route Order PKEY&#13;
		ORDER BY t.order_sequence DESC&#13;
		)&#13;
	)</db:sql>
                                                    </db:select>
                                                    
<ee:transform doc:name="MAP" doc:id="0af093a1-f36b-4a65-9f3f-7a904ab46e8b" >
			<ee:message >
			</ee:message>
			<ee:variables>
				<ee:set-variable variableName="MAP" ><![CDATA[%dw 2.0
output application/json
---
	{"stops": {
  "service_time": vars."wm_ocs.svcs.inbound.adptrsvcs__getRouteStops"."stops_temp.SVCTIME",
  "sequence": vars."wm_ocs.svcs.inbound.adptrsvcs__getRouteStops"."stops_temp.SEQ",
  "status": vars."wm_ocs.svcs.inbound.adptrsvcs__getRouteStops"."stops_temp.STATUS",
  "ticket_type": vars."wm_ocs.svcs.inbound.adptrsvcs__getRouteStops"."stops_temp.TKTTYPE",
  "ticket_number": vars."wm_ocs.svcs.inbound.adptrsvcs__getRouteStops"."stops_temp.TKTNUM",
  "exception_code": vars."wm_ocs.svcs.inbound.adptrsvcs__getRouteStops"."stops_temp.EXCP_CD",
  "customer_info": {
    "customer_order_number": vars."wm_ocs.svcs.inbound.adptrsvcs__getRouteStops"."stops_temp.CUST_ORDER_PKEY",
    "customer_service_number": vars."wm_ocs.svcs.inbound.adptrsvcs__getRouteStops"."stops_temp.CUST_SVC_PKEY",
    "name": vars."wm_ocs.svcs.inbound.adptrsvcs__getRouteStops"."stops_temp.CUSTOMER",
    "eZpayId": vars."wm_ocs.svcs.inbound.adptrsvcs__getRouteStops"."stops_temp.MASUNIQUE"
  },
  "service_info": {
    "id": vars."wm_ocs.svcs.inbound.adptrsvcs__getRouteStops"."stops_temp.SVC_LINE_ID",
    "code": vars."wm_ocs.svcs.inbound.adptrsvcs__getRouteStops"."stops_temp.SVCCD",
    "description": vars."wm_ocs.svcs.inbound.adptrsvcs__getRouteStops"."stops_temp.SVCCD_DESC"
  },
  "load_type": vars."wm_ocs.svcs.inbound.adptrsvcs__getRouteStops"."stops_temp.TICKET_LOAD_TYPE",
  "route_id": vars."wm_ocs.svcs.inbound.adptrsvcs__getRouteStops"."stops_temp.RTE",
  "site_id": vars."wm_ocs.svcs.inbound.adptrsvcs__getRouteStops"."stops_temp.SITE_UID",
  "address": {
    "latitude": vars."wm_ocs.svcs.inbound.adptrsvcs__getRouteStops"."stops_temp.LATITUDE",
    "longitude": vars."wm_ocs.svcs.inbound.adptrsvcs__getRouteStops"."stops_temp.LONGITUDE"
  },
  "vehicle_id": vars."wm_ocs.svcs.inbound.adptrsvcs__getRouteStops"."stops_temp.VEHICLE_ID"
},
"Cache-Control": vars."wm_ocs.svcs.inbound.adptrsvcs__getRouteStops"."Cache-Control",
"If-Modified-Since": vars."wm_ocs.svcs.inbound.adptrsvcs__getRouteStops"."If-Modified-Since",
"configFileName": vars."wm_ocs.svcs.inbound.adptrsvcs__getRouteStops"."configFileName",
"Accept": vars."wm_ocs.svcs.inbound.adptrsvcs__getRouteStops"."Accept",
"Request-Tracking-Id": vars."wm_ocs.svcs.inbound.adptrsvcs__getRouteStops"."Request-Tracking-Id",
"fields": vars."wm_ocs.svcs.inbound.adptrsvcs__getRouteStops"."fields",
"count": vars."wm_ocs.svcs.inbound.adptrsvcs__getRouteStops"."count",
"type": vars."wm_ocs.svcs.inbound.adptrsvcs__getRouteStops"."type",
"pathHeader": vars."wm_ocs.svcs.inbound.adptrsvcs__getRouteStops"."pathHeader",
"limit": vars."wm_ocs.svcs.inbound.adptrsvcs__getRouteStops"."limit",
"offset": vars."wm_ocs.svcs.inbound.adptrsvcs__getRouteStops"."offset",
"jdbcConnName": vars."wm_ocs.svcs.inbound.adptrsvcs__getRouteStops"."jdbcConnName",
"route_order_number": vars."wm_ocs.svcs.inbound.adptrsvcs__getRouteStops"."route_order_number",
"ROUTE_ID": vars."wm_ocs.svcs.inbound.adptrsvcs__getRouteStops"."ROUTE_ID",
"RTE": vars."wm_ocs.svcs.inbound.adptrsvcs__getRouteStops"."RTE",
"SEQ": vars."wm_ocs.svcs.inbound.adptrsvcs__getRouteStops"."SEQ",
"MASUNIQUE": vars."wm_ocs.svcs.inbound.adptrsvcs__getRouteStops"."MASUNIQUE",
"CUSTOMER": vars."wm_ocs.svcs.inbound.adptrsvcs__getRouteStops"."CUSTOMER",
"TKTNUM": vars."wm_ocs.svcs.inbound.adptrsvcs__getRouteStops"."TKTNUM",
"TKTTYPE": vars."wm_ocs.svcs.inbound.adptrsvcs__getRouteStops"."TKTTYPE",
"TICKET_LOAD_TYPE": vars."wm_ocs.svcs.inbound.adptrsvcs__getRouteStops"."TICKET_LOAD_TYPE",
"SVCTIME": vars."wm_ocs.svcs.inbound.adptrsvcs__getRouteStops"."SVCTIME",
"STATUS": vars."wm_ocs.svcs.inbound.adptrsvcs__getRouteStops"."STATUS",
"SVC_LINE_ID": vars."wm_ocs.svcs.inbound.adptrsvcs__getRouteStops"."SVC_LINE_ID",
"SVCCD": vars."wm_ocs.svcs.inbound.adptrsvcs__getRouteStops"."SVCCD",
"SVCCD_DESC": vars."wm_ocs.svcs.inbound.adptrsvcs__getRouteStops"."SVCCD_DESC",
"RTE_ORDER_PKEY": vars."wm_ocs.svcs.inbound.adptrsvcs__getRouteStops"."RTE_ORDER_PKEY",
"CUST_ORDER_PKEY": vars."wm_ocs.svcs.inbound.adptrsvcs__getRouteStops"."CUST_ORDER_PKEY",
"REASONCODE": vars."wm_ocs.svcs.inbound.adptrsvcs__getRouteStops"."REASONCODE",
"EXCP_CD": vars."wm_ocs.svcs.inbound.adptrsvcs__getRouteStops"."EXCP_CD",
"CUST_SVC_PKEY": vars."wm_ocs.svcs.inbound.adptrsvcs__getRouteStops"."CUST_SVC_PKEY",
"DRIVER_ID": vars."wm_ocs.svcs.inbound.adptrsvcs__getRouteStops"."DRIVER_ID",
"SITE_ID": vars."wm_ocs.svcs.inbound.adptrsvcs__getRouteStops"."SITE_ID",
"SITE_NAME": vars."wm_ocs.svcs.inbound.adptrsvcs__getRouteStops"."SITE_NAME",
"SITE_UID": vars."wm_ocs.svcs.inbound.adptrsvcs__getRouteStops"."SITE_UID",
"PLANDATE": vars."wm_ocs.svcs.inbound.adptrsvcs__getRouteStops"."PLANDATE",
"ORDERDATE": vars."wm_ocs.svcs.inbound.adptrsvcs__getRouteStops"."ORDERDATE",
"LATITUDE": vars."wm_ocs.svcs.inbound.adptrsvcs__getRouteStops"."LATITUDE",
"LONGITUDE": vars."wm_ocs.svcs.inbound.adptrsvcs__getRouteStops"."LONGITUDE",
"VEHICLE_ID": vars."wm_ocs.svcs.inbound.adptrsvcs__getRouteStops"."VEHICLE_ID",
"VEHICLE": vars."wm_ocs.svcs.inbound.adptrsvcs__getRouteStops"."VEHICLE"
}
]]></ee:set-variable>
			</ee:variables>
		</ee:transform>
    
                                                </try>
                                            </otherwise>
                                        </choice>
                                    </try>
                                </otherwise>
                            </choice>
                            <choice doc:name="BRANCH">
                                <when expression="%count%!=0">
                                    <try doc:name="SEQUENCE">
                                        
<ee:transform doc:name="MAP" doc:id="0af093a1-f36b-4a65-9f3f-7a904ab46e8b" >
			<ee:message >
			</ee:message>
			<ee:variables>
				<ee:set-variable variableName="MAP" ><![CDATA[%dw 2.0
output application/json
---
	{"metadata": {
  "totalCount": payload."count"
}
}
]]></ee:set-variable>
			</ee:variables>
		</ee:transform>
    
                                        
<ee:transform doc:name="MAP" doc:id="0af093a1-f36b-4a65-9f3f-7a904ab46e8b" >
			<ee:message >
			</ee:message>
			<ee:variables>
				<ee:set-variable variableName="MAP" ><![CDATA[%dw 2.0
output application/json
---
	{"document": {
  "metadata": payload."metadata",
  "stops": payload."stops",
  "request_tracking_id": payload."Request-Tracking-Id"
},
"cacheManager": vars.MAP."cacheManager",
"fileName": vars.MAP."fileName",
"Cache-Control": vars.MAP."Cache-Control",
"If-Modified-Since": vars.MAP."If-Modified-Since",
"Accept": vars.MAP."Accept",
"route_order_number": vars.MAP."route_order_number",
"count": vars.MAP."count",
"configFileName": vars.MAP."configFileName",
"cacheManagerName": vars.MAP."cacheManagerName",
"cacheName": vars.MAP."cacheName",
"Request-Tracking-Id": vars.MAP."Request-Tracking-Id",
"routeID": payload."routeID",
"fields": vars.MAP."fields",
"type": vars.MAP."type",
"pathHeader": vars.MAP."pathHeader",
"limit": vars.MAP."limit",
"offset": vars.MAP."offset",
"request_tracking_id": payload."request_tracking_id",
"jdbcConnName": vars.MAP."jdbcConnName",
"finalResponse": vars.MAP."finalResponse",
"etagOutput": vars.MAP."etagOutput",
"contentType": vars.MAP."contentType",
"cacheKey": vars.MAP."cacheKey",
"expirationTime": vars.MAP."expirationTime",
"totalCount": vars.MAP."totalCount"
}
]]></ee:set-variable>
			</ee:variables>
		</ee:transform>
    
                                        <logger doc:id="uzdavgqr-eadc-40b9-98cc-268d14076da0" doc:name="wm_common.utils:checkAcceptHeader" level="INFO"/>
                                        <logger doc:id="uwiryodk-eadc-40b9-98cc-268d14076da0" doc:name="wm_common.utils:checkIfModifiedSinceHeader" level="INFO"/>
                                        <os:store doc:id="kjnqtaek-eadc-40b9-98cc-268d14076da0" doc:name="pub.cache:put" key="#[attributes.headers.key]" name="pub.cache:put" objectStore="pub.cache-put_conn">
                                            <os:value>#[ payload ]</os:value>
                                        </os:store>
                                        <logger doc:id="lqchjnnc-eadc-40b9-98cc-268d14076da0" doc:name="CAAG.javasvcs:getExpirationTime" level="INFO"/>
                                        <logger doc:id="tkrsorxp-eadc-40b9-98cc-268d14076da0" doc:name="pub.flow:setResponseHeader" level="INFO"/>
                                    </try>
                                </when>
                                <otherwise>
                                    <try doc:name="SEQUENCE">
                                        
<ee:transform doc:name="MAP" doc:id="0af093a1-f36b-4a65-9f3f-7a904ab46e8b" >
			<ee:message >
			</ee:message>
			<ee:variables>
				<ee:set-variable variableName="MAP" ><![CDATA[%dw 2.0
output application/json
---
	{"contentType": 'application/json',
"initParams": {
  "subjectNote": 'OCS',
  "errorCode": '204'
},
"Cache-Control": vars."pub.flow__setResponseHeader"."Cache-Control",
"If-Modified-Since": vars."pub.flow__setResponseHeader"."If-Modified-Since",
"configFileName": vars."pub.flow__setResponseHeader"."configFileName",
"Accept": vars."pub.flow__setResponseHeader"."Accept",
"Request-Tracking-Id": vars."pub.flow__setResponseHeader"."Request-Tracking-Id",
"fields": vars."pub.flow__setResponseHeader"."fields",
"count": vars."pub.flow__setResponseHeader"."count",
"type": vars."pub.flow__setResponseHeader"."type",
"pathHeader": vars."pub.flow__setResponseHeader"."pathHeader",
"limit": vars."pub.flow__setResponseHeader"."limit",
"offset": vars."pub.flow__setResponseHeader"."offset",
"jdbcConnName": vars."pub.flow__setResponseHeader"."jdbcConnName",
"route_order_number": vars."pub.flow__setResponseHeader"."route_order_number",
"finalResponse": vars."pub.flow__setResponseHeader"."finalResponse",
"etagOutput": vars."pub.flow__setResponseHeader"."etagOutput"
}
]]></ee:set-variable>
			</ee:variables>
		</ee:transform>
    
                                        <logger doc:id="rpnbukug-eadc-40b9-98cc-268d14076da0" doc:name="wm_common.utils:throwError" level="INFO"/>
                                    </try>
                                </otherwise>
                            </choice>
                        </try>
                    </otherwise>
                </choice>
                
<ee:transform doc:name="MAP" doc:id="0af093a1-f36b-4a65-9f3f-7a904ab46e8b" >
			<ee:message >
			</ee:message>
			<ee:variables>
				<ee:set-variable variableName="MAP" ><![CDATA[%dw 2.0
output application/json
---
	{"customer_id": vars.MAP."customer_id",
"customerNo": payload."customerNo",
"library": payload."library",
"company": payload."company",
"fileName": vars."wm_common.utils__throwError"."fileName",
"cacheKey": vars."wm_common.utils__throwError"."cacheKey",
"finalResponse": vars."wm_common.utils__throwError"."finalResponse"
}
]]></ee:set-variable>
			</ee:variables>
		</ee:transform>
    
            </try>
            <try doc:name="SEQUENCE">
                <logger doc:id="vmjjyqin-eadc-40b9-98cc-268d14076da0" doc:name="pub.flow:getLastError" level="INFO"/>
                <logger doc:id="iwxlyfxr-eadc-40b9-98cc-268d14076da0" doc:name="wm_errorhandling.utils:getCallingService" level="INFO"/>
                <logger doc:id="spbzwojo-eadc-40b9-98cc-268d14076da0" doc:name="wm_errorhandling.svcs.flowsvcs:createErrorMsg_FW1" level="INFO"/>
                
<ee:transform doc:name="MAP" doc:id="0af093a1-f36b-4a65-9f3f-7a904ab46e8b" >
			<ee:message >
			</ee:message>
			<ee:variables>
				<ee:set-variable variableName="MAP" ><![CDATA[%dw 2.0
output application/json
---
	{"contentType": 'application/json'
}
]]></ee:set-variable>
			</ee:variables>
		</ee:transform>
    
                <logger doc:id="ubfuldap-eadc-40b9-98cc-268d14076da0" doc:name="EXIT" level="INFO"/>
            </try>
        </try>
        <try doc:name="SEQUENCE">
            <try doc:name="SEQUENCE">
                <ee:transform doc:id="xerrrrjr-9b5e-4a86-b01c-cd738c5276d4" doc:name="MAP">
                    <ee:variables>
                        <ee:set-variable variableName="MAP">%dw 2.0
output application/json
---
vars.""</ee:set-variable>
                    </ee:variables>
                </ee:transform>
                <logger doc:id="smlevoaj-eadc-40b9-98cc-268d14076da0" doc:name="wm_common.utils:constructCacheKey" level="INFO"/>
                <os:retrieve doc:id="qnnrgnhr-eadc-40b9-98cc-268d14076da0" doc:name="pub.cache:get" key="#[attributes.headers.key]" name="pub.cache:get" objectStore="pub.cache-get_conn" target="pub.cache:get">
                    <os:default-value/>
                </os:retrieve>
                <choice doc:name="BRANCH">
                    <when expression="% /finalResponse% = /[^ ]/">
                        <try doc:name="SEQUENCE">
                            <logger doc:id="fcckmxbn-eadc-40b9-98cc-268d14076da0" doc:name="CAAG.javasvcs:getExpirationTime" level="INFO"/>
                            <logger doc:id="aleuugdy-eadc-40b9-98cc-268d14076da0" doc:name="pub.flow:setResponseHeader" level="INFO"/>
                            <logger doc:id="dddonllx-eadc-40b9-98cc-268d14076da0" doc:name="wm_common.utils:createEtag" level="INFO"/>
                            <logger doc:id="bwjvpevp-eadc-40b9-98cc-268d14076da0" doc:name="wm_common.utils:checkIfModifiedSinceHeader" level="INFO"/>
                        </try>
                    </when>
                    <otherwise>
                        <try doc:name="SEQUENCE">
                            <choice doc:name="BRANCH">
                                <when expression="%offset%!=$null &amp;&amp; %limit%!=$null &amp;&amp; %offset%!=&quot;&quot; &amp;&amp; %limit% !=&quot;&quot;">
                                    <try doc:name="SEQUENCE">
                                        <ee:transform doc:id="nojwdjwk-9b5e-4a86-b01c-cd738c5276d4" doc:name="MAP">
                                            <ee:variables>
                                                <ee:set-variable variableName="MAP">%dw 2.0
output application/json
---
vars.""</ee:set-variable>
                                            </ee:variables>
                                        </ee:transform>
                                        <ee:transform doc:id="reudbtit-9b5e-4a86-b01c-cd738c5276d4" doc:name="MAP">
                                            <ee:variables>
                                                <ee:set-variable variableName="MAP">%dw 2.0
output application/json
---
vars.""</ee:set-variable>
                                            </ee:variables>
                                        </ee:transform>
                                    </try>
                                </when>
                            </choice>
                            <choice doc:name="BRANCH">
                                <when expression="% /fields% = /[^ ]/">
                                    <try doc:name="SEQUENCE">
                                        <choice doc:name="BRANCH">
                                            <when expression="% /limit% = /[^ ]/">
                                                <try doc:name="SEQUENCE">
                                                    <db:select config-ref="wm_ocs.conn:JDBC_CONN_OCSD_CAAG_USER" doc:id="uaxyyygh-eadc-40b9-98cc-268d14076da0" doc:name="wm_ocs.svcs.inbound.adptrsvcs:getRouteStops_range" target="wm_ocs.svcs.inbound.adptrsvcs:getroutestops_range">
                                                        <db:sql>SELECT ${field}&#13;
FROM (&#13;
	SELECT NVL(route_id, '--') route_id&#13;
		,NVL(rte, '--') rte&#13;
		,DECODE(seq, NULL, '--', seq) seq&#13;
		,NVL(masunique, '--') masunique&#13;
		,NVL(customer, '--') customer&#13;
		,DECODE(tktnum, NULL, '--', tktnum) tktnum&#13;
		,NVL(tkttype, '--') tkttype&#13;
		,NVL(ticket_load_type, '--') ticket_load_type&#13;
		,NVL(svctime, '--') svctime&#13;
		,NVL(STATUS, '--') STATUS&#13;
		,NVL(svc_line_id, '--') svc_line_id&#13;
		,NVL(svccd, '--') svccd&#13;
		,NVL(svccd_desc, '--') svccd_desc&#13;
		,DECODE(rtepkey, NULL, '--', rtepkey) rte_order_pkey&#13;
		,DECODE(custpkey, NULL, '--', custpkey) cust_order_pkey&#13;
		,NVL(reasoncode, '--') reasoncode&#13;
		,excp_cd&#13;
		,cust_svc_pkey&#13;
		,driver_id&#13;
		,site_id&#13;
		,site_name&#13;
		,plandate&#13;
		,orderdate&#13;
		,latitude&#13;
		,longitude&#13;
		,vehicle&#13;
	FROM (&#13;
		SELECT vr.route.id route_id&#13;
			,vr.route.name rte&#13;
			,t.order_sequence / 2 seq&#13;
			,tc.uniqueid masunique&#13;
			,tc.name customer&#13;
			,t.ticketnumber tktnum&#13;
			,t.reasoncode tkttype&#13;
			,t.ticketloadtype.uniqueid ticket_load_type&#13;
			,TO_CHAR(FROM_TZ(TO_TIMESTAMP(TO_CHAR(NVL(csr.finished, cor.ticketcompleted), 'DD-MON-YYYY HH:MI:SS AM')), 'UTC') AT TIME ZONE(NVL(t.site.timezone, 'UTC')), 'yyyy-MM-DD HH24:MI:SS TZD') svctime&#13;
			,DECODE(NVL(csr.confirmationstatus, cor.confirmationstatus), 'CONFIRMEDPOS', 'Confirmed Positive', 'CONFIRMEDNEG', 'Confirmed Negative', 'CONFIRMEDINC', 'Confirmed Incomplete', NVL(csr.confirmationstatus, cor.confirmationstatus)) STATUS&#13;
			,s.id svc_line_id&#13;
			,s.code svccd&#13;
			,s.descr svccd_desc&#13;
			,vr.pkey rtepkey&#13;
			,t.pkey custpkey&#13;
			,t.reasoncode&#13;
			,NVL((&#13;
					SELECT CASE &#13;
							WHEN COUNT(DISTINCT tp.TEXT) &gt; 1&#13;
								THEN 'Multiple Exceptions'&#13;
							WHEN COUNT(DISTINCT tp.TEXT) = 1&#13;
								THEN MIN(tp.TEXT)&#13;
							ELSE NULL&#13;
							END&#13;
					FROM ocs_admin.vp_co_haulcall o&#13;
						,ocs_admin.vp_template tp&#13;
					WHERE t.pkey = o.customerorder.pkey&#13;
						AND o.vehicle IS NOT NULL&#13;
						AND tp.pkey = o.tmplhaulcall.pkey&#13;
						AND (&#13;
							o.customerservice IS NULL&#13;
							OR s.pkey = o.customerservice.pkey&#13;
							)&#13;
					GROUP BY customerorder&#13;
					), '--') excp_cd&#13;
			,s.pkey cust_svc_pkey&#13;
			,vr.driver.empid driver_id&#13;
			,vr.site.uniqueid site_id&#13;
			,vr.site.name site_name&#13;
			,t.plandate&#13;
			,vr.orderdate orderdate&#13;
			,NVL(t.servicelocation.latitude, t.servicelocation.address.latitude) latitude&#13;
			,NVL(t.servicelocation.longitude, t.servicelocation.address.longitude) longitude&#13;
			,tv.id vehicle&#13;
			,ROW_NUMBER() OVER (&#13;
				ORDER BY t.order_sequence&#13;
				) rn&#13;
		FROM ocs_admin.vp_routeorder vr&#13;
		INNER JOIN ocs_admin.vp_customerorder t ON t.routeorder = REF(vr)&#13;
		INNER JOIN ocs_admin.vp_vehicle tv ON REF(tv) = vr.vehicle&#13;
		INNER JOIN ocs_admin.vp_customer tc ON t.customer = REF(tc)&#13;
		INNER JOIN ocs_admin.vp_customerservice s ON s.customerorder = REF(t)&#13;
		LEFT JOIN ocs_admin.vp_co_result cor ON cor.customerorder = REF(t)&#13;
			AND cor.vehicle IS NOT NULL&#13;
		LEFT JOIN ocs_admin.vp_cs_result csr ON csr.customerservice = REF(s)&#13;
			AND csr.vehicle IS NOT NULL&#13;
		WHERE vr.pkey = ? -- Route Order PKEY&#13;
		ORDER BY t.order_sequence DESC&#13;
		)&#13;
	WHERE rn BETWEEN ?&#13;
			AND ?&#13;
	)</db:sql>
                                                    </db:select>
                                                    <ee:transform doc:id="ygtetdxp-9b5e-4a86-b01c-cd738c5276d4" doc:name="MAP">
                                                        <ee:variables>
                                                            <ee:set-variable variableName="MAP">%dw 2.0
output application/json
---
vars.""</ee:set-variable>
                                                        </ee:variables>
                                                    </ee:transform>
                                                </try>
                                            </when>
                                            <otherwise>
                                                <try doc:name="SEQUENCE">
                                                    <db:select config-ref="wm_ocs.conn:JDBC_CONN_OCSD_CAAG_USER" doc:id="krnudhkk-eadc-40b9-98cc-268d14076da0" doc:name="wm_ocs.svcs.inbound.adptrsvcs:getRouteStops" target="wm_ocs.svcs.inbound.adptrsvcs:getroutestops">
                                                        <db:sql>SELECT ${field}&#13;
FROM (&#13;
	SELECT NVL(route_id, '--') route_id&#13;
		,NVL(rte, '--') rte&#13;
		,DECODE(seq, NULL, '--', seq) seq&#13;
		,NVL(masunique, '--') masunique&#13;
		,NVL(customer, '--') customer&#13;
		,DECODE(tktnum, NULL, '--', tktnum) tktnum&#13;
		,NVL(tkttype, '--') tkttype&#13;
		,NVL(ticket_load_type, '--') ticket_load_type&#13;
		,NVL(svctime, '--') svctime&#13;
		,NVL(STATUS, '--') STATUS&#13;
		,NVL(svc_line_id, '--') svc_line_id&#13;
		,NVL(svccd, '--') svccd&#13;
		,NVL(svccd_desc, '--') svccd_desc&#13;
		,DECODE(rtepkey, NULL, '--', rtepkey) rte_order_pkey&#13;
		,DECODE(custpkey, NULL, '--', custpkey) cust_order_pkey&#13;
		,NVL(reasoncode, '--') reasoncode&#13;
		,excp_cd&#13;
		,cust_svc_pkey&#13;
		,driver_id&#13;
		,site_id&#13;
		,site_name&#13;
		,plandate&#13;
		,orderdate&#13;
		,latitude&#13;
		,longitude&#13;
		,vehicle&#13;
	FROM (&#13;
		SELECT vr.route.id route_id&#13;
			,vr.route.name rte&#13;
			,t.order_sequence / 2 seq&#13;
			,tc.uniqueid masunique&#13;
			,tc.name customer&#13;
			,t.ticketnumber tktnum&#13;
			,t.reasoncode tkttype&#13;
			,t.ticketloadtype.uniqueid ticket_load_type&#13;
			,TO_CHAR(FROM_TZ(TO_TIMESTAMP(TO_CHAR(NVL(csr.finished, cor.ticketcompleted), 'DD-MON-YYYY HH:MI:SS AM')), 'UTC') AT TIME ZONE(NVL(t.site.timezone, 'UTC')), 'yyyy-MM-DD HH24:MI:SS TZD') svctime&#13;
			,DECODE(NVL(csr.confirmationstatus, cor.confirmationstatus), 'CONFIRMEDPOS', 'Confirmed Positive', 'CONFIRMEDNEG', 'Confirmed Negative', 'CONFIRMEDINC', 'Confirmed Incomplete', NVL(csr.confirmationstatus, cor.confirmationstatus)) STATUS&#13;
			,s.id svc_line_id&#13;
			,s.code svccd&#13;
			,s.descr svccd_desc&#13;
			,vr.pkey rtepkey&#13;
			,t.pkey custpkey&#13;
			,t.reasoncode&#13;
			,NVL((&#13;
					SELECT CASE &#13;
							WHEN COUNT(DISTINCT tp.TEXT) &gt; 1&#13;
								THEN 'Multiple Exceptions'&#13;
							WHEN COUNT(DISTINCT tp.TEXT) = 1&#13;
								THEN MIN(tp.TEXT)&#13;
							ELSE NULL&#13;
							END&#13;
					FROM ocs_admin.vp_co_haulcall o&#13;
						,ocs_admin.vp_template tp&#13;
					WHERE t.pkey = o.customerorder.pkey&#13;
						AND o.vehicle IS NOT NULL&#13;
						AND tp.pkey = o.tmplhaulcall.pkey&#13;
						AND (&#13;
							o.customerservice IS NULL&#13;
							OR s.pkey = o.customerservice.pkey&#13;
							)&#13;
					GROUP BY customerorder&#13;
					), '--') excp_cd&#13;
			,s.pkey cust_svc_pkey&#13;
			,vr.driver.empid driver_id&#13;
			,vr.site.uniqueid site_id&#13;
			,vr.site.name site_name&#13;
			,t.plandate&#13;
			,vr.orderdate orderdate&#13;
			,NVL(t.servicelocation.latitude, t.servicelocation.address.latitude) latitude&#13;
			,NVL(t.servicelocation.longitude, t.servicelocation.address.longitude) longitude&#13;
			,tv.id vehicle&#13;
		FROM ocs_admin.vp_routeorder vr&#13;
		INNER JOIN ocs_admin.vp_customerorder t ON t.routeorder = REF(vr)&#13;
		INNER JOIN ocs_admin.vp_vehicle tv ON REF(tv) = vr.vehicle&#13;
		INNER JOIN ocs_admin.vp_customer tc ON t.customer = REF(tc)&#13;
		INNER JOIN ocs_admin.vp_customerservice s ON s.customerorder = REF(t)&#13;
		LEFT JOIN ocs_admin.vp_co_result cor ON cor.customerorder = REF(t)&#13;
			AND cor.vehicle IS NOT NULL&#13;
		LEFT JOIN ocs_admin.vp_cs_result csr ON csr.customerservice = REF(s)&#13;
			AND csr.vehicle IS NOT NULL&#13;
		WHERE vr.pkey = ? -- Route Order PKEY&#13;
		ORDER BY t.order_sequence DESC&#13;
		)&#13;
	)</db:sql>
                                                    </db:select>
                                                    <ee:transform doc:id="gzhvmgja-9b5e-4a86-b01c-cd738c5276d4" doc:name="MAP">
                                                        <ee:variables>
                                                            <ee:set-variable variableName="MAP">%dw 2.0
output application/json
---
vars.""</ee:set-variable>
                                                        </ee:variables>
                                                    </ee:transform>
                                                </try>
                                            </otherwise>
                                        </choice>
                                    </try>
                                </when>
                                <otherwise>
                                    <try doc:name="SEQUENCE">
                                        <choice doc:name="BRANCH">
                                            <when expression="% /limit% = /[^ ]/">
                                                <try doc:name="SEQUENCE">
                                                    <db:select config-ref="wm_ocs.conn:JDBC_CONN_OCSD_CAAG_USER" doc:id="zjbckjud-eadc-40b9-98cc-268d14076da0" doc:name="wm_ocs.svcs.inbound.adptrsvcs:getRouteStops_range" target="wm_ocs.svcs.inbound.adptrsvcs:getroutestops_range">
                                                        <db:sql>SELECT ${field}&#13;
FROM (&#13;
	SELECT NVL(route_id, '--') route_id&#13;
		,NVL(rte, '--') rte&#13;
		,DECODE(seq, NULL, '--', seq) seq&#13;
		,NVL(masunique, '--') masunique&#13;
		,NVL(customer, '--') customer&#13;
		,DECODE(tktnum, NULL, '--', tktnum) tktnum&#13;
		,NVL(tkttype, '--') tkttype&#13;
		,NVL(ticket_load_type, '--') ticket_load_type&#13;
		,NVL(svctime, '--') svctime&#13;
		,NVL(STATUS, '--') STATUS&#13;
		,NVL(svc_line_id, '--') svc_line_id&#13;
		,NVL(svccd, '--') svccd&#13;
		,NVL(svccd_desc, '--') svccd_desc&#13;
		,DECODE(rtepkey, NULL, '--', rtepkey) rte_order_pkey&#13;
		,DECODE(custpkey, NULL, '--', custpkey) cust_order_pkey&#13;
		,NVL(reasoncode, '--') reasoncode&#13;
		,excp_cd&#13;
		,cust_svc_pkey&#13;
		,driver_id&#13;
		,site_id&#13;
		,site_name&#13;
		,plandate&#13;
		,orderdate&#13;
		,latitude&#13;
		,longitude&#13;
		,vehicle&#13;
	FROM (&#13;
		SELECT vr.route.id route_id&#13;
			,vr.route.name rte&#13;
			,t.order_sequence / 2 seq&#13;
			,tc.uniqueid masunique&#13;
			,tc.name customer&#13;
			,t.ticketnumber tktnum&#13;
			,t.reasoncode tkttype&#13;
			,t.ticketloadtype.uniqueid ticket_load_type&#13;
			,TO_CHAR(FROM_TZ(TO_TIMESTAMP(TO_CHAR(NVL(csr.finished, cor.ticketcompleted), 'DD-MON-YYYY HH:MI:SS AM')), 'UTC') AT TIME ZONE(NVL(t.site.timezone, 'UTC')), 'yyyy-MM-DD HH24:MI:SS TZD') svctime&#13;
			,DECODE(NVL(csr.confirmationstatus, cor.confirmationstatus), 'CONFIRMEDPOS', 'Confirmed Positive', 'CONFIRMEDNEG', 'Confirmed Negative', 'CONFIRMEDINC', 'Confirmed Incomplete', NVL(csr.confirmationstatus, cor.confirmationstatus)) STATUS&#13;
			,s.id svc_line_id&#13;
			,s.code svccd&#13;
			,s.descr svccd_desc&#13;
			,vr.pkey rtepkey&#13;
			,t.pkey custpkey&#13;
			,t.reasoncode&#13;
			,NVL((&#13;
					SELECT CASE &#13;
							WHEN COUNT(DISTINCT tp.TEXT) &gt; 1&#13;
								THEN 'Multiple Exceptions'&#13;
							WHEN COUNT(DISTINCT tp.TEXT) = 1&#13;
								THEN MIN(tp.TEXT)&#13;
							ELSE NULL&#13;
							END&#13;
					FROM ocs_admin.vp_co_haulcall o&#13;
						,ocs_admin.vp_template tp&#13;
					WHERE t.pkey = o.customerorder.pkey&#13;
						AND o.vehicle IS NOT NULL&#13;
						AND tp.pkey = o.tmplhaulcall.pkey&#13;
						AND (&#13;
							o.customerservice IS NULL&#13;
							OR s.pkey = o.customerservice.pkey&#13;
							)&#13;
					GROUP BY customerorder&#13;
					), '--') excp_cd&#13;
			,s.pkey cust_svc_pkey&#13;
			,vr.driver.empid driver_id&#13;
			,vr.site.uniqueid site_id&#13;
			,vr.site.name site_name&#13;
			,t.plandate&#13;
			,vr.orderdate orderdate&#13;
			,NVL(t.servicelocation.latitude, t.servicelocation.address.latitude) latitude&#13;
			,NVL(t.servicelocation.longitude, t.servicelocation.address.longitude) longitude&#13;
			,tv.id vehicle&#13;
			,ROW_NUMBER() OVER (&#13;
				ORDER BY t.order_sequence&#13;
				) rn&#13;
		FROM ocs_admin.vp_routeorder vr&#13;
		INNER JOIN ocs_admin.vp_customerorder t ON t.routeorder = REF(vr)&#13;
		INNER JOIN ocs_admin.vp_vehicle tv ON REF(tv) = vr.vehicle&#13;
		INNER JOIN ocs_admin.vp_customer tc ON t.customer = REF(tc)&#13;
		INNER JOIN ocs_admin.vp_customerservice s ON s.customerorder = REF(t)&#13;
		LEFT JOIN ocs_admin.vp_co_result cor ON cor.customerorder = REF(t)&#13;
			AND cor.vehicle IS NOT NULL&#13;
		LEFT JOIN ocs_admin.vp_cs_result csr ON csr.customerservice = REF(s)&#13;
			AND csr.vehicle IS NOT NULL&#13;
		WHERE vr.pkey = ? -- Route Order PKEY&#13;
		ORDER BY t.order_sequence DESC&#13;
		)&#13;
	WHERE rn BETWEEN ?&#13;
			AND ?&#13;
	)</db:sql>
                                                    </db:select>
                                                    <ee:transform doc:id="qaieugjc-9b5e-4a86-b01c-cd738c5276d4" doc:name="MAP">
                                                        <ee:variables>
                                                            <ee:set-variable variableName="MAP">%dw 2.0
output application/json
---
vars.""</ee:set-variable>
                                                        </ee:variables>
                                                    </ee:transform>
                                                </try>
                                            </when>
                                            <otherwise>
                                                <try doc:name="SEQUENCE">
                                                    <db:select config-ref="wm_ocs.conn:JDBC_CONN_OCSD_CAAG_USER" doc:id="nxbjvnxf-eadc-40b9-98cc-268d14076da0" doc:name="wm_ocs.svcs.inbound.adptrsvcs:getRouteStops" target="wm_ocs.svcs.inbound.adptrsvcs:getroutestops">
                                                        <db:sql>SELECT ${field}&#13;
FROM (&#13;
	SELECT NVL(route_id, '--') route_id&#13;
		,NVL(rte, '--') rte&#13;
		,DECODE(seq, NULL, '--', seq) seq&#13;
		,NVL(masunique, '--') masunique&#13;
		,NVL(customer, '--') customer&#13;
		,DECODE(tktnum, NULL, '--', tktnum) tktnum&#13;
		,NVL(tkttype, '--') tkttype&#13;
		,NVL(ticket_load_type, '--') ticket_load_type&#13;
		,NVL(svctime, '--') svctime&#13;
		,NVL(STATUS, '--') STATUS&#13;
		,NVL(svc_line_id, '--') svc_line_id&#13;
		,NVL(svccd, '--') svccd&#13;
		,NVL(svccd_desc, '--') svccd_desc&#13;
		,DECODE(rtepkey, NULL, '--', rtepkey) rte_order_pkey&#13;
		,DECODE(custpkey, NULL, '--', custpkey) cust_order_pkey&#13;
		,NVL(reasoncode, '--') reasoncode&#13;
		,excp_cd&#13;
		,cust_svc_pkey&#13;
		,driver_id&#13;
		,site_id&#13;
		,site_name&#13;
		,plandate&#13;
		,orderdate&#13;
		,latitude&#13;
		,longitude&#13;
		,vehicle&#13;
	FROM (&#13;
		SELECT vr.route.id route_id&#13;
			,vr.route.name rte&#13;
			,t.order_sequence / 2 seq&#13;
			,tc.uniqueid masunique&#13;
			,tc.name customer&#13;
			,t.ticketnumber tktnum&#13;
			,t.reasoncode tkttype&#13;
			,t.ticketloadtype.uniqueid ticket_load_type&#13;
			,TO_CHAR(FROM_TZ(TO_TIMESTAMP(TO_CHAR(NVL(csr.finished, cor.ticketcompleted), 'DD-MON-YYYY HH:MI:SS AM')), 'UTC') AT TIME ZONE(NVL(t.site.timezone, 'UTC')), 'yyyy-MM-DD HH24:MI:SS TZD') svctime&#13;
			,DECODE(NVL(csr.confirmationstatus, cor.confirmationstatus), 'CONFIRMEDPOS', 'Confirmed Positive', 'CONFIRMEDNEG', 'Confirmed Negative', 'CONFIRMEDINC', 'Confirmed Incomplete', NVL(csr.confirmationstatus, cor.confirmationstatus)) STATUS&#13;
			,s.id svc_line_id&#13;
			,s.code svccd&#13;
			,s.descr svccd_desc&#13;
			,vr.pkey rtepkey&#13;
			,t.pkey custpkey&#13;
			,t.reasoncode&#13;
			,NVL((&#13;
					SELECT CASE &#13;
							WHEN COUNT(DISTINCT tp.TEXT) &gt; 1&#13;
								THEN 'Multiple Exceptions'&#13;
							WHEN COUNT(DISTINCT tp.TEXT) = 1&#13;
								THEN MIN(tp.TEXT)&#13;
							ELSE NULL&#13;
							END&#13;
					FROM ocs_admin.vp_co_haulcall o&#13;
						,ocs_admin.vp_template tp&#13;
					WHERE t.pkey = o.customerorder.pkey&#13;
						AND o.vehicle IS NOT NULL&#13;
						AND tp.pkey = o.tmplhaulcall.pkey&#13;
						AND (&#13;
							o.customerservice IS NULL&#13;
							OR s.pkey = o.customerservice.pkey&#13;
							)&#13;
					GROUP BY customerorder&#13;
					), '--') excp_cd&#13;
			,s.pkey cust_svc_pkey&#13;
			,vr.driver.empid driver_id&#13;
			,vr.site.uniqueid site_id&#13;
			,vr.site.name site_name&#13;
			,t.plandate&#13;
			,vr.orderdate orderdate&#13;
			,NVL(t.servicelocation.latitude, t.servicelocation.address.latitude) latitude&#13;
			,NVL(t.servicelocation.longitude, t.servicelocation.address.longitude) longitude&#13;
			,tv.id vehicle&#13;
		FROM ocs_admin.vp_routeorder vr&#13;
		INNER JOIN ocs_admin.vp_customerorder t ON t.routeorder = REF(vr)&#13;
		INNER JOIN ocs_admin.vp_vehicle tv ON REF(tv) = vr.vehicle&#13;
		INNER JOIN ocs_admin.vp_customer tc ON t.customer = REF(tc)&#13;
		INNER JOIN ocs_admin.vp_customerservice s ON s.customerorder = REF(t)&#13;
		LEFT JOIN ocs_admin.vp_co_result cor ON cor.customerorder = REF(t)&#13;
			AND cor.vehicle IS NOT NULL&#13;
		LEFT JOIN ocs_admin.vp_cs_result csr ON csr.customerservice = REF(s)&#13;
			AND csr.vehicle IS NOT NULL&#13;
		WHERE vr.pkey = ? -- Route Order PKEY&#13;
		ORDER BY t.order_sequence DESC&#13;
		)&#13;
	)</db:sql>
                                                    </db:select>
                                                    <ee:transform doc:id="dxpbfrud-9b5e-4a86-b01c-cd738c5276d4" doc:name="MAP">
                                                        <ee:variables>
                                                            <ee:set-variable variableName="MAP">%dw 2.0
output application/json
---
vars.""</ee:set-variable>
                                                        </ee:variables>
                                                    </ee:transform>
                                                </try>
                                            </otherwise>
                                        </choice>
                                    </try>
                                </otherwise>
                            </choice>
                            <choice doc:name="BRANCH">
                                <when expression="%count%!=0">
                                    <try doc:name="SEQUENCE">
                                        <ee:transform doc:id="sexhfxgc-9b5e-4a86-b01c-cd738c5276d4" doc:name="MAP">
                                            <ee:variables>
                                                <ee:set-variable variableName="MAP">%dw 2.0
output application/json
---
vars.""</ee:set-variable>
                                            </ee:variables>
                                        </ee:transform>
                                        <ee:transform doc:id="ibhipzmy-9b5e-4a86-b01c-cd738c5276d4" doc:name="MAP">
                                            <ee:variables>
                                                <ee:set-variable variableName="MAP">%dw 2.0
output application/json
---
vars.""</ee:set-variable>
                                            </ee:variables>
                                        </ee:transform>
                                        <logger doc:id="ivmacehb-eadc-40b9-98cc-268d14076da0" doc:name="wm_common.utils:checkAcceptHeader" level="INFO"/>
                                        <logger doc:id="ycuzuqxk-eadc-40b9-98cc-268d14076da0" doc:name="wm_common.utils:checkIfModifiedSinceHeader" level="INFO"/>
                                        <os:store doc:id="ghhxysjl-eadc-40b9-98cc-268d14076da0" doc:name="pub.cache:put" key="#[attributes.headers.key]" name="pub.cache:put" objectStore="pub.cache-put_conn">
                                            <os:value>#[ payload ]</os:value>
                                        </os:store>
                                        <logger doc:id="fqbvvxzp-eadc-40b9-98cc-268d14076da0" doc:name="CAAG.javasvcs:getExpirationTime" level="INFO"/>
                                        <logger doc:id="gipqkahj-eadc-40b9-98cc-268d14076da0" doc:name="pub.flow:setResponseHeader" level="INFO"/>
                                    </try>
                                </when>
                                <otherwise>
                                    <try doc:name="SEQUENCE">
                                        <ee:transform doc:id="yknlgizq-9b5e-4a86-b01c-cd738c5276d4" doc:name="MAP">
                                            <ee:variables>
                                                <ee:set-variable variableName="MAP">%dw 2.0
output application/json
---
vars.""</ee:set-variable>
                                            </ee:variables>
                                        </ee:transform>
                                        <logger doc:id="srkczbas-eadc-40b9-98cc-268d14076da0" doc:name="wm_common.utils:throwError" level="INFO"/>
                                    </try>
                                </otherwise>
                            </choice>
                        </try>
                    </otherwise>
                </choice>
                <ee:transform doc:id="qdlsnbcb-9b5e-4a86-b01c-cd738c5276d4" doc:name="MAP">
                    <ee:variables>
                        <ee:set-variable variableName="MAP">%dw 2.0
output application/json
---
vars.""</ee:set-variable>
                    </ee:variables>
                </ee:transform>
            </try>
            <try doc:name="SEQUENCE">
                <logger doc:id="pbqgpcfb-eadc-40b9-98cc-268d14076da0" doc:name="pub.flow:getLastError" level="INFO"/>
                <logger doc:id="wbwwfbep-eadc-40b9-98cc-268d14076da0" doc:name="wm_errorhandling.utils:getCallingService" level="INFO"/>
                <logger doc:id="udwzsioa-eadc-40b9-98cc-268d14076da0" doc:name="wm_errorhandling.svcs.flowsvcs:createErrorMsg_FW1" level="INFO"/>
                <ee:transform doc:id="xiumntcl-9b5e-4a86-b01c-cd738c5276d4" doc:name="MAP">
                    <ee:variables>
                        <ee:set-variable variableName="MAP">%dw 2.0
output application/json
---
vars.""</ee:set-variable>
                    </ee:variables>
                </ee:transform>
                <logger doc:id="atluzgrl-eadc-40b9-98cc-268d14076da0" doc:name="EXIT" level="INFO"/>
            </try>
        </try>
    </flow>
</mule>
