<?xml version="1.0" encoding="UTF-8"?><mule xmlns="http://www.mulesoft.org/schema/mule/core" xmlns:db="http://www.mulesoft.org/schema/mule/db" xmlns:doc="http://www.mulesoft.org/schema/mule/documentation" xmlns:ee="http://www.mulesoft.org/schema/mule/ee/core" xmlns:xsi="http://www.w3.org/2001/XMLSchema-instance" xsi:schemaLocation="http://www.mulesoft.org/schema/mule/core http://www.mulesoft.org/schema/mule/core/current/mule.xsd http://www.mulesoft.org/schema/mule/ee/core http://www.mulesoft.org/schema/mule/ee/core/current/mule-ee.xsd http://www.mulesoft.org/schema/mule/db http://www.mulesoft.org/schema/mule/db/current/mule-db.xsd">
    <flow doc:id="bqtnnuew-eadc-40b9-98cc-268d14076da0" name="wm_ocs-svcs-inbound-flowsvcs-mapRouteStopsForNoCache">
        <try doc:name="SEQUENCE">
            <try doc:name="SEQUENCE">
                <ee:transform doc:id="kbbmoloa-9b5e-4a86-b01c-cd738c5276d4" doc:name="MAP">
                    <ee:variables>
                        <ee:set-variable variableName="MAP">%dw 2.0
output application/json
---
vars.""</ee:set-variable>
                    </ee:variables>
                </ee:transform>
                <choice doc:name="BRANCH">
                    <when expression="%offset%!=$null &amp;&amp; %limit%!=$null &amp;&amp; %offset%!=&quot;&quot; &amp;&amp; %limit% !=&quot;&quot;">
                        <try doc:name="SEQUENCE">
                            <ee:transform doc:id="bpzzufjn-9b5e-4a86-b01c-cd738c5276d4" doc:name="MAP">
                                <ee:variables>
                                    <ee:set-variable variableName="MAP">%dw 2.0
output application/json
---
vars.""</ee:set-variable>
                                </ee:variables>
                            </ee:transform>
                            <ee:transform doc:id="setvmegm-9b5e-4a86-b01c-cd738c5276d4" doc:name="MAP">
                                <ee:variables>
                                    <ee:set-variable variableName="MAP">%dw 2.0
output application/json
---
vars.""</ee:set-variable>
                                </ee:variables>
                            </ee:transform>
                        </try>
                    </when>
                </choice>
                <choice doc:name="BRANCH">
                    <when expression="% /fields% = /[^ ]/">
                        <try doc:name="SEQUENCE">
                            <choice doc:name="BRANCH">
                                <when expression="% /limit% = /[^ ]/">
                                    <try doc:name="SEQUENCE">
                                        <db:select config-ref="wm_ocs.conn:JDBC_CONN_OCSD_CAAG_USER" doc:id="jdqrtnst-eadc-40b9-98cc-268d14076da0" doc:name="wm_ocs.svcs.inbound.adptrsvcs:getRouteStops_range" target="wm_ocs.svcs.inbound.adptrsvcs:getroutestops_range">
                                            <db:sql>SELECT ${field}&#13;
FROM (&#13;
	SELECT NVL(route_id, '--') route_id&#13;
		,NVL(rte, '--') rte&#13;
		,DECODE(seq, NULL, '--', seq) seq&#13;
		,NVL(masunique, '--') masunique&#13;
		,NVL(customer, '--') customer&#13;
		,DECODE(tktnum, NULL, '--', tktnum) tktnum&#13;
		,NVL(tkttype, '--') tkttype&#13;
		,NVL(ticket_load_type, '--') ticket_load_type&#13;
		,NVL(svctime, '--') svctime&#13;
		,NVL(STATUS, '--') STATUS&#13;
		,NVL(svc_line_id, '--') svc_line_id&#13;
		,NVL(svccd, '--') svccd&#13;
		,NVL(svccd_desc, '--') svccd_desc&#13;
		,DECODE(rtepkey, NULL, '--', rtepkey) rte_order_pkey&#13;
		,DECODE(custpkey, NULL, '--', custpkey) cust_order_pkey&#13;
		,NVL(reasoncode, '--') reasoncode&#13;
		,excp_cd&#13;
		,cust_svc_pkey&#13;
		,driver_id&#13;
		,site_id&#13;
		,site_name&#13;
		,plandate&#13;
		,orderdate&#13;
		,latitude&#13;
		,longitude&#13;
		,vehicle&#13;
	FROM (&#13;
		SELECT vr.route.id route_id&#13;
			,vr.route.name rte&#13;
			,t.order_sequence / 2 seq&#13;
			,tc.uniqueid masunique&#13;
			,tc.name customer&#13;
			,t.ticketnumber tktnum&#13;
			,t.reasoncode tkttype&#13;
			,t.ticketloadtype.uniqueid ticket_load_type&#13;
			,TO_CHAR(FROM_TZ(TO_TIMESTAMP(TO_CHAR(NVL(csr.finished, cor.ticketcompleted), 'DD-MON-YYYY HH:MI:SS AM')), 'UTC') AT TIME ZONE(NVL(t.site.timezone, 'UTC')), 'yyyy-MM-DD HH24:MI:SS TZD') svctime&#13;
			,DECODE(NVL(csr.confirmationstatus, cor.confirmationstatus), 'CONFIRMEDPOS', 'Confirmed Positive', 'CONFIRMEDNEG', 'Confirmed Negative', 'CONFIRMEDINC', 'Confirmed Incomplete', NVL(csr.confirmationstatus, cor.confirmationstatus)) STATUS&#13;
			,s.id svc_line_id&#13;
			,s.code svccd&#13;
			,s.descr svccd_desc&#13;
			,vr.pkey rtepkey&#13;
			,t.pkey custpkey&#13;
			,t.reasoncode&#13;
			,NVL((&#13;
					SELECT CASE &#13;
							WHEN COUNT(DISTINCT tp.TEXT) &gt; 1&#13;
								THEN 'Multiple Exceptions'&#13;
							WHEN COUNT(DISTINCT tp.TEXT) = 1&#13;
								THEN MIN(tp.TEXT)&#13;
							ELSE NULL&#13;
							END&#13;
					FROM ocs_admin.vp_co_haulcall o&#13;
						,ocs_admin.vp_template tp&#13;
					WHERE t.pkey = o.customerorder.pkey&#13;
						AND o.vehicle IS NOT NULL&#13;
						AND tp.pkey = o.tmplhaulcall.pkey&#13;
						AND (&#13;
							o.customerservice IS NULL&#13;
							OR s.pkey = o.customerservice.pkey&#13;
							)&#13;
					GROUP BY customerorder&#13;
					), '--') excp_cd&#13;
			,s.pkey cust_svc_pkey&#13;
			,vr.driver.empid driver_id&#13;
			,vr.site.uniqueid site_id&#13;
			,vr.site.name site_name&#13;
			,t.plandate&#13;
			,vr.orderdate orderdate&#13;
			,NVL(t.servicelocation.latitude, t.servicelocation.address.latitude) latitude&#13;
			,NVL(t.servicelocation.longitude, t.servicelocation.address.longitude) longitude&#13;
			,tv.id vehicle&#13;
			,ROW_NUMBER() OVER (&#13;
				ORDER BY t.order_sequence&#13;
				) rn&#13;
		FROM ocs_admin.vp_routeorder vr&#13;
		INNER JOIN ocs_admin.vp_customerorder t ON t.routeorder = REF(vr)&#13;
		INNER JOIN ocs_admin.vp_vehicle tv ON REF(tv) = vr.vehicle&#13;
		INNER JOIN ocs_admin.vp_customer tc ON t.customer = REF(tc)&#13;
		INNER JOIN ocs_admin.vp_customerservice s ON s.customerorder = REF(t)&#13;
		LEFT JOIN ocs_admin.vp_co_result cor ON cor.customerorder = REF(t)&#13;
			AND cor.vehicle IS NOT NULL&#13;
		LEFT JOIN ocs_admin.vp_cs_result csr ON csr.customerservice = REF(s)&#13;
			AND csr.vehicle IS NOT NULL&#13;
		WHERE vr.pkey = ? -- Route Order PKEY&#13;
		ORDER BY t.order_sequence DESC&#13;
		)&#13;
	WHERE rn BETWEEN ?&#13;
			AND ?&#13;
	)</db:sql>
                                        </db:select>
                                        <ee:transform doc:id="qapdaxcg-9b5e-4a86-b01c-cd738c5276d4" doc:name="MAP">
                                            <ee:variables>
                                                <ee:set-variable variableName="MAP">%dw 2.0
output application/json
---
vars.""</ee:set-variable>
                                            </ee:variables>
                                        </ee:transform>
                                    </try>
                                </when>
                                <otherwise>
                                    <try doc:name="SEQUENCE">
                                        <db:select config-ref="wm_ocs.conn:JDBC_CONN_OCSD_CAAG_USER" doc:id="bdusargq-eadc-40b9-98cc-268d14076da0" doc:name="wm_ocs.svcs.inbound.adptrsvcs:getRouteStops" target="wm_ocs.svcs.inbound.adptrsvcs:getroutestops">
                                            <db:sql>SELECT ${field}&#13;
FROM (&#13;
	SELECT NVL(route_id, '--') route_id&#13;
		,NVL(rte, '--') rte&#13;
		,DECODE(seq, NULL, '--', seq) seq&#13;
		,NVL(masunique, '--') masunique&#13;
		,NVL(customer, '--') customer&#13;
		,DECODE(tktnum, NULL, '--', tktnum) tktnum&#13;
		,NVL(tkttype, '--') tkttype&#13;
		,NVL(ticket_load_type, '--') ticket_load_type&#13;
		,NVL(svctime, '--') svctime&#13;
		,NVL(STATUS, '--') STATUS&#13;
		,NVL(svc_line_id, '--') svc_line_id&#13;
		,NVL(svccd, '--') svccd&#13;
		,NVL(svccd_desc, '--') svccd_desc&#13;
		,DECODE(rtepkey, NULL, '--', rtepkey) rte_order_pkey&#13;
		,DECODE(custpkey, NULL, '--', custpkey) cust_order_pkey&#13;
		,NVL(reasoncode, '--') reasoncode&#13;
		,excp_cd&#13;
		,cust_svc_pkey&#13;
		,driver_id&#13;
		,site_id&#13;
		,site_name&#13;
		,plandate&#13;
		,orderdate&#13;
		,latitude&#13;
		,longitude&#13;
		,vehicle&#13;
	FROM (&#13;
		SELECT vr.route.id route_id&#13;
			,vr.route.name rte&#13;
			,t.order_sequence / 2 seq&#13;
			,tc.uniqueid masunique&#13;
			,tc.name customer&#13;
			,t.ticketnumber tktnum&#13;
			,t.reasoncode tkttype&#13;
			,t.ticketloadtype.uniqueid ticket_load_type&#13;
			,TO_CHAR(FROM_TZ(TO_TIMESTAMP(TO_CHAR(NVL(csr.finished, cor.ticketcompleted), 'DD-MON-YYYY HH:MI:SS AM')), 'UTC') AT TIME ZONE(NVL(t.site.timezone, 'UTC')), 'yyyy-MM-DD HH24:MI:SS TZD') svctime&#13;
			,DECODE(NVL(csr.confirmationstatus, cor.confirmationstatus), 'CONFIRMEDPOS', 'Confirmed Positive', 'CONFIRMEDNEG', 'Confirmed Negative', 'CONFIRMEDINC', 'Confirmed Incomplete', NVL(csr.confirmationstatus, cor.confirmationstatus)) STATUS&#13;
			,s.id svc_line_id&#13;
			,s.code svccd&#13;
			,s.descr svccd_desc&#13;
			,vr.pkey rtepkey&#13;
			,t.pkey custpkey&#13;
			,t.reasoncode&#13;
			,NVL((&#13;
					SELECT CASE &#13;
							WHEN COUNT(DISTINCT tp.TEXT) &gt; 1&#13;
								THEN 'Multiple Exceptions'&#13;
							WHEN COUNT(DISTINCT tp.TEXT) = 1&#13;
								THEN MIN(tp.TEXT)&#13;
							ELSE NULL&#13;
							END&#13;
					FROM ocs_admin.vp_co_haulcall o&#13;
						,ocs_admin.vp_template tp&#13;
					WHERE t.pkey = o.customerorder.pkey&#13;
						AND o.vehicle IS NOT NULL&#13;
						AND tp.pkey = o.tmplhaulcall.pkey&#13;
						AND (&#13;
							o.customerservice IS NULL&#13;
							OR s.pkey = o.customerservice.pkey&#13;
							)&#13;
					GROUP BY customerorder&#13;
					), '--') excp_cd&#13;
			,s.pkey cust_svc_pkey&#13;
			,vr.driver.empid driver_id&#13;
			,vr.site.uniqueid site_id&#13;
			,vr.site.name site_name&#13;
			,t.plandate&#13;
			,vr.orderdate orderdate&#13;
			,NVL(t.servicelocation.latitude, t.servicelocation.address.latitude) latitude&#13;
			,NVL(t.servicelocation.longitude, t.servicelocation.address.longitude) longitude&#13;
			,tv.id vehicle&#13;
		FROM ocs_admin.vp_routeorder vr&#13;
		INNER JOIN ocs_admin.vp_customerorder t ON t.routeorder = REF(vr)&#13;
		INNER JOIN ocs_admin.vp_vehicle tv ON REF(tv) = vr.vehicle&#13;
		INNER JOIN ocs_admin.vp_customer tc ON t.customer = REF(tc)&#13;
		INNER JOIN ocs_admin.vp_customerservice s ON s.customerorder = REF(t)&#13;
		LEFT JOIN ocs_admin.vp_co_result cor ON cor.customerorder = REF(t)&#13;
			AND cor.vehicle IS NOT NULL&#13;
		LEFT JOIN ocs_admin.vp_cs_result csr ON csr.customerservice = REF(s)&#13;
			AND csr.vehicle IS NOT NULL&#13;
		WHERE vr.pkey = ? -- Route Order PKEY&#13;
		ORDER BY t.order_sequence DESC&#13;
		)&#13;
	)</db:sql>
                                        </db:select>
                                        <ee:transform doc:id="zpxawcem-9b5e-4a86-b01c-cd738c5276d4" doc:name="MAP">
                                            <ee:variables>
                                                <ee:set-variable variableName="MAP">%dw 2.0
output application/json
---
vars.""</ee:set-variable>
                                            </ee:variables>
                                        </ee:transform>
                                    </try>
                                </otherwise>
                            </choice>
                        </try>
                    </when>
                    <otherwise>
                        <try doc:name="SEQUENCE">
                            <choice doc:name="BRANCH">
                                <when expression="% /limit% = /[^ ]/">
                                    <try doc:name="SEQUENCE">
                                        <db:select config-ref="wm_ocs.conn:JDBC_CONN_OCSD_CAAG_USER" doc:id="gtzvjepb-eadc-40b9-98cc-268d14076da0" doc:name="wm_ocs.svcs.inbound.adptrsvcs:getRouteStops_range" target="wm_ocs.svcs.inbound.adptrsvcs:getroutestops_range">
                                            <db:sql>SELECT ${field}&#13;
FROM (&#13;
	SELECT NVL(route_id, '--') route_id&#13;
		,NVL(rte, '--') rte&#13;
		,DECODE(seq, NULL, '--', seq) seq&#13;
		,NVL(masunique, '--') masunique&#13;
		,NVL(customer, '--') customer&#13;
		,DECODE(tktnum, NULL, '--', tktnum) tktnum&#13;
		,NVL(tkttype, '--') tkttype&#13;
		,NVL(ticket_load_type, '--') ticket_load_type&#13;
		,NVL(svctime, '--') svctime&#13;
		,NVL(STATUS, '--') STATUS&#13;
		,NVL(svc_line_id, '--') svc_line_id&#13;
		,NVL(svccd, '--') svccd&#13;
		,NVL(svccd_desc, '--') svccd_desc&#13;
		,DECODE(rtepkey, NULL, '--', rtepkey) rte_order_pkey&#13;
		,DECODE(custpkey, NULL, '--', custpkey) cust_order_pkey&#13;
		,NVL(reasoncode, '--') reasoncode&#13;
		,excp_cd&#13;
		,cust_svc_pkey&#13;
		,driver_id&#13;
		,site_id&#13;
		,site_name&#13;
		,plandate&#13;
		,orderdate&#13;
		,latitude&#13;
		,longitude&#13;
		,vehicle&#13;
	FROM (&#13;
		SELECT vr.route.id route_id&#13;
			,vr.route.name rte&#13;
			,t.order_sequence / 2 seq&#13;
			,tc.uniqueid masunique&#13;
			,tc.name customer&#13;
			,t.ticketnumber tktnum&#13;
			,t.reasoncode tkttype&#13;
			,t.ticketloadtype.uniqueid ticket_load_type&#13;
			,TO_CHAR(FROM_TZ(TO_TIMESTAMP(TO_CHAR(NVL(csr.finished, cor.ticketcompleted), 'DD-MON-YYYY HH:MI:SS AM')), 'UTC') AT TIME ZONE(NVL(t.site.timezone, 'UTC')), 'yyyy-MM-DD HH24:MI:SS TZD') svctime&#13;
			,DECODE(NVL(csr.confirmationstatus, cor.confirmationstatus), 'CONFIRMEDPOS', 'Confirmed Positive', 'CONFIRMEDNEG', 'Confirmed Negative', 'CONFIRMEDINC', 'Confirmed Incomplete', NVL(csr.confirmationstatus, cor.confirmationstatus)) STATUS&#13;
			,s.id svc_line_id&#13;
			,s.code svccd&#13;
			,s.descr svccd_desc&#13;
			,vr.pkey rtepkey&#13;
			,t.pkey custpkey&#13;
			,t.reasoncode&#13;
			,NVL((&#13;
					SELECT CASE &#13;
							WHEN COUNT(DISTINCT tp.TEXT) &gt; 1&#13;
								THEN 'Multiple Exceptions'&#13;
							WHEN COUNT(DISTINCT tp.TEXT) = 1&#13;
								THEN MIN(tp.TEXT)&#13;
							ELSE NULL&#13;
							END&#13;
					FROM ocs_admin.vp_co_haulcall o&#13;
						,ocs_admin.vp_template tp&#13;
					WHERE t.pkey = o.customerorder.pkey&#13;
						AND o.vehicle IS NOT NULL&#13;
						AND tp.pkey = o.tmplhaulcall.pkey&#13;
						AND (&#13;
							o.customerservice IS NULL&#13;
							OR s.pkey = o.customerservice.pkey&#13;
							)&#13;
					GROUP BY customerorder&#13;
					), '--') excp_cd&#13;
			,s.pkey cust_svc_pkey&#13;
			,vr.driver.empid driver_id&#13;
			,vr.site.uniqueid site_id&#13;
			,vr.site.name site_name&#13;
			,t.plandate&#13;
			,vr.orderdate orderdate&#13;
			,NVL(t.servicelocation.latitude, t.servicelocation.address.latitude) latitude&#13;
			,NVL(t.servicelocation.longitude, t.servicelocation.address.longitude) longitude&#13;
			,tv.id vehicle&#13;
			,ROW_NUMBER() OVER (&#13;
				ORDER BY t.order_sequence&#13;
				) rn&#13;
		FROM ocs_admin.vp_routeorder vr&#13;
		INNER JOIN ocs_admin.vp_customerorder t ON t.routeorder = REF(vr)&#13;
		INNER JOIN ocs_admin.vp_vehicle tv ON REF(tv) = vr.vehicle&#13;
		INNER JOIN ocs_admin.vp_customer tc ON t.customer = REF(tc)&#13;
		INNER JOIN ocs_admin.vp_customerservice s ON s.customerorder = REF(t)&#13;
		LEFT JOIN ocs_admin.vp_co_result cor ON cor.customerorder = REF(t)&#13;
			AND cor.vehicle IS NOT NULL&#13;
		LEFT JOIN ocs_admin.vp_cs_result csr ON csr.customerservice = REF(s)&#13;
			AND csr.vehicle IS NOT NULL&#13;
		WHERE vr.pkey = ? -- Route Order PKEY&#13;
		ORDER BY t.order_sequence DESC&#13;
		)&#13;
	WHERE rn BETWEEN ?&#13;
			AND ?&#13;
	)</db:sql>
                                        </db:select>
                                        <ee:transform doc:id="bwxkkhcs-9b5e-4a86-b01c-cd738c5276d4" doc:name="MAP">
                                            <ee:variables>
                                                <ee:set-variable variableName="MAP">%dw 2.0
output application/json
---
vars.""</ee:set-variable>
                                            </ee:variables>
                                        </ee:transform>
                                    </try>
                                </when>
                                <otherwise>
                                    <try doc:name="SEQUENCE">
                                        <db:select config-ref="wm_ocs.conn:JDBC_CONN_OCSD_CAAG_USER" doc:id="kyyyhsac-eadc-40b9-98cc-268d14076da0" doc:name="wm_ocs.svcs.inbound.adptrsvcs:getRouteStops" target="wm_ocs.svcs.inbound.adptrsvcs:getroutestops">
                                            <db:sql>SELECT ${field}&#13;
FROM (&#13;
	SELECT NVL(route_id, '--') route_id&#13;
		,NVL(rte, '--') rte&#13;
		,DECODE(seq, NULL, '--', seq) seq&#13;
		,NVL(masunique, '--') masunique&#13;
		,NVL(customer, '--') customer&#13;
		,DECODE(tktnum, NULL, '--', tktnum) tktnum&#13;
		,NVL(tkttype, '--') tkttype&#13;
		,NVL(ticket_load_type, '--') ticket_load_type&#13;
		,NVL(svctime, '--') svctime&#13;
		,NVL(STATUS, '--') STATUS&#13;
		,NVL(svc_line_id, '--') svc_line_id&#13;
		,NVL(svccd, '--') svccd&#13;
		,NVL(svccd_desc, '--') svccd_desc&#13;
		,DECODE(rtepkey, NULL, '--', rtepkey) rte_order_pkey&#13;
		,DECODE(custpkey, NULL, '--', custpkey) cust_order_pkey&#13;
		,NVL(reasoncode, '--') reasoncode&#13;
		,excp_cd&#13;
		,cust_svc_pkey&#13;
		,driver_id&#13;
		,site_id&#13;
		,site_name&#13;
		,plandate&#13;
		,orderdate&#13;
		,latitude&#13;
		,longitude&#13;
		,vehicle&#13;
	FROM (&#13;
		SELECT vr.route.id route_id&#13;
			,vr.route.name rte&#13;
			,t.order_sequence / 2 seq&#13;
			,tc.uniqueid masunique&#13;
			,tc.name customer&#13;
			,t.ticketnumber tktnum&#13;
			,t.reasoncode tkttype&#13;
			,t.ticketloadtype.uniqueid ticket_load_type&#13;
			,TO_CHAR(FROM_TZ(TO_TIMESTAMP(TO_CHAR(NVL(csr.finished, cor.ticketcompleted), 'DD-MON-YYYY HH:MI:SS AM')), 'UTC') AT TIME ZONE(NVL(t.site.timezone, 'UTC')), 'yyyy-MM-DD HH24:MI:SS TZD') svctime&#13;
			,DECODE(NVL(csr.confirmationstatus, cor.confirmationstatus), 'CONFIRMEDPOS', 'Confirmed Positive', 'CONFIRMEDNEG', 'Confirmed Negative', 'CONFIRMEDINC', 'Confirmed Incomplete', NVL(csr.confirmationstatus, cor.confirmationstatus)) STATUS&#13;
			,s.id svc_line_id&#13;
			,s.code svccd&#13;
			,s.descr svccd_desc&#13;
			,vr.pkey rtepkey&#13;
			,t.pkey custpkey&#13;
			,t.reasoncode&#13;
			,NVL((&#13;
					SELECT CASE &#13;
							WHEN COUNT(DISTINCT tp.TEXT) &gt; 1&#13;
								THEN 'Multiple Exceptions'&#13;
							WHEN COUNT(DISTINCT tp.TEXT) = 1&#13;
								THEN MIN(tp.TEXT)&#13;
							ELSE NULL&#13;
							END&#13;
					FROM ocs_admin.vp_co_haulcall o&#13;
						,ocs_admin.vp_template tp&#13;
					WHERE t.pkey = o.customerorder.pkey&#13;
						AND o.vehicle IS NOT NULL&#13;
						AND tp.pkey = o.tmplhaulcall.pkey&#13;
						AND (&#13;
							o.customerservice IS NULL&#13;
							OR s.pkey = o.customerservice.pkey&#13;
							)&#13;
					GROUP BY customerorder&#13;
					), '--') excp_cd&#13;
			,s.pkey cust_svc_pkey&#13;
			,vr.driver.empid driver_id&#13;
			,vr.site.uniqueid site_id&#13;
			,vr.site.name site_name&#13;
			,t.plandate&#13;
			,vr.orderdate orderdate&#13;
			,NVL(t.servicelocation.latitude, t.servicelocation.address.latitude) latitude&#13;
			,NVL(t.servicelocation.longitude, t.servicelocation.address.longitude) longitude&#13;
			,tv.id vehicle&#13;
		FROM ocs_admin.vp_routeorder vr&#13;
		INNER JOIN ocs_admin.vp_customerorder t ON t.routeorder = REF(vr)&#13;
		INNER JOIN ocs_admin.vp_vehicle tv ON REF(tv) = vr.vehicle&#13;
		INNER JOIN ocs_admin.vp_customer tc ON t.customer = REF(tc)&#13;
		INNER JOIN ocs_admin.vp_customerservice s ON s.customerorder = REF(t)&#13;
		LEFT JOIN ocs_admin.vp_co_result cor ON cor.customerorder = REF(t)&#13;
			AND cor.vehicle IS NOT NULL&#13;
		LEFT JOIN ocs_admin.vp_cs_result csr ON csr.customerservice = REF(s)&#13;
			AND csr.vehicle IS NOT NULL&#13;
		WHERE vr.pkey = ? -- Route Order PKEY&#13;
		ORDER BY t.order_sequence DESC&#13;
		)&#13;
	)</db:sql>
                                        </db:select>
                                        <ee:transform doc:id="feqpbtuv-9b5e-4a86-b01c-cd738c5276d4" doc:name="MAP">
                                            <ee:variables>
                                                <ee:set-variable variableName="MAP">%dw 2.0
output application/json
---
vars.""</ee:set-variable>
                                            </ee:variables>
                                        </ee:transform>
                                    </try>
                                </otherwise>
                            </choice>
                        </try>
                    </otherwise>
                </choice>
                <choice doc:name="BRANCH">
                    <when expression="%count%!=0">
                        <try doc:name="SEQUENCE">
                            <ee:transform doc:id="fabtfcnz-9b5e-4a86-b01c-cd738c5276d4" doc:name="MAP">
                                <ee:variables>
                                    <ee:set-variable variableName="MAP">%dw 2.0
output application/json
---
vars.""</ee:set-variable>
                                </ee:variables>
                            </ee:transform>
                            <ee:transform doc:id="vgzoydpl-9b5e-4a86-b01c-cd738c5276d4" doc:name="MAP">
                                <ee:variables>
                                    <ee:set-variable variableName="MAP">%dw 2.0
output application/json
---
vars.""</ee:set-variable>
                                </ee:variables>
                            </ee:transform>
                            <logger doc:id="fmtphrax-eadc-40b9-98cc-268d14076da0" doc:name="wm_common.utils:checkAcceptHeader" level="INFO"/>
                            <logger doc:id="vkucyzwa-eadc-40b9-98cc-268d14076da0" doc:name="wm_common.utils:checkIfModifiedSinceHeader" level="INFO"/>
                        </try>
                    </when>
                    <otherwise>
                        <try doc:name="SEQUENCE">
                            <ee:transform doc:id="xbcbpoql-9b5e-4a86-b01c-cd738c5276d4" doc:name="MAP">
                                <ee:variables>
                                    <ee:set-variable variableName="MAP">%dw 2.0
output application/json
---
vars.""</ee:set-variable>
                                </ee:variables>
                            </ee:transform>
                            <logger doc:id="ndjmxyva-eadc-40b9-98cc-268d14076da0" doc:name="wm_common.utils:throwError" level="INFO"/>
                        </try>
                    </otherwise>
                </choice>
                <ee:transform doc:id="vqexyzia-9b5e-4a86-b01c-cd738c5276d4" doc:name="MAP">
                    <ee:variables>
                        <ee:set-variable variableName="MAP">%dw 2.0
output application/json
---
vars.""</ee:set-variable>
                    </ee:variables>
                </ee:transform>
            </try>
            <try doc:name="SEQUENCE">
                <logger doc:id="qqqylfxf-eadc-40b9-98cc-268d14076da0" doc:name="pub.flow:getLastError" level="INFO"/>
                <logger doc:id="dzmdcfyj-eadc-40b9-98cc-268d14076da0" doc:name="wm_errorhandling.utils:getCallingService" level="INFO"/>
                <logger doc:id="dqxxypkl-eadc-40b9-98cc-268d14076da0" doc:name="wm_errorhandling.svcs.flowsvcs:createErrorMsg_FW1" level="INFO"/>
                <ee:transform doc:id="ewttmhyn-9b5e-4a86-b01c-cd738c5276d4" doc:name="MAP">
                    <ee:variables>
                        <ee:set-variable variableName="MAP">%dw 2.0
output application/json
---
vars.""</ee:set-variable>
                    </ee:variables>
                </ee:transform>
                <logger doc:id="bbottsow-eadc-40b9-98cc-268d14076da0" doc:name="EXIT" level="INFO"/>
            </try>
        </try>
        <try doc:name="SEQUENCE">
            <try doc:name="SEQUENCE">
                <ee:transform doc:id="uhrkihiq-9b5e-4a86-b01c-cd738c5276d4" doc:name="MAP">
                    <ee:variables>
                        <ee:set-variable variableName="MAP">%dw 2.0
output application/json
---
vars.""</ee:set-variable>
                    </ee:variables>
                </ee:transform>
                <choice doc:name="BRANCH">
                    <when expression="%offset%!=$null &amp;&amp; %limit%!=$null &amp;&amp; %offset%!=&quot;&quot; &amp;&amp; %limit% !=&quot;&quot;">
                        <try doc:name="SEQUENCE">
                            <ee:transform doc:id="xvbvxwou-9b5e-4a86-b01c-cd738c5276d4" doc:name="MAP">
                                <ee:variables>
                                    <ee:set-variable variableName="MAP">%dw 2.0
output application/json
---
vars.""</ee:set-variable>
                                </ee:variables>
                            </ee:transform>
                            <ee:transform doc:id="qucqlavs-9b5e-4a86-b01c-cd738c5276d4" doc:name="MAP">
                                <ee:variables>
                                    <ee:set-variable variableName="MAP">%dw 2.0
output application/json
---
vars.""</ee:set-variable>
                                </ee:variables>
                            </ee:transform>
                        </try>
                    </when>
                </choice>
                <choice doc:name="BRANCH">
                    <when expression="% /fields% = /[^ ]/">
                        <try doc:name="SEQUENCE">
                            <choice doc:name="BRANCH">
                                <when expression="% /limit% = /[^ ]/">
                                    <try doc:name="SEQUENCE">
                                        <db:select config-ref="wm_ocs.conn:JDBC_CONN_OCSD_CAAG_USER" doc:id="qewdxixb-eadc-40b9-98cc-268d14076da0" doc:name="wm_ocs.svcs.inbound.adptrsvcs:getRouteStops_range" target="wm_ocs.svcs.inbound.adptrsvcs:getroutestops_range">
                                            <db:sql>SELECT ${field}&#13;
FROM (&#13;
	SELECT NVL(route_id, '--') route_id&#13;
		,NVL(rte, '--') rte&#13;
		,DECODE(seq, NULL, '--', seq) seq&#13;
		,NVL(masunique, '--') masunique&#13;
		,NVL(customer, '--') customer&#13;
		,DECODE(tktnum, NULL, '--', tktnum) tktnum&#13;
		,NVL(tkttype, '--') tkttype&#13;
		,NVL(ticket_load_type, '--') ticket_load_type&#13;
		,NVL(svctime, '--') svctime&#13;
		,NVL(STATUS, '--') STATUS&#13;
		,NVL(svc_line_id, '--') svc_line_id&#13;
		,NVL(svccd, '--') svccd&#13;
		,NVL(svccd_desc, '--') svccd_desc&#13;
		,DECODE(rtepkey, NULL, '--', rtepkey) rte_order_pkey&#13;
		,DECODE(custpkey, NULL, '--', custpkey) cust_order_pkey&#13;
		,NVL(reasoncode, '--') reasoncode&#13;
		,excp_cd&#13;
		,cust_svc_pkey&#13;
		,driver_id&#13;
		,site_id&#13;
		,site_name&#13;
		,plandate&#13;
		,orderdate&#13;
		,latitude&#13;
		,longitude&#13;
		,vehicle&#13;
	FROM (&#13;
		SELECT vr.route.id route_id&#13;
			,vr.route.name rte&#13;
			,t.order_sequence / 2 seq&#13;
			,tc.uniqueid masunique&#13;
			,tc.name customer&#13;
			,t.ticketnumber tktnum&#13;
			,t.reasoncode tkttype&#13;
			,t.ticketloadtype.uniqueid ticket_load_type&#13;
			,TO_CHAR(FROM_TZ(TO_TIMESTAMP(TO_CHAR(NVL(csr.finished, cor.ticketcompleted), 'DD-MON-YYYY HH:MI:SS AM')), 'UTC') AT TIME ZONE(NVL(t.site.timezone, 'UTC')), 'yyyy-MM-DD HH24:MI:SS TZD') svctime&#13;
			,DECODE(NVL(csr.confirmationstatus, cor.confirmationstatus), 'CONFIRMEDPOS', 'Confirmed Positive', 'CONFIRMEDNEG', 'Confirmed Negative', 'CONFIRMEDINC', 'Confirmed Incomplete', NVL(csr.confirmationstatus, cor.confirmationstatus)) STATUS&#13;
			,s.id svc_line_id&#13;
			,s.code svccd&#13;
			,s.descr svccd_desc&#13;
			,vr.pkey rtepkey&#13;
			,t.pkey custpkey&#13;
			,t.reasoncode&#13;
			,NVL((&#13;
					SELECT CASE &#13;
							WHEN COUNT(DISTINCT tp.TEXT) &gt; 1&#13;
								THEN 'Multiple Exceptions'&#13;
							WHEN COUNT(DISTINCT tp.TEXT) = 1&#13;
								THEN MIN(tp.TEXT)&#13;
							ELSE NULL&#13;
							END&#13;
					FROM ocs_admin.vp_co_haulcall o&#13;
						,ocs_admin.vp_template tp&#13;
					WHERE t.pkey = o.customerorder.pkey&#13;
						AND o.vehicle IS NOT NULL&#13;
						AND tp.pkey = o.tmplhaulcall.pkey&#13;
						AND (&#13;
							o.customerservice IS NULL&#13;
							OR s.pkey = o.customerservice.pkey&#13;
							)&#13;
					GROUP BY customerorder&#13;
					), '--') excp_cd&#13;
			,s.pkey cust_svc_pkey&#13;
			,vr.driver.empid driver_id&#13;
			,vr.site.uniqueid site_id&#13;
			,vr.site.name site_name&#13;
			,t.plandate&#13;
			,vr.orderdate orderdate&#13;
			,NVL(t.servicelocation.latitude, t.servicelocation.address.latitude) latitude&#13;
			,NVL(t.servicelocation.longitude, t.servicelocation.address.longitude) longitude&#13;
			,tv.id vehicle&#13;
			,ROW_NUMBER() OVER (&#13;
				ORDER BY t.order_sequence&#13;
				) rn&#13;
		FROM ocs_admin.vp_routeorder vr&#13;
		INNER JOIN ocs_admin.vp_customerorder t ON t.routeorder = REF(vr)&#13;
		INNER JOIN ocs_admin.vp_vehicle tv ON REF(tv) = vr.vehicle&#13;
		INNER JOIN ocs_admin.vp_customer tc ON t.customer = REF(tc)&#13;
		INNER JOIN ocs_admin.vp_customerservice s ON s.customerorder = REF(t)&#13;
		LEFT JOIN ocs_admin.vp_co_result cor ON cor.customerorder = REF(t)&#13;
			AND cor.vehicle IS NOT NULL&#13;
		LEFT JOIN ocs_admin.vp_cs_result csr ON csr.customerservice = REF(s)&#13;
			AND csr.vehicle IS NOT NULL&#13;
		WHERE vr.pkey = ? -- Route Order PKEY&#13;
		ORDER BY t.order_sequence DESC&#13;
		)&#13;
	WHERE rn BETWEEN ?&#13;
			AND ?&#13;
	)</db:sql>
                                        </db:select>
                                        <ee:transform doc:id="flteujtb-9b5e-4a86-b01c-cd738c5276d4" doc:name="MAP">
                                            <ee:variables>
                                                <ee:set-variable variableName="MAP">%dw 2.0
output application/json
---
vars.""</ee:set-variable>
                                            </ee:variables>
                                        </ee:transform>
                                    </try>
                                </when>
                                <otherwise>
                                    <try doc:name="SEQUENCE">
                                        <db:select config-ref="wm_ocs.conn:JDBC_CONN_OCSD_CAAG_USER" doc:id="paprzytl-eadc-40b9-98cc-268d14076da0" doc:name="wm_ocs.svcs.inbound.adptrsvcs:getRouteStops" target="wm_ocs.svcs.inbound.adptrsvcs:getroutestops">
                                            <db:sql>SELECT ${field}&#13;
FROM (&#13;
	SELECT NVL(route_id, '--') route_id&#13;
		,NVL(rte, '--') rte&#13;
		,DECODE(seq, NULL, '--', seq) seq&#13;
		,NVL(masunique, '--') masunique&#13;
		,NVL(customer, '--') customer&#13;
		,DECODE(tktnum, NULL, '--', tktnum) tktnum&#13;
		,NVL(tkttype, '--') tkttype&#13;
		,NVL(ticket_load_type, '--') ticket_load_type&#13;
		,NVL(svctime, '--') svctime&#13;
		,NVL(STATUS, '--') STATUS&#13;
		,NVL(svc_line_id, '--') svc_line_id&#13;
		,NVL(svccd, '--') svccd&#13;
		,NVL(svccd_desc, '--') svccd_desc&#13;
		,DECODE(rtepkey, NULL, '--', rtepkey) rte_order_pkey&#13;
		,DECODE(custpkey, NULL, '--', custpkey) cust_order_pkey&#13;
		,NVL(reasoncode, '--') reasoncode&#13;
		,excp_cd&#13;
		,cust_svc_pkey&#13;
		,driver_id&#13;
		,site_id&#13;
		,site_name&#13;
		,plandate&#13;
		,orderdate&#13;
		,latitude&#13;
		,longitude&#13;
		,vehicle&#13;
	FROM (&#13;
		SELECT vr.route.id route_id&#13;
			,vr.route.name rte&#13;
			,t.order_sequence / 2 seq&#13;
			,tc.uniqueid masunique&#13;
			,tc.name customer&#13;
			,t.ticketnumber tktnum&#13;
			,t.reasoncode tkttype&#13;
			,t.ticketloadtype.uniqueid ticket_load_type&#13;
			,TO_CHAR(FROM_TZ(TO_TIMESTAMP(TO_CHAR(NVL(csr.finished, cor.ticketcompleted), 'DD-MON-YYYY HH:MI:SS AM')), 'UTC') AT TIME ZONE(NVL(t.site.timezone, 'UTC')), 'yyyy-MM-DD HH24:MI:SS TZD') svctime&#13;
			,DECODE(NVL(csr.confirmationstatus, cor.confirmationstatus), 'CONFIRMEDPOS', 'Confirmed Positive', 'CONFIRMEDNEG', 'Confirmed Negative', 'CONFIRMEDINC', 'Confirmed Incomplete', NVL(csr.confirmationstatus, cor.confirmationstatus)) STATUS&#13;
			,s.id svc_line_id&#13;
			,s.code svccd&#13;
			,s.descr svccd_desc&#13;
			,vr.pkey rtepkey&#13;
			,t.pkey custpkey&#13;
			,t.reasoncode&#13;
			,NVL((&#13;
					SELECT CASE &#13;
							WHEN COUNT(DISTINCT tp.TEXT) &gt; 1&#13;
								THEN 'Multiple Exceptions'&#13;
							WHEN COUNT(DISTINCT tp.TEXT) = 1&#13;
								THEN MIN(tp.TEXT)&#13;
							ELSE NULL&#13;
							END&#13;
					FROM ocs_admin.vp_co_haulcall o&#13;
						,ocs_admin.vp_template tp&#13;
					WHERE t.pkey = o.customerorder.pkey&#13;
						AND o.vehicle IS NOT NULL&#13;
						AND tp.pkey = o.tmplhaulcall.pkey&#13;
						AND (&#13;
							o.customerservice IS NULL&#13;
							OR s.pkey = o.customerservice.pkey&#13;
							)&#13;
					GROUP BY customerorder&#13;
					), '--') excp_cd&#13;
			,s.pkey cust_svc_pkey&#13;
			,vr.driver.empid driver_id&#13;
			,vr.site.uniqueid site_id&#13;
			,vr.site.name site_name&#13;
			,t.plandate&#13;
			,vr.orderdate orderdate&#13;
			,NVL(t.servicelocation.latitude, t.servicelocation.address.latitude) latitude&#13;
			,NVL(t.servicelocation.longitude, t.servicelocation.address.longitude) longitude&#13;
			,tv.id vehicle&#13;
		FROM ocs_admin.vp_routeorder vr&#13;
		INNER JOIN ocs_admin.vp_customerorder t ON t.routeorder = REF(vr)&#13;
		INNER JOIN ocs_admin.vp_vehicle tv ON REF(tv) = vr.vehicle&#13;
		INNER JOIN ocs_admin.vp_customer tc ON t.customer = REF(tc)&#13;
		INNER JOIN ocs_admin.vp_customerservice s ON s.customerorder = REF(t)&#13;
		LEFT JOIN ocs_admin.vp_co_result cor ON cor.customerorder = REF(t)&#13;
			AND cor.vehicle IS NOT NULL&#13;
		LEFT JOIN ocs_admin.vp_cs_result csr ON csr.customerservice = REF(s)&#13;
			AND csr.vehicle IS NOT NULL&#13;
		WHERE vr.pkey = ? -- Route Order PKEY&#13;
		ORDER BY t.order_sequence DESC&#13;
		)&#13;
	)</db:sql>
                                        </db:select>
                                        <ee:transform doc:id="bdzgvgxh-9b5e-4a86-b01c-cd738c5276d4" doc:name="MAP">
                                            <ee:variables>
                                                <ee:set-variable variableName="MAP">%dw 2.0
output application/json
---
vars.""</ee:set-variable>
                                            </ee:variables>
                                        </ee:transform>
                                    </try>
                                </otherwise>
                            </choice>
                        </try>
                    </when>
                    <otherwise>
                        <try doc:name="SEQUENCE">
                            <choice doc:name="BRANCH">
                                <when expression="% /limit% = /[^ ]/">
                                    <try doc:name="SEQUENCE">
                                        <db:select config-ref="wm_ocs.conn:JDBC_CONN_OCSD_CAAG_USER" doc:id="ytxbrvfi-eadc-40b9-98cc-268d14076da0" doc:name="wm_ocs.svcs.inbound.adptrsvcs:getRouteStops_range" target="wm_ocs.svcs.inbound.adptrsvcs:getroutestops_range">
                                            <db:sql>SELECT ${field}&#13;
FROM (&#13;
	SELECT NVL(route_id, '--') route_id&#13;
		,NVL(rte, '--') rte&#13;
		,DECODE(seq, NULL, '--', seq) seq&#13;
		,NVL(masunique, '--') masunique&#13;
		,NVL(customer, '--') customer&#13;
		,DECODE(tktnum, NULL, '--', tktnum) tktnum&#13;
		,NVL(tkttype, '--') tkttype&#13;
		,NVL(ticket_load_type, '--') ticket_load_type&#13;
		,NVL(svctime, '--') svctime&#13;
		,NVL(STATUS, '--') STATUS&#13;
		,NVL(svc_line_id, '--') svc_line_id&#13;
		,NVL(svccd, '--') svccd&#13;
		,NVL(svccd_desc, '--') svccd_desc&#13;
		,DECODE(rtepkey, NULL, '--', rtepkey) rte_order_pkey&#13;
		,DECODE(custpkey, NULL, '--', custpkey) cust_order_pkey&#13;
		,NVL(reasoncode, '--') reasoncode&#13;
		,excp_cd&#13;
		,cust_svc_pkey&#13;
		,driver_id&#13;
		,site_id&#13;
		,site_name&#13;
		,plandate&#13;
		,orderdate&#13;
		,latitude&#13;
		,longitude&#13;
		,vehicle&#13;
	FROM (&#13;
		SELECT vr.route.id route_id&#13;
			,vr.route.name rte&#13;
			,t.order_sequence / 2 seq&#13;
			,tc.uniqueid masunique&#13;
			,tc.name customer&#13;
			,t.ticketnumber tktnum&#13;
			,t.reasoncode tkttype&#13;
			,t.ticketloadtype.uniqueid ticket_load_type&#13;
			,TO_CHAR(FROM_TZ(TO_TIMESTAMP(TO_CHAR(NVL(csr.finished, cor.ticketcompleted), 'DD-MON-YYYY HH:MI:SS AM')), 'UTC') AT TIME ZONE(NVL(t.site.timezone, 'UTC')), 'yyyy-MM-DD HH24:MI:SS TZD') svctime&#13;
			,DECODE(NVL(csr.confirmationstatus, cor.confirmationstatus), 'CONFIRMEDPOS', 'Confirmed Positive', 'CONFIRMEDNEG', 'Confirmed Negative', 'CONFIRMEDINC', 'Confirmed Incomplete', NVL(csr.confirmationstatus, cor.confirmationstatus)) STATUS&#13;
			,s.id svc_line_id&#13;
			,s.code svccd&#13;
			,s.descr svccd_desc&#13;
			,vr.pkey rtepkey&#13;
			,t.pkey custpkey&#13;
			,t.reasoncode&#13;
			,NVL((&#13;
					SELECT CASE &#13;
							WHEN COUNT(DISTINCT tp.TEXT) &gt; 1&#13;
								THEN 'Multiple Exceptions'&#13;
							WHEN COUNT(DISTINCT tp.TEXT) = 1&#13;
								THEN MIN(tp.TEXT)&#13;
							ELSE NULL&#13;
							END&#13;
					FROM ocs_admin.vp_co_haulcall o&#13;
						,ocs_admin.vp_template tp&#13;
					WHERE t.pkey = o.customerorder.pkey&#13;
						AND o.vehicle IS NOT NULL&#13;
						AND tp.pkey = o.tmplhaulcall.pkey&#13;
						AND (&#13;
							o.customerservice IS NULL&#13;
							OR s.pkey = o.customerservice.pkey&#13;
							)&#13;
					GROUP BY customerorder&#13;
					), '--') excp_cd&#13;
			,s.pkey cust_svc_pkey&#13;
			,vr.driver.empid driver_id&#13;
			,vr.site.uniqueid site_id&#13;
			,vr.site.name site_name&#13;
			,t.plandate&#13;
			,vr.orderdate orderdate&#13;
			,NVL(t.servicelocation.latitude, t.servicelocation.address.latitude) latitude&#13;
			,NVL(t.servicelocation.longitude, t.servicelocation.address.longitude) longitude&#13;
			,tv.id vehicle&#13;
			,ROW_NUMBER() OVER (&#13;
				ORDER BY t.order_sequence&#13;
				) rn&#13;
		FROM ocs_admin.vp_routeorder vr&#13;
		INNER JOIN ocs_admin.vp_customerorder t ON t.routeorder = REF(vr)&#13;
		INNER JOIN ocs_admin.vp_vehicle tv ON REF(tv) = vr.vehicle&#13;
		INNER JOIN ocs_admin.vp_customer tc ON t.customer = REF(tc)&#13;
		INNER JOIN ocs_admin.vp_customerservice s ON s.customerorder = REF(t)&#13;
		LEFT JOIN ocs_admin.vp_co_result cor ON cor.customerorder = REF(t)&#13;
			AND cor.vehicle IS NOT NULL&#13;
		LEFT JOIN ocs_admin.vp_cs_result csr ON csr.customerservice = REF(s)&#13;
			AND csr.vehicle IS NOT NULL&#13;
		WHERE vr.pkey = ? -- Route Order PKEY&#13;
		ORDER BY t.order_sequence DESC&#13;
		)&#13;
	WHERE rn BETWEEN ?&#13;
			AND ?&#13;
	)</db:sql>
                                        </db:select>
                                        <ee:transform doc:id="goecvhfx-9b5e-4a86-b01c-cd738c5276d4" doc:name="MAP">
                                            <ee:variables>
                                                <ee:set-variable variableName="MAP">%dw 2.0
output application/json
---
vars.""</ee:set-variable>
                                            </ee:variables>
                                        </ee:transform>
                                    </try>
                                </when>
                                <otherwise>
                                    <try doc:name="SEQUENCE">
                                        <db:select config-ref="wm_ocs.conn:JDBC_CONN_OCSD_CAAG_USER" doc:id="ppabnynx-eadc-40b9-98cc-268d14076da0" doc:name="wm_ocs.svcs.inbound.adptrsvcs:getRouteStops" target="wm_ocs.svcs.inbound.adptrsvcs:getroutestops">
                                            <db:sql>SELECT ${field}&#13;
FROM (&#13;
	SELECT NVL(route_id, '--') route_id&#13;
		,NVL(rte, '--') rte&#13;
		,DECODE(seq, NULL, '--', seq) seq&#13;
		,NVL(masunique, '--') masunique&#13;
		,NVL(customer, '--') customer&#13;
		,DECODE(tktnum, NULL, '--', tktnum) tktnum&#13;
		,NVL(tkttype, '--') tkttype&#13;
		,NVL(ticket_load_type, '--') ticket_load_type&#13;
		,NVL(svctime, '--') svctime&#13;
		,NVL(STATUS, '--') STATUS&#13;
		,NVL(svc_line_id, '--') svc_line_id&#13;
		,NVL(svccd, '--') svccd&#13;
		,NVL(svccd_desc, '--') svccd_desc&#13;
		,DECODE(rtepkey, NULL, '--', rtepkey) rte_order_pkey&#13;
		,DECODE(custpkey, NULL, '--', custpkey) cust_order_pkey&#13;
		,NVL(reasoncode, '--') reasoncode&#13;
		,excp_cd&#13;
		,cust_svc_pkey&#13;
		,driver_id&#13;
		,site_id&#13;
		,site_name&#13;
		,plandate&#13;
		,orderdate&#13;
		,latitude&#13;
		,longitude&#13;
		,vehicle&#13;
	FROM (&#13;
		SELECT vr.route.id route_id&#13;
			,vr.route.name rte&#13;
			,t.order_sequence / 2 seq&#13;
			,tc.uniqueid masunique&#13;
			,tc.name customer&#13;
			,t.ticketnumber tktnum&#13;
			,t.reasoncode tkttype&#13;
			,t.ticketloadtype.uniqueid ticket_load_type&#13;
			,TO_CHAR(FROM_TZ(TO_TIMESTAMP(TO_CHAR(NVL(csr.finished, cor.ticketcompleted), 'DD-MON-YYYY HH:MI:SS AM')), 'UTC') AT TIME ZONE(NVL(t.site.timezone, 'UTC')), 'yyyy-MM-DD HH24:MI:SS TZD') svctime&#13;
			,DECODE(NVL(csr.confirmationstatus, cor.confirmationstatus), 'CONFIRMEDPOS', 'Confirmed Positive', 'CONFIRMEDNEG', 'Confirmed Negative', 'CONFIRMEDINC', 'Confirmed Incomplete', NVL(csr.confirmationstatus, cor.confirmationstatus)) STATUS&#13;
			,s.id svc_line_id&#13;
			,s.code svccd&#13;
			,s.descr svccd_desc&#13;
			,vr.pkey rtepkey&#13;
			,t.pkey custpkey&#13;
			,t.reasoncode&#13;
			,NVL((&#13;
					SELECT CASE &#13;
							WHEN COUNT(DISTINCT tp.TEXT) &gt; 1&#13;
								THEN 'Multiple Exceptions'&#13;
							WHEN COUNT(DISTINCT tp.TEXT) = 1&#13;
								THEN MIN(tp.TEXT)&#13;
							ELSE NULL&#13;
							END&#13;
					FROM ocs_admin.vp_co_haulcall o&#13;
						,ocs_admin.vp_template tp&#13;
					WHERE t.pkey = o.customerorder.pkey&#13;
						AND o.vehicle IS NOT NULL&#13;
						AND tp.pkey = o.tmplhaulcall.pkey&#13;
						AND (&#13;
							o.customerservice IS NULL&#13;
							OR s.pkey = o.customerservice.pkey&#13;
							)&#13;
					GROUP BY customerorder&#13;
					), '--') excp_cd&#13;
			,s.pkey cust_svc_pkey&#13;
			,vr.driver.empid driver_id&#13;
			,vr.site.uniqueid site_id&#13;
			,vr.site.name site_name&#13;
			,t.plandate&#13;
			,vr.orderdate orderdate&#13;
			,NVL(t.servicelocation.latitude, t.servicelocation.address.latitude) latitude&#13;
			,NVL(t.servicelocation.longitude, t.servicelocation.address.longitude) longitude&#13;
			,tv.id vehicle&#13;
		FROM ocs_admin.vp_routeorder vr&#13;
		INNER JOIN ocs_admin.vp_customerorder t ON t.routeorder = REF(vr)&#13;
		INNER JOIN ocs_admin.vp_vehicle tv ON REF(tv) = vr.vehicle&#13;
		INNER JOIN ocs_admin.vp_customer tc ON t.customer = REF(tc)&#13;
		INNER JOIN ocs_admin.vp_customerservice s ON s.customerorder = REF(t)&#13;
		LEFT JOIN ocs_admin.vp_co_result cor ON cor.customerorder = REF(t)&#13;
			AND cor.vehicle IS NOT NULL&#13;
		LEFT JOIN ocs_admin.vp_cs_result csr ON csr.customerservice = REF(s)&#13;
			AND csr.vehicle IS NOT NULL&#13;
		WHERE vr.pkey = ? -- Route Order PKEY&#13;
		ORDER BY t.order_sequence DESC&#13;
		)&#13;
	)</db:sql>
                                        </db:select>
                                        <ee:transform doc:id="kvijvrhu-9b5e-4a86-b01c-cd738c5276d4" doc:name="MAP">
                                            <ee:variables>
                                                <ee:set-variable variableName="MAP">%dw 2.0
output application/json
---
vars.""</ee:set-variable>
                                            </ee:variables>
                                        </ee:transform>
                                    </try>
                                </otherwise>
                            </choice>
                        </try>
                    </otherwise>
                </choice>
                <choice doc:name="BRANCH">
                    <when expression="%count%!=0">
                        <try doc:name="SEQUENCE">
                            <ee:transform doc:id="cxvrtikp-9b5e-4a86-b01c-cd738c5276d4" doc:name="MAP">
                                <ee:variables>
                                    <ee:set-variable variableName="MAP">%dw 2.0
output application/json
---
vars.""</ee:set-variable>
                                </ee:variables>
                            </ee:transform>
                            <ee:transform doc:id="qtrwymfv-9b5e-4a86-b01c-cd738c5276d4" doc:name="MAP">
                                <ee:variables>
                                    <ee:set-variable variableName="MAP">%dw 2.0
output application/json
---
vars.""</ee:set-variable>
                                </ee:variables>
                            </ee:transform>
                            <logger doc:id="iptwdfnx-eadc-40b9-98cc-268d14076da0" doc:name="wm_common.utils:checkAcceptHeader" level="INFO"/>
                            <logger doc:id="bfauakme-eadc-40b9-98cc-268d14076da0" doc:name="wm_common.utils:checkIfModifiedSinceHeader" level="INFO"/>
                        </try>
                    </when>
                    <otherwise>
                        <try doc:name="SEQUENCE">
                            <ee:transform doc:id="zztqwepd-9b5e-4a86-b01c-cd738c5276d4" doc:name="MAP">
                                <ee:variables>
                                    <ee:set-variable variableName="MAP">%dw 2.0
output application/json
---
vars.""</ee:set-variable>
                                </ee:variables>
                            </ee:transform>
                            <logger doc:id="kpsfpgdq-eadc-40b9-98cc-268d14076da0" doc:name="wm_common.utils:throwError" level="INFO"/>
                        </try>
                    </otherwise>
                </choice>
                <ee:transform doc:id="pbqgobow-9b5e-4a86-b01c-cd738c5276d4" doc:name="MAP">
                    <ee:variables>
                        <ee:set-variable variableName="MAP">%dw 2.0
output application/json
---
vars.""</ee:set-variable>
                    </ee:variables>
                </ee:transform>
            </try>
            <try doc:name="SEQUENCE">
                <logger doc:id="ylquetne-eadc-40b9-98cc-268d14076da0" doc:name="pub.flow:getLastError" level="INFO"/>
                <logger doc:id="yulagger-eadc-40b9-98cc-268d14076da0" doc:name="wm_errorhandling.utils:getCallingService" level="INFO"/>
                <logger doc:id="efcgbntk-eadc-40b9-98cc-268d14076da0" doc:name="wm_errorhandling.svcs.flowsvcs:createErrorMsg_FW1" level="INFO"/>
                <ee:transform doc:id="zyatkpum-9b5e-4a86-b01c-cd738c5276d4" doc:name="MAP">
                    <ee:variables>
                        <ee:set-variable variableName="MAP">%dw 2.0
output application/json
---
vars.""</ee:set-variable>
                    </ee:variables>
                </ee:transform>
                <logger doc:id="gqbkdtab-eadc-40b9-98cc-268d14076da0" doc:name="EXIT" level="INFO"/>
            </try>
        </try>
    </flow>
</mule>
