<?xml version="1.0" encoding="UTF-8"?><mule xmlns="http://www.mulesoft.org/schema/mule/core" xmlns:db="http://www.mulesoft.org/schema/mule/db" xmlns:doc="http://www.mulesoft.org/schema/mule/documentation" xmlns:ee="http://www.mulesoft.org/schema/mule/ee/core" xmlns:os="http://www.mulesoft.org/schema/mule/os" xmlns:xsi="http://www.w3.org/2001/XMLSchema-instance" xsi:schemaLocation="http://www.mulesoft.org/schema/mule/core http://www.mulesoft.org/schema/mule/core/current/mule.xsd http://www.mulesoft.org/schema/mule/ee/core http://www.mulesoft.org/schema/mule/ee/core/current/mule-ee.xsd http://www.mulesoft.org/schema/mule/os  http://www.mulesoft.org/schema/mule/os/current/mule-os.xsd http://www.mulesoft.org/schema/mule/db http://www.mulesoft.org/schema/mule/db/current/mule-db.xsd">
    <flow doc:id="aqbzzqjt-eadc-40b9-98cc-268d14076da0" name="wm_ocs-svcs-inbound-flowsvcs-mapRouteStopsForMaxAge">
        <try doc:name="SEQUENCE">
            <try doc:name="SEQUENCE">
                <ee:transform doc:id="gouzlnbr-9b5e-4a86-b01c-cd738c5276d4" doc:name="MAP">
                    <ee:variables>
                        <ee:set-variable variableName="MAP">%dw 2.0
output application/json
---
vars.""</ee:set-variable>
                    </ee:variables>
                </ee:transform>
                <logger doc:id="znbdytnp-eadc-40b9-98cc-268d14076da0" doc:name="wm_common.utils:constructCacheKey" level="INFO"/>
                <os:retrieve doc:id="wxchdatk-eadc-40b9-98cc-268d14076da0" doc:name="pub.cache:get" key="#[attributes.headers.key]" name="pub.cache:get" objectStore="pub.cache-get_conn" target="pub.cache:get">
                    <os:default-value/>
                </os:retrieve>
                <choice doc:name="BRANCH">
                    <when expression="% /finalResponse% = /[^ ]/">
                        <try doc:name="SEQUENCE">
                            <logger doc:id="tzfltogo-eadc-40b9-98cc-268d14076da0" doc:name="CAAG.javasvcs:getExpirationTime" level="INFO"/>
                            <logger doc:id="mlwagqib-eadc-40b9-98cc-268d14076da0" doc:name="pub.flow:setResponseHeader" level="INFO"/>
                            <logger doc:id="gsipcthr-eadc-40b9-98cc-268d14076da0" doc:name="wm_common.utils:createEtag" level="INFO"/>
                            <logger doc:id="xybqlonm-eadc-40b9-98cc-268d14076da0" doc:name="wm_common.utils:checkIfModifiedSinceHeader" level="INFO"/>
                        </try>
                    </when>
                    <otherwise>
                        <try doc:name="SEQUENCE">
                            <choice doc:name="BRANCH">
                                <when expression="%offset%!=$null &amp;&amp; %limit%!=$null &amp;&amp; %offset%!=&quot;&quot; &amp;&amp; %limit% !=&quot;&quot;">
                                    <try doc:name="SEQUENCE">
                                        <ee:transform doc:id="nhwgnvtc-9b5e-4a86-b01c-cd738c5276d4" doc:name="MAP">
                                            <ee:variables>
                                                <ee:set-variable variableName="MAP">%dw 2.0
output application/json
---
vars.""</ee:set-variable>
                                            </ee:variables>
                                        </ee:transform>
                                        <ee:transform doc:id="ahqjxwfv-9b5e-4a86-b01c-cd738c5276d4" doc:name="MAP">
                                            <ee:variables>
                                                <ee:set-variable variableName="MAP">%dw 2.0
output application/json
---
vars.""</ee:set-variable>
                                            </ee:variables>
                                        </ee:transform>
                                    </try>
                                </when>
                            </choice>
                            <choice doc:name="BRANCH">
                                <when expression="% /fields% = /[^ ]/">
                                    <try doc:name="SEQUENCE">
                                        <choice doc:name="BRANCH">
                                            <when expression="% /limit% = /[^ ]/">
                                                <try doc:name="SEQUENCE">
                                                    <db:select config-ref="wm_ocs.conn:JDBC_CONN_OCSD_CAAG_USER" doc:id="hikgksqv-eadc-40b9-98cc-268d14076da0" doc:name="wm_ocs.svcs.inbound.adptrsvcs:getRouteStops_range" target="wm_ocs.svcs.inbound.adptrsvcs:getroutestops_range">
                                                        <db:sql>SELECT ${field}&#13;
FROM (&#13;
	SELECT NVL(route_id, '--') route_id&#13;
		,NVL(rte, '--') rte&#13;
		,DECODE(seq, NULL, '--', seq) seq&#13;
		,NVL(masunique, '--') masunique&#13;
		,NVL(customer, '--') customer&#13;
		,DECODE(tktnum, NULL, '--', tktnum) tktnum&#13;
		,NVL(tkttype, '--') tkttype&#13;
		,NVL(ticket_load_type, '--') ticket_load_type&#13;
		,NVL(svctime, '--') svctime&#13;
		,NVL(STATUS, '--') STATUS&#13;
		,NVL(svc_line_id, '--') svc_line_id&#13;
		,NVL(svccd, '--') svccd&#13;
		,NVL(svccd_desc, '--') svccd_desc&#13;
		,DECODE(rtepkey, NULL, '--', rtepkey) rte_order_pkey&#13;
		,DECODE(custpkey, NULL, '--', custpkey) cust_order_pkey&#13;
		,NVL(reasoncode, '--') reasoncode&#13;
		,excp_cd&#13;
		,cust_svc_pkey&#13;
		,driver_id&#13;
		,site_id&#13;
		,site_name&#13;
		,plandate&#13;
		,orderdate&#13;
		,latitude&#13;
		,longitude&#13;
		,vehicle&#13;
	FROM (&#13;
		SELECT vr.route.id route_id&#13;
			,vr.route.name rte&#13;
			,t.order_sequence / 2 seq&#13;
			,tc.uniqueid masunique&#13;
			,tc.name customer&#13;
			,t.ticketnumber tktnum&#13;
			,t.reasoncode tkttype&#13;
			,t.ticketloadtype.uniqueid ticket_load_type&#13;
			,TO_CHAR(FROM_TZ(TO_TIMESTAMP(TO_CHAR(NVL(csr.finished, cor.ticketcompleted), 'DD-MON-YYYY HH:MI:SS AM')), 'UTC') AT TIME ZONE(NVL(t.site.timezone, 'UTC')), 'yyyy-MM-DD HH24:MI:SS TZD') svctime&#13;
			,DECODE(NVL(csr.confirmationstatus, cor.confirmationstatus), 'CONFIRMEDPOS', 'Confirmed Positive', 'CONFIRMEDNEG', 'Confirmed Negative', 'CONFIRMEDINC', 'Confirmed Incomplete', NVL(csr.confirmationstatus, cor.confirmationstatus)) STATUS&#13;
			,s.id svc_line_id&#13;
			,s.code svccd&#13;
			,s.descr svccd_desc&#13;
			,vr.pkey rtepkey&#13;
			,t.pkey custpkey&#13;
			,t.reasoncode&#13;
			,NVL((&#13;
					SELECT CASE &#13;
							WHEN COUNT(DISTINCT tp.TEXT) &gt; 1&#13;
								THEN 'Multiple Exceptions'&#13;
							WHEN COUNT(DISTINCT tp.TEXT) = 1&#13;
								THEN MIN(tp.TEXT)&#13;
							ELSE NULL&#13;
							END&#13;
					FROM ocs_admin.vp_co_haulcall o&#13;
						,ocs_admin.vp_template tp&#13;
					WHERE t.pkey = o.customerorder.pkey&#13;
						AND o.vehicle IS NOT NULL&#13;
						AND tp.pkey = o.tmplhaulcall.pkey&#13;
						AND (&#13;
							o.customerservice IS NULL&#13;
							OR s.pkey = o.customerservice.pkey&#13;
							)&#13;
					GROUP BY customerorder&#13;
					), '--') excp_cd&#13;
			,s.pkey cust_svc_pkey&#13;
			,vr.driver.empid driver_id&#13;
			,vr.site.uniqueid site_id&#13;
			,vr.site.name site_name&#13;
			,t.plandate&#13;
			,vr.orderdate orderdate&#13;
			,NVL(t.servicelocation.latitude, t.servicelocation.address.latitude) latitude&#13;
			,NVL(t.servicelocation.longitude, t.servicelocation.address.longitude) longitude&#13;
			,tv.id vehicle&#13;
			,ROW_NUMBER() OVER (&#13;
				ORDER BY t.order_sequence&#13;
				) rn&#13;
		FROM ocs_admin.vp_routeorder vr&#13;
		INNER JOIN ocs_admin.vp_customerorder t ON t.routeorder = REF(vr)&#13;
		INNER JOIN ocs_admin.vp_vehicle tv ON REF(tv) = vr.vehicle&#13;
		INNER JOIN ocs_admin.vp_customer tc ON t.customer = REF(tc)&#13;
		INNER JOIN ocs_admin.vp_customerservice s ON s.customerorder = REF(t)&#13;
		LEFT JOIN ocs_admin.vp_co_result cor ON cor.customerorder = REF(t)&#13;
			AND cor.vehicle IS NOT NULL&#13;
		LEFT JOIN ocs_admin.vp_cs_result csr ON csr.customerservice = REF(s)&#13;
			AND csr.vehicle IS NOT NULL&#13;
		WHERE vr.pkey = ? -- Route Order PKEY&#13;
		ORDER BY t.order_sequence DESC&#13;
		)&#13;
	WHERE rn BETWEEN ?&#13;
			AND ?&#13;
	)</db:sql>
                                                    </db:select>
                                                    <ee:transform doc:id="oesuenpk-9b5e-4a86-b01c-cd738c5276d4" doc:name="MAP">
                                                        <ee:variables>
                                                            <ee:set-variable variableName="MAP">%dw 2.0
output application/json
---
vars.""</ee:set-variable>
                                                        </ee:variables>
                                                    </ee:transform>
                                                </try>
                                            </when>
                                            <otherwise>
                                                <try doc:name="SEQUENCE">
                                                    <db:select config-ref="wm_ocs.conn:JDBC_CONN_OCSD_CAAG_USER" doc:id="njhuqomx-eadc-40b9-98cc-268d14076da0" doc:name="wm_ocs.svcs.inbound.adptrsvcs:getRouteStops" target="wm_ocs.svcs.inbound.adptrsvcs:getroutestops">
                                                        <db:sql>SELECT ${field}&#13;
FROM (&#13;
	SELECT NVL(route_id, '--') route_id&#13;
		,NVL(rte, '--') rte&#13;
		,DECODE(seq, NULL, '--', seq) seq&#13;
		,NVL(masunique, '--') masunique&#13;
		,NVL(customer, '--') customer&#13;
		,DECODE(tktnum, NULL, '--', tktnum) tktnum&#13;
		,NVL(tkttype, '--') tkttype&#13;
		,NVL(ticket_load_type, '--') ticket_load_type&#13;
		,NVL(svctime, '--') svctime&#13;
		,NVL(STATUS, '--') STATUS&#13;
		,NVL(svc_line_id, '--') svc_line_id&#13;
		,NVL(svccd, '--') svccd&#13;
		,NVL(svccd_desc, '--') svccd_desc&#13;
		,DECODE(rtepkey, NULL, '--', rtepkey) rte_order_pkey&#13;
		,DECODE(custpkey, NULL, '--', custpkey) cust_order_pkey&#13;
		,NVL(reasoncode, '--') reasoncode&#13;
		,excp_cd&#13;
		,cust_svc_pkey&#13;
		,driver_id&#13;
		,site_id&#13;
		,site_name&#13;
		,plandate&#13;
		,orderdate&#13;
		,latitude&#13;
		,longitude&#13;
		,vehicle&#13;
	FROM (&#13;
		SELECT vr.route.id route_id&#13;
			,vr.route.name rte&#13;
			,t.order_sequence / 2 seq&#13;
			,tc.uniqueid masunique&#13;
			,tc.name customer&#13;
			,t.ticketnumber tktnum&#13;
			,t.reasoncode tkttype&#13;
			,t.ticketloadtype.uniqueid ticket_load_type&#13;
			,TO_CHAR(FROM_TZ(TO_TIMESTAMP(TO_CHAR(NVL(csr.finished, cor.ticketcompleted), 'DD-MON-YYYY HH:MI:SS AM')), 'UTC') AT TIME ZONE(NVL(t.site.timezone, 'UTC')), 'yyyy-MM-DD HH24:MI:SS TZD') svctime&#13;
			,DECODE(NVL(csr.confirmationstatus, cor.confirmationstatus), 'CONFIRMEDPOS', 'Confirmed Positive', 'CONFIRMEDNEG', 'Confirmed Negative', 'CONFIRMEDINC', 'Confirmed Incomplete', NVL(csr.confirmationstatus, cor.confirmationstatus)) STATUS&#13;
			,s.id svc_line_id&#13;
			,s.code svccd&#13;
			,s.descr svccd_desc&#13;
			,vr.pkey rtepkey&#13;
			,t.pkey custpkey&#13;
			,t.reasoncode&#13;
			,NVL((&#13;
					SELECT CASE &#13;
							WHEN COUNT(DISTINCT tp.TEXT) &gt; 1&#13;
								THEN 'Multiple Exceptions'&#13;
							WHEN COUNT(DISTINCT tp.TEXT) = 1&#13;
								THEN MIN(tp.TEXT)&#13;
							ELSE NULL&#13;
							END&#13;
					FROM ocs_admin.vp_co_haulcall o&#13;
						,ocs_admin.vp_template tp&#13;
					WHERE t.pkey = o.customerorder.pkey&#13;
						AND o.vehicle IS NOT NULL&#13;
						AND tp.pkey = o.tmplhaulcall.pkey&#13;
						AND (&#13;
							o.customerservice IS NULL&#13;
							OR s.pkey = o.customerservice.pkey&#13;
							)&#13;
					GROUP BY customerorder&#13;
					), '--') excp_cd&#13;
			,s.pkey cust_svc_pkey&#13;
			,vr.driver.empid driver_id&#13;
			,vr.site.uniqueid site_id&#13;
			,vr.site.name site_name&#13;
			,t.plandate&#13;
			,vr.orderdate orderdate&#13;
			,NVL(t.servicelocation.latitude, t.servicelocation.address.latitude) latitude&#13;
			,NVL(t.servicelocation.longitude, t.servicelocation.address.longitude) longitude&#13;
			,tv.id vehicle&#13;
		FROM ocs_admin.vp_routeorder vr&#13;
		INNER JOIN ocs_admin.vp_customerorder t ON t.routeorder = REF(vr)&#13;
		INNER JOIN ocs_admin.vp_vehicle tv ON REF(tv) = vr.vehicle&#13;
		INNER JOIN ocs_admin.vp_customer tc ON t.customer = REF(tc)&#13;
		INNER JOIN ocs_admin.vp_customerservice s ON s.customerorder = REF(t)&#13;
		LEFT JOIN ocs_admin.vp_co_result cor ON cor.customerorder = REF(t)&#13;
			AND cor.vehicle IS NOT NULL&#13;
		LEFT JOIN ocs_admin.vp_cs_result csr ON csr.customerservice = REF(s)&#13;
			AND csr.vehicle IS NOT NULL&#13;
		WHERE vr.pkey = ? -- Route Order PKEY&#13;
		ORDER BY t.order_sequence DESC&#13;
		)&#13;
	)</db:sql>
                                                    </db:select>
                                                    <ee:transform doc:id="llklmskw-9b5e-4a86-b01c-cd738c5276d4" doc:name="MAP">
                                                        <ee:variables>
                                                            <ee:set-variable variableName="MAP">%dw 2.0
output application/json
---
vars.""</ee:set-variable>
                                                        </ee:variables>
                                                    </ee:transform>
                                                </try>
                                            </otherwise>
                                        </choice>
                                    </try>
                                </when>
                                <otherwise>
                                    <try doc:name="SEQUENCE">
                                        <choice doc:name="BRANCH">
                                            <when expression="% /limit% = /[^ ]/">
                                                <try doc:name="SEQUENCE">
                                                    <db:select config-ref="wm_ocs.conn:JDBC_CONN_OCSD_CAAG_USER" doc:id="irikwgqn-eadc-40b9-98cc-268d14076da0" doc:name="wm_ocs.svcs.inbound.adptrsvcs:getRouteStops_range" target="wm_ocs.svcs.inbound.adptrsvcs:getroutestops_range">
                                                        <db:sql>SELECT ${field}&#13;
FROM (&#13;
	SELECT NVL(route_id, '--') route_id&#13;
		,NVL(rte, '--') rte&#13;
		,DECODE(seq, NULL, '--', seq) seq&#13;
		,NVL(masunique, '--') masunique&#13;
		,NVL(customer, '--') customer&#13;
		,DECODE(tktnum, NULL, '--', tktnum) tktnum&#13;
		,NVL(tkttype, '--') tkttype&#13;
		,NVL(ticket_load_type, '--') ticket_load_type&#13;
		,NVL(svctime, '--') svctime&#13;
		,NVL(STATUS, '--') STATUS&#13;
		,NVL(svc_line_id, '--') svc_line_id&#13;
		,NVL(svccd, '--') svccd&#13;
		,NVL(svccd_desc, '--') svccd_desc&#13;
		,DECODE(rtepkey, NULL, '--', rtepkey) rte_order_pkey&#13;
		,DECODE(custpkey, NULL, '--', custpkey) cust_order_pkey&#13;
		,NVL(reasoncode, '--') reasoncode&#13;
		,excp_cd&#13;
		,cust_svc_pkey&#13;
		,driver_id&#13;
		,site_id&#13;
		,site_name&#13;
		,plandate&#13;
		,orderdate&#13;
		,latitude&#13;
		,longitude&#13;
		,vehicle&#13;
	FROM (&#13;
		SELECT vr.route.id route_id&#13;
			,vr.route.name rte&#13;
			,t.order_sequence / 2 seq&#13;
			,tc.uniqueid masunique&#13;
			,tc.name customer&#13;
			,t.ticketnumber tktnum&#13;
			,t.reasoncode tkttype&#13;
			,t.ticketloadtype.uniqueid ticket_load_type&#13;
			,TO_CHAR(FROM_TZ(TO_TIMESTAMP(TO_CHAR(NVL(csr.finished, cor.ticketcompleted), 'DD-MON-YYYY HH:MI:SS AM')), 'UTC') AT TIME ZONE(NVL(t.site.timezone, 'UTC')), 'yyyy-MM-DD HH24:MI:SS TZD') svctime&#13;
			,DECODE(NVL(csr.confirmationstatus, cor.confirmationstatus), 'CONFIRMEDPOS', 'Confirmed Positive', 'CONFIRMEDNEG', 'Confirmed Negative', 'CONFIRMEDINC', 'Confirmed Incomplete', NVL(csr.confirmationstatus, cor.confirmationstatus)) STATUS&#13;
			,s.id svc_line_id&#13;
			,s.code svccd&#13;
			,s.descr svccd_desc&#13;
			,vr.pkey rtepkey&#13;
			,t.pkey custpkey&#13;
			,t.reasoncode&#13;
			,NVL((&#13;
					SELECT CASE &#13;
							WHEN COUNT(DISTINCT tp.TEXT) &gt; 1&#13;
								THEN 'Multiple Exceptions'&#13;
							WHEN COUNT(DISTINCT tp.TEXT) = 1&#13;
								THEN MIN(tp.TEXT)&#13;
							ELSE NULL&#13;
							END&#13;
					FROM ocs_admin.vp_co_haulcall o&#13;
						,ocs_admin.vp_template tp&#13;
					WHERE t.pkey = o.customerorder.pkey&#13;
						AND o.vehicle IS NOT NULL&#13;
						AND tp.pkey = o.tmplhaulcall.pkey&#13;
						AND (&#13;
							o.customerservice IS NULL&#13;
							OR s.pkey = o.customerservice.pkey&#13;
							)&#13;
					GROUP BY customerorder&#13;
					), '--') excp_cd&#13;
			,s.pkey cust_svc_pkey&#13;
			,vr.driver.empid driver_id&#13;
			,vr.site.uniqueid site_id&#13;
			,vr.site.name site_name&#13;
			,t.plandate&#13;
			,vr.orderdate orderdate&#13;
			,NVL(t.servicelocation.latitude, t.servicelocation.address.latitude) latitude&#13;
			,NVL(t.servicelocation.longitude, t.servicelocation.address.longitude) longitude&#13;
			,tv.id vehicle&#13;
			,ROW_NUMBER() OVER (&#13;
				ORDER BY t.order_sequence&#13;
				) rn&#13;
		FROM ocs_admin.vp_routeorder vr&#13;
		INNER JOIN ocs_admin.vp_customerorder t ON t.routeorder = REF(vr)&#13;
		INNER JOIN ocs_admin.vp_vehicle tv ON REF(tv) = vr.vehicle&#13;
		INNER JOIN ocs_admin.vp_customer tc ON t.customer = REF(tc)&#13;
		INNER JOIN ocs_admin.vp_customerservice s ON s.customerorder = REF(t)&#13;
		LEFT JOIN ocs_admin.vp_co_result cor ON cor.customerorder = REF(t)&#13;
			AND cor.vehicle IS NOT NULL&#13;
		LEFT JOIN ocs_admin.vp_cs_result csr ON csr.customerservice = REF(s)&#13;
			AND csr.vehicle IS NOT NULL&#13;
		WHERE vr.pkey = ? -- Route Order PKEY&#13;
		ORDER BY t.order_sequence DESC&#13;
		)&#13;
	WHERE rn BETWEEN ?&#13;
			AND ?&#13;
	)</db:sql>
                                                    </db:select>
                                                    <ee:transform doc:id="rrhkvzvo-9b5e-4a86-b01c-cd738c5276d4" doc:name="MAP">
                                                        <ee:variables>
                                                            <ee:set-variable variableName="MAP">%dw 2.0
output application/json
---
vars.""</ee:set-variable>
                                                        </ee:variables>
                                                    </ee:transform>
                                                </try>
                                            </when>
                                            <otherwise>
                                                <try doc:name="SEQUENCE">
                                                    <db:select config-ref="wm_ocs.conn:JDBC_CONN_OCSD_CAAG_USER" doc:id="wobhpipa-eadc-40b9-98cc-268d14076da0" doc:name="wm_ocs.svcs.inbound.adptrsvcs:getRouteStops" target="wm_ocs.svcs.inbound.adptrsvcs:getroutestops">
                                                        <db:sql>SELECT ${field}&#13;
FROM (&#13;
	SELECT NVL(route_id, '--') route_id&#13;
		,NVL(rte, '--') rte&#13;
		,DECODE(seq, NULL, '--', seq) seq&#13;
		,NVL(masunique, '--') masunique&#13;
		,NVL(customer, '--') customer&#13;
		,DECODE(tktnum, NULL, '--', tktnum) tktnum&#13;
		,NVL(tkttype, '--') tkttype&#13;
		,NVL(ticket_load_type, '--') ticket_load_type&#13;
		,NVL(svctime, '--') svctime&#13;
		,NVL(STATUS, '--') STATUS&#13;
		,NVL(svc_line_id, '--') svc_line_id&#13;
		,NVL(svccd, '--') svccd&#13;
		,NVL(svccd_desc, '--') svccd_desc&#13;
		,DECODE(rtepkey, NULL, '--', rtepkey) rte_order_pkey&#13;
		,DECODE(custpkey, NULL, '--', custpkey) cust_order_pkey&#13;
		,NVL(reasoncode, '--') reasoncode&#13;
		,excp_cd&#13;
		,cust_svc_pkey&#13;
		,driver_id&#13;
		,site_id&#13;
		,site_name&#13;
		,plandate&#13;
		,orderdate&#13;
		,latitude&#13;
		,longitude&#13;
		,vehicle&#13;
	FROM (&#13;
		SELECT vr.route.id route_id&#13;
			,vr.route.name rte&#13;
			,t.order_sequence / 2 seq&#13;
			,tc.uniqueid masunique&#13;
			,tc.name customer&#13;
			,t.ticketnumber tktnum&#13;
			,t.reasoncode tkttype&#13;
			,t.ticketloadtype.uniqueid ticket_load_type&#13;
			,TO_CHAR(FROM_TZ(TO_TIMESTAMP(TO_CHAR(NVL(csr.finished, cor.ticketcompleted), 'DD-MON-YYYY HH:MI:SS AM')), 'UTC') AT TIME ZONE(NVL(t.site.timezone, 'UTC')), 'yyyy-MM-DD HH24:MI:SS TZD') svctime&#13;
			,DECODE(NVL(csr.confirmationstatus, cor.confirmationstatus), 'CONFIRMEDPOS', 'Confirmed Positive', 'CONFIRMEDNEG', 'Confirmed Negative', 'CONFIRMEDINC', 'Confirmed Incomplete', NVL(csr.confirmationstatus, cor.confirmationstatus)) STATUS&#13;
			,s.id svc_line_id&#13;
			,s.code svccd&#13;
			,s.descr svccd_desc&#13;
			,vr.pkey rtepkey&#13;
			,t.pkey custpkey&#13;
			,t.reasoncode&#13;
			,NVL((&#13;
					SELECT CASE &#13;
							WHEN COUNT(DISTINCT tp.TEXT) &gt; 1&#13;
								THEN 'Multiple Exceptions'&#13;
							WHEN COUNT(DISTINCT tp.TEXT) = 1&#13;
								THEN MIN(tp.TEXT)&#13;
							ELSE NULL&#13;
							END&#13;
					FROM ocs_admin.vp_co_haulcall o&#13;
						,ocs_admin.vp_template tp&#13;
					WHERE t.pkey = o.customerorder.pkey&#13;
						AND o.vehicle IS NOT NULL&#13;
						AND tp.pkey = o.tmplhaulcall.pkey&#13;
						AND (&#13;
							o.customerservice IS NULL&#13;
							OR s.pkey = o.customerservice.pkey&#13;
							)&#13;
					GROUP BY customerorder&#13;
					), '--') excp_cd&#13;
			,s.pkey cust_svc_pkey&#13;
			,vr.driver.empid driver_id&#13;
			,vr.site.uniqueid site_id&#13;
			,vr.site.name site_name&#13;
			,t.plandate&#13;
			,vr.orderdate orderdate&#13;
			,NVL(t.servicelocation.latitude, t.servicelocation.address.latitude) latitude&#13;
			,NVL(t.servicelocation.longitude, t.servicelocation.address.longitude) longitude&#13;
			,tv.id vehicle&#13;
		FROM ocs_admin.vp_routeorder vr&#13;
		INNER JOIN ocs_admin.vp_customerorder t ON t.routeorder = REF(vr)&#13;
		INNER JOIN ocs_admin.vp_vehicle tv ON REF(tv) = vr.vehicle&#13;
		INNER JOIN ocs_admin.vp_customer tc ON t.customer = REF(tc)&#13;
		INNER JOIN ocs_admin.vp_customerservice s ON s.customerorder = REF(t)&#13;
		LEFT JOIN ocs_admin.vp_co_result cor ON cor.customerorder = REF(t)&#13;
			AND cor.vehicle IS NOT NULL&#13;
		LEFT JOIN ocs_admin.vp_cs_result csr ON csr.customerservice = REF(s)&#13;
			AND csr.vehicle IS NOT NULL&#13;
		WHERE vr.pkey = ? -- Route Order PKEY&#13;
		ORDER BY t.order_sequence DESC&#13;
		)&#13;
	)</db:sql>
                                                    </db:select>
                                                    <ee:transform doc:id="ehudjrhl-9b5e-4a86-b01c-cd738c5276d4" doc:name="MAP">
                                                        <ee:variables>
                                                            <ee:set-variable variableName="MAP">%dw 2.0
output application/json
---
vars.""</ee:set-variable>
                                                        </ee:variables>
                                                    </ee:transform>
                                                </try>
                                            </otherwise>
                                        </choice>
                                    </try>
                                </otherwise>
                            </choice>
                            <choice doc:name="BRANCH">
                                <when expression="%count%!=0">
                                    <try doc:name="SEQUENCE">
                                        <ee:transform doc:id="joexamig-9b5e-4a86-b01c-cd738c5276d4" doc:name="MAP">
                                            <ee:variables>
                                                <ee:set-variable variableName="MAP">%dw 2.0
output application/json
---
vars.""</ee:set-variable>
                                            </ee:variables>
                                        </ee:transform>
                                        <ee:transform doc:id="eccwdyit-9b5e-4a86-b01c-cd738c5276d4" doc:name="MAP">
                                            <ee:variables>
                                                <ee:set-variable variableName="MAP">%dw 2.0
output application/json
---
vars.""</ee:set-variable>
                                            </ee:variables>
                                        </ee:transform>
                                        <logger doc:id="uzdavgqr-eadc-40b9-98cc-268d14076da0" doc:name="wm_common.utils:checkAcceptHeader" level="INFO"/>
                                        <logger doc:id="uwiryodk-eadc-40b9-98cc-268d14076da0" doc:name="wm_common.utils:checkIfModifiedSinceHeader" level="INFO"/>
                                        <os:store doc:id="kjnqtaek-eadc-40b9-98cc-268d14076da0" doc:name="pub.cache:put" key="#[attributes.headers.key]" name="pub.cache:put" objectStore="pub.cache-put_conn">
                                            <os:value>#[ payload ]</os:value>
                                        </os:store>
                                        <logger doc:id="lqchjnnc-eadc-40b9-98cc-268d14076da0" doc:name="CAAG.javasvcs:getExpirationTime" level="INFO"/>
                                        <logger doc:id="tkrsorxp-eadc-40b9-98cc-268d14076da0" doc:name="pub.flow:setResponseHeader" level="INFO"/>
                                    </try>
                                </when>
                                <otherwise>
                                    <try doc:name="SEQUENCE">
                                        <ee:transform doc:id="mmnmkcvr-9b5e-4a86-b01c-cd738c5276d4" doc:name="MAP">
                                            <ee:variables>
                                                <ee:set-variable variableName="MAP">%dw 2.0
output application/json
---
vars.""</ee:set-variable>
                                            </ee:variables>
                                        </ee:transform>
                                        <logger doc:id="rpnbukug-eadc-40b9-98cc-268d14076da0" doc:name="wm_common.utils:throwError" level="INFO"/>
                                    </try>
                                </otherwise>
                            </choice>
                        </try>
                    </otherwise>
                </choice>
                <ee:transform doc:id="mrvxfsdx-9b5e-4a86-b01c-cd738c5276d4" doc:name="MAP">
                    <ee:variables>
                        <ee:set-variable variableName="MAP">%dw 2.0
output application/json
---
vars.""</ee:set-variable>
                    </ee:variables>
                </ee:transform>
            </try>
            <try doc:name="SEQUENCE">
                <logger doc:id="vmjjyqin-eadc-40b9-98cc-268d14076da0" doc:name="pub.flow:getLastError" level="INFO"/>
                <logger doc:id="iwxlyfxr-eadc-40b9-98cc-268d14076da0" doc:name="wm_errorhandling.utils:getCallingService" level="INFO"/>
                <logger doc:id="spbzwojo-eadc-40b9-98cc-268d14076da0" doc:name="wm_errorhandling.svcs.flowsvcs:createErrorMsg_FW1" level="INFO"/>
                <ee:transform doc:id="ywegtgfg-9b5e-4a86-b01c-cd738c5276d4" doc:name="MAP">
                    <ee:variables>
                        <ee:set-variable variableName="MAP">%dw 2.0
output application/json
---
vars.""</ee:set-variable>
                    </ee:variables>
                </ee:transform>
                <logger doc:id="ubfuldap-eadc-40b9-98cc-268d14076da0" doc:name="EXIT" level="INFO"/>
            </try>
        </try>
        <try doc:name="SEQUENCE">
            <try doc:name="SEQUENCE">
                <ee:transform doc:id="xerrrrjr-9b5e-4a86-b01c-cd738c5276d4" doc:name="MAP">
                    <ee:variables>
                        <ee:set-variable variableName="MAP">%dw 2.0
output application/json
---
vars.""</ee:set-variable>
                    </ee:variables>
                </ee:transform>
                <logger doc:id="smlevoaj-eadc-40b9-98cc-268d14076da0" doc:name="wm_common.utils:constructCacheKey" level="INFO"/>
                <os:retrieve doc:id="qnnrgnhr-eadc-40b9-98cc-268d14076da0" doc:name="pub.cache:get" key="#[attributes.headers.key]" name="pub.cache:get" objectStore="pub.cache-get_conn" target="pub.cache:get">
                    <os:default-value/>
                </os:retrieve>
                <choice doc:name="BRANCH">
                    <when expression="% /finalResponse% = /[^ ]/">
                        <try doc:name="SEQUENCE">
                            <logger doc:id="fcckmxbn-eadc-40b9-98cc-268d14076da0" doc:name="CAAG.javasvcs:getExpirationTime" level="INFO"/>
                            <logger doc:id="aleuugdy-eadc-40b9-98cc-268d14076da0" doc:name="pub.flow:setResponseHeader" level="INFO"/>
                            <logger doc:id="dddonllx-eadc-40b9-98cc-268d14076da0" doc:name="wm_common.utils:createEtag" level="INFO"/>
                            <logger doc:id="bwjvpevp-eadc-40b9-98cc-268d14076da0" doc:name="wm_common.utils:checkIfModifiedSinceHeader" level="INFO"/>
                        </try>
                    </when>
                    <otherwise>
                        <try doc:name="SEQUENCE">
                            <choice doc:name="BRANCH">
                                <when expression="%offset%!=$null &amp;&amp; %limit%!=$null &amp;&amp; %offset%!=&quot;&quot; &amp;&amp; %limit% !=&quot;&quot;">
                                    <try doc:name="SEQUENCE">
                                        <ee:transform doc:id="nojwdjwk-9b5e-4a86-b01c-cd738c5276d4" doc:name="MAP">
                                            <ee:variables>
                                                <ee:set-variable variableName="MAP">%dw 2.0
output application/json
---
vars.""</ee:set-variable>
                                            </ee:variables>
                                        </ee:transform>
                                        <ee:transform doc:id="reudbtit-9b5e-4a86-b01c-cd738c5276d4" doc:name="MAP">
                                            <ee:variables>
                                                <ee:set-variable variableName="MAP">%dw 2.0
output application/json
---
vars.""</ee:set-variable>
                                            </ee:variables>
                                        </ee:transform>
                                    </try>
                                </when>
                            </choice>
                            <choice doc:name="BRANCH">
                                <when expression="% /fields% = /[^ ]/">
                                    <try doc:name="SEQUENCE">
                                        <choice doc:name="BRANCH">
                                            <when expression="% /limit% = /[^ ]/">
                                                <try doc:name="SEQUENCE">
                                                    <db:select config-ref="wm_ocs.conn:JDBC_CONN_OCSD_CAAG_USER" doc:id="uaxyyygh-eadc-40b9-98cc-268d14076da0" doc:name="wm_ocs.svcs.inbound.adptrsvcs:getRouteStops_range" target="wm_ocs.svcs.inbound.adptrsvcs:getroutestops_range">
                                                        <db:sql>SELECT ${field}&#13;
FROM (&#13;
	SELECT NVL(route_id, '--') route_id&#13;
		,NVL(rte, '--') rte&#13;
		,DECODE(seq, NULL, '--', seq) seq&#13;
		,NVL(masunique, '--') masunique&#13;
		,NVL(customer, '--') customer&#13;
		,DECODE(tktnum, NULL, '--', tktnum) tktnum&#13;
		,NVL(tkttype, '--') tkttype&#13;
		,NVL(ticket_load_type, '--') ticket_load_type&#13;
		,NVL(svctime, '--') svctime&#13;
		,NVL(STATUS, '--') STATUS&#13;
		,NVL(svc_line_id, '--') svc_line_id&#13;
		,NVL(svccd, '--') svccd&#13;
		,NVL(svccd_desc, '--') svccd_desc&#13;
		,DECODE(rtepkey, NULL, '--', rtepkey) rte_order_pkey&#13;
		,DECODE(custpkey, NULL, '--', custpkey) cust_order_pkey&#13;
		,NVL(reasoncode, '--') reasoncode&#13;
		,excp_cd&#13;
		,cust_svc_pkey&#13;
		,driver_id&#13;
		,site_id&#13;
		,site_name&#13;
		,plandate&#13;
		,orderdate&#13;
		,latitude&#13;
		,longitude&#13;
		,vehicle&#13;
	FROM (&#13;
		SELECT vr.route.id route_id&#13;
			,vr.route.name rte&#13;
			,t.order_sequence / 2 seq&#13;
			,tc.uniqueid masunique&#13;
			,tc.name customer&#13;
			,t.ticketnumber tktnum&#13;
			,t.reasoncode tkttype&#13;
			,t.ticketloadtype.uniqueid ticket_load_type&#13;
			,TO_CHAR(FROM_TZ(TO_TIMESTAMP(TO_CHAR(NVL(csr.finished, cor.ticketcompleted), 'DD-MON-YYYY HH:MI:SS AM')), 'UTC') AT TIME ZONE(NVL(t.site.timezone, 'UTC')), 'yyyy-MM-DD HH24:MI:SS TZD') svctime&#13;
			,DECODE(NVL(csr.confirmationstatus, cor.confirmationstatus), 'CONFIRMEDPOS', 'Confirmed Positive', 'CONFIRMEDNEG', 'Confirmed Negative', 'CONFIRMEDINC', 'Confirmed Incomplete', NVL(csr.confirmationstatus, cor.confirmationstatus)) STATUS&#13;
			,s.id svc_line_id&#13;
			,s.code svccd&#13;
			,s.descr svccd_desc&#13;
			,vr.pkey rtepkey&#13;
			,t.pkey custpkey&#13;
			,t.reasoncode&#13;
			,NVL((&#13;
					SELECT CASE &#13;
							WHEN COUNT(DISTINCT tp.TEXT) &gt; 1&#13;
								THEN 'Multiple Exceptions'&#13;
							WHEN COUNT(DISTINCT tp.TEXT) = 1&#13;
								THEN MIN(tp.TEXT)&#13;
							ELSE NULL&#13;
							END&#13;
					FROM ocs_admin.vp_co_haulcall o&#13;
						,ocs_admin.vp_template tp&#13;
					WHERE t.pkey = o.customerorder.pkey&#13;
						AND o.vehicle IS NOT NULL&#13;
						AND tp.pkey = o.tmplhaulcall.pkey&#13;
						AND (&#13;
							o.customerservice IS NULL&#13;
							OR s.pkey = o.customerservice.pkey&#13;
							)&#13;
					GROUP BY customerorder&#13;
					), '--') excp_cd&#13;
			,s.pkey cust_svc_pkey&#13;
			,vr.driver.empid driver_id&#13;
			,vr.site.uniqueid site_id&#13;
			,vr.site.name site_name&#13;
			,t.plandate&#13;
			,vr.orderdate orderdate&#13;
			,NVL(t.servicelocation.latitude, t.servicelocation.address.latitude) latitude&#13;
			,NVL(t.servicelocation.longitude, t.servicelocation.address.longitude) longitude&#13;
			,tv.id vehicle&#13;
			,ROW_NUMBER() OVER (&#13;
				ORDER BY t.order_sequence&#13;
				) rn&#13;
		FROM ocs_admin.vp_routeorder vr&#13;
		INNER JOIN ocs_admin.vp_customerorder t ON t.routeorder = REF(vr)&#13;
		INNER JOIN ocs_admin.vp_vehicle tv ON REF(tv) = vr.vehicle&#13;
		INNER JOIN ocs_admin.vp_customer tc ON t.customer = REF(tc)&#13;
		INNER JOIN ocs_admin.vp_customerservice s ON s.customerorder = REF(t)&#13;
		LEFT JOIN ocs_admin.vp_co_result cor ON cor.customerorder = REF(t)&#13;
			AND cor.vehicle IS NOT NULL&#13;
		LEFT JOIN ocs_admin.vp_cs_result csr ON csr.customerservice = REF(s)&#13;
			AND csr.vehicle IS NOT NULL&#13;
		WHERE vr.pkey = ? -- Route Order PKEY&#13;
		ORDER BY t.order_sequence DESC&#13;
		)&#13;
	WHERE rn BETWEEN ?&#13;
			AND ?&#13;
	)</db:sql>
                                                    </db:select>
                                                    <ee:transform doc:id="ygtetdxp-9b5e-4a86-b01c-cd738c5276d4" doc:name="MAP">
                                                        <ee:variables>
                                                            <ee:set-variable variableName="MAP">%dw 2.0
output application/json
---
vars.""</ee:set-variable>
                                                        </ee:variables>
                                                    </ee:transform>
                                                </try>
                                            </when>
                                            <otherwise>
                                                <try doc:name="SEQUENCE">
                                                    <db:select config-ref="wm_ocs.conn:JDBC_CONN_OCSD_CAAG_USER" doc:id="krnudhkk-eadc-40b9-98cc-268d14076da0" doc:name="wm_ocs.svcs.inbound.adptrsvcs:getRouteStops" target="wm_ocs.svcs.inbound.adptrsvcs:getroutestops">
                                                        <db:sql>SELECT ${field}&#13;
FROM (&#13;
	SELECT NVL(route_id, '--') route_id&#13;
		,NVL(rte, '--') rte&#13;
		,DECODE(seq, NULL, '--', seq) seq&#13;
		,NVL(masunique, '--') masunique&#13;
		,NVL(customer, '--') customer&#13;
		,DECODE(tktnum, NULL, '--', tktnum) tktnum&#13;
		,NVL(tkttype, '--') tkttype&#13;
		,NVL(ticket_load_type, '--') ticket_load_type&#13;
		,NVL(svctime, '--') svctime&#13;
		,NVL(STATUS, '--') STATUS&#13;
		,NVL(svc_line_id, '--') svc_line_id&#13;
		,NVL(svccd, '--') svccd&#13;
		,NVL(svccd_desc, '--') svccd_desc&#13;
		,DECODE(rtepkey, NULL, '--', rtepkey) rte_order_pkey&#13;
		,DECODE(custpkey, NULL, '--', custpkey) cust_order_pkey&#13;
		,NVL(reasoncode, '--') reasoncode&#13;
		,excp_cd&#13;
		,cust_svc_pkey&#13;
		,driver_id&#13;
		,site_id&#13;
		,site_name&#13;
		,plandate&#13;
		,orderdate&#13;
		,latitude&#13;
		,longitude&#13;
		,vehicle&#13;
	FROM (&#13;
		SELECT vr.route.id route_id&#13;
			,vr.route.name rte&#13;
			,t.order_sequence / 2 seq&#13;
			,tc.uniqueid masunique&#13;
			,tc.name customer&#13;
			,t.ticketnumber tktnum&#13;
			,t.reasoncode tkttype&#13;
			,t.ticketloadtype.uniqueid ticket_load_type&#13;
			,TO_CHAR(FROM_TZ(TO_TIMESTAMP(TO_CHAR(NVL(csr.finished, cor.ticketcompleted), 'DD-MON-YYYY HH:MI:SS AM')), 'UTC') AT TIME ZONE(NVL(t.site.timezone, 'UTC')), 'yyyy-MM-DD HH24:MI:SS TZD') svctime&#13;
			,DECODE(NVL(csr.confirmationstatus, cor.confirmationstatus), 'CONFIRMEDPOS', 'Confirmed Positive', 'CONFIRMEDNEG', 'Confirmed Negative', 'CONFIRMEDINC', 'Confirmed Incomplete', NVL(csr.confirmationstatus, cor.confirmationstatus)) STATUS&#13;
			,s.id svc_line_id&#13;
			,s.code svccd&#13;
			,s.descr svccd_desc&#13;
			,vr.pkey rtepkey&#13;
			,t.pkey custpkey&#13;
			,t.reasoncode&#13;
			,NVL((&#13;
					SELECT CASE &#13;
							WHEN COUNT(DISTINCT tp.TEXT) &gt; 1&#13;
								THEN 'Multiple Exceptions'&#13;
							WHEN COUNT(DISTINCT tp.TEXT) = 1&#13;
								THEN MIN(tp.TEXT)&#13;
							ELSE NULL&#13;
							END&#13;
					FROM ocs_admin.vp_co_haulcall o&#13;
						,ocs_admin.vp_template tp&#13;
					WHERE t.pkey = o.customerorder.pkey&#13;
						AND o.vehicle IS NOT NULL&#13;
						AND tp.pkey = o.tmplhaulcall.pkey&#13;
						AND (&#13;
							o.customerservice IS NULL&#13;
							OR s.pkey = o.customerservice.pkey&#13;
							)&#13;
					GROUP BY customerorder&#13;
					), '--') excp_cd&#13;
			,s.pkey cust_svc_pkey&#13;
			,vr.driver.empid driver_id&#13;
			,vr.site.uniqueid site_id&#13;
			,vr.site.name site_name&#13;
			,t.plandate&#13;
			,vr.orderdate orderdate&#13;
			,NVL(t.servicelocation.latitude, t.servicelocation.address.latitude) latitude&#13;
			,NVL(t.servicelocation.longitude, t.servicelocation.address.longitude) longitude&#13;
			,tv.id vehicle&#13;
		FROM ocs_admin.vp_routeorder vr&#13;
		INNER JOIN ocs_admin.vp_customerorder t ON t.routeorder = REF(vr)&#13;
		INNER JOIN ocs_admin.vp_vehicle tv ON REF(tv) = vr.vehicle&#13;
		INNER JOIN ocs_admin.vp_customer tc ON t.customer = REF(tc)&#13;
		INNER JOIN ocs_admin.vp_customerservice s ON s.customerorder = REF(t)&#13;
		LEFT JOIN ocs_admin.vp_co_result cor ON cor.customerorder = REF(t)&#13;
			AND cor.vehicle IS NOT NULL&#13;
		LEFT JOIN ocs_admin.vp_cs_result csr ON csr.customerservice = REF(s)&#13;
			AND csr.vehicle IS NOT NULL&#13;
		WHERE vr.pkey = ? -- Route Order PKEY&#13;
		ORDER BY t.order_sequence DESC&#13;
		)&#13;
	)</db:sql>
                                                    </db:select>
                                                    <ee:transform doc:id="gzhvmgja-9b5e-4a86-b01c-cd738c5276d4" doc:name="MAP">
                                                        <ee:variables>
                                                            <ee:set-variable variableName="MAP">%dw 2.0
output application/json
---
vars.""</ee:set-variable>
                                                        </ee:variables>
                                                    </ee:transform>
                                                </try>
                                            </otherwise>
                                        </choice>
                                    </try>
                                </when>
                                <otherwise>
                                    <try doc:name="SEQUENCE">
                                        <choice doc:name="BRANCH">
                                            <when expression="% /limit% = /[^ ]/">
                                                <try doc:name="SEQUENCE">
                                                    <db:select config-ref="wm_ocs.conn:JDBC_CONN_OCSD_CAAG_USER" doc:id="zjbckjud-eadc-40b9-98cc-268d14076da0" doc:name="wm_ocs.svcs.inbound.adptrsvcs:getRouteStops_range" target="wm_ocs.svcs.inbound.adptrsvcs:getroutestops_range">
                                                        <db:sql>SELECT ${field}&#13;
FROM (&#13;
	SELECT NVL(route_id, '--') route_id&#13;
		,NVL(rte, '--') rte&#13;
		,DECODE(seq, NULL, '--', seq) seq&#13;
		,NVL(masunique, '--') masunique&#13;
		,NVL(customer, '--') customer&#13;
		,DECODE(tktnum, NULL, '--', tktnum) tktnum&#13;
		,NVL(tkttype, '--') tkttype&#13;
		,NVL(ticket_load_type, '--') ticket_load_type&#13;
		,NVL(svctime, '--') svctime&#13;
		,NVL(STATUS, '--') STATUS&#13;
		,NVL(svc_line_id, '--') svc_line_id&#13;
		,NVL(svccd, '--') svccd&#13;
		,NVL(svccd_desc, '--') svccd_desc&#13;
		,DECODE(rtepkey, NULL, '--', rtepkey) rte_order_pkey&#13;
		,DECODE(custpkey, NULL, '--', custpkey) cust_order_pkey&#13;
		,NVL(reasoncode, '--') reasoncode&#13;
		,excp_cd&#13;
		,cust_svc_pkey&#13;
		,driver_id&#13;
		,site_id&#13;
		,site_name&#13;
		,plandate&#13;
		,orderdate&#13;
		,latitude&#13;
		,longitude&#13;
		,vehicle&#13;
	FROM (&#13;
		SELECT vr.route.id route_id&#13;
			,vr.route.name rte&#13;
			,t.order_sequence / 2 seq&#13;
			,tc.uniqueid masunique&#13;
			,tc.name customer&#13;
			,t.ticketnumber tktnum&#13;
			,t.reasoncode tkttype&#13;
			,t.ticketloadtype.uniqueid ticket_load_type&#13;
			,TO_CHAR(FROM_TZ(TO_TIMESTAMP(TO_CHAR(NVL(csr.finished, cor.ticketcompleted), 'DD-MON-YYYY HH:MI:SS AM')), 'UTC') AT TIME ZONE(NVL(t.site.timezone, 'UTC')), 'yyyy-MM-DD HH24:MI:SS TZD') svctime&#13;
			,DECODE(NVL(csr.confirmationstatus, cor.confirmationstatus), 'CONFIRMEDPOS', 'Confirmed Positive', 'CONFIRMEDNEG', 'Confirmed Negative', 'CONFIRMEDINC', 'Confirmed Incomplete', NVL(csr.confirmationstatus, cor.confirmationstatus)) STATUS&#13;
			,s.id svc_line_id&#13;
			,s.code svccd&#13;
			,s.descr svccd_desc&#13;
			,vr.pkey rtepkey&#13;
			,t.pkey custpkey&#13;
			,t.reasoncode&#13;
			,NVL((&#13;
					SELECT CASE &#13;
							WHEN COUNT(DISTINCT tp.TEXT) &gt; 1&#13;
								THEN 'Multiple Exceptions'&#13;
							WHEN COUNT(DISTINCT tp.TEXT) = 1&#13;
								THEN MIN(tp.TEXT)&#13;
							ELSE NULL&#13;
							END&#13;
					FROM ocs_admin.vp_co_haulcall o&#13;
						,ocs_admin.vp_template tp&#13;
					WHERE t.pkey = o.customerorder.pkey&#13;
						AND o.vehicle IS NOT NULL&#13;
						AND tp.pkey = o.tmplhaulcall.pkey&#13;
						AND (&#13;
							o.customerservice IS NULL&#13;
							OR s.pkey = o.customerservice.pkey&#13;
							)&#13;
					GROUP BY customerorder&#13;
					), '--') excp_cd&#13;
			,s.pkey cust_svc_pkey&#13;
			,vr.driver.empid driver_id&#13;
			,vr.site.uniqueid site_id&#13;
			,vr.site.name site_name&#13;
			,t.plandate&#13;
			,vr.orderdate orderdate&#13;
			,NVL(t.servicelocation.latitude, t.servicelocation.address.latitude) latitude&#13;
			,NVL(t.servicelocation.longitude, t.servicelocation.address.longitude) longitude&#13;
			,tv.id vehicle&#13;
			,ROW_NUMBER() OVER (&#13;
				ORDER BY t.order_sequence&#13;
				) rn&#13;
		FROM ocs_admin.vp_routeorder vr&#13;
		INNER JOIN ocs_admin.vp_customerorder t ON t.routeorder = REF(vr)&#13;
		INNER JOIN ocs_admin.vp_vehicle tv ON REF(tv) = vr.vehicle&#13;
		INNER JOIN ocs_admin.vp_customer tc ON t.customer = REF(tc)&#13;
		INNER JOIN ocs_admin.vp_customerservice s ON s.customerorder = REF(t)&#13;
		LEFT JOIN ocs_admin.vp_co_result cor ON cor.customerorder = REF(t)&#13;
			AND cor.vehicle IS NOT NULL&#13;
		LEFT JOIN ocs_admin.vp_cs_result csr ON csr.customerservice = REF(s)&#13;
			AND csr.vehicle IS NOT NULL&#13;
		WHERE vr.pkey = ? -- Route Order PKEY&#13;
		ORDER BY t.order_sequence DESC&#13;
		)&#13;
	WHERE rn BETWEEN ?&#13;
			AND ?&#13;
	)</db:sql>
                                                    </db:select>
                                                    <ee:transform doc:id="qaieugjc-9b5e-4a86-b01c-cd738c5276d4" doc:name="MAP">
                                                        <ee:variables>
                                                            <ee:set-variable variableName="MAP">%dw 2.0
output application/json
---
vars.""</ee:set-variable>
                                                        </ee:variables>
                                                    </ee:transform>
                                                </try>
                                            </when>
                                            <otherwise>
                                                <try doc:name="SEQUENCE">
                                                    <db:select config-ref="wm_ocs.conn:JDBC_CONN_OCSD_CAAG_USER" doc:id="nxbjvnxf-eadc-40b9-98cc-268d14076da0" doc:name="wm_ocs.svcs.inbound.adptrsvcs:getRouteStops" target="wm_ocs.svcs.inbound.adptrsvcs:getroutestops">
                                                        <db:sql>SELECT ${field}&#13;
FROM (&#13;
	SELECT NVL(route_id, '--') route_id&#13;
		,NVL(rte, '--') rte&#13;
		,DECODE(seq, NULL, '--', seq) seq&#13;
		,NVL(masunique, '--') masunique&#13;
		,NVL(customer, '--') customer&#13;
		,DECODE(tktnum, NULL, '--', tktnum) tktnum&#13;
		,NVL(tkttype, '--') tkttype&#13;
		,NVL(ticket_load_type, '--') ticket_load_type&#13;
		,NVL(svctime, '--') svctime&#13;
		,NVL(STATUS, '--') STATUS&#13;
		,NVL(svc_line_id, '--') svc_line_id&#13;
		,NVL(svccd, '--') svccd&#13;
		,NVL(svccd_desc, '--') svccd_desc&#13;
		,DECODE(rtepkey, NULL, '--', rtepkey) rte_order_pkey&#13;
		,DECODE(custpkey, NULL, '--', custpkey) cust_order_pkey&#13;
		,NVL(reasoncode, '--') reasoncode&#13;
		,excp_cd&#13;
		,cust_svc_pkey&#13;
		,driver_id&#13;
		,site_id&#13;
		,site_name&#13;
		,plandate&#13;
		,orderdate&#13;
		,latitude&#13;
		,longitude&#13;
		,vehicle&#13;
	FROM (&#13;
		SELECT vr.route.id route_id&#13;
			,vr.route.name rte&#13;
			,t.order_sequence / 2 seq&#13;
			,tc.uniqueid masunique&#13;
			,tc.name customer&#13;
			,t.ticketnumber tktnum&#13;
			,t.reasoncode tkttype&#13;
			,t.ticketloadtype.uniqueid ticket_load_type&#13;
			,TO_CHAR(FROM_TZ(TO_TIMESTAMP(TO_CHAR(NVL(csr.finished, cor.ticketcompleted), 'DD-MON-YYYY HH:MI:SS AM')), 'UTC') AT TIME ZONE(NVL(t.site.timezone, 'UTC')), 'yyyy-MM-DD HH24:MI:SS TZD') svctime&#13;
			,DECODE(NVL(csr.confirmationstatus, cor.confirmationstatus), 'CONFIRMEDPOS', 'Confirmed Positive', 'CONFIRMEDNEG', 'Confirmed Negative', 'CONFIRMEDINC', 'Confirmed Incomplete', NVL(csr.confirmationstatus, cor.confirmationstatus)) STATUS&#13;
			,s.id svc_line_id&#13;
			,s.code svccd&#13;
			,s.descr svccd_desc&#13;
			,vr.pkey rtepkey&#13;
			,t.pkey custpkey&#13;
			,t.reasoncode&#13;
			,NVL((&#13;
					SELECT CASE &#13;
							WHEN COUNT(DISTINCT tp.TEXT) &gt; 1&#13;
								THEN 'Multiple Exceptions'&#13;
							WHEN COUNT(DISTINCT tp.TEXT) = 1&#13;
								THEN MIN(tp.TEXT)&#13;
							ELSE NULL&#13;
							END&#13;
					FROM ocs_admin.vp_co_haulcall o&#13;
						,ocs_admin.vp_template tp&#13;
					WHERE t.pkey = o.customerorder.pkey&#13;
						AND o.vehicle IS NOT NULL&#13;
						AND tp.pkey = o.tmplhaulcall.pkey&#13;
						AND (&#13;
							o.customerservice IS NULL&#13;
							OR s.pkey = o.customerservice.pkey&#13;
							)&#13;
					GROUP BY customerorder&#13;
					), '--') excp_cd&#13;
			,s.pkey cust_svc_pkey&#13;
			,vr.driver.empid driver_id&#13;
			,vr.site.uniqueid site_id&#13;
			,vr.site.name site_name&#13;
			,t.plandate&#13;
			,vr.orderdate orderdate&#13;
			,NVL(t.servicelocation.latitude, t.servicelocation.address.latitude) latitude&#13;
			,NVL(t.servicelocation.longitude, t.servicelocation.address.longitude) longitude&#13;
			,tv.id vehicle&#13;
		FROM ocs_admin.vp_routeorder vr&#13;
		INNER JOIN ocs_admin.vp_customerorder t ON t.routeorder = REF(vr)&#13;
		INNER JOIN ocs_admin.vp_vehicle tv ON REF(tv) = vr.vehicle&#13;
		INNER JOIN ocs_admin.vp_customer tc ON t.customer = REF(tc)&#13;
		INNER JOIN ocs_admin.vp_customerservice s ON s.customerorder = REF(t)&#13;
		LEFT JOIN ocs_admin.vp_co_result cor ON cor.customerorder = REF(t)&#13;
			AND cor.vehicle IS NOT NULL&#13;
		LEFT JOIN ocs_admin.vp_cs_result csr ON csr.customerservice = REF(s)&#13;
			AND csr.vehicle IS NOT NULL&#13;
		WHERE vr.pkey = ? -- Route Order PKEY&#13;
		ORDER BY t.order_sequence DESC&#13;
		)&#13;
	)</db:sql>
                                                    </db:select>
                                                    <ee:transform doc:id="dxpbfrud-9b5e-4a86-b01c-cd738c5276d4" doc:name="MAP">
                                                        <ee:variables>
                                                            <ee:set-variable variableName="MAP">%dw 2.0
output application/json
---
vars.""</ee:set-variable>
                                                        </ee:variables>
                                                    </ee:transform>
                                                </try>
                                            </otherwise>
                                        </choice>
                                    </try>
                                </otherwise>
                            </choice>
                            <choice doc:name="BRANCH">
                                <when expression="%count%!=0">
                                    <try doc:name="SEQUENCE">
                                        <ee:transform doc:id="sexhfxgc-9b5e-4a86-b01c-cd738c5276d4" doc:name="MAP">
                                            <ee:variables>
                                                <ee:set-variable variableName="MAP">%dw 2.0
output application/json
---
vars.""</ee:set-variable>
                                            </ee:variables>
                                        </ee:transform>
                                        <ee:transform doc:id="ibhipzmy-9b5e-4a86-b01c-cd738c5276d4" doc:name="MAP">
                                            <ee:variables>
                                                <ee:set-variable variableName="MAP">%dw 2.0
output application/json
---
vars.""</ee:set-variable>
                                            </ee:variables>
                                        </ee:transform>
                                        <logger doc:id="ivmacehb-eadc-40b9-98cc-268d14076da0" doc:name="wm_common.utils:checkAcceptHeader" level="INFO"/>
                                        <logger doc:id="ycuzuqxk-eadc-40b9-98cc-268d14076da0" doc:name="wm_common.utils:checkIfModifiedSinceHeader" level="INFO"/>
                                        <os:store doc:id="ghhxysjl-eadc-40b9-98cc-268d14076da0" doc:name="pub.cache:put" key="#[attributes.headers.key]" name="pub.cache:put" objectStore="pub.cache-put_conn">
                                            <os:value>#[ payload ]</os:value>
                                        </os:store>
                                        <logger doc:id="fqbvvxzp-eadc-40b9-98cc-268d14076da0" doc:name="CAAG.javasvcs:getExpirationTime" level="INFO"/>
                                        <logger doc:id="gipqkahj-eadc-40b9-98cc-268d14076da0" doc:name="pub.flow:setResponseHeader" level="INFO"/>
                                    </try>
                                </when>
                                <otherwise>
                                    <try doc:name="SEQUENCE">
                                        <ee:transform doc:id="yknlgizq-9b5e-4a86-b01c-cd738c5276d4" doc:name="MAP">
                                            <ee:variables>
                                                <ee:set-variable variableName="MAP">%dw 2.0
output application/json
---
vars.""</ee:set-variable>
                                            </ee:variables>
                                        </ee:transform>
                                        <logger doc:id="srkczbas-eadc-40b9-98cc-268d14076da0" doc:name="wm_common.utils:throwError" level="INFO"/>
                                    </try>
                                </otherwise>
                            </choice>
                        </try>
                    </otherwise>
                </choice>
                <ee:transform doc:id="qdlsnbcb-9b5e-4a86-b01c-cd738c5276d4" doc:name="MAP">
                    <ee:variables>
                        <ee:set-variable variableName="MAP">%dw 2.0
output application/json
---
vars.""</ee:set-variable>
                    </ee:variables>
                </ee:transform>
            </try>
            <try doc:name="SEQUENCE">
                <logger doc:id="pbqgpcfb-eadc-40b9-98cc-268d14076da0" doc:name="pub.flow:getLastError" level="INFO"/>
                <logger doc:id="wbwwfbep-eadc-40b9-98cc-268d14076da0" doc:name="wm_errorhandling.utils:getCallingService" level="INFO"/>
                <logger doc:id="udwzsioa-eadc-40b9-98cc-268d14076da0" doc:name="wm_errorhandling.svcs.flowsvcs:createErrorMsg_FW1" level="INFO"/>
                <ee:transform doc:id="xiumntcl-9b5e-4a86-b01c-cd738c5276d4" doc:name="MAP">
                    <ee:variables>
                        <ee:set-variable variableName="MAP">%dw 2.0
output application/json
---
vars.""</ee:set-variable>
                    </ee:variables>
                </ee:transform>
                <logger doc:id="atluzgrl-eadc-40b9-98cc-268d14076da0" doc:name="EXIT" level="INFO"/>
            </try>
        </try>
    </flow>
</mule>
