<?xml version="1.0" encoding="UTF-8"?><mule xmlns="http://www.mulesoft.org/schema/mule/core" xmlns:db="http://www.mulesoft.org/schema/mule/db" xmlns:doc="http://www.mulesoft.org/schema/mule/documentation" xmlns:ee="http://www.mulesoft.org/schema/mule/ee/core" xmlns:os="http://www.mulesoft.org/schema/mule/os" xmlns:xsi="http://www.w3.org/2001/XMLSchema-instance" xsi:schemaLocation="http://www.mulesoft.org/schema/mule/core http://www.mulesoft.org/schema/mule/core/current/mule.xsd http://www.mulesoft.org/schema/mule/ee/core http://www.mulesoft.org/schema/mule/ee/core/current/mule-ee.xsd http://www.mulesoft.org/schema/mule/os  http://www.mulesoft.org/schema/mule/os/current/mule-os.xsd http://www.mulesoft.org/schema/mule/db http://www.mulesoft.org/schema/mule/db/current/mule-db.xsd">
    <flow doc:id="ogtjpdyh-eadc-40b9-98cc-268d14076da0" name="wm_ocs-svcs-inbound-flowsvcs-mapServiceExceptionsForMaxAge">
        <try doc:name="SEQUENCE">
            <try doc:name="SEQUENCE">
                <ee:transform doc:id="hxakjlfc-9b5e-4a86-b01c-cd738c5276d4" doc:name="MAP">
                    <ee:variables>
                        <ee:set-variable variableName="MAP">%dw 2.0
output application/json
---
vars.""</ee:set-variable>
                    </ee:variables>
                </ee:transform>
                <logger doc:id="xpoitrlb-eadc-40b9-98cc-268d14076da0" doc:name="wm_common.utils:constructCacheKey" level="INFO"/>
                <os:retrieve doc:id="bigvuvmy-eadc-40b9-98cc-268d14076da0" doc:name="pub.cache:get" key="#[attributes.headers.key]" name="pub.cache:get" objectStore="pub.cache-get_conn" target="pub.cache:get">
                    <os:default-value/>
                </os:retrieve>
                <choice doc:name="BRANCH">
                    <when expression="% /finalResponse% = /[^ ]/">
                        <try doc:name="SEQUENCE">
                            <logger doc:id="ozxkakiv-eadc-40b9-98cc-268d14076da0" doc:name="CAAG.javasvcs:getExpirationTime" level="INFO"/>
                            <logger doc:id="uquvlzmf-eadc-40b9-98cc-268d14076da0" doc:name="pub.flow:setResponseHeader" level="INFO"/>
                            <logger doc:id="kdbgwykc-eadc-40b9-98cc-268d14076da0" doc:name="wm_common.utils:createEtag" level="INFO"/>
                            <logger doc:id="iyxnsrbb-eadc-40b9-98cc-268d14076da0" doc:name="wm_common.utils:checkIfModifiedSinceHeader" level="INFO"/>
                            <logger doc:id="nrxboevv-eadc-40b9-98cc-268d14076da0" doc:name="EXIT" level="INFO"/>
                        </try>
                    </when>
                    <otherwise>
                        <try doc:name="SEQUENCE">
                            <ee:transform doc:id="sdrmnjzr-9b5e-4a86-b01c-cd738c5276d4" doc:name="MAP">
                                <ee:variables>
                                    <ee:set-variable variableName="MAP">%dw 2.0
output application/json
---
vars.""</ee:set-variable>
                                </ee:variables>
                            </ee:transform>
                            <choice doc:name="BRANCH">
                                <when expression="% /fields% = /[^ ]/">
                                    <try doc:name="SEQUENCE">
                                        <choice doc:name="BRANCH">
                                            <when expression="% /limit% = /[^ ]/">
                                                <try doc:name="SEQUENCE">
                                                    <db:select config-ref="wm_ocs.conn:JDBC_CONN_OCSD_CAAG_USER" doc:id="gwkgsdkw-eadc-40b9-98cc-268d14076da0" doc:name="wm_ocs.svcs.inbound.adptrsvcs:getServiceExceptions" target="wm_ocs.svcs.inbound.adptrsvcs:getserviceexceptions">
                                                        <db:sql>SELECT   NVL ( NULLIF (NVL (T.ROUTEORDER.DRIVER.lastname, '')||', ', NVL (T.ROUTEORDER.DRIVER.lastname, '')) || NULLIF (NVL (T.ROUTEORDER.DRIVER.firstname, '')||' ', NVL (T.ROUTEORDER.DRIVER.firstname, '')) || NVL (T.ROUTEORDER.DRIVER.middlename, ''),  '--')&#13;
                DRIVERNAME,&#13;
         NVL ( DECODE (O.NEGCONFIRM, 'X', 'CONFIRMED NEGATIVE', '', 'CONFIRMED POSITIVE','U' ,'IN PROGRESS', O.NEGCONFIRM),'--') &#13;
            CONTAINERSTATUS,&#13;
         NVL ( TP.TEXT, '--') &#13;
                EXCEPTIONCODE,&#13;
         NVL ( FR.TEXT1 || FR.TEXT2, '--') &#13;
                DRIVERCOMMENTS,&#13;
        (SELECT NVL ( LISTAGG (COMMENTS, CHR (10))WITHIN GROUP (ORDER BY SEQUENCE_NUM),'--') FROM OCS_ADMIN.TP_CO_HOCCOMMENT HCOMMENT WHERE HCOMMENT.FK_CUSTOMERORDER = T.PKEY AND DISPATCHER_ID &lt;&gt; 'DRV' AND &#13;
        DISPATCHER_ID &lt;&gt; 'RCV'&#13;
        ) &#13;
                DISPATCHERCOMMENTS,&#13;
         NVL ( TOI.IMAGE_LOCATION, '--') &#13;
                IMAGELOCATION,&#13;
         NVL ( O.OBUIMAGETRANSID, '--') &#13;
                TRANSACTIONID,&#13;
         NVL ( TO_CHAR (TOI.PKEY), '--') &#13;
                OBUIMAGEDATAPKEY,&#13;
         NVL ( TO_CHAR (TOI.IMAGE_STAMP), '--') &#13;
                IMAGETIMESTAMP,&#13;
         NVL ( TO_CHAR (S.QUANTITY), '--') &#13;
                NUMOFCONTAINERS,            &#13;
          NVL ( TOI1.IMAGE_LOCATION, '--') &#13;
                IMAGELOCATION2,&#13;
         NVL ( O.OBUIMAGETRANSID, '--') &#13;
                 TRANSACTIONID2,&#13;
         NVL ( TO_CHAR (TOI1.PKEY), '--') &#13;
                OBUIMAGEDATAPKEY2,&#13;
         NVL ( TO_CHAR (TOI1.IMAGE_STAMP), '--') &#13;
                IMAGETIMESTAMP2,&#13;
         NVL ( TP1.ID, '--')  RECOVERYPLANCODE,     &#13;
         NVL(HREC.RECOVERYTYPE, '--') &#13;
         RECOVERYTYPE,&#13;
         NVL ( TO_CHAR (HREC.RECOVERYDATE), '--') &#13;
         RECOVERYDATE,&#13;
         NVL(HREC.UNABLETOCONTACT, '--')&#13;
         UNABLETOCONTACT ,&#13;
         NVL(HREC.CUSTOMERNAME, '--') CUSTOMERNAME ,&#13;
         NVL(HREC.CUSTOMERPHONE, '--') CUSTOMERPHONE, &#13;
         NVL(RECRO.ID ,'--') ROUTEID &#13;
    FROM OCS_ADMIN.VP_CUSTOMERORDER T&#13;
         INNER JOIN OCS_ADMIN.TN_CUSTOMERSERVICE S ON  T.PKEY = S.FK_CUSTOMERORDER&#13;
         LEFT OUTER JOIN OCS_ADMIN.TP_CO_HAULCALL O   ON  &#13;
                                                          &#13;
                                                          T.PKEY = O.FK_CUSTOMERORDER&#13;
                                                            AND (O.FK_CUSTOMERSERVICE IS NULL OR S.PKEY = O.FK_CUSTOMERSERVICE)&#13;
                                                          AND O.FK_VEHICLE IS NOT NULL                                                        &#13;
         LEFT OUTER JOIN OCS_ADMIN.TP_FREEFORMDATA FR   ON  FR.PKEY = O.fk_FREEFORMDATA&#13;
         LEFT OUTER JOIN OCS_ADMIN.TP_TEMPLATE TP   ON  TP.PKEY = O.FK_HAULCALL&#13;
         LEFT OUTER JOIN OCS_ADMIN.TP_OBUIMAGEDATA TOI  ON  TOI.TRANSID = O.OBUIMAGETRANSID&#13;
         LEFT OUTER JOIN OCS_ADMIN.TP_OBUIMAGEDATA TOI1  ON  TOI1.TRANSID = O.OBUIMAGETRANSID2&#13;
         LEFT OUTER JOIN OCS_ADMIN.TP_CO_HOCRECOVERY HREC ON HREC.FK_CUSTOMERORDER=T.PKEY                                                            &#13;
         LEFT OUTER JOIN OCS_ADMIN.TP_TEMPLATE TP1   ON  TP1.PKEY = HREC.FK_RECOVERYPLANCODE&#13;
         LEFT OUTER JOIN OCS_ADMIN.TP_ROUTE RECRO ON  RECRO.PKEY = HREC.FK_RECOVERYROUTE       &#13;
         WHERE T.PKEY =?                               -- CUSTOMER ORDER PKEY&#13;
         AND S.PKEY = ?                             -- CUSTOMER SERVICE PKEY                              &#13;
ORDER BY T.ROUTEORDER.ORDERDATE  DESC</db:sql>
                                                        <db:input-parameters/>
                                                    </db:select>
                                                    <set-payload doc:id="wwduikvp-eadc-40b9-98cc-268d14076da0" doc:name="Set Payload" name="set_payload" value="#[payload]"/>
                                                    <foreach collection="#[payload]" doc:id="fypmhuwp-eadc-40b9-98cc-268d14076da0" doc:name="LOOP" name="LOOP">
                                                        <choice doc:name="BRANCH">
                                                            <when expression="%getServiceExceptionsOutput/results/IMAGELOCATION%!= '--'">
                                                                <try doc:name="SEQUENCE">
                                                                    <ee:transform doc:id="uxwzkwyj-9b5e-4a86-b01c-cd738c5276d4" doc:name="MAP">
                                                                        <ee:variables>
                                                                            <ee:set-variable variableName="MAP">%dw 2.0
output application/json
---
vars.""</ee:set-variable>
                                                                        </ee:variables>
                                                                    </ee:transform>
                                                                    <ee:transform doc:id="uinslehp-9b5e-4a86-b01c-cd738c5276d4" doc:name="MAP">
                                                                        <ee:variables>
                                                                            <ee:set-variable variableName="MAP">%dw 2.0
output application/json
---
vars.""</ee:set-variable>
                                                                        </ee:variables>
                                                                    </ee:transform>
                                                                </try>
                                                            </when>
                                                        </choice>
                                                        <choice doc:name="BRANCH">
                                                            <when expression="%getServiceExceptionsOutput/results/IMAGELOCATION2%!='--'">
                                                                <try doc:name="SEQUENCE">
                                                                    <ee:transform doc:id="hrauiuxd-9b5e-4a86-b01c-cd738c5276d4" doc:name="MAP">
                                                                        <ee:variables>
                                                                            <ee:set-variable variableName="MAP">%dw 2.0
output application/json
---
vars.""</ee:set-variable>
                                                                        </ee:variables>
                                                                    </ee:transform>
                                                                    <ee:transform doc:id="thnjqvaj-9b5e-4a86-b01c-cd738c5276d4" doc:name="MAP">
                                                                        <ee:variables>
                                                                            <ee:set-variable variableName="MAP">%dw 2.0
output application/json
---
vars.""</ee:set-variable>
                                                                        </ee:variables>
                                                                    </ee:transform>
                                                                </try>
                                                            </when>
                                                        </choice>
                                                        <ee:transform doc:id="bnkrbzxk-9b5e-4a86-b01c-cd738c5276d4" doc:name="MAP">
                                                            <ee:variables>
                                                                <ee:set-variable variableName="MAP">%dw 2.0
output application/json
---
vars.""</ee:set-variable>
                                                            </ee:variables>
                                                        </ee:transform>
                                                        <ee:transform doc:id="luvduvhq-9b5e-4a86-b01c-cd738c5276d4" doc:name="MAP">
                                                            <ee:variables>
                                                                <ee:set-variable variableName="MAP">%dw 2.0
output application/json
---
vars.""</ee:set-variable>
                                                            </ee:variables>
                                                        </ee:transform>
                                                    </foreach>
                                                    <ee:transform doc:id="quttxmnu-9b5e-4a86-b01c-cd738c5276d4" doc:name="MAP">
                                                        <ee:variables>
                                                            <ee:set-variable variableName="MAP">%dw 2.0
output application/json
---
vars.""</ee:set-variable>
                                                        </ee:variables>
                                                    </ee:transform>
                                                </try>
                                            </when>
                                            <otherwise>
                                                <try doc:name="SEQUENCE">
                                                    <db:select config-ref="wm_ocs.conn:JDBC_CONN_OCSD_CAAG_USER" doc:id="sszfqulc-eadc-40b9-98cc-268d14076da0" doc:name="wm_ocs.svcs.inbound.adptrsvcs:getServiceExceptions" target="wm_ocs.svcs.inbound.adptrsvcs:getserviceexceptions">
                                                        <db:sql>SELECT   NVL ( NULLIF (NVL (T.ROUTEORDER.DRIVER.lastname, '')||', ', NVL (T.ROUTEORDER.DRIVER.lastname, '')) || NULLIF (NVL (T.ROUTEORDER.DRIVER.firstname, '')||' ', NVL (T.ROUTEORDER.DRIVER.firstname, '')) || NVL (T.ROUTEORDER.DRIVER.middlename, ''),  '--')&#13;
                DRIVERNAME,&#13;
         NVL ( DECODE (O.NEGCONFIRM, 'X', 'CONFIRMED NEGATIVE', '', 'CONFIRMED POSITIVE','U' ,'IN PROGRESS', O.NEGCONFIRM),'--') &#13;
            CONTAINERSTATUS,&#13;
         NVL ( TP.TEXT, '--') &#13;
                EXCEPTIONCODE,&#13;
         NVL ( FR.TEXT1 || FR.TEXT2, '--') &#13;
                DRIVERCOMMENTS,&#13;
        (SELECT NVL ( LISTAGG (COMMENTS, CHR (10))WITHIN GROUP (ORDER BY SEQUENCE_NUM),'--') FROM OCS_ADMIN.TP_CO_HOCCOMMENT HCOMMENT WHERE HCOMMENT.FK_CUSTOMERORDER = T.PKEY AND DISPATCHER_ID &lt;&gt; 'DRV' AND &#13;
        DISPATCHER_ID &lt;&gt; 'RCV'&#13;
        ) &#13;
                DISPATCHERCOMMENTS,&#13;
         NVL ( TOI.IMAGE_LOCATION, '--') &#13;
                IMAGELOCATION,&#13;
         NVL ( O.OBUIMAGETRANSID, '--') &#13;
                TRANSACTIONID,&#13;
         NVL ( TO_CHAR (TOI.PKEY), '--') &#13;
                OBUIMAGEDATAPKEY,&#13;
         NVL ( TO_CHAR (TOI.IMAGE_STAMP), '--') &#13;
                IMAGETIMESTAMP,&#13;
         NVL ( TO_CHAR (S.QUANTITY), '--') &#13;
                NUMOFCONTAINERS,            &#13;
          NVL ( TOI1.IMAGE_LOCATION, '--') &#13;
                IMAGELOCATION2,&#13;
         NVL ( O.OBUIMAGETRANSID, '--') &#13;
                 TRANSACTIONID2,&#13;
         NVL ( TO_CHAR (TOI1.PKEY), '--') &#13;
                OBUIMAGEDATAPKEY2,&#13;
         NVL ( TO_CHAR (TOI1.IMAGE_STAMP), '--') &#13;
                IMAGETIMESTAMP2,&#13;
         NVL ( TP1.ID, '--')  RECOVERYPLANCODE,     &#13;
         NVL(HREC.RECOVERYTYPE, '--') &#13;
         RECOVERYTYPE,&#13;
         NVL ( TO_CHAR (HREC.RECOVERYDATE), '--') &#13;
         RECOVERYDATE,&#13;
         NVL(HREC.UNABLETOCONTACT, '--')&#13;
         UNABLETOCONTACT ,&#13;
         NVL(HREC.CUSTOMERNAME, '--') CUSTOMERNAME ,&#13;
         NVL(HREC.CUSTOMERPHONE, '--') CUSTOMERPHONE, &#13;
         NVL(RECRO.ID ,'--') ROUTEID &#13;
    FROM OCS_ADMIN.VP_CUSTOMERORDER T&#13;
         INNER JOIN OCS_ADMIN.TN_CUSTOMERSERVICE S ON  T.PKEY = S.FK_CUSTOMERORDER&#13;
         LEFT OUTER JOIN OCS_ADMIN.TP_CO_HAULCALL O   ON  &#13;
                                                          &#13;
                                                          T.PKEY = O.FK_CUSTOMERORDER&#13;
                                                            AND (O.FK_CUSTOMERSERVICE IS NULL OR S.PKEY = O.FK_CUSTOMERSERVICE)&#13;
                                                          AND O.FK_VEHICLE IS NOT NULL                                                        &#13;
         LEFT OUTER JOIN OCS_ADMIN.TP_FREEFORMDATA FR   ON  FR.PKEY = O.fk_FREEFORMDATA&#13;
         LEFT OUTER JOIN OCS_ADMIN.TP_TEMPLATE TP   ON  TP.PKEY = O.FK_HAULCALL&#13;
         LEFT OUTER JOIN OCS_ADMIN.TP_OBUIMAGEDATA TOI  ON  TOI.TRANSID = O.OBUIMAGETRANSID&#13;
         LEFT OUTER JOIN OCS_ADMIN.TP_OBUIMAGEDATA TOI1  ON  TOI1.TRANSID = O.OBUIMAGETRANSID2&#13;
         LEFT OUTER JOIN OCS_ADMIN.TP_CO_HOCRECOVERY HREC ON HREC.FK_CUSTOMERORDER=T.PKEY                                                            &#13;
         LEFT OUTER JOIN OCS_ADMIN.TP_TEMPLATE TP1   ON  TP1.PKEY = HREC.FK_RECOVERYPLANCODE&#13;
         LEFT OUTER JOIN OCS_ADMIN.TP_ROUTE RECRO ON  RECRO.PKEY = HREC.FK_RECOVERYROUTE       &#13;
         WHERE T.PKEY =?                               -- CUSTOMER ORDER PKEY&#13;
         AND S.PKEY = ?                             -- CUSTOMER SERVICE PKEY                              &#13;
ORDER BY T.ROUTEORDER.ORDERDATE  DESC</db:sql>
                                                        <db:input-parameters/>
                                                    </db:select>
                                                    <set-payload doc:id="nuoutxbu-eadc-40b9-98cc-268d14076da0" doc:name="Set Payload" name="set_payload" value="#[payload]"/>
                                                    <foreach collection="#[payload]" doc:id="mxqcbnhp-eadc-40b9-98cc-268d14076da0" doc:name="LOOP" name="LOOP">
                                                        <choice doc:name="BRANCH">
                                                            <when expression="%getServiceExceptionsOutput/results/IMAGELOCATION%!= '--'">
                                                                <try doc:name="SEQUENCE">
                                                                    <ee:transform doc:id="acwcutov-9b5e-4a86-b01c-cd738c5276d4" doc:name="MAP">
                                                                        <ee:variables>
                                                                            <ee:set-variable variableName="MAP">%dw 2.0
output application/json
---
vars.""</ee:set-variable>
                                                                        </ee:variables>
                                                                    </ee:transform>
                                                                    <ee:transform doc:id="tsozwizp-9b5e-4a86-b01c-cd738c5276d4" doc:name="MAP">
                                                                        <ee:variables>
                                                                            <ee:set-variable variableName="MAP">%dw 2.0
output application/json
---
vars.""</ee:set-variable>
                                                                        </ee:variables>
                                                                    </ee:transform>
                                                                </try>
                                                            </when>
                                                        </choice>
                                                        <choice doc:name="BRANCH">
                                                            <when expression="%getServiceExceptionsOutput/results/IMAGELOCATION2%!='--'">
                                                                <try doc:name="SEQUENCE">
                                                                    <ee:transform doc:id="jjqlqrts-9b5e-4a86-b01c-cd738c5276d4" doc:name="MAP">
                                                                        <ee:variables>
                                                                            <ee:set-variable variableName="MAP">%dw 2.0
output application/json
---
vars.""</ee:set-variable>
                                                                        </ee:variables>
                                                                    </ee:transform>
                                                                    <ee:transform doc:id="udpvkroq-9b5e-4a86-b01c-cd738c5276d4" doc:name="MAP">
                                                                        <ee:variables>
                                                                            <ee:set-variable variableName="MAP">%dw 2.0
output application/json
---
vars.""</ee:set-variable>
                                                                        </ee:variables>
                                                                    </ee:transform>
                                                                </try>
                                                            </when>
                                                        </choice>
                                                        <ee:transform doc:id="vfouyjet-9b5e-4a86-b01c-cd738c5276d4" doc:name="MAP">
                                                            <ee:variables>
                                                                <ee:set-variable variableName="MAP">%dw 2.0
output application/json
---
vars.""</ee:set-variable>
                                                            </ee:variables>
                                                        </ee:transform>
                                                        <ee:transform doc:id="rkegwzod-9b5e-4a86-b01c-cd738c5276d4" doc:name="MAP">
                                                            <ee:variables>
                                                                <ee:set-variable variableName="MAP">%dw 2.0
output application/json
---
vars.""</ee:set-variable>
                                                            </ee:variables>
                                                        </ee:transform>
                                                    </foreach>
                                                    <ee:transform doc:id="jhmaenvp-9b5e-4a86-b01c-cd738c5276d4" doc:name="MAP">
                                                        <ee:variables>
                                                            <ee:set-variable variableName="MAP">%dw 2.0
output application/json
---
vars.""</ee:set-variable>
                                                        </ee:variables>
                                                    </ee:transform>
                                                </try>
                                            </otherwise>
                                        </choice>
                                    </try>
                                </when>
                                <otherwise>
                                    <try doc:name="SEQUENCE">
                                        <choice doc:name="BRANCH">
                                            <when expression="% /limit% = /[^ ]/">
                                                <try doc:name="SEQUENCE">
                                                    <db:select config-ref="wm_ocs.conn:JDBC_CONN_OCSD_CAAG_USER" doc:id="umjjigjq-eadc-40b9-98cc-268d14076da0" doc:name="wm_ocs.svcs.inbound.adptrsvcs:getServiceExceptions" target="wm_ocs.svcs.inbound.adptrsvcs:getserviceexceptions">
                                                        <db:sql>SELECT   NVL ( NULLIF (NVL (T.ROUTEORDER.DRIVER.lastname, '')||', ', NVL (T.ROUTEORDER.DRIVER.lastname, '')) || NULLIF (NVL (T.ROUTEORDER.DRIVER.firstname, '')||' ', NVL (T.ROUTEORDER.DRIVER.firstname, '')) || NVL (T.ROUTEORDER.DRIVER.middlename, ''),  '--')&#13;
                DRIVERNAME,&#13;
         NVL ( DECODE (O.NEGCONFIRM, 'X', 'CONFIRMED NEGATIVE', '', 'CONFIRMED POSITIVE','U' ,'IN PROGRESS', O.NEGCONFIRM),'--') &#13;
            CONTAINERSTATUS,&#13;
         NVL ( TP.TEXT, '--') &#13;
                EXCEPTIONCODE,&#13;
         NVL ( FR.TEXT1 || FR.TEXT2, '--') &#13;
                DRIVERCOMMENTS,&#13;
        (SELECT NVL ( LISTAGG (COMMENTS, CHR (10))WITHIN GROUP (ORDER BY SEQUENCE_NUM),'--') FROM OCS_ADMIN.TP_CO_HOCCOMMENT HCOMMENT WHERE HCOMMENT.FK_CUSTOMERORDER = T.PKEY AND DISPATCHER_ID &lt;&gt; 'DRV' AND &#13;
        DISPATCHER_ID &lt;&gt; 'RCV'&#13;
        ) &#13;
                DISPATCHERCOMMENTS,&#13;
         NVL ( TOI.IMAGE_LOCATION, '--') &#13;
                IMAGELOCATION,&#13;
         NVL ( O.OBUIMAGETRANSID, '--') &#13;
                TRANSACTIONID,&#13;
         NVL ( TO_CHAR (TOI.PKEY), '--') &#13;
                OBUIMAGEDATAPKEY,&#13;
         NVL ( TO_CHAR (TOI.IMAGE_STAMP), '--') &#13;
                IMAGETIMESTAMP,&#13;
         NVL ( TO_CHAR (S.QUANTITY), '--') &#13;
                NUMOFCONTAINERS,            &#13;
          NVL ( TOI1.IMAGE_LOCATION, '--') &#13;
                IMAGELOCATION2,&#13;
         NVL ( O.OBUIMAGETRANSID, '--') &#13;
                 TRANSACTIONID2,&#13;
         NVL ( TO_CHAR (TOI1.PKEY), '--') &#13;
                OBUIMAGEDATAPKEY2,&#13;
         NVL ( TO_CHAR (TOI1.IMAGE_STAMP), '--') &#13;
                IMAGETIMESTAMP2,&#13;
         NVL ( TP1.ID, '--')  RECOVERYPLANCODE,     &#13;
         NVL(HREC.RECOVERYTYPE, '--') &#13;
         RECOVERYTYPE,&#13;
         NVL ( TO_CHAR (HREC.RECOVERYDATE), '--') &#13;
         RECOVERYDATE,&#13;
         NVL(HREC.UNABLETOCONTACT, '--')&#13;
         UNABLETOCONTACT ,&#13;
         NVL(HREC.CUSTOMERNAME, '--') CUSTOMERNAME ,&#13;
         NVL(HREC.CUSTOMERPHONE, '--') CUSTOMERPHONE, &#13;
         NVL(RECRO.ID ,'--') ROUTEID &#13;
    FROM OCS_ADMIN.VP_CUSTOMERORDER T&#13;
         INNER JOIN OCS_ADMIN.TN_CUSTOMERSERVICE S ON  T.PKEY = S.FK_CUSTOMERORDER&#13;
         LEFT OUTER JOIN OCS_ADMIN.TP_CO_HAULCALL O   ON  &#13;
                                                          &#13;
                                                          T.PKEY = O.FK_CUSTOMERORDER&#13;
                                                            AND (O.FK_CUSTOMERSERVICE IS NULL OR S.PKEY = O.FK_CUSTOMERSERVICE)&#13;
                                                          AND O.FK_VEHICLE IS NOT NULL                                                        &#13;
         LEFT OUTER JOIN OCS_ADMIN.TP_FREEFORMDATA FR   ON  FR.PKEY = O.fk_FREEFORMDATA&#13;
         LEFT OUTER JOIN OCS_ADMIN.TP_TEMPLATE TP   ON  TP.PKEY = O.FK_HAULCALL&#13;
         LEFT OUTER JOIN OCS_ADMIN.TP_OBUIMAGEDATA TOI  ON  TOI.TRANSID = O.OBUIMAGETRANSID&#13;
         LEFT OUTER JOIN OCS_ADMIN.TP_OBUIMAGEDATA TOI1  ON  TOI1.TRANSID = O.OBUIMAGETRANSID2&#13;
         LEFT OUTER JOIN OCS_ADMIN.TP_CO_HOCRECOVERY HREC ON HREC.FK_CUSTOMERORDER=T.PKEY                                                            &#13;
         LEFT OUTER JOIN OCS_ADMIN.TP_TEMPLATE TP1   ON  TP1.PKEY = HREC.FK_RECOVERYPLANCODE&#13;
         LEFT OUTER JOIN OCS_ADMIN.TP_ROUTE RECRO ON  RECRO.PKEY = HREC.FK_RECOVERYROUTE       &#13;
         WHERE T.PKEY =?                               -- CUSTOMER ORDER PKEY&#13;
         AND S.PKEY = ?                             -- CUSTOMER SERVICE PKEY                              &#13;
ORDER BY T.ROUTEORDER.ORDERDATE  DESC</db:sql>
                                                        <db:input-parameters/>
                                                    </db:select>
                                                    <set-payload doc:id="jfqvikgj-eadc-40b9-98cc-268d14076da0" doc:name="Set Payload" name="set_payload" value="#[payload]"/>
                                                    <foreach collection="#[payload]" doc:id="paxugloj-eadc-40b9-98cc-268d14076da0" doc:name="LOOP" name="LOOP">
                                                        <choice doc:name="BRANCH">
                                                            <when expression="%getServiceExceptionsOutput/results/IMAGELOCATION%!= '--'">
                                                                <try doc:name="SEQUENCE">
                                                                    <ee:transform doc:id="yccpeqec-9b5e-4a86-b01c-cd738c5276d4" doc:name="MAP">
                                                                        <ee:variables>
                                                                            <ee:set-variable variableName="MAP">%dw 2.0
output application/json
---
vars.""</ee:set-variable>
                                                                        </ee:variables>
                                                                    </ee:transform>
                                                                    <ee:transform doc:id="sbdbwuqi-9b5e-4a86-b01c-cd738c5276d4" doc:name="MAP">
                                                                        <ee:variables>
                                                                            <ee:set-variable variableName="MAP">%dw 2.0
output application/json
---
vars.""</ee:set-variable>
                                                                        </ee:variables>
                                                                    </ee:transform>
                                                                </try>
                                                            </when>
                                                        </choice>
                                                        <choice doc:name="BRANCH">
                                                            <when expression="%getServiceExceptionsOutput/results/IMAGELOCATION2%!='--'">
                                                                <try doc:name="SEQUENCE">
                                                                    <ee:transform doc:id="myrdtrjm-9b5e-4a86-b01c-cd738c5276d4" doc:name="MAP">
                                                                        <ee:variables>
                                                                            <ee:set-variable variableName="MAP">%dw 2.0
output application/json
---
vars.""</ee:set-variable>
                                                                        </ee:variables>
                                                                    </ee:transform>
                                                                    <ee:transform doc:id="azfibkcs-9b5e-4a86-b01c-cd738c5276d4" doc:name="MAP">
                                                                        <ee:variables>
                                                                            <ee:set-variable variableName="MAP">%dw 2.0
output application/json
---
vars.""</ee:set-variable>
                                                                        </ee:variables>
                                                                    </ee:transform>
                                                                </try>
                                                            </when>
                                                        </choice>
                                                        <ee:transform doc:id="vdoazzdy-9b5e-4a86-b01c-cd738c5276d4" doc:name="MAP">
                                                            <ee:variables>
                                                                <ee:set-variable variableName="MAP">%dw 2.0
output application/json
---
vars.""</ee:set-variable>
                                                            </ee:variables>
                                                        </ee:transform>
                                                        <ee:transform doc:id="gqmhzibl-9b5e-4a86-b01c-cd738c5276d4" doc:name="MAP">
                                                            <ee:variables>
                                                                <ee:set-variable variableName="MAP">%dw 2.0
output application/json
---
vars.""</ee:set-variable>
                                                            </ee:variables>
                                                        </ee:transform>
                                                    </foreach>
                                                    <ee:transform doc:id="tfsnrbkf-9b5e-4a86-b01c-cd738c5276d4" doc:name="MAP">
                                                        <ee:variables>
                                                            <ee:set-variable variableName="MAP">%dw 2.0
output application/json
---
vars.""</ee:set-variable>
                                                        </ee:variables>
                                                    </ee:transform>
                                                </try>
                                            </when>
                                            <otherwise>
                                                <try doc:name="SEQUENCE">
                                                    <db:select config-ref="wm_ocs.conn:JDBC_CONN_OCSD_CAAG_USER" doc:id="hnsmmcmw-eadc-40b9-98cc-268d14076da0" doc:name="wm_ocs.svcs.inbound.adptrsvcs:getServiceExceptions" target="wm_ocs.svcs.inbound.adptrsvcs:getserviceexceptions">
                                                        <db:sql>SELECT   NVL ( NULLIF (NVL (T.ROUTEORDER.DRIVER.lastname, '')||', ', NVL (T.ROUTEORDER.DRIVER.lastname, '')) || NULLIF (NVL (T.ROUTEORDER.DRIVER.firstname, '')||' ', NVL (T.ROUTEORDER.DRIVER.firstname, '')) || NVL (T.ROUTEORDER.DRIVER.middlename, ''),  '--')&#13;
                DRIVERNAME,&#13;
         NVL ( DECODE (O.NEGCONFIRM, 'X', 'CONFIRMED NEGATIVE', '', 'CONFIRMED POSITIVE','U' ,'IN PROGRESS', O.NEGCONFIRM),'--') &#13;
            CONTAINERSTATUS,&#13;
         NVL ( TP.TEXT, '--') &#13;
                EXCEPTIONCODE,&#13;
         NVL ( FR.TEXT1 || FR.TEXT2, '--') &#13;
                DRIVERCOMMENTS,&#13;
        (SELECT NVL ( LISTAGG (COMMENTS, CHR (10))WITHIN GROUP (ORDER BY SEQUENCE_NUM),'--') FROM OCS_ADMIN.TP_CO_HOCCOMMENT HCOMMENT WHERE HCOMMENT.FK_CUSTOMERORDER = T.PKEY AND DISPATCHER_ID &lt;&gt; 'DRV' AND &#13;
        DISPATCHER_ID &lt;&gt; 'RCV'&#13;
        ) &#13;
                DISPATCHERCOMMENTS,&#13;
         NVL ( TOI.IMAGE_LOCATION, '--') &#13;
                IMAGELOCATION,&#13;
         NVL ( O.OBUIMAGETRANSID, '--') &#13;
                TRANSACTIONID,&#13;
         NVL ( TO_CHAR (TOI.PKEY), '--') &#13;
                OBUIMAGEDATAPKEY,&#13;
         NVL ( TO_CHAR (TOI.IMAGE_STAMP), '--') &#13;
                IMAGETIMESTAMP,&#13;
         NVL ( TO_CHAR (S.QUANTITY), '--') &#13;
                NUMOFCONTAINERS,            &#13;
          NVL ( TOI1.IMAGE_LOCATION, '--') &#13;
                IMAGELOCATION2,&#13;
         NVL ( O.OBUIMAGETRANSID, '--') &#13;
                 TRANSACTIONID2,&#13;
         NVL ( TO_CHAR (TOI1.PKEY), '--') &#13;
                OBUIMAGEDATAPKEY2,&#13;
         NVL ( TO_CHAR (TOI1.IMAGE_STAMP), '--') &#13;
                IMAGETIMESTAMP2,&#13;
         NVL ( TP1.ID, '--')  RECOVERYPLANCODE,     &#13;
         NVL(HREC.RECOVERYTYPE, '--') &#13;
         RECOVERYTYPE,&#13;
         NVL ( TO_CHAR (HREC.RECOVERYDATE), '--') &#13;
         RECOVERYDATE,&#13;
         NVL(HREC.UNABLETOCONTACT, '--')&#13;
         UNABLETOCONTACT ,&#13;
         NVL(HREC.CUSTOMERNAME, '--') CUSTOMERNAME ,&#13;
         NVL(HREC.CUSTOMERPHONE, '--') CUSTOMERPHONE, &#13;
         NVL(RECRO.ID ,'--') ROUTEID &#13;
    FROM OCS_ADMIN.VP_CUSTOMERORDER T&#13;
         INNER JOIN OCS_ADMIN.TN_CUSTOMERSERVICE S ON  T.PKEY = S.FK_CUSTOMERORDER&#13;
         LEFT OUTER JOIN OCS_ADMIN.TP_CO_HAULCALL O   ON  &#13;
                                                          &#13;
                                                          T.PKEY = O.FK_CUSTOMERORDER&#13;
                                                            AND (O.FK_CUSTOMERSERVICE IS NULL OR S.PKEY = O.FK_CUSTOMERSERVICE)&#13;
                                                          AND O.FK_VEHICLE IS NOT NULL                                                        &#13;
         LEFT OUTER JOIN OCS_ADMIN.TP_FREEFORMDATA FR   ON  FR.PKEY = O.fk_FREEFORMDATA&#13;
         LEFT OUTER JOIN OCS_ADMIN.TP_TEMPLATE TP   ON  TP.PKEY = O.FK_HAULCALL&#13;
         LEFT OUTER JOIN OCS_ADMIN.TP_OBUIMAGEDATA TOI  ON  TOI.TRANSID = O.OBUIMAGETRANSID&#13;
         LEFT OUTER JOIN OCS_ADMIN.TP_OBUIMAGEDATA TOI1  ON  TOI1.TRANSID = O.OBUIMAGETRANSID2&#13;
         LEFT OUTER JOIN OCS_ADMIN.TP_CO_HOCRECOVERY HREC ON HREC.FK_CUSTOMERORDER=T.PKEY                                                            &#13;
         LEFT OUTER JOIN OCS_ADMIN.TP_TEMPLATE TP1   ON  TP1.PKEY = HREC.FK_RECOVERYPLANCODE&#13;
         LEFT OUTER JOIN OCS_ADMIN.TP_ROUTE RECRO ON  RECRO.PKEY = HREC.FK_RECOVERYROUTE       &#13;
         WHERE T.PKEY =?                               -- CUSTOMER ORDER PKEY&#13;
         AND S.PKEY = ?                             -- CUSTOMER SERVICE PKEY                              &#13;
ORDER BY T.ROUTEORDER.ORDERDATE  DESC</db:sql>
                                                        <db:input-parameters/>
                                                    </db:select>
                                                    <set-payload doc:id="zlidkhpl-eadc-40b9-98cc-268d14076da0" doc:name="Set Payload" name="set_payload" value="#[payload]"/>
                                                    <foreach collection="#[payload]" doc:id="xkzeejtc-eadc-40b9-98cc-268d14076da0" doc:name="LOOP" name="LOOP">
                                                        <choice doc:name="BRANCH">
                                                            <when expression="%getServiceExceptionsOutput/results/IMAGELOCATION%!= '--'">
                                                                <try doc:name="SEQUENCE">
                                                                    <ee:transform doc:id="dblsuxgi-9b5e-4a86-b01c-cd738c5276d4" doc:name="MAP">
                                                                        <ee:variables>
                                                                            <ee:set-variable variableName="MAP">%dw 2.0
output application/json
---
vars.""</ee:set-variable>
                                                                        </ee:variables>
                                                                    </ee:transform>
                                                                    <ee:transform doc:id="xrrgbsdc-9b5e-4a86-b01c-cd738c5276d4" doc:name="MAP">
                                                                        <ee:variables>
                                                                            <ee:set-variable variableName="MAP">%dw 2.0
output application/json
---
vars.""</ee:set-variable>
                                                                        </ee:variables>
                                                                    </ee:transform>
                                                                </try>
                                                            </when>
                                                        </choice>
                                                        <choice doc:name="BRANCH">
                                                            <when expression="%getServiceExceptionsOutput/results/IMAGELOCATION2%!='--'">
                                                                <try doc:name="SEQUENCE">
                                                                    <ee:transform doc:id="iwnqnepw-9b5e-4a86-b01c-cd738c5276d4" doc:name="MAP">
                                                                        <ee:variables>
                                                                            <ee:set-variable variableName="MAP">%dw 2.0
output application/json
---
vars.""</ee:set-variable>
                                                                        </ee:variables>
                                                                    </ee:transform>
                                                                    <ee:transform doc:id="kenwyyoy-9b5e-4a86-b01c-cd738c5276d4" doc:name="MAP">
                                                                        <ee:variables>
                                                                            <ee:set-variable variableName="MAP">%dw 2.0
output application/json
---
vars.""</ee:set-variable>
                                                                        </ee:variables>
                                                                    </ee:transform>
                                                                </try>
                                                            </when>
                                                        </choice>
                                                        <ee:transform doc:id="rucfxgha-9b5e-4a86-b01c-cd738c5276d4" doc:name="MAP">
                                                            <ee:variables>
                                                                <ee:set-variable variableName="MAP">%dw 2.0
output application/json
---
vars.""</ee:set-variable>
                                                            </ee:variables>
                                                        </ee:transform>
                                                        <ee:transform doc:id="mfqxvhkz-9b5e-4a86-b01c-cd738c5276d4" doc:name="MAP">
                                                            <ee:variables>
                                                                <ee:set-variable variableName="MAP">%dw 2.0
output application/json
---
vars.""</ee:set-variable>
                                                            </ee:variables>
                                                        </ee:transform>
                                                    </foreach>
                                                    <ee:transform doc:id="ieulmkhn-9b5e-4a86-b01c-cd738c5276d4" doc:name="MAP">
                                                        <ee:variables>
                                                            <ee:set-variable variableName="MAP">%dw 2.0
output application/json
---
vars.""</ee:set-variable>
                                                        </ee:variables>
                                                    </ee:transform>
                                                </try>
                                            </otherwise>
                                        </choice>
                                    </try>
                                </otherwise>
                            </choice>
                            <choice doc:name="BRANCH">
                                <when expression="%count%!=0">
                                    <try doc:name="SEQUENCE">
                                        <ee:transform doc:id="xlvjmgpa-9b5e-4a86-b01c-cd738c5276d4" doc:name="MAP">
                                            <ee:variables>
                                                <ee:set-variable variableName="MAP">%dw 2.0
output application/json
---
vars.""</ee:set-variable>
                                            </ee:variables>
                                        </ee:transform>
                                        <logger doc:id="heilwedp-eadc-40b9-98cc-268d14076da0" doc:name="wm_common.utils:checkAcceptHeader" level="INFO"/>
                                        <logger doc:id="rpgpkyuh-eadc-40b9-98cc-268d14076da0" doc:name="wm_common.utils:checkIfModifiedSinceHeader" level="INFO"/>
                                    </try>
                                </when>
                                <otherwise>
                                    <try doc:name="SEQUENCE">
                                        <ee:transform doc:id="zwicnpck-9b5e-4a86-b01c-cd738c5276d4" doc:name="MAP">
                                            <ee:variables>
                                                <ee:set-variable variableName="MAP">%dw 2.0
output application/json
---
vars.""</ee:set-variable>
                                            </ee:variables>
                                        </ee:transform>
                                        <logger doc:id="eilkirck-eadc-40b9-98cc-268d14076da0" doc:name="wm_common.utils:throwError" level="INFO"/>
                                    </try>
                                </otherwise>
                            </choice>
                        </try>
                    </otherwise>
                </choice>
                <ee:transform doc:id="auvbfqtg-9b5e-4a86-b01c-cd738c5276d4" doc:name="MAP">
                    <ee:variables>
                        <ee:set-variable variableName="MAP">%dw 2.0
output application/json
---
vars.""</ee:set-variable>
                    </ee:variables>
                </ee:transform>
            </try>
            <try doc:name="SEQUENCE">
                <logger doc:id="bwsqetvv-eadc-40b9-98cc-268d14076da0" doc:name="pub.flow:getLastError" level="INFO"/>
                <logger doc:id="xqgccaxh-eadc-40b9-98cc-268d14076da0" doc:name="wm_errorhandling.utils:getCallingService" level="INFO"/>
                <logger doc:id="kntebcyl-eadc-40b9-98cc-268d14076da0" doc:name="wm_errorhandling.svcs.flowsvcs:createErrorMsg_FW1" level="INFO"/>
                <ee:transform doc:id="rudpcyey-9b5e-4a86-b01c-cd738c5276d4" doc:name="MAP">
                    <ee:variables>
                        <ee:set-variable variableName="MAP">%dw 2.0
output application/json
---
vars.""</ee:set-variable>
                    </ee:variables>
                </ee:transform>
                <logger doc:id="zsjuegrm-eadc-40b9-98cc-268d14076da0" doc:name="EXIT" level="INFO"/>
            </try>
        </try>
        <try doc:name="SEQUENCE">
            <try doc:name="SEQUENCE">
                <ee:transform doc:id="eothvbxh-9b5e-4a86-b01c-cd738c5276d4" doc:name="MAP">
                    <ee:variables>
                        <ee:set-variable variableName="MAP">%dw 2.0
output application/json
---
vars.""</ee:set-variable>
                    </ee:variables>
                </ee:transform>
                <logger doc:id="wwsbihps-eadc-40b9-98cc-268d14076da0" doc:name="wm_common.utils:constructCacheKey" level="INFO"/>
                <os:retrieve doc:id="udeefnto-eadc-40b9-98cc-268d14076da0" doc:name="pub.cache:get" key="#[attributes.headers.key]" name="pub.cache:get" objectStore="pub.cache-get_conn" target="pub.cache:get">
                    <os:default-value/>
                </os:retrieve>
                <choice doc:name="BRANCH">
                    <when expression="% /finalResponse% = /[^ ]/">
                        <try doc:name="SEQUENCE">
                            <logger doc:id="vvdopkmi-eadc-40b9-98cc-268d14076da0" doc:name="CAAG.javasvcs:getExpirationTime" level="INFO"/>
                            <logger doc:id="gcofxmzv-eadc-40b9-98cc-268d14076da0" doc:name="pub.flow:setResponseHeader" level="INFO"/>
                            <logger doc:id="brueetwi-eadc-40b9-98cc-268d14076da0" doc:name="wm_common.utils:createEtag" level="INFO"/>
                            <logger doc:id="ndgglpyf-eadc-40b9-98cc-268d14076da0" doc:name="wm_common.utils:checkIfModifiedSinceHeader" level="INFO"/>
                            <logger doc:id="rsujjrlc-eadc-40b9-98cc-268d14076da0" doc:name="EXIT" level="INFO"/>
                        </try>
                    </when>
                    <otherwise>
                        <try doc:name="SEQUENCE">
                            <ee:transform doc:id="ussxjhyb-9b5e-4a86-b01c-cd738c5276d4" doc:name="MAP">
                                <ee:variables>
                                    <ee:set-variable variableName="MAP">%dw 2.0
output application/json
---
vars.""</ee:set-variable>
                                </ee:variables>
                            </ee:transform>
                            <choice doc:name="BRANCH">
                                <when expression="% /fields% = /[^ ]/">
                                    <try doc:name="SEQUENCE">
                                        <choice doc:name="BRANCH">
                                            <when expression="% /limit% = /[^ ]/">
                                                <try doc:name="SEQUENCE">
                                                    <db:select config-ref="wm_ocs.conn:JDBC_CONN_OCSD_CAAG_USER" doc:id="peeclaud-eadc-40b9-98cc-268d14076da0" doc:name="wm_ocs.svcs.inbound.adptrsvcs:getServiceExceptions" target="wm_ocs.svcs.inbound.adptrsvcs:getserviceexceptions">
                                                        <db:sql>SELECT   NVL ( NULLIF (NVL (T.ROUTEORDER.DRIVER.lastname, '')||', ', NVL (T.ROUTEORDER.DRIVER.lastname, '')) || NULLIF (NVL (T.ROUTEORDER.DRIVER.firstname, '')||' ', NVL (T.ROUTEORDER.DRIVER.firstname, '')) || NVL (T.ROUTEORDER.DRIVER.middlename, ''),  '--')&#13;
                DRIVERNAME,&#13;
         NVL ( DECODE (O.NEGCONFIRM, 'X', 'CONFIRMED NEGATIVE', '', 'CONFIRMED POSITIVE','U' ,'IN PROGRESS', O.NEGCONFIRM),'--') &#13;
            CONTAINERSTATUS,&#13;
         NVL ( TP.TEXT, '--') &#13;
                EXCEPTIONCODE,&#13;
         NVL ( FR.TEXT1 || FR.TEXT2, '--') &#13;
                DRIVERCOMMENTS,&#13;
        (SELECT NVL ( LISTAGG (COMMENTS, CHR (10))WITHIN GROUP (ORDER BY SEQUENCE_NUM),'--') FROM OCS_ADMIN.TP_CO_HOCCOMMENT HCOMMENT WHERE HCOMMENT.FK_CUSTOMERORDER = T.PKEY AND DISPATCHER_ID &lt;&gt; 'DRV' AND &#13;
        DISPATCHER_ID &lt;&gt; 'RCV'&#13;
        ) &#13;
                DISPATCHERCOMMENTS,&#13;
         NVL ( TOI.IMAGE_LOCATION, '--') &#13;
                IMAGELOCATION,&#13;
         NVL ( O.OBUIMAGETRANSID, '--') &#13;
                TRANSACTIONID,&#13;
         NVL ( TO_CHAR (TOI.PKEY), '--') &#13;
                OBUIMAGEDATAPKEY,&#13;
         NVL ( TO_CHAR (TOI.IMAGE_STAMP), '--') &#13;
                IMAGETIMESTAMP,&#13;
         NVL ( TO_CHAR (S.QUANTITY), '--') &#13;
                NUMOFCONTAINERS,            &#13;
          NVL ( TOI1.IMAGE_LOCATION, '--') &#13;
                IMAGELOCATION2,&#13;
         NVL ( O.OBUIMAGETRANSID, '--') &#13;
                 TRANSACTIONID2,&#13;
         NVL ( TO_CHAR (TOI1.PKEY), '--') &#13;
                OBUIMAGEDATAPKEY2,&#13;
         NVL ( TO_CHAR (TOI1.IMAGE_STAMP), '--') &#13;
                IMAGETIMESTAMP2,&#13;
         NVL ( TP1.ID, '--')  RECOVERYPLANCODE,     &#13;
         NVL(HREC.RECOVERYTYPE, '--') &#13;
         RECOVERYTYPE,&#13;
         NVL ( TO_CHAR (HREC.RECOVERYDATE), '--') &#13;
         RECOVERYDATE,&#13;
         NVL(HREC.UNABLETOCONTACT, '--')&#13;
         UNABLETOCONTACT ,&#13;
         NVL(HREC.CUSTOMERNAME, '--') CUSTOMERNAME ,&#13;
         NVL(HREC.CUSTOMERPHONE, '--') CUSTOMERPHONE, &#13;
         NVL(RECRO.ID ,'--') ROUTEID &#13;
    FROM OCS_ADMIN.VP_CUSTOMERORDER T&#13;
         INNER JOIN OCS_ADMIN.TN_CUSTOMERSERVICE S ON  T.PKEY = S.FK_CUSTOMERORDER&#13;
         LEFT OUTER JOIN OCS_ADMIN.TP_CO_HAULCALL O   ON  &#13;
                                                          &#13;
                                                          T.PKEY = O.FK_CUSTOMERORDER&#13;
                                                            AND (O.FK_CUSTOMERSERVICE IS NULL OR S.PKEY = O.FK_CUSTOMERSERVICE)&#13;
                                                          AND O.FK_VEHICLE IS NOT NULL                                                        &#13;
         LEFT OUTER JOIN OCS_ADMIN.TP_FREEFORMDATA FR   ON  FR.PKEY = O.fk_FREEFORMDATA&#13;
         LEFT OUTER JOIN OCS_ADMIN.TP_TEMPLATE TP   ON  TP.PKEY = O.FK_HAULCALL&#13;
         LEFT OUTER JOIN OCS_ADMIN.TP_OBUIMAGEDATA TOI  ON  TOI.TRANSID = O.OBUIMAGETRANSID&#13;
         LEFT OUTER JOIN OCS_ADMIN.TP_OBUIMAGEDATA TOI1  ON  TOI1.TRANSID = O.OBUIMAGETRANSID2&#13;
         LEFT OUTER JOIN OCS_ADMIN.TP_CO_HOCRECOVERY HREC ON HREC.FK_CUSTOMERORDER=T.PKEY                                                            &#13;
         LEFT OUTER JOIN OCS_ADMIN.TP_TEMPLATE TP1   ON  TP1.PKEY = HREC.FK_RECOVERYPLANCODE&#13;
         LEFT OUTER JOIN OCS_ADMIN.TP_ROUTE RECRO ON  RECRO.PKEY = HREC.FK_RECOVERYROUTE       &#13;
         WHERE T.PKEY =?                               -- CUSTOMER ORDER PKEY&#13;
         AND S.PKEY = ?                             -- CUSTOMER SERVICE PKEY                              &#13;
ORDER BY T.ROUTEORDER.ORDERDATE  DESC</db:sql>
                                                        <db:input-parameters/>
                                                    </db:select>
                                                    <set-payload doc:id="blphxhek-eadc-40b9-98cc-268d14076da0" doc:name="Set Payload" name="set_payload" value="#[payload]"/>
                                                    <foreach collection="#[payload]" doc:id="djfkvxpo-eadc-40b9-98cc-268d14076da0" doc:name="LOOP" name="LOOP">
                                                        <choice doc:name="BRANCH">
                                                            <when expression="%getServiceExceptionsOutput/results/IMAGELOCATION%!= '--'">
                                                                <try doc:name="SEQUENCE">
                                                                    <ee:transform doc:id="jobmblzn-9b5e-4a86-b01c-cd738c5276d4" doc:name="MAP">
                                                                        <ee:variables>
                                                                            <ee:set-variable variableName="MAP">%dw 2.0
output application/json
---
vars.""</ee:set-variable>
                                                                        </ee:variables>
                                                                    </ee:transform>
                                                                    <ee:transform doc:id="dtovtqdw-9b5e-4a86-b01c-cd738c5276d4" doc:name="MAP">
                                                                        <ee:variables>
                                                                            <ee:set-variable variableName="MAP">%dw 2.0
output application/json
---
vars.""</ee:set-variable>
                                                                        </ee:variables>
                                                                    </ee:transform>
                                                                </try>
                                                            </when>
                                                        </choice>
                                                        <choice doc:name="BRANCH">
                                                            <when expression="%getServiceExceptionsOutput/results/IMAGELOCATION2%!='--'">
                                                                <try doc:name="SEQUENCE">
                                                                    <ee:transform doc:id="qcmdtavg-9b5e-4a86-b01c-cd738c5276d4" doc:name="MAP">
                                                                        <ee:variables>
                                                                            <ee:set-variable variableName="MAP">%dw 2.0
output application/json
---
vars.""</ee:set-variable>
                                                                        </ee:variables>
                                                                    </ee:transform>
                                                                    <ee:transform doc:id="juxaahdv-9b5e-4a86-b01c-cd738c5276d4" doc:name="MAP">
                                                                        <ee:variables>
                                                                            <ee:set-variable variableName="MAP">%dw 2.0
output application/json
---
vars.""</ee:set-variable>
                                                                        </ee:variables>
                                                                    </ee:transform>
                                                                </try>
                                                            </when>
                                                        </choice>
                                                        <ee:transform doc:id="uhxwrsjl-9b5e-4a86-b01c-cd738c5276d4" doc:name="MAP">
                                                            <ee:variables>
                                                                <ee:set-variable variableName="MAP">%dw 2.0
output application/json
---
vars.""</ee:set-variable>
                                                            </ee:variables>
                                                        </ee:transform>
                                                        <ee:transform doc:id="lbfheqkt-9b5e-4a86-b01c-cd738c5276d4" doc:name="MAP">
                                                            <ee:variables>
                                                                <ee:set-variable variableName="MAP">%dw 2.0
output application/json
---
vars.""</ee:set-variable>
                                                            </ee:variables>
                                                        </ee:transform>
                                                    </foreach>
                                                    <ee:transform doc:id="etslgfrx-9b5e-4a86-b01c-cd738c5276d4" doc:name="MAP">
                                                        <ee:variables>
                                                            <ee:set-variable variableName="MAP">%dw 2.0
output application/json
---
vars.""</ee:set-variable>
                                                        </ee:variables>
                                                    </ee:transform>
                                                </try>
                                            </when>
                                            <otherwise>
                                                <try doc:name="SEQUENCE">
                                                    <db:select config-ref="wm_ocs.conn:JDBC_CONN_OCSD_CAAG_USER" doc:id="bjqztrqo-eadc-40b9-98cc-268d14076da0" doc:name="wm_ocs.svcs.inbound.adptrsvcs:getServiceExceptions" target="wm_ocs.svcs.inbound.adptrsvcs:getserviceexceptions">
                                                        <db:sql>SELECT   NVL ( NULLIF (NVL (T.ROUTEORDER.DRIVER.lastname, '')||', ', NVL (T.ROUTEORDER.DRIVER.lastname, '')) || NULLIF (NVL (T.ROUTEORDER.DRIVER.firstname, '')||' ', NVL (T.ROUTEORDER.DRIVER.firstname, '')) || NVL (T.ROUTEORDER.DRIVER.middlename, ''),  '--')&#13;
                DRIVERNAME,&#13;
         NVL ( DECODE (O.NEGCONFIRM, 'X', 'CONFIRMED NEGATIVE', '', 'CONFIRMED POSITIVE','U' ,'IN PROGRESS', O.NEGCONFIRM),'--') &#13;
            CONTAINERSTATUS,&#13;
         NVL ( TP.TEXT, '--') &#13;
                EXCEPTIONCODE,&#13;
         NVL ( FR.TEXT1 || FR.TEXT2, '--') &#13;
                DRIVERCOMMENTS,&#13;
        (SELECT NVL ( LISTAGG (COMMENTS, CHR (10))WITHIN GROUP (ORDER BY SEQUENCE_NUM),'--') FROM OCS_ADMIN.TP_CO_HOCCOMMENT HCOMMENT WHERE HCOMMENT.FK_CUSTOMERORDER = T.PKEY AND DISPATCHER_ID &lt;&gt; 'DRV' AND &#13;
        DISPATCHER_ID &lt;&gt; 'RCV'&#13;
        ) &#13;
                DISPATCHERCOMMENTS,&#13;
         NVL ( TOI.IMAGE_LOCATION, '--') &#13;
                IMAGELOCATION,&#13;
         NVL ( O.OBUIMAGETRANSID, '--') &#13;
                TRANSACTIONID,&#13;
         NVL ( TO_CHAR (TOI.PKEY), '--') &#13;
                OBUIMAGEDATAPKEY,&#13;
         NVL ( TO_CHAR (TOI.IMAGE_STAMP), '--') &#13;
                IMAGETIMESTAMP,&#13;
         NVL ( TO_CHAR (S.QUANTITY), '--') &#13;
                NUMOFCONTAINERS,            &#13;
          NVL ( TOI1.IMAGE_LOCATION, '--') &#13;
                IMAGELOCATION2,&#13;
         NVL ( O.OBUIMAGETRANSID, '--') &#13;
                 TRANSACTIONID2,&#13;
         NVL ( TO_CHAR (TOI1.PKEY), '--') &#13;
                OBUIMAGEDATAPKEY2,&#13;
         NVL ( TO_CHAR (TOI1.IMAGE_STAMP), '--') &#13;
                IMAGETIMESTAMP2,&#13;
         NVL ( TP1.ID, '--')  RECOVERYPLANCODE,     &#13;
         NVL(HREC.RECOVERYTYPE, '--') &#13;
         RECOVERYTYPE,&#13;
         NVL ( TO_CHAR (HREC.RECOVERYDATE), '--') &#13;
         RECOVERYDATE,&#13;
         NVL(HREC.UNABLETOCONTACT, '--')&#13;
         UNABLETOCONTACT ,&#13;
         NVL(HREC.CUSTOMERNAME, '--') CUSTOMERNAME ,&#13;
         NVL(HREC.CUSTOMERPHONE, '--') CUSTOMERPHONE, &#13;
         NVL(RECRO.ID ,'--') ROUTEID &#13;
    FROM OCS_ADMIN.VP_CUSTOMERORDER T&#13;
         INNER JOIN OCS_ADMIN.TN_CUSTOMERSERVICE S ON  T.PKEY = S.FK_CUSTOMERORDER&#13;
         LEFT OUTER JOIN OCS_ADMIN.TP_CO_HAULCALL O   ON  &#13;
                                                          &#13;
                                                          T.PKEY = O.FK_CUSTOMERORDER&#13;
                                                            AND (O.FK_CUSTOMERSERVICE IS NULL OR S.PKEY = O.FK_CUSTOMERSERVICE)&#13;
                                                          AND O.FK_VEHICLE IS NOT NULL                                                        &#13;
         LEFT OUTER JOIN OCS_ADMIN.TP_FREEFORMDATA FR   ON  FR.PKEY = O.fk_FREEFORMDATA&#13;
         LEFT OUTER JOIN OCS_ADMIN.TP_TEMPLATE TP   ON  TP.PKEY = O.FK_HAULCALL&#13;
         LEFT OUTER JOIN OCS_ADMIN.TP_OBUIMAGEDATA TOI  ON  TOI.TRANSID = O.OBUIMAGETRANSID&#13;
         LEFT OUTER JOIN OCS_ADMIN.TP_OBUIMAGEDATA TOI1  ON  TOI1.TRANSID = O.OBUIMAGETRANSID2&#13;
         LEFT OUTER JOIN OCS_ADMIN.TP_CO_HOCRECOVERY HREC ON HREC.FK_CUSTOMERORDER=T.PKEY                                                            &#13;
         LEFT OUTER JOIN OCS_ADMIN.TP_TEMPLATE TP1   ON  TP1.PKEY = HREC.FK_RECOVERYPLANCODE&#13;
         LEFT OUTER JOIN OCS_ADMIN.TP_ROUTE RECRO ON  RECRO.PKEY = HREC.FK_RECOVERYROUTE       &#13;
         WHERE T.PKEY =?                               -- CUSTOMER ORDER PKEY&#13;
         AND S.PKEY = ?                             -- CUSTOMER SERVICE PKEY                              &#13;
ORDER BY T.ROUTEORDER.ORDERDATE  DESC</db:sql>
                                                        <db:input-parameters/>
                                                    </db:select>
                                                    <set-payload doc:id="yyltvkja-eadc-40b9-98cc-268d14076da0" doc:name="Set Payload" name="set_payload" value="#[payload]"/>
                                                    <foreach collection="#[payload]" doc:id="sdusqnpv-eadc-40b9-98cc-268d14076da0" doc:name="LOOP" name="LOOP">
                                                        <choice doc:name="BRANCH">
                                                            <when expression="%getServiceExceptionsOutput/results/IMAGELOCATION%!= '--'">
                                                                <try doc:name="SEQUENCE">
                                                                    <ee:transform doc:id="vwyleubd-9b5e-4a86-b01c-cd738c5276d4" doc:name="MAP">
                                                                        <ee:variables>
                                                                            <ee:set-variable variableName="MAP">%dw 2.0
output application/json
---
vars.""</ee:set-variable>
                                                                        </ee:variables>
                                                                    </ee:transform>
                                                                    <ee:transform doc:id="zvabmgtx-9b5e-4a86-b01c-cd738c5276d4" doc:name="MAP">
                                                                        <ee:variables>
                                                                            <ee:set-variable variableName="MAP">%dw 2.0
output application/json
---
vars.""</ee:set-variable>
                                                                        </ee:variables>
                                                                    </ee:transform>
                                                                </try>
                                                            </when>
                                                        </choice>
                                                        <choice doc:name="BRANCH">
                                                            <when expression="%getServiceExceptionsOutput/results/IMAGELOCATION2%!='--'">
                                                                <try doc:name="SEQUENCE">
                                                                    <ee:transform doc:id="dzhazwzu-9b5e-4a86-b01c-cd738c5276d4" doc:name="MAP">
                                                                        <ee:variables>
                                                                            <ee:set-variable variableName="MAP">%dw 2.0
output application/json
---
vars.""</ee:set-variable>
                                                                        </ee:variables>
                                                                    </ee:transform>
                                                                    <ee:transform doc:id="qttwdred-9b5e-4a86-b01c-cd738c5276d4" doc:name="MAP">
                                                                        <ee:variables>
                                                                            <ee:set-variable variableName="MAP">%dw 2.0
output application/json
---
vars.""</ee:set-variable>
                                                                        </ee:variables>
                                                                    </ee:transform>
                                                                </try>
                                                            </when>
                                                        </choice>
                                                        <ee:transform doc:id="btjsugxm-9b5e-4a86-b01c-cd738c5276d4" doc:name="MAP">
                                                            <ee:variables>
                                                                <ee:set-variable variableName="MAP">%dw 2.0
output application/json
---
vars.""</ee:set-variable>
                                                            </ee:variables>
                                                        </ee:transform>
                                                        <ee:transform doc:id="laqpqcez-9b5e-4a86-b01c-cd738c5276d4" doc:name="MAP">
                                                            <ee:variables>
                                                                <ee:set-variable variableName="MAP">%dw 2.0
output application/json
---
vars.""</ee:set-variable>
                                                            </ee:variables>
                                                        </ee:transform>
                                                    </foreach>
                                                    <ee:transform doc:id="jahlzzcm-9b5e-4a86-b01c-cd738c5276d4" doc:name="MAP">
                                                        <ee:variables>
                                                            <ee:set-variable variableName="MAP">%dw 2.0
output application/json
---
vars.""</ee:set-variable>
                                                        </ee:variables>
                                                    </ee:transform>
                                                </try>
                                            </otherwise>
                                        </choice>
                                    </try>
                                </when>
                                <otherwise>
                                    <try doc:name="SEQUENCE">
                                        <choice doc:name="BRANCH">
                                            <when expression="% /limit% = /[^ ]/">
                                                <try doc:name="SEQUENCE">
                                                    <db:select config-ref="wm_ocs.conn:JDBC_CONN_OCSD_CAAG_USER" doc:id="hyeuctmy-eadc-40b9-98cc-268d14076da0" doc:name="wm_ocs.svcs.inbound.adptrsvcs:getServiceExceptions" target="wm_ocs.svcs.inbound.adptrsvcs:getserviceexceptions">
                                                        <db:sql>SELECT   NVL ( NULLIF (NVL (T.ROUTEORDER.DRIVER.lastname, '')||', ', NVL (T.ROUTEORDER.DRIVER.lastname, '')) || NULLIF (NVL (T.ROUTEORDER.DRIVER.firstname, '')||' ', NVL (T.ROUTEORDER.DRIVER.firstname, '')) || NVL (T.ROUTEORDER.DRIVER.middlename, ''),  '--')&#13;
                DRIVERNAME,&#13;
         NVL ( DECODE (O.NEGCONFIRM, 'X', 'CONFIRMED NEGATIVE', '', 'CONFIRMED POSITIVE','U' ,'IN PROGRESS', O.NEGCONFIRM),'--') &#13;
            CONTAINERSTATUS,&#13;
         NVL ( TP.TEXT, '--') &#13;
                EXCEPTIONCODE,&#13;
         NVL ( FR.TEXT1 || FR.TEXT2, '--') &#13;
                DRIVERCOMMENTS,&#13;
        (SELECT NVL ( LISTAGG (COMMENTS, CHR (10))WITHIN GROUP (ORDER BY SEQUENCE_NUM),'--') FROM OCS_ADMIN.TP_CO_HOCCOMMENT HCOMMENT WHERE HCOMMENT.FK_CUSTOMERORDER = T.PKEY AND DISPATCHER_ID &lt;&gt; 'DRV' AND &#13;
        DISPATCHER_ID &lt;&gt; 'RCV'&#13;
        ) &#13;
                DISPATCHERCOMMENTS,&#13;
         NVL ( TOI.IMAGE_LOCATION, '--') &#13;
                IMAGELOCATION,&#13;
         NVL ( O.OBUIMAGETRANSID, '--') &#13;
                TRANSACTIONID,&#13;
         NVL ( TO_CHAR (TOI.PKEY), '--') &#13;
                OBUIMAGEDATAPKEY,&#13;
         NVL ( TO_CHAR (TOI.IMAGE_STAMP), '--') &#13;
                IMAGETIMESTAMP,&#13;
         NVL ( TO_CHAR (S.QUANTITY), '--') &#13;
                NUMOFCONTAINERS,            &#13;
          NVL ( TOI1.IMAGE_LOCATION, '--') &#13;
                IMAGELOCATION2,&#13;
         NVL ( O.OBUIMAGETRANSID, '--') &#13;
                 TRANSACTIONID2,&#13;
         NVL ( TO_CHAR (TOI1.PKEY), '--') &#13;
                OBUIMAGEDATAPKEY2,&#13;
         NVL ( TO_CHAR (TOI1.IMAGE_STAMP), '--') &#13;
                IMAGETIMESTAMP2,&#13;
         NVL ( TP1.ID, '--')  RECOVERYPLANCODE,     &#13;
         NVL(HREC.RECOVERYTYPE, '--') &#13;
         RECOVERYTYPE,&#13;
         NVL ( TO_CHAR (HREC.RECOVERYDATE), '--') &#13;
         RECOVERYDATE,&#13;
         NVL(HREC.UNABLETOCONTACT, '--')&#13;
         UNABLETOCONTACT ,&#13;
         NVL(HREC.CUSTOMERNAME, '--') CUSTOMERNAME ,&#13;
         NVL(HREC.CUSTOMERPHONE, '--') CUSTOMERPHONE, &#13;
         NVL(RECRO.ID ,'--') ROUTEID &#13;
    FROM OCS_ADMIN.VP_CUSTOMERORDER T&#13;
         INNER JOIN OCS_ADMIN.TN_CUSTOMERSERVICE S ON  T.PKEY = S.FK_CUSTOMERORDER&#13;
         LEFT OUTER JOIN OCS_ADMIN.TP_CO_HAULCALL O   ON  &#13;
                                                          &#13;
                                                          T.PKEY = O.FK_CUSTOMERORDER&#13;
                                                            AND (O.FK_CUSTOMERSERVICE IS NULL OR S.PKEY = O.FK_CUSTOMERSERVICE)&#13;
                                                          AND O.FK_VEHICLE IS NOT NULL                                                        &#13;
         LEFT OUTER JOIN OCS_ADMIN.TP_FREEFORMDATA FR   ON  FR.PKEY = O.fk_FREEFORMDATA&#13;
         LEFT OUTER JOIN OCS_ADMIN.TP_TEMPLATE TP   ON  TP.PKEY = O.FK_HAULCALL&#13;
         LEFT OUTER JOIN OCS_ADMIN.TP_OBUIMAGEDATA TOI  ON  TOI.TRANSID = O.OBUIMAGETRANSID&#13;
         LEFT OUTER JOIN OCS_ADMIN.TP_OBUIMAGEDATA TOI1  ON  TOI1.TRANSID = O.OBUIMAGETRANSID2&#13;
         LEFT OUTER JOIN OCS_ADMIN.TP_CO_HOCRECOVERY HREC ON HREC.FK_CUSTOMERORDER=T.PKEY                                                            &#13;
         LEFT OUTER JOIN OCS_ADMIN.TP_TEMPLATE TP1   ON  TP1.PKEY = HREC.FK_RECOVERYPLANCODE&#13;
         LEFT OUTER JOIN OCS_ADMIN.TP_ROUTE RECRO ON  RECRO.PKEY = HREC.FK_RECOVERYROUTE       &#13;
         WHERE T.PKEY =?                               -- CUSTOMER ORDER PKEY&#13;
         AND S.PKEY = ?                             -- CUSTOMER SERVICE PKEY                              &#13;
ORDER BY T.ROUTEORDER.ORDERDATE  DESC</db:sql>
                                                        <db:input-parameters/>
                                                    </db:select>
                                                    <set-payload doc:id="qioxlboc-eadc-40b9-98cc-268d14076da0" doc:name="Set Payload" name="set_payload" value="#[payload]"/>
                                                    <foreach collection="#[payload]" doc:id="sbghlxmy-eadc-40b9-98cc-268d14076da0" doc:name="LOOP" name="LOOP">
                                                        <choice doc:name="BRANCH">
                                                            <when expression="%getServiceExceptionsOutput/results/IMAGELOCATION%!= '--'">
                                                                <try doc:name="SEQUENCE">
                                                                    <ee:transform doc:id="cqruflrj-9b5e-4a86-b01c-cd738c5276d4" doc:name="MAP">
                                                                        <ee:variables>
                                                                            <ee:set-variable variableName="MAP">%dw 2.0
output application/json
---
vars.""</ee:set-variable>
                                                                        </ee:variables>
                                                                    </ee:transform>
                                                                    <ee:transform doc:id="zqbekwxu-9b5e-4a86-b01c-cd738c5276d4" doc:name="MAP">
                                                                        <ee:variables>
                                                                            <ee:set-variable variableName="MAP">%dw 2.0
output application/json
---
vars.""</ee:set-variable>
                                                                        </ee:variables>
                                                                    </ee:transform>
                                                                </try>
                                                            </when>
                                                        </choice>
                                                        <choice doc:name="BRANCH">
                                                            <when expression="%getServiceExceptionsOutput/results/IMAGELOCATION2%!='--'">
                                                                <try doc:name="SEQUENCE">
                                                                    <ee:transform doc:id="mlbtvnew-9b5e-4a86-b01c-cd738c5276d4" doc:name="MAP">
                                                                        <ee:variables>
                                                                            <ee:set-variable variableName="MAP">%dw 2.0
output application/json
---
vars.""</ee:set-variable>
                                                                        </ee:variables>
                                                                    </ee:transform>
                                                                    <ee:transform doc:id="pxiclcod-9b5e-4a86-b01c-cd738c5276d4" doc:name="MAP">
                                                                        <ee:variables>
                                                                            <ee:set-variable variableName="MAP">%dw 2.0
output application/json
---
vars.""</ee:set-variable>
                                                                        </ee:variables>
                                                                    </ee:transform>
                                                                </try>
                                                            </when>
                                                        </choice>
                                                        <ee:transform doc:id="mmxqtlpp-9b5e-4a86-b01c-cd738c5276d4" doc:name="MAP">
                                                            <ee:variables>
                                                                <ee:set-variable variableName="MAP">%dw 2.0
output application/json
---
vars.""</ee:set-variable>
                                                            </ee:variables>
                                                        </ee:transform>
                                                        <ee:transform doc:id="khmymlfe-9b5e-4a86-b01c-cd738c5276d4" doc:name="MAP">
                                                            <ee:variables>
                                                                <ee:set-variable variableName="MAP">%dw 2.0
output application/json
---
vars.""</ee:set-variable>
                                                            </ee:variables>
                                                        </ee:transform>
                                                    </foreach>
                                                    <ee:transform doc:id="mtfhjcce-9b5e-4a86-b01c-cd738c5276d4" doc:name="MAP">
                                                        <ee:variables>
                                                            <ee:set-variable variableName="MAP">%dw 2.0
output application/json
---
vars.""</ee:set-variable>
                                                        </ee:variables>
                                                    </ee:transform>
                                                </try>
                                            </when>
                                            <otherwise>
                                                <try doc:name="SEQUENCE">
                                                    <db:select config-ref="wm_ocs.conn:JDBC_CONN_OCSD_CAAG_USER" doc:id="pavntlhb-eadc-40b9-98cc-268d14076da0" doc:name="wm_ocs.svcs.inbound.adptrsvcs:getServiceExceptions" target="wm_ocs.svcs.inbound.adptrsvcs:getserviceexceptions">
                                                        <db:sql>SELECT   NVL ( NULLIF (NVL (T.ROUTEORDER.DRIVER.lastname, '')||', ', NVL (T.ROUTEORDER.DRIVER.lastname, '')) || NULLIF (NVL (T.ROUTEORDER.DRIVER.firstname, '')||' ', NVL (T.ROUTEORDER.DRIVER.firstname, '')) || NVL (T.ROUTEORDER.DRIVER.middlename, ''),  '--')&#13;
                DRIVERNAME,&#13;
         NVL ( DECODE (O.NEGCONFIRM, 'X', 'CONFIRMED NEGATIVE', '', 'CONFIRMED POSITIVE','U' ,'IN PROGRESS', O.NEGCONFIRM),'--') &#13;
            CONTAINERSTATUS,&#13;
         NVL ( TP.TEXT, '--') &#13;
                EXCEPTIONCODE,&#13;
         NVL ( FR.TEXT1 || FR.TEXT2, '--') &#13;
                DRIVERCOMMENTS,&#13;
        (SELECT NVL ( LISTAGG (COMMENTS, CHR (10))WITHIN GROUP (ORDER BY SEQUENCE_NUM),'--') FROM OCS_ADMIN.TP_CO_HOCCOMMENT HCOMMENT WHERE HCOMMENT.FK_CUSTOMERORDER = T.PKEY AND DISPATCHER_ID &lt;&gt; 'DRV' AND &#13;
        DISPATCHER_ID &lt;&gt; 'RCV'&#13;
        ) &#13;
                DISPATCHERCOMMENTS,&#13;
         NVL ( TOI.IMAGE_LOCATION, '--') &#13;
                IMAGELOCATION,&#13;
         NVL ( O.OBUIMAGETRANSID, '--') &#13;
                TRANSACTIONID,&#13;
         NVL ( TO_CHAR (TOI.PKEY), '--') &#13;
                OBUIMAGEDATAPKEY,&#13;
         NVL ( TO_CHAR (TOI.IMAGE_STAMP), '--') &#13;
                IMAGETIMESTAMP,&#13;
         NVL ( TO_CHAR (S.QUANTITY), '--') &#13;
                NUMOFCONTAINERS,            &#13;
          NVL ( TOI1.IMAGE_LOCATION, '--') &#13;
                IMAGELOCATION2,&#13;
         NVL ( O.OBUIMAGETRANSID, '--') &#13;
                 TRANSACTIONID2,&#13;
         NVL ( TO_CHAR (TOI1.PKEY), '--') &#13;
                OBUIMAGEDATAPKEY2,&#13;
         NVL ( TO_CHAR (TOI1.IMAGE_STAMP), '--') &#13;
                IMAGETIMESTAMP2,&#13;
         NVL ( TP1.ID, '--')  RECOVERYPLANCODE,     &#13;
         NVL(HREC.RECOVERYTYPE, '--') &#13;
         RECOVERYTYPE,&#13;
         NVL ( TO_CHAR (HREC.RECOVERYDATE), '--') &#13;
         RECOVERYDATE,&#13;
         NVL(HREC.UNABLETOCONTACT, '--')&#13;
         UNABLETOCONTACT ,&#13;
         NVL(HREC.CUSTOMERNAME, '--') CUSTOMERNAME ,&#13;
         NVL(HREC.CUSTOMERPHONE, '--') CUSTOMERPHONE, &#13;
         NVL(RECRO.ID ,'--') ROUTEID &#13;
    FROM OCS_ADMIN.VP_CUSTOMERORDER T&#13;
         INNER JOIN OCS_ADMIN.TN_CUSTOMERSERVICE S ON  T.PKEY = S.FK_CUSTOMERORDER&#13;
         LEFT OUTER JOIN OCS_ADMIN.TP_CO_HAULCALL O   ON  &#13;
                                                          &#13;
                                                          T.PKEY = O.FK_CUSTOMERORDER&#13;
                                                            AND (O.FK_CUSTOMERSERVICE IS NULL OR S.PKEY = O.FK_CUSTOMERSERVICE)&#13;
                                                          AND O.FK_VEHICLE IS NOT NULL                                                        &#13;
         LEFT OUTER JOIN OCS_ADMIN.TP_FREEFORMDATA FR   ON  FR.PKEY = O.fk_FREEFORMDATA&#13;
         LEFT OUTER JOIN OCS_ADMIN.TP_TEMPLATE TP   ON  TP.PKEY = O.FK_HAULCALL&#13;
         LEFT OUTER JOIN OCS_ADMIN.TP_OBUIMAGEDATA TOI  ON  TOI.TRANSID = O.OBUIMAGETRANSID&#13;
         LEFT OUTER JOIN OCS_ADMIN.TP_OBUIMAGEDATA TOI1  ON  TOI1.TRANSID = O.OBUIMAGETRANSID2&#13;
         LEFT OUTER JOIN OCS_ADMIN.TP_CO_HOCRECOVERY HREC ON HREC.FK_CUSTOMERORDER=T.PKEY                                                            &#13;
         LEFT OUTER JOIN OCS_ADMIN.TP_TEMPLATE TP1   ON  TP1.PKEY = HREC.FK_RECOVERYPLANCODE&#13;
         LEFT OUTER JOIN OCS_ADMIN.TP_ROUTE RECRO ON  RECRO.PKEY = HREC.FK_RECOVERYROUTE       &#13;
         WHERE T.PKEY =?                               -- CUSTOMER ORDER PKEY&#13;
         AND S.PKEY = ?                             -- CUSTOMER SERVICE PKEY                              &#13;
ORDER BY T.ROUTEORDER.ORDERDATE  DESC</db:sql>
                                                        <db:input-parameters/>
                                                    </db:select>
                                                    <set-payload doc:id="qpnoyaiu-eadc-40b9-98cc-268d14076da0" doc:name="Set Payload" name="set_payload" value="#[payload]"/>
                                                    <foreach collection="#[payload]" doc:id="encasabb-eadc-40b9-98cc-268d14076da0" doc:name="LOOP" name="LOOP">
                                                        <choice doc:name="BRANCH">
                                                            <when expression="%getServiceExceptionsOutput/results/IMAGELOCATION%!= '--'">
                                                                <try doc:name="SEQUENCE">
                                                                    <ee:transform doc:id="hgqfwozq-9b5e-4a86-b01c-cd738c5276d4" doc:name="MAP">
                                                                        <ee:variables>
                                                                            <ee:set-variable variableName="MAP">%dw 2.0
output application/json
---
vars.""</ee:set-variable>
                                                                        </ee:variables>
                                                                    </ee:transform>
                                                                    <ee:transform doc:id="byplbwkr-9b5e-4a86-b01c-cd738c5276d4" doc:name="MAP">
                                                                        <ee:variables>
                                                                            <ee:set-variable variableName="MAP">%dw 2.0
output application/json
---
vars.""</ee:set-variable>
                                                                        </ee:variables>
                                                                    </ee:transform>
                                                                </try>
                                                            </when>
                                                        </choice>
                                                        <choice doc:name="BRANCH">
                                                            <when expression="%getServiceExceptionsOutput/results/IMAGELOCATION2%!='--'">
                                                                <try doc:name="SEQUENCE">
                                                                    <ee:transform doc:id="fgarafjw-9b5e-4a86-b01c-cd738c5276d4" doc:name="MAP">
                                                                        <ee:variables>
                                                                            <ee:set-variable variableName="MAP">%dw 2.0
output application/json
---
vars.""</ee:set-variable>
                                                                        </ee:variables>
                                                                    </ee:transform>
                                                                    <ee:transform doc:id="bmpxhatb-9b5e-4a86-b01c-cd738c5276d4" doc:name="MAP">
                                                                        <ee:variables>
                                                                            <ee:set-variable variableName="MAP">%dw 2.0
output application/json
---
vars.""</ee:set-variable>
                                                                        </ee:variables>
                                                                    </ee:transform>
                                                                </try>
                                                            </when>
                                                        </choice>
                                                        <ee:transform doc:id="favvisyk-9b5e-4a86-b01c-cd738c5276d4" doc:name="MAP">
                                                            <ee:variables>
                                                                <ee:set-variable variableName="MAP">%dw 2.0
output application/json
---
vars.""</ee:set-variable>
                                                            </ee:variables>
                                                        </ee:transform>
                                                        <ee:transform doc:id="prwdcpsz-9b5e-4a86-b01c-cd738c5276d4" doc:name="MAP">
                                                            <ee:variables>
                                                                <ee:set-variable variableName="MAP">%dw 2.0
output application/json
---
vars.""</ee:set-variable>
                                                            </ee:variables>
                                                        </ee:transform>
                                                    </foreach>
                                                    <ee:transform doc:id="neodszmu-9b5e-4a86-b01c-cd738c5276d4" doc:name="MAP">
                                                        <ee:variables>
                                                            <ee:set-variable variableName="MAP">%dw 2.0
output application/json
---
vars.""</ee:set-variable>
                                                        </ee:variables>
                                                    </ee:transform>
                                                </try>
                                            </otherwise>
                                        </choice>
                                    </try>
                                </otherwise>
                            </choice>
                            <choice doc:name="BRANCH">
                                <when expression="%count%!=0">
                                    <try doc:name="SEQUENCE">
                                        <ee:transform doc:id="hcsdyisu-9b5e-4a86-b01c-cd738c5276d4" doc:name="MAP">
                                            <ee:variables>
                                                <ee:set-variable variableName="MAP">%dw 2.0
output application/json
---
vars.""</ee:set-variable>
                                            </ee:variables>
                                        </ee:transform>
                                        <logger doc:id="irfviwdu-eadc-40b9-98cc-268d14076da0" doc:name="wm_common.utils:checkAcceptHeader" level="INFO"/>
                                        <logger doc:id="uwovbmnz-eadc-40b9-98cc-268d14076da0" doc:name="wm_common.utils:checkIfModifiedSinceHeader" level="INFO"/>
                                    </try>
                                </when>
                                <otherwise>
                                    <try doc:name="SEQUENCE">
                                        <ee:transform doc:id="dlzcuqpc-9b5e-4a86-b01c-cd738c5276d4" doc:name="MAP">
                                            <ee:variables>
                                                <ee:set-variable variableName="MAP">%dw 2.0
output application/json
---
vars.""</ee:set-variable>
                                            </ee:variables>
                                        </ee:transform>
                                        <logger doc:id="kbikbnpx-eadc-40b9-98cc-268d14076da0" doc:name="wm_common.utils:throwError" level="INFO"/>
                                    </try>
                                </otherwise>
                            </choice>
                        </try>
                    </otherwise>
                </choice>
                <ee:transform doc:id="ncmvssdk-9b5e-4a86-b01c-cd738c5276d4" doc:name="MAP">
                    <ee:variables>
                        <ee:set-variable variableName="MAP">%dw 2.0
output application/json
---
vars.""</ee:set-variable>
                    </ee:variables>
                </ee:transform>
            </try>
            <try doc:name="SEQUENCE">
                <logger doc:id="ebwknuup-eadc-40b9-98cc-268d14076da0" doc:name="pub.flow:getLastError" level="INFO"/>
                <logger doc:id="whvmyjxl-eadc-40b9-98cc-268d14076da0" doc:name="wm_errorhandling.utils:getCallingService" level="INFO"/>
                <logger doc:id="pymfjxjt-eadc-40b9-98cc-268d14076da0" doc:name="wm_errorhandling.svcs.flowsvcs:createErrorMsg_FW1" level="INFO"/>
                <ee:transform doc:id="aondwnxy-9b5e-4a86-b01c-cd738c5276d4" doc:name="MAP">
                    <ee:variables>
                        <ee:set-variable variableName="MAP">%dw 2.0
output application/json
---
vars.""</ee:set-variable>
                    </ee:variables>
                </ee:transform>
                <logger doc:id="nnlcywgv-eadc-40b9-98cc-268d14076da0" doc:name="EXIT" level="INFO"/>
            </try>
        </try>
    </flow>
</mule>
