<?xml version="1.0" encoding="UTF-8"?><mule xmlns="http://www.mulesoft.org/schema/mule/core" xmlns:db="http://www.mulesoft.org/schema/mule/db" xmlns:doc="http://www.mulesoft.org/schema/mule/documentation" xmlns:ee="http://www.mulesoft.org/schema/mule/ee/core" xmlns:xsi="http://www.w3.org/2001/XMLSchema-instance" xsi:schemaLocation="http://www.mulesoft.org/schema/mule/core http://www.mulesoft.org/schema/mule/core/current/mule.xsd http://www.mulesoft.org/schema/mule/ee/core http://www.mulesoft.org/schema/mule/ee/core/current/mule-ee.xsd http://www.mulesoft.org/schema/mule/db http://www.mulesoft.org/schema/mule/db/current/mule-db.xsd">
    <flow doc:id="yjhkhqvd-eadc-40b9-98cc-268d14076da0" name="wm_ocs-svcs-inbound-flowsvcs-mapServiceExceptionsForNoCache">
        <try doc:name="SEQUENCE">
            <try doc:name="SEQUENCE">
                <ee:transform doc:id="qkllxsou-9b5e-4a86-b01c-cd738c5276d4" doc:name="MAP">
                    <ee:variables>
                        <ee:set-variable variableName="MAP">%dw 2.0
output application/json
---
vars.""</ee:set-variable>
                    </ee:variables>
                </ee:transform>
                <choice doc:name="BRANCH">
                    <when expression="% /fields% = /[^ ]/">
                        <try doc:name="SEQUENCE">
                            <choice doc:name="BRANCH">
                                <when expression="% /limit% = /[^ ]/">
                                    <try doc:name="SEQUENCE">
                                        <db:select config-ref="wm_ocs.conn:JDBC_CONN_OCSD_CAAG_USER" doc:id="tlgufkbj-eadc-40b9-98cc-268d14076da0" doc:name="wm_ocs.svcs.inbound.adptrsvcs:getServiceExceptions" target="wm_ocs.svcs.inbound.adptrsvcs:getserviceexceptions">
                                            <db:sql>SELECT   NVL ( NULLIF (NVL (T.ROUTEORDER.DRIVER.lastname, '')||', ', NVL (T.ROUTEORDER.DRIVER.lastname, '')) || NULLIF (NVL (T.ROUTEORDER.DRIVER.firstname, '')||' ', NVL (T.ROUTEORDER.DRIVER.firstname, '')) || NVL (T.ROUTEORDER.DRIVER.middlename, ''),  '--')&#13;
                DRIVERNAME,&#13;
         NVL ( DECODE (O.NEGCONFIRM, 'X', 'CONFIRMED NEGATIVE', '', 'CONFIRMED POSITIVE','U' ,'IN PROGRESS', O.NEGCONFIRM),'--') &#13;
            CONTAINERSTATUS,&#13;
         NVL ( TP.TEXT, '--') &#13;
                EXCEPTIONCODE,&#13;
         NVL ( FR.TEXT1 || FR.TEXT2, '--') &#13;
                DRIVERCOMMENTS,&#13;
        (SELECT NVL ( LISTAGG (COMMENTS, CHR (10))WITHIN GROUP (ORDER BY SEQUENCE_NUM),'--') FROM OCS_ADMIN.TP_CO_HOCCOMMENT HCOMMENT WHERE HCOMMENT.FK_CUSTOMERORDER = T.PKEY AND DISPATCHER_ID &lt;&gt; 'DRV' AND &#13;
        DISPATCHER_ID &lt;&gt; 'RCV'&#13;
        ) &#13;
                DISPATCHERCOMMENTS,&#13;
         NVL ( TOI.IMAGE_LOCATION, '--') &#13;
                IMAGELOCATION,&#13;
         NVL ( O.OBUIMAGETRANSID, '--') &#13;
                TRANSACTIONID,&#13;
         NVL ( TO_CHAR (TOI.PKEY), '--') &#13;
                OBUIMAGEDATAPKEY,&#13;
         NVL ( TO_CHAR (TOI.IMAGE_STAMP), '--') &#13;
                IMAGETIMESTAMP,&#13;
         NVL ( TO_CHAR (S.QUANTITY), '--') &#13;
                NUMOFCONTAINERS,            &#13;
          NVL ( TOI1.IMAGE_LOCATION, '--') &#13;
                IMAGELOCATION2,&#13;
         NVL ( O.OBUIMAGETRANSID, '--') &#13;
                 TRANSACTIONID2,&#13;
         NVL ( TO_CHAR (TOI1.PKEY), '--') &#13;
                OBUIMAGEDATAPKEY2,&#13;
         NVL ( TO_CHAR (TOI1.IMAGE_STAMP), '--') &#13;
                IMAGETIMESTAMP2,&#13;
         NVL ( TP1.ID, '--')  RECOVERYPLANCODE,     &#13;
         NVL(HREC.RECOVERYTYPE, '--') &#13;
         RECOVERYTYPE,&#13;
         NVL ( TO_CHAR (HREC.RECOVERYDATE), '--') &#13;
         RECOVERYDATE,&#13;
         NVL(HREC.UNABLETOCONTACT, '--')&#13;
         UNABLETOCONTACT ,&#13;
         NVL(HREC.CUSTOMERNAME, '--') CUSTOMERNAME ,&#13;
         NVL(HREC.CUSTOMERPHONE, '--') CUSTOMERPHONE, &#13;
         NVL(RECRO.ID ,'--') ROUTEID &#13;
    FROM OCS_ADMIN.VP_CUSTOMERORDER T&#13;
         INNER JOIN OCS_ADMIN.TN_CUSTOMERSERVICE S ON  T.PKEY = S.FK_CUSTOMERORDER&#13;
         LEFT OUTER JOIN OCS_ADMIN.TP_CO_HAULCALL O   ON  &#13;
                                                          &#13;
                                                          T.PKEY = O.FK_CUSTOMERORDER&#13;
                                                            AND (O.FK_CUSTOMERSERVICE IS NULL OR S.PKEY = O.FK_CUSTOMERSERVICE)&#13;
                                                          AND O.FK_VEHICLE IS NOT NULL                                                        &#13;
         LEFT OUTER JOIN OCS_ADMIN.TP_FREEFORMDATA FR   ON  FR.PKEY = O.fk_FREEFORMDATA&#13;
         LEFT OUTER JOIN OCS_ADMIN.TP_TEMPLATE TP   ON  TP.PKEY = O.FK_HAULCALL&#13;
         LEFT OUTER JOIN OCS_ADMIN.TP_OBUIMAGEDATA TOI  ON  TOI.TRANSID = O.OBUIMAGETRANSID&#13;
         LEFT OUTER JOIN OCS_ADMIN.TP_OBUIMAGEDATA TOI1  ON  TOI1.TRANSID = O.OBUIMAGETRANSID2&#13;
         LEFT OUTER JOIN OCS_ADMIN.TP_CO_HOCRECOVERY HREC ON HREC.FK_CUSTOMERORDER=T.PKEY                                                            &#13;
         LEFT OUTER JOIN OCS_ADMIN.TP_TEMPLATE TP1   ON  TP1.PKEY = HREC.FK_RECOVERYPLANCODE&#13;
         LEFT OUTER JOIN OCS_ADMIN.TP_ROUTE RECRO ON  RECRO.PKEY = HREC.FK_RECOVERYROUTE       &#13;
         WHERE T.PKEY =?                               -- CUSTOMER ORDER PKEY&#13;
         AND S.PKEY = ?                             -- CUSTOMER SERVICE PKEY                              &#13;
ORDER BY T.ROUTEORDER.ORDERDATE  DESC</db:sql>
                                            <db:input-parameters/>
                                        </db:select>
                                        <set-payload doc:id="uvxlrguc-eadc-40b9-98cc-268d14076da0" doc:name="Set Payload" name="set_payload" value="#[payload]"/>
                                        <foreach collection="#[payload]" doc:id="kikfvzit-eadc-40b9-98cc-268d14076da0" doc:name="LOOP" name="LOOP">
                                            <choice doc:name="BRANCH">
                                                <when expression="%getServiceExceptionsOutput/results/IMAGELOCATION%!= '--'">
                                                    <try doc:name="SEQUENCE">
                                                        <ee:transform doc:id="tubpuzxv-9b5e-4a86-b01c-cd738c5276d4" doc:name="MAP">
                                                            <ee:variables>
                                                                <ee:set-variable variableName="MAP">%dw 2.0
output application/json
---
vars.""</ee:set-variable>
                                                            </ee:variables>
                                                        </ee:transform>
                                                        <ee:transform doc:id="nzlinpld-9b5e-4a86-b01c-cd738c5276d4" doc:name="MAP">
                                                            <ee:variables>
                                                                <ee:set-variable variableName="MAP">%dw 2.0
output application/json
---
vars.""</ee:set-variable>
                                                            </ee:variables>
                                                        </ee:transform>
                                                    </try>
                                                </when>
                                            </choice>
                                            <choice doc:name="BRANCH">
                                                <when expression="%getServiceExceptionsOutput/results/IMAGELOCATION2%!='--'">
                                                    <try doc:name="SEQUENCE">
                                                        <ee:transform doc:id="xbwydbyt-9b5e-4a86-b01c-cd738c5276d4" doc:name="MAP">
                                                            <ee:variables>
                                                                <ee:set-variable variableName="MAP">%dw 2.0
output application/json
---
vars.""</ee:set-variable>
                                                            </ee:variables>
                                                        </ee:transform>
                                                        <ee:transform doc:id="lfrebonr-9b5e-4a86-b01c-cd738c5276d4" doc:name="MAP">
                                                            <ee:variables>
                                                                <ee:set-variable variableName="MAP">%dw 2.0
output application/json
---
vars.""</ee:set-variable>
                                                            </ee:variables>
                                                        </ee:transform>
                                                    </try>
                                                </when>
                                            </choice>
                                            <ee:transform doc:id="aqhyambg-9b5e-4a86-b01c-cd738c5276d4" doc:name="MAP">
                                                <ee:variables>
                                                    <ee:set-variable variableName="MAP">%dw 2.0
output application/json
---
vars.""</ee:set-variable>
                                                </ee:variables>
                                            </ee:transform>
                                            <ee:transform doc:id="wtdwfgtl-9b5e-4a86-b01c-cd738c5276d4" doc:name="MAP">
                                                <ee:variables>
                                                    <ee:set-variable variableName="MAP">%dw 2.0
output application/json
---
vars.""</ee:set-variable>
                                                </ee:variables>
                                            </ee:transform>
                                        </foreach>
                                        <ee:transform doc:id="ecwdgyaj-9b5e-4a86-b01c-cd738c5276d4" doc:name="MAP">
                                            <ee:variables>
                                                <ee:set-variable variableName="MAP">%dw 2.0
output application/json
---
vars.""</ee:set-variable>
                                            </ee:variables>
                                        </ee:transform>
                                    </try>
                                </when>
                                <otherwise>
                                    <try doc:name="SEQUENCE">
                                        <db:select config-ref="wm_ocs.conn:JDBC_CONN_OCSD_CAAG_USER" doc:id="yaejxfer-eadc-40b9-98cc-268d14076da0" doc:name="wm_ocs.svcs.inbound.adptrsvcs:getServiceExceptions" target="wm_ocs.svcs.inbound.adptrsvcs:getserviceexceptions">
                                            <db:sql>SELECT   NVL ( NULLIF (NVL (T.ROUTEORDER.DRIVER.lastname, '')||', ', NVL (T.ROUTEORDER.DRIVER.lastname, '')) || NULLIF (NVL (T.ROUTEORDER.DRIVER.firstname, '')||' ', NVL (T.ROUTEORDER.DRIVER.firstname, '')) || NVL (T.ROUTEORDER.DRIVER.middlename, ''),  '--')&#13;
                DRIVERNAME,&#13;
         NVL ( DECODE (O.NEGCONFIRM, 'X', 'CONFIRMED NEGATIVE', '', 'CONFIRMED POSITIVE','U' ,'IN PROGRESS', O.NEGCONFIRM),'--') &#13;
            CONTAINERSTATUS,&#13;
         NVL ( TP.TEXT, '--') &#13;
                EXCEPTIONCODE,&#13;
         NVL ( FR.TEXT1 || FR.TEXT2, '--') &#13;
                DRIVERCOMMENTS,&#13;
        (SELECT NVL ( LISTAGG (COMMENTS, CHR (10))WITHIN GROUP (ORDER BY SEQUENCE_NUM),'--') FROM OCS_ADMIN.TP_CO_HOCCOMMENT HCOMMENT WHERE HCOMMENT.FK_CUSTOMERORDER = T.PKEY AND DISPATCHER_ID &lt;&gt; 'DRV' AND &#13;
        DISPATCHER_ID &lt;&gt; 'RCV'&#13;
        ) &#13;
                DISPATCHERCOMMENTS,&#13;
         NVL ( TOI.IMAGE_LOCATION, '--') &#13;
                IMAGELOCATION,&#13;
         NVL ( O.OBUIMAGETRANSID, '--') &#13;
                TRANSACTIONID,&#13;
         NVL ( TO_CHAR (TOI.PKEY), '--') &#13;
                OBUIMAGEDATAPKEY,&#13;
         NVL ( TO_CHAR (TOI.IMAGE_STAMP), '--') &#13;
                IMAGETIMESTAMP,&#13;
         NVL ( TO_CHAR (S.QUANTITY), '--') &#13;
                NUMOFCONTAINERS,            &#13;
          NVL ( TOI1.IMAGE_LOCATION, '--') &#13;
                IMAGELOCATION2,&#13;
         NVL ( O.OBUIMAGETRANSID, '--') &#13;
                 TRANSACTIONID2,&#13;
         NVL ( TO_CHAR (TOI1.PKEY), '--') &#13;
                OBUIMAGEDATAPKEY2,&#13;
         NVL ( TO_CHAR (TOI1.IMAGE_STAMP), '--') &#13;
                IMAGETIMESTAMP2,&#13;
         NVL ( TP1.ID, '--')  RECOVERYPLANCODE,     &#13;
         NVL(HREC.RECOVERYTYPE, '--') &#13;
         RECOVERYTYPE,&#13;
         NVL ( TO_CHAR (HREC.RECOVERYDATE), '--') &#13;
         RECOVERYDATE,&#13;
         NVL(HREC.UNABLETOCONTACT, '--')&#13;
         UNABLETOCONTACT ,&#13;
         NVL(HREC.CUSTOMERNAME, '--') CUSTOMERNAME ,&#13;
         NVL(HREC.CUSTOMERPHONE, '--') CUSTOMERPHONE, &#13;
         NVL(RECRO.ID ,'--') ROUTEID &#13;
    FROM OCS_ADMIN.VP_CUSTOMERORDER T&#13;
         INNER JOIN OCS_ADMIN.TN_CUSTOMERSERVICE S ON  T.PKEY = S.FK_CUSTOMERORDER&#13;
         LEFT OUTER JOIN OCS_ADMIN.TP_CO_HAULCALL O   ON  &#13;
                                                          &#13;
                                                          T.PKEY = O.FK_CUSTOMERORDER&#13;
                                                            AND (O.FK_CUSTOMERSERVICE IS NULL OR S.PKEY = O.FK_CUSTOMERSERVICE)&#13;
                                                          AND O.FK_VEHICLE IS NOT NULL                                                        &#13;
         LEFT OUTER JOIN OCS_ADMIN.TP_FREEFORMDATA FR   ON  FR.PKEY = O.fk_FREEFORMDATA&#13;
         LEFT OUTER JOIN OCS_ADMIN.TP_TEMPLATE TP   ON  TP.PKEY = O.FK_HAULCALL&#13;
         LEFT OUTER JOIN OCS_ADMIN.TP_OBUIMAGEDATA TOI  ON  TOI.TRANSID = O.OBUIMAGETRANSID&#13;
         LEFT OUTER JOIN OCS_ADMIN.TP_OBUIMAGEDATA TOI1  ON  TOI1.TRANSID = O.OBUIMAGETRANSID2&#13;
         LEFT OUTER JOIN OCS_ADMIN.TP_CO_HOCRECOVERY HREC ON HREC.FK_CUSTOMERORDER=T.PKEY                                                            &#13;
         LEFT OUTER JOIN OCS_ADMIN.TP_TEMPLATE TP1   ON  TP1.PKEY = HREC.FK_RECOVERYPLANCODE&#13;
         LEFT OUTER JOIN OCS_ADMIN.TP_ROUTE RECRO ON  RECRO.PKEY = HREC.FK_RECOVERYROUTE       &#13;
         WHERE T.PKEY =?                               -- CUSTOMER ORDER PKEY&#13;
         AND S.PKEY = ?                             -- CUSTOMER SERVICE PKEY                              &#13;
ORDER BY T.ROUTEORDER.ORDERDATE  DESC</db:sql>
                                            <db:input-parameters/>
                                        </db:select>
                                        <set-payload doc:id="wzxnvoqp-eadc-40b9-98cc-268d14076da0" doc:name="Set Payload" name="set_payload" value="#[payload]"/>
                                        <foreach collection="#[payload]" doc:id="illfffnm-eadc-40b9-98cc-268d14076da0" doc:name="LOOP" name="LOOP">
                                            <choice doc:name="BRANCH">
                                                <when expression="%getServiceExceptionsOutput/results/IMAGELOCATION%!= '--'">
                                                    <try doc:name="SEQUENCE">
                                                        <ee:transform doc:id="glipjigf-9b5e-4a86-b01c-cd738c5276d4" doc:name="MAP">
                                                            <ee:variables>
                                                                <ee:set-variable variableName="MAP">%dw 2.0
output application/json
---
vars.""</ee:set-variable>
                                                            </ee:variables>
                                                        </ee:transform>
                                                        <ee:transform doc:id="flfhcwov-9b5e-4a86-b01c-cd738c5276d4" doc:name="MAP">
                                                            <ee:variables>
                                                                <ee:set-variable variableName="MAP">%dw 2.0
output application/json
---
vars.""</ee:set-variable>
                                                            </ee:variables>
                                                        </ee:transform>
                                                    </try>
                                                </when>
                                            </choice>
                                            <choice doc:name="BRANCH">
                                                <when expression="%getServiceExceptionsOutput/results/IMAGELOCATION2%!='--'">
                                                    <try doc:name="SEQUENCE">
                                                        <ee:transform doc:id="slgjqqlu-9b5e-4a86-b01c-cd738c5276d4" doc:name="MAP">
                                                            <ee:variables>
                                                                <ee:set-variable variableName="MAP">%dw 2.0
output application/json
---
vars.""</ee:set-variable>
                                                            </ee:variables>
                                                        </ee:transform>
                                                        <ee:transform doc:id="rttqpgrg-9b5e-4a86-b01c-cd738c5276d4" doc:name="MAP">
                                                            <ee:variables>
                                                                <ee:set-variable variableName="MAP">%dw 2.0
output application/json
---
vars.""</ee:set-variable>
                                                            </ee:variables>
                                                        </ee:transform>
                                                    </try>
                                                </when>
                                            </choice>
                                            <ee:transform doc:id="kkqxutbn-9b5e-4a86-b01c-cd738c5276d4" doc:name="MAP">
                                                <ee:variables>
                                                    <ee:set-variable variableName="MAP">%dw 2.0
output application/json
---
vars.""</ee:set-variable>
                                                </ee:variables>
                                            </ee:transform>
                                            <ee:transform doc:id="hcmfoaqj-9b5e-4a86-b01c-cd738c5276d4" doc:name="MAP">
                                                <ee:variables>
                                                    <ee:set-variable variableName="MAP">%dw 2.0
output application/json
---
vars.""</ee:set-variable>
                                                </ee:variables>
                                            </ee:transform>
                                        </foreach>
                                        <ee:transform doc:id="vvfiojnn-9b5e-4a86-b01c-cd738c5276d4" doc:name="MAP">
                                            <ee:variables>
                                                <ee:set-variable variableName="MAP">%dw 2.0
output application/json
---
vars.""</ee:set-variable>
                                            </ee:variables>
                                        </ee:transform>
                                    </try>
                                </otherwise>
                            </choice>
                        </try>
                    </when>
                    <otherwise>
                        <try doc:name="SEQUENCE">
                            <choice doc:name="BRANCH">
                                <when expression="% /limit% = /[^ ]/">
                                    <try doc:name="SEQUENCE">
                                        <db:select config-ref="wm_ocs.conn:JDBC_CONN_OCSD_CAAG_USER" doc:id="smystanm-eadc-40b9-98cc-268d14076da0" doc:name="wm_ocs.svcs.inbound.adptrsvcs:getServiceExceptions" target="wm_ocs.svcs.inbound.adptrsvcs:getserviceexceptions">
                                            <db:sql>SELECT   NVL ( NULLIF (NVL (T.ROUTEORDER.DRIVER.lastname, '')||', ', NVL (T.ROUTEORDER.DRIVER.lastname, '')) || NULLIF (NVL (T.ROUTEORDER.DRIVER.firstname, '')||' ', NVL (T.ROUTEORDER.DRIVER.firstname, '')) || NVL (T.ROUTEORDER.DRIVER.middlename, ''),  '--')&#13;
                DRIVERNAME,&#13;
         NVL ( DECODE (O.NEGCONFIRM, 'X', 'CONFIRMED NEGATIVE', '', 'CONFIRMED POSITIVE','U' ,'IN PROGRESS', O.NEGCONFIRM),'--') &#13;
            CONTAINERSTATUS,&#13;
         NVL ( TP.TEXT, '--') &#13;
                EXCEPTIONCODE,&#13;
         NVL ( FR.TEXT1 || FR.TEXT2, '--') &#13;
                DRIVERCOMMENTS,&#13;
        (SELECT NVL ( LISTAGG (COMMENTS, CHR (10))WITHIN GROUP (ORDER BY SEQUENCE_NUM),'--') FROM OCS_ADMIN.TP_CO_HOCCOMMENT HCOMMENT WHERE HCOMMENT.FK_CUSTOMERORDER = T.PKEY AND DISPATCHER_ID &lt;&gt; 'DRV' AND &#13;
        DISPATCHER_ID &lt;&gt; 'RCV'&#13;
        ) &#13;
                DISPATCHERCOMMENTS,&#13;
         NVL ( TOI.IMAGE_LOCATION, '--') &#13;
                IMAGELOCATION,&#13;
         NVL ( O.OBUIMAGETRANSID, '--') &#13;
                TRANSACTIONID,&#13;
         NVL ( TO_CHAR (TOI.PKEY), '--') &#13;
                OBUIMAGEDATAPKEY,&#13;
         NVL ( TO_CHAR (TOI.IMAGE_STAMP), '--') &#13;
                IMAGETIMESTAMP,&#13;
         NVL ( TO_CHAR (S.QUANTITY), '--') &#13;
                NUMOFCONTAINERS,            &#13;
          NVL ( TOI1.IMAGE_LOCATION, '--') &#13;
                IMAGELOCATION2,&#13;
         NVL ( O.OBUIMAGETRANSID, '--') &#13;
                 TRANSACTIONID2,&#13;
         NVL ( TO_CHAR (TOI1.PKEY), '--') &#13;
                OBUIMAGEDATAPKEY2,&#13;
         NVL ( TO_CHAR (TOI1.IMAGE_STAMP), '--') &#13;
                IMAGETIMESTAMP2,&#13;
         NVL ( TP1.ID, '--')  RECOVERYPLANCODE,     &#13;
         NVL(HREC.RECOVERYTYPE, '--') &#13;
         RECOVERYTYPE,&#13;
         NVL ( TO_CHAR (HREC.RECOVERYDATE), '--') &#13;
         RECOVERYDATE,&#13;
         NVL(HREC.UNABLETOCONTACT, '--')&#13;
         UNABLETOCONTACT ,&#13;
         NVL(HREC.CUSTOMERNAME, '--') CUSTOMERNAME ,&#13;
         NVL(HREC.CUSTOMERPHONE, '--') CUSTOMERPHONE, &#13;
         NVL(RECRO.ID ,'--') ROUTEID &#13;
    FROM OCS_ADMIN.VP_CUSTOMERORDER T&#13;
         INNER JOIN OCS_ADMIN.TN_CUSTOMERSERVICE S ON  T.PKEY = S.FK_CUSTOMERORDER&#13;
         LEFT OUTER JOIN OCS_ADMIN.TP_CO_HAULCALL O   ON  &#13;
                                                          &#13;
                                                          T.PKEY = O.FK_CUSTOMERORDER&#13;
                                                            AND (O.FK_CUSTOMERSERVICE IS NULL OR S.PKEY = O.FK_CUSTOMERSERVICE)&#13;
                                                          AND O.FK_VEHICLE IS NOT NULL                                                        &#13;
         LEFT OUTER JOIN OCS_ADMIN.TP_FREEFORMDATA FR   ON  FR.PKEY = O.fk_FREEFORMDATA&#13;
         LEFT OUTER JOIN OCS_ADMIN.TP_TEMPLATE TP   ON  TP.PKEY = O.FK_HAULCALL&#13;
         LEFT OUTER JOIN OCS_ADMIN.TP_OBUIMAGEDATA TOI  ON  TOI.TRANSID = O.OBUIMAGETRANSID&#13;
         LEFT OUTER JOIN OCS_ADMIN.TP_OBUIMAGEDATA TOI1  ON  TOI1.TRANSID = O.OBUIMAGETRANSID2&#13;
         LEFT OUTER JOIN OCS_ADMIN.TP_CO_HOCRECOVERY HREC ON HREC.FK_CUSTOMERORDER=T.PKEY                                                            &#13;
         LEFT OUTER JOIN OCS_ADMIN.TP_TEMPLATE TP1   ON  TP1.PKEY = HREC.FK_RECOVERYPLANCODE&#13;
         LEFT OUTER JOIN OCS_ADMIN.TP_ROUTE RECRO ON  RECRO.PKEY = HREC.FK_RECOVERYROUTE       &#13;
         WHERE T.PKEY =?                               -- CUSTOMER ORDER PKEY&#13;
         AND S.PKEY = ?                             -- CUSTOMER SERVICE PKEY                              &#13;
ORDER BY T.ROUTEORDER.ORDERDATE  DESC</db:sql>
                                            <db:input-parameters/>
                                        </db:select>
                                        <set-payload doc:id="appzwiuc-eadc-40b9-98cc-268d14076da0" doc:name="Set Payload" name="set_payload" value="#[payload]"/>
                                        <foreach collection="#[payload]" doc:id="vrfjdxvt-eadc-40b9-98cc-268d14076da0" doc:name="LOOP" name="LOOP">
                                            <choice doc:name="BRANCH">
                                                <when expression="%getServiceExceptionsOutput/results/IMAGELOCATION%!= '--'">
                                                    <try doc:name="SEQUENCE">
                                                        <ee:transform doc:id="wjrixfuf-9b5e-4a86-b01c-cd738c5276d4" doc:name="MAP">
                                                            <ee:variables>
                                                                <ee:set-variable variableName="MAP">%dw 2.0
output application/json
---
vars.""</ee:set-variable>
                                                            </ee:variables>
                                                        </ee:transform>
                                                        <ee:transform doc:id="jntahuma-9b5e-4a86-b01c-cd738c5276d4" doc:name="MAP">
                                                            <ee:variables>
                                                                <ee:set-variable variableName="MAP">%dw 2.0
output application/json
---
vars.""</ee:set-variable>
                                                            </ee:variables>
                                                        </ee:transform>
                                                    </try>
                                                </when>
                                            </choice>
                                            <choice doc:name="BRANCH">
                                                <when expression="%getServiceExceptionsOutput/results/IMAGELOCATION2%!='--'">
                                                    <try doc:name="SEQUENCE">
                                                        <ee:transform doc:id="qybdqqpz-9b5e-4a86-b01c-cd738c5276d4" doc:name="MAP">
                                                            <ee:variables>
                                                                <ee:set-variable variableName="MAP">%dw 2.0
output application/json
---
vars.""</ee:set-variable>
                                                            </ee:variables>
                                                        </ee:transform>
                                                        <ee:transform doc:id="aomfatls-9b5e-4a86-b01c-cd738c5276d4" doc:name="MAP">
                                                            <ee:variables>
                                                                <ee:set-variable variableName="MAP">%dw 2.0
output application/json
---
vars.""</ee:set-variable>
                                                            </ee:variables>
                                                        </ee:transform>
                                                    </try>
                                                </when>
                                            </choice>
                                            <ee:transform doc:id="hzcmpipx-9b5e-4a86-b01c-cd738c5276d4" doc:name="MAP">
                                                <ee:variables>
                                                    <ee:set-variable variableName="MAP">%dw 2.0
output application/json
---
vars.""</ee:set-variable>
                                                </ee:variables>
                                            </ee:transform>
                                            <ee:transform doc:id="dqgluvns-9b5e-4a86-b01c-cd738c5276d4" doc:name="MAP">
                                                <ee:variables>
                                                    <ee:set-variable variableName="MAP">%dw 2.0
output application/json
---
vars.""</ee:set-variable>
                                                </ee:variables>
                                            </ee:transform>
                                        </foreach>
                                        <ee:transform doc:id="ukrghuxo-9b5e-4a86-b01c-cd738c5276d4" doc:name="MAP">
                                            <ee:variables>
                                                <ee:set-variable variableName="MAP">%dw 2.0
output application/json
---
vars.""</ee:set-variable>
                                            </ee:variables>
                                        </ee:transform>
                                    </try>
                                </when>
                                <otherwise>
                                    <try doc:name="SEQUENCE">
                                        <db:select config-ref="wm_ocs.conn:JDBC_CONN_OCSD_CAAG_USER" doc:id="dthwpnjz-eadc-40b9-98cc-268d14076da0" doc:name="wm_ocs.svcs.inbound.adptrsvcs:getServiceExceptions" target="wm_ocs.svcs.inbound.adptrsvcs:getserviceexceptions">
                                            <db:sql>SELECT   NVL ( NULLIF (NVL (T.ROUTEORDER.DRIVER.lastname, '')||', ', NVL (T.ROUTEORDER.DRIVER.lastname, '')) || NULLIF (NVL (T.ROUTEORDER.DRIVER.firstname, '')||' ', NVL (T.ROUTEORDER.DRIVER.firstname, '')) || NVL (T.ROUTEORDER.DRIVER.middlename, ''),  '--')&#13;
                DRIVERNAME,&#13;
         NVL ( DECODE (O.NEGCONFIRM, 'X', 'CONFIRMED NEGATIVE', '', 'CONFIRMED POSITIVE','U' ,'IN PROGRESS', O.NEGCONFIRM),'--') &#13;
            CONTAINERSTATUS,&#13;
         NVL ( TP.TEXT, '--') &#13;
                EXCEPTIONCODE,&#13;
         NVL ( FR.TEXT1 || FR.TEXT2, '--') &#13;
                DRIVERCOMMENTS,&#13;
        (SELECT NVL ( LISTAGG (COMMENTS, CHR (10))WITHIN GROUP (ORDER BY SEQUENCE_NUM),'--') FROM OCS_ADMIN.TP_CO_HOCCOMMENT HCOMMENT WHERE HCOMMENT.FK_CUSTOMERORDER = T.PKEY AND DISPATCHER_ID &lt;&gt; 'DRV' AND &#13;
        DISPATCHER_ID &lt;&gt; 'RCV'&#13;
        ) &#13;
                DISPATCHERCOMMENTS,&#13;
         NVL ( TOI.IMAGE_LOCATION, '--') &#13;
                IMAGELOCATION,&#13;
         NVL ( O.OBUIMAGETRANSID, '--') &#13;
                TRANSACTIONID,&#13;
         NVL ( TO_CHAR (TOI.PKEY), '--') &#13;
                OBUIMAGEDATAPKEY,&#13;
         NVL ( TO_CHAR (TOI.IMAGE_STAMP), '--') &#13;
                IMAGETIMESTAMP,&#13;
         NVL ( TO_CHAR (S.QUANTITY), '--') &#13;
                NUMOFCONTAINERS,            &#13;
          NVL ( TOI1.IMAGE_LOCATION, '--') &#13;
                IMAGELOCATION2,&#13;
         NVL ( O.OBUIMAGETRANSID, '--') &#13;
                 TRANSACTIONID2,&#13;
         NVL ( TO_CHAR (TOI1.PKEY), '--') &#13;
                OBUIMAGEDATAPKEY2,&#13;
         NVL ( TO_CHAR (TOI1.IMAGE_STAMP), '--') &#13;
                IMAGETIMESTAMP2,&#13;
         NVL ( TP1.ID, '--')  RECOVERYPLANCODE,     &#13;
         NVL(HREC.RECOVERYTYPE, '--') &#13;
         RECOVERYTYPE,&#13;
         NVL ( TO_CHAR (HREC.RECOVERYDATE), '--') &#13;
         RECOVERYDATE,&#13;
         NVL(HREC.UNABLETOCONTACT, '--')&#13;
         UNABLETOCONTACT ,&#13;
         NVL(HREC.CUSTOMERNAME, '--') CUSTOMERNAME ,&#13;
         NVL(HREC.CUSTOMERPHONE, '--') CUSTOMERPHONE, &#13;
         NVL(RECRO.ID ,'--') ROUTEID &#13;
    FROM OCS_ADMIN.VP_CUSTOMERORDER T&#13;
         INNER JOIN OCS_ADMIN.TN_CUSTOMERSERVICE S ON  T.PKEY = S.FK_CUSTOMERORDER&#13;
         LEFT OUTER JOIN OCS_ADMIN.TP_CO_HAULCALL O   ON  &#13;
                                                          &#13;
                                                          T.PKEY = O.FK_CUSTOMERORDER&#13;
                                                            AND (O.FK_CUSTOMERSERVICE IS NULL OR S.PKEY = O.FK_CUSTOMERSERVICE)&#13;
                                                          AND O.FK_VEHICLE IS NOT NULL                                                        &#13;
         LEFT OUTER JOIN OCS_ADMIN.TP_FREEFORMDATA FR   ON  FR.PKEY = O.fk_FREEFORMDATA&#13;
         LEFT OUTER JOIN OCS_ADMIN.TP_TEMPLATE TP   ON  TP.PKEY = O.FK_HAULCALL&#13;
         LEFT OUTER JOIN OCS_ADMIN.TP_OBUIMAGEDATA TOI  ON  TOI.TRANSID = O.OBUIMAGETRANSID&#13;
         LEFT OUTER JOIN OCS_ADMIN.TP_OBUIMAGEDATA TOI1  ON  TOI1.TRANSID = O.OBUIMAGETRANSID2&#13;
         LEFT OUTER JOIN OCS_ADMIN.TP_CO_HOCRECOVERY HREC ON HREC.FK_CUSTOMERORDER=T.PKEY                                                            &#13;
         LEFT OUTER JOIN OCS_ADMIN.TP_TEMPLATE TP1   ON  TP1.PKEY = HREC.FK_RECOVERYPLANCODE&#13;
         LEFT OUTER JOIN OCS_ADMIN.TP_ROUTE RECRO ON  RECRO.PKEY = HREC.FK_RECOVERYROUTE       &#13;
         WHERE T.PKEY =?                               -- CUSTOMER ORDER PKEY&#13;
         AND S.PKEY = ?                             -- CUSTOMER SERVICE PKEY                              &#13;
ORDER BY T.ROUTEORDER.ORDERDATE  DESC</db:sql>
                                            <db:input-parameters/>
                                        </db:select>
                                        <set-payload doc:id="whgnuojq-eadc-40b9-98cc-268d14076da0" doc:name="Set Payload" name="set_payload" value="#[payload]"/>
                                        <foreach collection="#[payload]" doc:id="wdtozrfv-eadc-40b9-98cc-268d14076da0" doc:name="LOOP" name="LOOP">
                                            <choice doc:name="BRANCH">
                                                <when expression="%getServiceExceptionsOutput/results/IMAGELOCATION%!= '--'">
                                                    <try doc:name="SEQUENCE">
                                                        <ee:transform doc:id="svwtkrvs-9b5e-4a86-b01c-cd738c5276d4" doc:name="MAP">
                                                            <ee:variables>
                                                                <ee:set-variable variableName="MAP">%dw 2.0
output application/json
---
vars.""</ee:set-variable>
                                                            </ee:variables>
                                                        </ee:transform>
                                                        <ee:transform doc:id="wtnsmucj-9b5e-4a86-b01c-cd738c5276d4" doc:name="MAP">
                                                            <ee:variables>
                                                                <ee:set-variable variableName="MAP">%dw 2.0
output application/json
---
vars.""</ee:set-variable>
                                                            </ee:variables>
                                                        </ee:transform>
                                                    </try>
                                                </when>
                                            </choice>
                                            <choice doc:name="BRANCH">
                                                <when expression="%getServiceExceptionsOutput/results/IMAGELOCATION2%!='--'">
                                                    <try doc:name="SEQUENCE">
                                                        <ee:transform doc:id="yohgubwt-9b5e-4a86-b01c-cd738c5276d4" doc:name="MAP">
                                                            <ee:variables>
                                                                <ee:set-variable variableName="MAP">%dw 2.0
output application/json
---
vars.""</ee:set-variable>
                                                            </ee:variables>
                                                        </ee:transform>
                                                        <ee:transform doc:id="kcfsqgtv-9b5e-4a86-b01c-cd738c5276d4" doc:name="MAP">
                                                            <ee:variables>
                                                                <ee:set-variable variableName="MAP">%dw 2.0
output application/json
---
vars.""</ee:set-variable>
                                                            </ee:variables>
                                                        </ee:transform>
                                                    </try>
                                                </when>
                                            </choice>
                                            <ee:transform doc:id="xlfvnkei-9b5e-4a86-b01c-cd738c5276d4" doc:name="MAP">
                                                <ee:variables>
                                                    <ee:set-variable variableName="MAP">%dw 2.0
output application/json
---
vars.""</ee:set-variable>
                                                </ee:variables>
                                            </ee:transform>
                                            <ee:transform doc:id="lzyxlgrp-9b5e-4a86-b01c-cd738c5276d4" doc:name="MAP">
                                                <ee:variables>
                                                    <ee:set-variable variableName="MAP">%dw 2.0
output application/json
---
vars.""</ee:set-variable>
                                                </ee:variables>
                                            </ee:transform>
                                        </foreach>
                                        <ee:transform doc:id="baloiskp-9b5e-4a86-b01c-cd738c5276d4" doc:name="MAP">
                                            <ee:variables>
                                                <ee:set-variable variableName="MAP">%dw 2.0
output application/json
---
vars.""</ee:set-variable>
                                            </ee:variables>
                                        </ee:transform>
                                    </try>
                                </otherwise>
                            </choice>
                        </try>
                    </otherwise>
                </choice>
                <choice doc:name="BRANCH">
                    <when expression="%count%!=0">
                        <try doc:name="SEQUENCE">
                            <ee:transform doc:id="ryjqebek-9b5e-4a86-b01c-cd738c5276d4" doc:name="MAP">
                                <ee:variables>
                                    <ee:set-variable variableName="MAP">%dw 2.0
output application/json
---
vars.""</ee:set-variable>
                                </ee:variables>
                            </ee:transform>
                            <logger doc:id="kikcattt-eadc-40b9-98cc-268d14076da0" doc:name="wm_common.utils:checkAcceptHeader" level="INFO"/>
                            <logger doc:id="jhrwzmsu-eadc-40b9-98cc-268d14076da0" doc:name="wm_common.utils:checkIfModifiedSinceHeader" level="INFO"/>
                        </try>
                    </when>
                    <otherwise>
                        <try doc:name="SEQUENCE">
                            <ee:transform doc:id="cgkdbgbv-9b5e-4a86-b01c-cd738c5276d4" doc:name="MAP">
                                <ee:variables>
                                    <ee:set-variable variableName="MAP">%dw 2.0
output application/json
---
vars.""</ee:set-variable>
                                </ee:variables>
                            </ee:transform>
                            <logger doc:id="deifffcq-eadc-40b9-98cc-268d14076da0" doc:name="wm_common.utils:throwError" level="INFO"/>
                        </try>
                    </otherwise>
                </choice>
                <ee:transform doc:id="imzvoetp-9b5e-4a86-b01c-cd738c5276d4" doc:name="MAP">
                    <ee:variables>
                        <ee:set-variable variableName="MAP">%dw 2.0
output application/json
---
vars.""</ee:set-variable>
                    </ee:variables>
                </ee:transform>
            </try>
            <try doc:name="SEQUENCE">
                <logger doc:id="jeyyofgl-eadc-40b9-98cc-268d14076da0" doc:name="pub.flow:getLastError" level="INFO"/>
                <logger doc:id="kryrnquw-eadc-40b9-98cc-268d14076da0" doc:name="wm_errorhandling.utils:getCallingService" level="INFO"/>
                <logger doc:id="swbtvsxd-eadc-40b9-98cc-268d14076da0" doc:name="wm_errorhandling.svcs.flowsvcs:createErrorMsg_FW1" level="INFO"/>
                <ee:transform doc:id="pmjgtcij-9b5e-4a86-b01c-cd738c5276d4" doc:name="MAP">
                    <ee:variables>
                        <ee:set-variable variableName="MAP">%dw 2.0
output application/json
---
vars.""</ee:set-variable>
                    </ee:variables>
                </ee:transform>
                <logger doc:id="jusaycug-eadc-40b9-98cc-268d14076da0" doc:name="EXIT" level="INFO"/>
            </try>
        </try>
        <try doc:name="SEQUENCE">
            <try doc:name="SEQUENCE">
                <ee:transform doc:id="mblmtzsg-9b5e-4a86-b01c-cd738c5276d4" doc:name="MAP">
                    <ee:variables>
                        <ee:set-variable variableName="MAP">%dw 2.0
output application/json
---
vars.""</ee:set-variable>
                    </ee:variables>
                </ee:transform>
                <choice doc:name="BRANCH">
                    <when expression="% /fields% = /[^ ]/">
                        <try doc:name="SEQUENCE">
                            <choice doc:name="BRANCH">
                                <when expression="% /limit% = /[^ ]/">
                                    <try doc:name="SEQUENCE">
                                        <db:select config-ref="wm_ocs.conn:JDBC_CONN_OCSD_CAAG_USER" doc:id="xetcjqxh-eadc-40b9-98cc-268d14076da0" doc:name="wm_ocs.svcs.inbound.adptrsvcs:getServiceExceptions" target="wm_ocs.svcs.inbound.adptrsvcs:getserviceexceptions">
                                            <db:sql>SELECT   NVL ( NULLIF (NVL (T.ROUTEORDER.DRIVER.lastname, '')||', ', NVL (T.ROUTEORDER.DRIVER.lastname, '')) || NULLIF (NVL (T.ROUTEORDER.DRIVER.firstname, '')||' ', NVL (T.ROUTEORDER.DRIVER.firstname, '')) || NVL (T.ROUTEORDER.DRIVER.middlename, ''),  '--')&#13;
                DRIVERNAME,&#13;
         NVL ( DECODE (O.NEGCONFIRM, 'X', 'CONFIRMED NEGATIVE', '', 'CONFIRMED POSITIVE','U' ,'IN PROGRESS', O.NEGCONFIRM),'--') &#13;
            CONTAINERSTATUS,&#13;
         NVL ( TP.TEXT, '--') &#13;
                EXCEPTIONCODE,&#13;
         NVL ( FR.TEXT1 || FR.TEXT2, '--') &#13;
                DRIVERCOMMENTS,&#13;
        (SELECT NVL ( LISTAGG (COMMENTS, CHR (10))WITHIN GROUP (ORDER BY SEQUENCE_NUM),'--') FROM OCS_ADMIN.TP_CO_HOCCOMMENT HCOMMENT WHERE HCOMMENT.FK_CUSTOMERORDER = T.PKEY AND DISPATCHER_ID &lt;&gt; 'DRV' AND &#13;
        DISPATCHER_ID &lt;&gt; 'RCV'&#13;
        ) &#13;
                DISPATCHERCOMMENTS,&#13;
         NVL ( TOI.IMAGE_LOCATION, '--') &#13;
                IMAGELOCATION,&#13;
         NVL ( O.OBUIMAGETRANSID, '--') &#13;
                TRANSACTIONID,&#13;
         NVL ( TO_CHAR (TOI.PKEY), '--') &#13;
                OBUIMAGEDATAPKEY,&#13;
         NVL ( TO_CHAR (TOI.IMAGE_STAMP), '--') &#13;
                IMAGETIMESTAMP,&#13;
         NVL ( TO_CHAR (S.QUANTITY), '--') &#13;
                NUMOFCONTAINERS,            &#13;
          NVL ( TOI1.IMAGE_LOCATION, '--') &#13;
                IMAGELOCATION2,&#13;
         NVL ( O.OBUIMAGETRANSID, '--') &#13;
                 TRANSACTIONID2,&#13;
         NVL ( TO_CHAR (TOI1.PKEY), '--') &#13;
                OBUIMAGEDATAPKEY2,&#13;
         NVL ( TO_CHAR (TOI1.IMAGE_STAMP), '--') &#13;
                IMAGETIMESTAMP2,&#13;
         NVL ( TP1.ID, '--')  RECOVERYPLANCODE,     &#13;
         NVL(HREC.RECOVERYTYPE, '--') &#13;
         RECOVERYTYPE,&#13;
         NVL ( TO_CHAR (HREC.RECOVERYDATE), '--') &#13;
         RECOVERYDATE,&#13;
         NVL(HREC.UNABLETOCONTACT, '--')&#13;
         UNABLETOCONTACT ,&#13;
         NVL(HREC.CUSTOMERNAME, '--') CUSTOMERNAME ,&#13;
         NVL(HREC.CUSTOMERPHONE, '--') CUSTOMERPHONE, &#13;
         NVL(RECRO.ID ,'--') ROUTEID &#13;
    FROM OCS_ADMIN.VP_CUSTOMERORDER T&#13;
         INNER JOIN OCS_ADMIN.TN_CUSTOMERSERVICE S ON  T.PKEY = S.FK_CUSTOMERORDER&#13;
         LEFT OUTER JOIN OCS_ADMIN.TP_CO_HAULCALL O   ON  &#13;
                                                          &#13;
                                                          T.PKEY = O.FK_CUSTOMERORDER&#13;
                                                            AND (O.FK_CUSTOMERSERVICE IS NULL OR S.PKEY = O.FK_CUSTOMERSERVICE)&#13;
                                                          AND O.FK_VEHICLE IS NOT NULL                                                        &#13;
         LEFT OUTER JOIN OCS_ADMIN.TP_FREEFORMDATA FR   ON  FR.PKEY = O.fk_FREEFORMDATA&#13;
         LEFT OUTER JOIN OCS_ADMIN.TP_TEMPLATE TP   ON  TP.PKEY = O.FK_HAULCALL&#13;
         LEFT OUTER JOIN OCS_ADMIN.TP_OBUIMAGEDATA TOI  ON  TOI.TRANSID = O.OBUIMAGETRANSID&#13;
         LEFT OUTER JOIN OCS_ADMIN.TP_OBUIMAGEDATA TOI1  ON  TOI1.TRANSID = O.OBUIMAGETRANSID2&#13;
         LEFT OUTER JOIN OCS_ADMIN.TP_CO_HOCRECOVERY HREC ON HREC.FK_CUSTOMERORDER=T.PKEY                                                            &#13;
         LEFT OUTER JOIN OCS_ADMIN.TP_TEMPLATE TP1   ON  TP1.PKEY = HREC.FK_RECOVERYPLANCODE&#13;
         LEFT OUTER JOIN OCS_ADMIN.TP_ROUTE RECRO ON  RECRO.PKEY = HREC.FK_RECOVERYROUTE       &#13;
         WHERE T.PKEY =?                               -- CUSTOMER ORDER PKEY&#13;
         AND S.PKEY = ?                             -- CUSTOMER SERVICE PKEY                              &#13;
ORDER BY T.ROUTEORDER.ORDERDATE  DESC</db:sql>
                                            <db:input-parameters/>
                                        </db:select>
                                        <set-payload doc:id="ugganmou-eadc-40b9-98cc-268d14076da0" doc:name="Set Payload" name="set_payload" value="#[payload]"/>
                                        <foreach collection="#[payload]" doc:id="uvbzkmzw-eadc-40b9-98cc-268d14076da0" doc:name="LOOP" name="LOOP">
                                            <choice doc:name="BRANCH">
                                                <when expression="%getServiceExceptionsOutput/results/IMAGELOCATION%!= '--'">
                                                    <try doc:name="SEQUENCE">
                                                        <ee:transform doc:id="oicszuqo-9b5e-4a86-b01c-cd738c5276d4" doc:name="MAP">
                                                            <ee:variables>
                                                                <ee:set-variable variableName="MAP">%dw 2.0
output application/json
---
vars.""</ee:set-variable>
                                                            </ee:variables>
                                                        </ee:transform>
                                                        <ee:transform doc:id="dyfxzvbs-9b5e-4a86-b01c-cd738c5276d4" doc:name="MAP">
                                                            <ee:variables>
                                                                <ee:set-variable variableName="MAP">%dw 2.0
output application/json
---
vars.""</ee:set-variable>
                                                            </ee:variables>
                                                        </ee:transform>
                                                    </try>
                                                </when>
                                            </choice>
                                            <choice doc:name="BRANCH">
                                                <when expression="%getServiceExceptionsOutput/results/IMAGELOCATION2%!='--'">
                                                    <try doc:name="SEQUENCE">
                                                        <ee:transform doc:id="mwgfywxk-9b5e-4a86-b01c-cd738c5276d4" doc:name="MAP">
                                                            <ee:variables>
                                                                <ee:set-variable variableName="MAP">%dw 2.0
output application/json
---
vars.""</ee:set-variable>
                                                            </ee:variables>
                                                        </ee:transform>
                                                        <ee:transform doc:id="miophcuo-9b5e-4a86-b01c-cd738c5276d4" doc:name="MAP">
                                                            <ee:variables>
                                                                <ee:set-variable variableName="MAP">%dw 2.0
output application/json
---
vars.""</ee:set-variable>
                                                            </ee:variables>
                                                        </ee:transform>
                                                    </try>
                                                </when>
                                            </choice>
                                            <ee:transform doc:id="plfklhiw-9b5e-4a86-b01c-cd738c5276d4" doc:name="MAP">
                                                <ee:variables>
                                                    <ee:set-variable variableName="MAP">%dw 2.0
output application/json
---
vars.""</ee:set-variable>
                                                </ee:variables>
                                            </ee:transform>
                                            <ee:transform doc:id="fqzupuhw-9b5e-4a86-b01c-cd738c5276d4" doc:name="MAP">
                                                <ee:variables>
                                                    <ee:set-variable variableName="MAP">%dw 2.0
output application/json
---
vars.""</ee:set-variable>
                                                </ee:variables>
                                            </ee:transform>
                                        </foreach>
                                        <ee:transform doc:id="tusnpwwj-9b5e-4a86-b01c-cd738c5276d4" doc:name="MAP">
                                            <ee:variables>
                                                <ee:set-variable variableName="MAP">%dw 2.0
output application/json
---
vars.""</ee:set-variable>
                                            </ee:variables>
                                        </ee:transform>
                                    </try>
                                </when>
                                <otherwise>
                                    <try doc:name="SEQUENCE">
                                        <db:select config-ref="wm_ocs.conn:JDBC_CONN_OCSD_CAAG_USER" doc:id="wxrlwind-eadc-40b9-98cc-268d14076da0" doc:name="wm_ocs.svcs.inbound.adptrsvcs:getServiceExceptions" target="wm_ocs.svcs.inbound.adptrsvcs:getserviceexceptions">
                                            <db:sql>SELECT   NVL ( NULLIF (NVL (T.ROUTEORDER.DRIVER.lastname, '')||', ', NVL (T.ROUTEORDER.DRIVER.lastname, '')) || NULLIF (NVL (T.ROUTEORDER.DRIVER.firstname, '')||' ', NVL (T.ROUTEORDER.DRIVER.firstname, '')) || NVL (T.ROUTEORDER.DRIVER.middlename, ''),  '--')&#13;
                DRIVERNAME,&#13;
         NVL ( DECODE (O.NEGCONFIRM, 'X', 'CONFIRMED NEGATIVE', '', 'CONFIRMED POSITIVE','U' ,'IN PROGRESS', O.NEGCONFIRM),'--') &#13;
            CONTAINERSTATUS,&#13;
         NVL ( TP.TEXT, '--') &#13;
                EXCEPTIONCODE,&#13;
         NVL ( FR.TEXT1 || FR.TEXT2, '--') &#13;
                DRIVERCOMMENTS,&#13;
        (SELECT NVL ( LISTAGG (COMMENTS, CHR (10))WITHIN GROUP (ORDER BY SEQUENCE_NUM),'--') FROM OCS_ADMIN.TP_CO_HOCCOMMENT HCOMMENT WHERE HCOMMENT.FK_CUSTOMERORDER = T.PKEY AND DISPATCHER_ID &lt;&gt; 'DRV' AND &#13;
        DISPATCHER_ID &lt;&gt; 'RCV'&#13;
        ) &#13;
                DISPATCHERCOMMENTS,&#13;
         NVL ( TOI.IMAGE_LOCATION, '--') &#13;
                IMAGELOCATION,&#13;
         NVL ( O.OBUIMAGETRANSID, '--') &#13;
                TRANSACTIONID,&#13;
         NVL ( TO_CHAR (TOI.PKEY), '--') &#13;
                OBUIMAGEDATAPKEY,&#13;
         NVL ( TO_CHAR (TOI.IMAGE_STAMP), '--') &#13;
                IMAGETIMESTAMP,&#13;
         NVL ( TO_CHAR (S.QUANTITY), '--') &#13;
                NUMOFCONTAINERS,            &#13;
          NVL ( TOI1.IMAGE_LOCATION, '--') &#13;
                IMAGELOCATION2,&#13;
         NVL ( O.OBUIMAGETRANSID, '--') &#13;
                 TRANSACTIONID2,&#13;
         NVL ( TO_CHAR (TOI1.PKEY), '--') &#13;
                OBUIMAGEDATAPKEY2,&#13;
         NVL ( TO_CHAR (TOI1.IMAGE_STAMP), '--') &#13;
                IMAGETIMESTAMP2,&#13;
         NVL ( TP1.ID, '--')  RECOVERYPLANCODE,     &#13;
         NVL(HREC.RECOVERYTYPE, '--') &#13;
         RECOVERYTYPE,&#13;
         NVL ( TO_CHAR (HREC.RECOVERYDATE), '--') &#13;
         RECOVERYDATE,&#13;
         NVL(HREC.UNABLETOCONTACT, '--')&#13;
         UNABLETOCONTACT ,&#13;
         NVL(HREC.CUSTOMERNAME, '--') CUSTOMERNAME ,&#13;
         NVL(HREC.CUSTOMERPHONE, '--') CUSTOMERPHONE, &#13;
         NVL(RECRO.ID ,'--') ROUTEID &#13;
    FROM OCS_ADMIN.VP_CUSTOMERORDER T&#13;
         INNER JOIN OCS_ADMIN.TN_CUSTOMERSERVICE S ON  T.PKEY = S.FK_CUSTOMERORDER&#13;
         LEFT OUTER JOIN OCS_ADMIN.TP_CO_HAULCALL O   ON  &#13;
                                                          &#13;
                                                          T.PKEY = O.FK_CUSTOMERORDER&#13;
                                                            AND (O.FK_CUSTOMERSERVICE IS NULL OR S.PKEY = O.FK_CUSTOMERSERVICE)&#13;
                                                          AND O.FK_VEHICLE IS NOT NULL                                                        &#13;
         LEFT OUTER JOIN OCS_ADMIN.TP_FREEFORMDATA FR   ON  FR.PKEY = O.fk_FREEFORMDATA&#13;
         LEFT OUTER JOIN OCS_ADMIN.TP_TEMPLATE TP   ON  TP.PKEY = O.FK_HAULCALL&#13;
         LEFT OUTER JOIN OCS_ADMIN.TP_OBUIMAGEDATA TOI  ON  TOI.TRANSID = O.OBUIMAGETRANSID&#13;
         LEFT OUTER JOIN OCS_ADMIN.TP_OBUIMAGEDATA TOI1  ON  TOI1.TRANSID = O.OBUIMAGETRANSID2&#13;
         LEFT OUTER JOIN OCS_ADMIN.TP_CO_HOCRECOVERY HREC ON HREC.FK_CUSTOMERORDER=T.PKEY                                                            &#13;
         LEFT OUTER JOIN OCS_ADMIN.TP_TEMPLATE TP1   ON  TP1.PKEY = HREC.FK_RECOVERYPLANCODE&#13;
         LEFT OUTER JOIN OCS_ADMIN.TP_ROUTE RECRO ON  RECRO.PKEY = HREC.FK_RECOVERYROUTE       &#13;
         WHERE T.PKEY =?                               -- CUSTOMER ORDER PKEY&#13;
         AND S.PKEY = ?                             -- CUSTOMER SERVICE PKEY                              &#13;
ORDER BY T.ROUTEORDER.ORDERDATE  DESC</db:sql>
                                            <db:input-parameters/>
                                        </db:select>
                                        <set-payload doc:id="erknosri-eadc-40b9-98cc-268d14076da0" doc:name="Set Payload" name="set_payload" value="#[payload]"/>
                                        <foreach collection="#[payload]" doc:id="oxqdktqt-eadc-40b9-98cc-268d14076da0" doc:name="LOOP" name="LOOP">
                                            <choice doc:name="BRANCH">
                                                <when expression="%getServiceExceptionsOutput/results/IMAGELOCATION%!= '--'">
                                                    <try doc:name="SEQUENCE">
                                                        <ee:transform doc:id="ceyhxohi-9b5e-4a86-b01c-cd738c5276d4" doc:name="MAP">
                                                            <ee:variables>
                                                                <ee:set-variable variableName="MAP">%dw 2.0
output application/json
---
vars.""</ee:set-variable>
                                                            </ee:variables>
                                                        </ee:transform>
                                                        <ee:transform doc:id="lgrpvvjr-9b5e-4a86-b01c-cd738c5276d4" doc:name="MAP">
                                                            <ee:variables>
                                                                <ee:set-variable variableName="MAP">%dw 2.0
output application/json
---
vars.""</ee:set-variable>
                                                            </ee:variables>
                                                        </ee:transform>
                                                    </try>
                                                </when>
                                            </choice>
                                            <choice doc:name="BRANCH">
                                                <when expression="%getServiceExceptionsOutput/results/IMAGELOCATION2%!='--'">
                                                    <try doc:name="SEQUENCE">
                                                        <ee:transform doc:id="lqxyaouu-9b5e-4a86-b01c-cd738c5276d4" doc:name="MAP">
                                                            <ee:variables>
                                                                <ee:set-variable variableName="MAP">%dw 2.0
output application/json
---
vars.""</ee:set-variable>
                                                            </ee:variables>
                                                        </ee:transform>
                                                        <ee:transform doc:id="vrldoxbz-9b5e-4a86-b01c-cd738c5276d4" doc:name="MAP">
                                                            <ee:variables>
                                                                <ee:set-variable variableName="MAP">%dw 2.0
output application/json
---
vars.""</ee:set-variable>
                                                            </ee:variables>
                                                        </ee:transform>
                                                    </try>
                                                </when>
                                            </choice>
                                            <ee:transform doc:id="hanvpkrr-9b5e-4a86-b01c-cd738c5276d4" doc:name="MAP">
                                                <ee:variables>
                                                    <ee:set-variable variableName="MAP">%dw 2.0
output application/json
---
vars.""</ee:set-variable>
                                                </ee:variables>
                                            </ee:transform>
                                            <ee:transform doc:id="imyjuuik-9b5e-4a86-b01c-cd738c5276d4" doc:name="MAP">
                                                <ee:variables>
                                                    <ee:set-variable variableName="MAP">%dw 2.0
output application/json
---
vars.""</ee:set-variable>
                                                </ee:variables>
                                            </ee:transform>
                                        </foreach>
                                        <ee:transform doc:id="edkbmdgd-9b5e-4a86-b01c-cd738c5276d4" doc:name="MAP">
                                            <ee:variables>
                                                <ee:set-variable variableName="MAP">%dw 2.0
output application/json
---
vars.""</ee:set-variable>
                                            </ee:variables>
                                        </ee:transform>
                                    </try>
                                </otherwise>
                            </choice>
                        </try>
                    </when>
                    <otherwise>
                        <try doc:name="SEQUENCE">
                            <choice doc:name="BRANCH">
                                <when expression="% /limit% = /[^ ]/">
                                    <try doc:name="SEQUENCE">
                                        <db:select config-ref="wm_ocs.conn:JDBC_CONN_OCSD_CAAG_USER" doc:id="jyvrdbkx-eadc-40b9-98cc-268d14076da0" doc:name="wm_ocs.svcs.inbound.adptrsvcs:getServiceExceptions" target="wm_ocs.svcs.inbound.adptrsvcs:getserviceexceptions">
                                            <db:sql>SELECT   NVL ( NULLIF (NVL (T.ROUTEORDER.DRIVER.lastname, '')||', ', NVL (T.ROUTEORDER.DRIVER.lastname, '')) || NULLIF (NVL (T.ROUTEORDER.DRIVER.firstname, '')||' ', NVL (T.ROUTEORDER.DRIVER.firstname, '')) || NVL (T.ROUTEORDER.DRIVER.middlename, ''),  '--')&#13;
                DRIVERNAME,&#13;
         NVL ( DECODE (O.NEGCONFIRM, 'X', 'CONFIRMED NEGATIVE', '', 'CONFIRMED POSITIVE','U' ,'IN PROGRESS', O.NEGCONFIRM),'--') &#13;
            CONTAINERSTATUS,&#13;
         NVL ( TP.TEXT, '--') &#13;
                EXCEPTIONCODE,&#13;
         NVL ( FR.TEXT1 || FR.TEXT2, '--') &#13;
                DRIVERCOMMENTS,&#13;
        (SELECT NVL ( LISTAGG (COMMENTS, CHR (10))WITHIN GROUP (ORDER BY SEQUENCE_NUM),'--') FROM OCS_ADMIN.TP_CO_HOCCOMMENT HCOMMENT WHERE HCOMMENT.FK_CUSTOMERORDER = T.PKEY AND DISPATCHER_ID &lt;&gt; 'DRV' AND &#13;
        DISPATCHER_ID &lt;&gt; 'RCV'&#13;
        ) &#13;
                DISPATCHERCOMMENTS,&#13;
         NVL ( TOI.IMAGE_LOCATION, '--') &#13;
                IMAGELOCATION,&#13;
         NVL ( O.OBUIMAGETRANSID, '--') &#13;
                TRANSACTIONID,&#13;
         NVL ( TO_CHAR (TOI.PKEY), '--') &#13;
                OBUIMAGEDATAPKEY,&#13;
         NVL ( TO_CHAR (TOI.IMAGE_STAMP), '--') &#13;
                IMAGETIMESTAMP,&#13;
         NVL ( TO_CHAR (S.QUANTITY), '--') &#13;
                NUMOFCONTAINERS,            &#13;
          NVL ( TOI1.IMAGE_LOCATION, '--') &#13;
                IMAGELOCATION2,&#13;
         NVL ( O.OBUIMAGETRANSID, '--') &#13;
                 TRANSACTIONID2,&#13;
         NVL ( TO_CHAR (TOI1.PKEY), '--') &#13;
                OBUIMAGEDATAPKEY2,&#13;
         NVL ( TO_CHAR (TOI1.IMAGE_STAMP), '--') &#13;
                IMAGETIMESTAMP2,&#13;
         NVL ( TP1.ID, '--')  RECOVERYPLANCODE,     &#13;
         NVL(HREC.RECOVERYTYPE, '--') &#13;
         RECOVERYTYPE,&#13;
         NVL ( TO_CHAR (HREC.RECOVERYDATE), '--') &#13;
         RECOVERYDATE,&#13;
         NVL(HREC.UNABLETOCONTACT, '--')&#13;
         UNABLETOCONTACT ,&#13;
         NVL(HREC.CUSTOMERNAME, '--') CUSTOMERNAME ,&#13;
         NVL(HREC.CUSTOMERPHONE, '--') CUSTOMERPHONE, &#13;
         NVL(RECRO.ID ,'--') ROUTEID &#13;
    FROM OCS_ADMIN.VP_CUSTOMERORDER T&#13;
         INNER JOIN OCS_ADMIN.TN_CUSTOMERSERVICE S ON  T.PKEY = S.FK_CUSTOMERORDER&#13;
         LEFT OUTER JOIN OCS_ADMIN.TP_CO_HAULCALL O   ON  &#13;
                                                          &#13;
                                                          T.PKEY = O.FK_CUSTOMERORDER&#13;
                                                            AND (O.FK_CUSTOMERSERVICE IS NULL OR S.PKEY = O.FK_CUSTOMERSERVICE)&#13;
                                                          AND O.FK_VEHICLE IS NOT NULL                                                        &#13;
         LEFT OUTER JOIN OCS_ADMIN.TP_FREEFORMDATA FR   ON  FR.PKEY = O.fk_FREEFORMDATA&#13;
         LEFT OUTER JOIN OCS_ADMIN.TP_TEMPLATE TP   ON  TP.PKEY = O.FK_HAULCALL&#13;
         LEFT OUTER JOIN OCS_ADMIN.TP_OBUIMAGEDATA TOI  ON  TOI.TRANSID = O.OBUIMAGETRANSID&#13;
         LEFT OUTER JOIN OCS_ADMIN.TP_OBUIMAGEDATA TOI1  ON  TOI1.TRANSID = O.OBUIMAGETRANSID2&#13;
         LEFT OUTER JOIN OCS_ADMIN.TP_CO_HOCRECOVERY HREC ON HREC.FK_CUSTOMERORDER=T.PKEY                                                            &#13;
         LEFT OUTER JOIN OCS_ADMIN.TP_TEMPLATE TP1   ON  TP1.PKEY = HREC.FK_RECOVERYPLANCODE&#13;
         LEFT OUTER JOIN OCS_ADMIN.TP_ROUTE RECRO ON  RECRO.PKEY = HREC.FK_RECOVERYROUTE       &#13;
         WHERE T.PKEY =?                               -- CUSTOMER ORDER PKEY&#13;
         AND S.PKEY = ?                             -- CUSTOMER SERVICE PKEY                              &#13;
ORDER BY T.ROUTEORDER.ORDERDATE  DESC</db:sql>
                                            <db:input-parameters/>
                                        </db:select>
                                        <set-payload doc:id="bzbstwhb-eadc-40b9-98cc-268d14076da0" doc:name="Set Payload" name="set_payload" value="#[payload]"/>
                                        <foreach collection="#[payload]" doc:id="zkjvrsai-eadc-40b9-98cc-268d14076da0" doc:name="LOOP" name="LOOP">
                                            <choice doc:name="BRANCH">
                                                <when expression="%getServiceExceptionsOutput/results/IMAGELOCATION%!= '--'">
                                                    <try doc:name="SEQUENCE">
                                                        <ee:transform doc:id="bmpdtjds-9b5e-4a86-b01c-cd738c5276d4" doc:name="MAP">
                                                            <ee:variables>
                                                                <ee:set-variable variableName="MAP">%dw 2.0
output application/json
---
vars.""</ee:set-variable>
                                                            </ee:variables>
                                                        </ee:transform>
                                                        <ee:transform doc:id="srxrkunb-9b5e-4a86-b01c-cd738c5276d4" doc:name="MAP">
                                                            <ee:variables>
                                                                <ee:set-variable variableName="MAP">%dw 2.0
output application/json
---
vars.""</ee:set-variable>
                                                            </ee:variables>
                                                        </ee:transform>
                                                    </try>
                                                </when>
                                            </choice>
                                            <choice doc:name="BRANCH">
                                                <when expression="%getServiceExceptionsOutput/results/IMAGELOCATION2%!='--'">
                                                    <try doc:name="SEQUENCE">
                                                        <ee:transform doc:id="bzuetqdi-9b5e-4a86-b01c-cd738c5276d4" doc:name="MAP">
                                                            <ee:variables>
                                                                <ee:set-variable variableName="MAP">%dw 2.0
output application/json
---
vars.""</ee:set-variable>
                                                            </ee:variables>
                                                        </ee:transform>
                                                        <ee:transform doc:id="eebqmzix-9b5e-4a86-b01c-cd738c5276d4" doc:name="MAP">
                                                            <ee:variables>
                                                                <ee:set-variable variableName="MAP">%dw 2.0
output application/json
---
vars.""</ee:set-variable>
                                                            </ee:variables>
                                                        </ee:transform>
                                                    </try>
                                                </when>
                                            </choice>
                                            <ee:transform doc:id="yfjkylyz-9b5e-4a86-b01c-cd738c5276d4" doc:name="MAP">
                                                <ee:variables>
                                                    <ee:set-variable variableName="MAP">%dw 2.0
output application/json
---
vars.""</ee:set-variable>
                                                </ee:variables>
                                            </ee:transform>
                                            <ee:transform doc:id="awtzrtjp-9b5e-4a86-b01c-cd738c5276d4" doc:name="MAP">
                                                <ee:variables>
                                                    <ee:set-variable variableName="MAP">%dw 2.0
output application/json
---
vars.""</ee:set-variable>
                                                </ee:variables>
                                            </ee:transform>
                                        </foreach>
                                        <ee:transform doc:id="fnoatcmv-9b5e-4a86-b01c-cd738c5276d4" doc:name="MAP">
                                            <ee:variables>
                                                <ee:set-variable variableName="MAP">%dw 2.0
output application/json
---
vars.""</ee:set-variable>
                                            </ee:variables>
                                        </ee:transform>
                                    </try>
                                </when>
                                <otherwise>
                                    <try doc:name="SEQUENCE">
                                        <db:select config-ref="wm_ocs.conn:JDBC_CONN_OCSD_CAAG_USER" doc:id="daqkipwg-eadc-40b9-98cc-268d14076da0" doc:name="wm_ocs.svcs.inbound.adptrsvcs:getServiceExceptions" target="wm_ocs.svcs.inbound.adptrsvcs:getserviceexceptions">
                                            <db:sql>SELECT   NVL ( NULLIF (NVL (T.ROUTEORDER.DRIVER.lastname, '')||', ', NVL (T.ROUTEORDER.DRIVER.lastname, '')) || NULLIF (NVL (T.ROUTEORDER.DRIVER.firstname, '')||' ', NVL (T.ROUTEORDER.DRIVER.firstname, '')) || NVL (T.ROUTEORDER.DRIVER.middlename, ''),  '--')&#13;
                DRIVERNAME,&#13;
         NVL ( DECODE (O.NEGCONFIRM, 'X', 'CONFIRMED NEGATIVE', '', 'CONFIRMED POSITIVE','U' ,'IN PROGRESS', O.NEGCONFIRM),'--') &#13;
            CONTAINERSTATUS,&#13;
         NVL ( TP.TEXT, '--') &#13;
                EXCEPTIONCODE,&#13;
         NVL ( FR.TEXT1 || FR.TEXT2, '--') &#13;
                DRIVERCOMMENTS,&#13;
        (SELECT NVL ( LISTAGG (COMMENTS, CHR (10))WITHIN GROUP (ORDER BY SEQUENCE_NUM),'--') FROM OCS_ADMIN.TP_CO_HOCCOMMENT HCOMMENT WHERE HCOMMENT.FK_CUSTOMERORDER = T.PKEY AND DISPATCHER_ID &lt;&gt; 'DRV' AND &#13;
        DISPATCHER_ID &lt;&gt; 'RCV'&#13;
        ) &#13;
                DISPATCHERCOMMENTS,&#13;
         NVL ( TOI.IMAGE_LOCATION, '--') &#13;
                IMAGELOCATION,&#13;
         NVL ( O.OBUIMAGETRANSID, '--') &#13;
                TRANSACTIONID,&#13;
         NVL ( TO_CHAR (TOI.PKEY), '--') &#13;
                OBUIMAGEDATAPKEY,&#13;
         NVL ( TO_CHAR (TOI.IMAGE_STAMP), '--') &#13;
                IMAGETIMESTAMP,&#13;
         NVL ( TO_CHAR (S.QUANTITY), '--') &#13;
                NUMOFCONTAINERS,            &#13;
          NVL ( TOI1.IMAGE_LOCATION, '--') &#13;
                IMAGELOCATION2,&#13;
         NVL ( O.OBUIMAGETRANSID, '--') &#13;
                 TRANSACTIONID2,&#13;
         NVL ( TO_CHAR (TOI1.PKEY), '--') &#13;
                OBUIMAGEDATAPKEY2,&#13;
         NVL ( TO_CHAR (TOI1.IMAGE_STAMP), '--') &#13;
                IMAGETIMESTAMP2,&#13;
         NVL ( TP1.ID, '--')  RECOVERYPLANCODE,     &#13;
         NVL(HREC.RECOVERYTYPE, '--') &#13;
         RECOVERYTYPE,&#13;
         NVL ( TO_CHAR (HREC.RECOVERYDATE), '--') &#13;
         RECOVERYDATE,&#13;
         NVL(HREC.UNABLETOCONTACT, '--')&#13;
         UNABLETOCONTACT ,&#13;
         NVL(HREC.CUSTOMERNAME, '--') CUSTOMERNAME ,&#13;
         NVL(HREC.CUSTOMERPHONE, '--') CUSTOMERPHONE, &#13;
         NVL(RECRO.ID ,'--') ROUTEID &#13;
    FROM OCS_ADMIN.VP_CUSTOMERORDER T&#13;
         INNER JOIN OCS_ADMIN.TN_CUSTOMERSERVICE S ON  T.PKEY = S.FK_CUSTOMERORDER&#13;
         LEFT OUTER JOIN OCS_ADMIN.TP_CO_HAULCALL O   ON  &#13;
                                                          &#13;
                                                          T.PKEY = O.FK_CUSTOMERORDER&#13;
                                                            AND (O.FK_CUSTOMERSERVICE IS NULL OR S.PKEY = O.FK_CUSTOMERSERVICE)&#13;
                                                          AND O.FK_VEHICLE IS NOT NULL                                                        &#13;
         LEFT OUTER JOIN OCS_ADMIN.TP_FREEFORMDATA FR   ON  FR.PKEY = O.fk_FREEFORMDATA&#13;
         LEFT OUTER JOIN OCS_ADMIN.TP_TEMPLATE TP   ON  TP.PKEY = O.FK_HAULCALL&#13;
         LEFT OUTER JOIN OCS_ADMIN.TP_OBUIMAGEDATA TOI  ON  TOI.TRANSID = O.OBUIMAGETRANSID&#13;
         LEFT OUTER JOIN OCS_ADMIN.TP_OBUIMAGEDATA TOI1  ON  TOI1.TRANSID = O.OBUIMAGETRANSID2&#13;
         LEFT OUTER JOIN OCS_ADMIN.TP_CO_HOCRECOVERY HREC ON HREC.FK_CUSTOMERORDER=T.PKEY                                                            &#13;
         LEFT OUTER JOIN OCS_ADMIN.TP_TEMPLATE TP1   ON  TP1.PKEY = HREC.FK_RECOVERYPLANCODE&#13;
         LEFT OUTER JOIN OCS_ADMIN.TP_ROUTE RECRO ON  RECRO.PKEY = HREC.FK_RECOVERYROUTE       &#13;
         WHERE T.PKEY =?                               -- CUSTOMER ORDER PKEY&#13;
         AND S.PKEY = ?                             -- CUSTOMER SERVICE PKEY                              &#13;
ORDER BY T.ROUTEORDER.ORDERDATE  DESC</db:sql>
                                            <db:input-parameters/>
                                        </db:select>
                                        <set-payload doc:id="avznkalv-eadc-40b9-98cc-268d14076da0" doc:name="Set Payload" name="set_payload" value="#[payload]"/>
                                        <foreach collection="#[payload]" doc:id="hhpuzrmo-eadc-40b9-98cc-268d14076da0" doc:name="LOOP" name="LOOP">
                                            <choice doc:name="BRANCH">
                                                <when expression="%getServiceExceptionsOutput/results/IMAGELOCATION%!= '--'">
                                                    <try doc:name="SEQUENCE">
                                                        <ee:transform doc:id="jjfuszko-9b5e-4a86-b01c-cd738c5276d4" doc:name="MAP">
                                                            <ee:variables>
                                                                <ee:set-variable variableName="MAP">%dw 2.0
output application/json
---
vars.""</ee:set-variable>
                                                            </ee:variables>
                                                        </ee:transform>
                                                        <ee:transform doc:id="dwnyiupf-9b5e-4a86-b01c-cd738c5276d4" doc:name="MAP">
                                                            <ee:variables>
                                                                <ee:set-variable variableName="MAP">%dw 2.0
output application/json
---
vars.""</ee:set-variable>
                                                            </ee:variables>
                                                        </ee:transform>
                                                    </try>
                                                </when>
                                            </choice>
                                            <choice doc:name="BRANCH">
                                                <when expression="%getServiceExceptionsOutput/results/IMAGELOCATION2%!='--'">
                                                    <try doc:name="SEQUENCE">
                                                        <ee:transform doc:id="mxhtkvtp-9b5e-4a86-b01c-cd738c5276d4" doc:name="MAP">
                                                            <ee:variables>
                                                                <ee:set-variable variableName="MAP">%dw 2.0
output application/json
---
vars.""</ee:set-variable>
                                                            </ee:variables>
                                                        </ee:transform>
                                                        <ee:transform doc:id="fumsafsi-9b5e-4a86-b01c-cd738c5276d4" doc:name="MAP">
                                                            <ee:variables>
                                                                <ee:set-variable variableName="MAP">%dw 2.0
output application/json
---
vars.""</ee:set-variable>
                                                            </ee:variables>
                                                        </ee:transform>
                                                    </try>
                                                </when>
                                            </choice>
                                            <ee:transform doc:id="yvazegyy-9b5e-4a86-b01c-cd738c5276d4" doc:name="MAP">
                                                <ee:variables>
                                                    <ee:set-variable variableName="MAP">%dw 2.0
output application/json
---
vars.""</ee:set-variable>
                                                </ee:variables>
                                            </ee:transform>
                                            <ee:transform doc:id="noavduaq-9b5e-4a86-b01c-cd738c5276d4" doc:name="MAP">
                                                <ee:variables>
                                                    <ee:set-variable variableName="MAP">%dw 2.0
output application/json
---
vars.""</ee:set-variable>
                                                </ee:variables>
                                            </ee:transform>
                                        </foreach>
                                        <ee:transform doc:id="ynyuhcwx-9b5e-4a86-b01c-cd738c5276d4" doc:name="MAP">
                                            <ee:variables>
                                                <ee:set-variable variableName="MAP">%dw 2.0
output application/json
---
vars.""</ee:set-variable>
                                            </ee:variables>
                                        </ee:transform>
                                    </try>
                                </otherwise>
                            </choice>
                        </try>
                    </otherwise>
                </choice>
                <choice doc:name="BRANCH">
                    <when expression="%count%!=0">
                        <try doc:name="SEQUENCE">
                            <ee:transform doc:id="iztcqmmt-9b5e-4a86-b01c-cd738c5276d4" doc:name="MAP">
                                <ee:variables>
                                    <ee:set-variable variableName="MAP">%dw 2.0
output application/json
---
vars.""</ee:set-variable>
                                </ee:variables>
                            </ee:transform>
                            <logger doc:id="nyqfxnjr-eadc-40b9-98cc-268d14076da0" doc:name="wm_common.utils:checkAcceptHeader" level="INFO"/>
                            <logger doc:id="mtafqljp-eadc-40b9-98cc-268d14076da0" doc:name="wm_common.utils:checkIfModifiedSinceHeader" level="INFO"/>
                        </try>
                    </when>
                    <otherwise>
                        <try doc:name="SEQUENCE">
                            <ee:transform doc:id="jtytmlxn-9b5e-4a86-b01c-cd738c5276d4" doc:name="MAP">
                                <ee:variables>
                                    <ee:set-variable variableName="MAP">%dw 2.0
output application/json
---
vars.""</ee:set-variable>
                                </ee:variables>
                            </ee:transform>
                            <logger doc:id="ctrixgsi-eadc-40b9-98cc-268d14076da0" doc:name="wm_common.utils:throwError" level="INFO"/>
                        </try>
                    </otherwise>
                </choice>
                <ee:transform doc:id="zgxzxlzs-9b5e-4a86-b01c-cd738c5276d4" doc:name="MAP">
                    <ee:variables>
                        <ee:set-variable variableName="MAP">%dw 2.0
output application/json
---
vars.""</ee:set-variable>
                    </ee:variables>
                </ee:transform>
            </try>
            <try doc:name="SEQUENCE">
                <logger doc:id="gukqjmzs-eadc-40b9-98cc-268d14076da0" doc:name="pub.flow:getLastError" level="INFO"/>
                <logger doc:id="wtyrpwaa-eadc-40b9-98cc-268d14076da0" doc:name="wm_errorhandling.utils:getCallingService" level="INFO"/>
                <logger doc:id="nvhkhazf-eadc-40b9-98cc-268d14076da0" doc:name="wm_errorhandling.svcs.flowsvcs:createErrorMsg_FW1" level="INFO"/>
                <ee:transform doc:id="gamzdgtf-9b5e-4a86-b01c-cd738c5276d4" doc:name="MAP">
                    <ee:variables>
                        <ee:set-variable variableName="MAP">%dw 2.0
output application/json
---
vars.""</ee:set-variable>
                    </ee:variables>
                </ee:transform>
                <logger doc:id="jvsrhydv-eadc-40b9-98cc-268d14076da0" doc:name="EXIT" level="INFO"/>
            </try>
        </try>
    </flow>
</mule>
