<?xml version="1.0" encoding="UTF-8"?><mule xmlns="http://www.mulesoft.org/schema/mule/core" xmlns:db="http://www.mulesoft.org/schema/mule/db" xmlns:doc="http://www.mulesoft.org/schema/mule/documentation" xmlns:ee="http://www.mulesoft.org/schema/mule/ee/core" xmlns:xsi="http://www.w3.org/2001/XMLSchema-instance" xsi:schemaLocation="http://www.mulesoft.org/schema/mule/core http://www.mulesoft.org/schema/mule/core/current/mule.xsd http://www.mulesoft.org/schema/mule/ee/core http://www.mulesoft.org/schema/mule/ee/core/current/mule-ee.xsd http://www.mulesoft.org/schema/mule/db http://www.mulesoft.org/schema/mule/db/current/mule-db.xsd">
    <flow doc:id="uuxruozh-eadc-40b9-98cc-268d14076da0" name="wm_ocs-svcs-inbound-flowsvcs-mapVehicleGPSCoordinatesForNoCache">
        <try doc:name="SEQUENCE">
            <try doc:name="SEQUENCE">
                <ee:transform doc:id="ktvoqfcl-9b5e-4a86-b01c-cd738c5276d4" doc:name="MAP">
                    <ee:variables>
                        <ee:set-variable variableName="MAP">%dw 2.0
output application/json
---
vars.""</ee:set-variable>
                    </ee:variables>
                </ee:transform>
                <choice doc:name="BRANCH">
                    <when expression="%offset%!=$null &amp;&amp; %limit%!=$null &amp;&amp; %offset%!=&quot;&quot; &amp;&amp; %limit% !=&quot;&quot;">
                        <try doc:name="SEQUENCE">
                            <ee:transform doc:id="dlzfwwii-9b5e-4a86-b01c-cd738c5276d4" doc:name="MAP">
                                <ee:variables>
                                    <ee:set-variable variableName="MAP">%dw 2.0
output application/json
---
vars.""</ee:set-variable>
                                </ee:variables>
                            </ee:transform>
                            <ee:transform doc:id="uwraqncn-9b5e-4a86-b01c-cd738c5276d4" doc:name="MAP">
                                <ee:variables>
                                    <ee:set-variable variableName="MAP">%dw 2.0
output application/json
---
vars.""</ee:set-variable>
                                </ee:variables>
                            </ee:transform>
                        </try>
                    </when>
                </choice>
                <choice doc:name="BRANCH">
                    <when expression="% /fields% = /[^ ]/">
                        <try doc:name="SEQUENCE">
                            <choice doc:name="BRANCH">
                                <when expression="% /limit% = /[^ ]/">
                                    <try doc:name="SEQUENCE">
                                        <db:select config-ref="wm_ocs.conn:JDBC_CONN_OCSD_CAAG_USER" doc:id="somkvlvv-eadc-40b9-98cc-268d14076da0" doc:name="wm_ocs.svcs.inbound.adptrsvcs:getVehicleGPSCoordinates_range" target="wm_ocs.svcs.inbound.adptrsvcs:getvehiclegpscoordinates_range">
                                            <db:sql>SELECT ${field}  FROM&#13;
(&#13;
   SELECT ROW_NUMBER() OVER(ORDER BY A.VEHICLE.ID DESC) NUM,A.LATITUDE,A.LONGITUDE,A.GPSTIME FROM OCS_ADMIN.VP_VEHICLE_POSITION A WHERE A.VEHICLE.ID =?&#13;
	AND A.GPSTIME &gt;= TRUNC(SYSDATE) AND A.DATAVALID = 'X'&#13;
)&#13;
WHERE NUM &gt;=? AND NUM &lt;=?</db:sql>
                                        </db:select>
                                        <ee:transform doc:id="xhvtajgz-9b5e-4a86-b01c-cd738c5276d4" doc:name="MAP">
                                            <ee:variables>
                                                <ee:set-variable variableName="MAP">%dw 2.0
output application/json
---
vars.""</ee:set-variable>
                                            </ee:variables>
                                        </ee:transform>
                                    </try>
                                </when>
                                <otherwise>
                                    <try doc:name="SEQUENCE">
                                        <db:select config-ref="wm_ocs.conn:JDBC_CONN_OCSD_CAAG_USER" doc:id="esxarzhb-eadc-40b9-98cc-268d14076da0" doc:name="wm_ocs.svcs.inbound.adptrsvcs:getVehicleGPSCoordinates" target="wm_ocs.svcs.inbound.adptrsvcs:getvehiclegpscoordinates">
                                            <db:sql>SELECT ${field}  FROM&#13;
(SELECT A.LATITUDE LATITUDE,A.LONGITUDE LONGITUDE,A.GPSTIME GPSTIME&#13;
FROM OCS_ADMIN.VP_VEHICLE_POSITION A&#13;
WHERE A.VEHICLE.ID =?&#13;
AND A.GPSTIME &gt;= TRUNC(SYSDATE)&#13;
AND A.DATAVALID = 'X')&#13;
</db:sql>
                                        </db:select>
                                        <ee:transform doc:id="oykbxmgr-9b5e-4a86-b01c-cd738c5276d4" doc:name="MAP">
                                            <ee:variables>
                                                <ee:set-variable variableName="MAP">%dw 2.0
output application/json
---
vars.""</ee:set-variable>
                                            </ee:variables>
                                        </ee:transform>
                                    </try>
                                </otherwise>
                            </choice>
                        </try>
                    </when>
                    <otherwise>
                        <try doc:name="SEQUENCE">
                            <choice doc:name="BRANCH">
                                <when expression="% /limit% = /[^ ]/">
                                    <try doc:name="SEQUENCE">
                                        <db:select config-ref="wm_ocs.conn:JDBC_CONN_OCSD_CAAG_USER" doc:id="cubfavty-eadc-40b9-98cc-268d14076da0" doc:name="wm_ocs.svcs.inbound.adptrsvcs:getVehicleGPSCoordinates_range" target="wm_ocs.svcs.inbound.adptrsvcs:getvehiclegpscoordinates_range">
                                            <db:sql>SELECT ${field}  FROM&#13;
(&#13;
   SELECT ROW_NUMBER() OVER(ORDER BY A.VEHICLE.ID DESC) NUM,A.LATITUDE,A.LONGITUDE,A.GPSTIME FROM OCS_ADMIN.VP_VEHICLE_POSITION A WHERE A.VEHICLE.ID =?&#13;
	AND A.GPSTIME &gt;= TRUNC(SYSDATE) AND A.DATAVALID = 'X'&#13;
)&#13;
WHERE NUM &gt;=? AND NUM &lt;=?</db:sql>
                                        </db:select>
                                        <ee:transform doc:id="ljmzdsfs-9b5e-4a86-b01c-cd738c5276d4" doc:name="MAP">
                                            <ee:variables>
                                                <ee:set-variable variableName="MAP">%dw 2.0
output application/json
---
vars.""</ee:set-variable>
                                            </ee:variables>
                                        </ee:transform>
                                    </try>
                                </when>
                                <otherwise>
                                    <try doc:name="SEQUENCE">
                                        <db:select config-ref="wm_ocs.conn:JDBC_CONN_OCSD_CAAG_USER" doc:id="vxglpxqa-eadc-40b9-98cc-268d14076da0" doc:name="wm_ocs.svcs.inbound.adptrsvcs:getVehicleGPSCoordinates" target="wm_ocs.svcs.inbound.adptrsvcs:getvehiclegpscoordinates">
                                            <db:sql>SELECT ${field}  FROM&#13;
(SELECT A.LATITUDE LATITUDE,A.LONGITUDE LONGITUDE,A.GPSTIME GPSTIME&#13;
FROM OCS_ADMIN.VP_VEHICLE_POSITION A&#13;
WHERE A.VEHICLE.ID =?&#13;
AND A.GPSTIME &gt;= TRUNC(SYSDATE)&#13;
AND A.DATAVALID = 'X')&#13;
</db:sql>
                                        </db:select>
                                        <ee:transform doc:id="rxlldehh-9b5e-4a86-b01c-cd738c5276d4" doc:name="MAP">
                                            <ee:variables>
                                                <ee:set-variable variableName="MAP">%dw 2.0
output application/json
---
vars.""</ee:set-variable>
                                            </ee:variables>
                                        </ee:transform>
                                    </try>
                                </otherwise>
                            </choice>
                        </try>
                    </otherwise>
                </choice>
                <choice doc:name="BRANCH">
                    <when expression="%count%!=0">
                        <try doc:name="SEQUENCE">
                            <ee:transform doc:id="fobpzora-9b5e-4a86-b01c-cd738c5276d4" doc:name="MAP">
                                <ee:variables>
                                    <ee:set-variable variableName="MAP">%dw 2.0
output application/json
---
vars.""</ee:set-variable>
                                </ee:variables>
                            </ee:transform>
                            <ee:transform doc:id="dkmxkbci-9b5e-4a86-b01c-cd738c5276d4" doc:name="MAP">
                                <ee:variables>
                                    <ee:set-variable variableName="MAP">%dw 2.0
output application/json
---
vars.""</ee:set-variable>
                                </ee:variables>
                            </ee:transform>
                            <logger doc:id="tuoglcfi-eadc-40b9-98cc-268d14076da0" doc:name="wm_common.utils:checkAcceptHeader" level="INFO"/>
                            <logger doc:id="hwzsegvi-eadc-40b9-98cc-268d14076da0" doc:name="wm_common.utils:checkIfModifiedSinceHeader" level="INFO"/>
                        </try>
                    </when>
                    <otherwise>
                        <try doc:name="SEQUENCE">
                            <ee:transform doc:id="pnskcxgl-9b5e-4a86-b01c-cd738c5276d4" doc:name="MAP">
                                <ee:variables>
                                    <ee:set-variable variableName="MAP">%dw 2.0
output application/json
---
vars.""</ee:set-variable>
                                </ee:variables>
                            </ee:transform>
                            <logger doc:id="sggvsqiy-eadc-40b9-98cc-268d14076da0" doc:name="wm_common.utils:throwError" level="INFO"/>
                        </try>
                    </otherwise>
                </choice>
                <ee:transform doc:id="oazbbpnq-9b5e-4a86-b01c-cd738c5276d4" doc:name="MAP">
                    <ee:variables>
                        <ee:set-variable variableName="MAP">%dw 2.0
output application/json
---
vars.""</ee:set-variable>
                    </ee:variables>
                </ee:transform>
            </try>
            <try doc:name="SEQUENCE">
                <logger doc:id="nzkmlpuu-eadc-40b9-98cc-268d14076da0" doc:name="pub.flow:getLastError" level="INFO"/>
                <logger doc:id="dhpntako-eadc-40b9-98cc-268d14076da0" doc:name="wm_errorhandling.utils:getCallingService" level="INFO"/>
                <logger doc:id="kpvtjugd-eadc-40b9-98cc-268d14076da0" doc:name="wm_errorhandling.svcs.flowsvcs:createErrorMsg_FW1" level="INFO"/>
                <ee:transform doc:id="zmdmbnsp-9b5e-4a86-b01c-cd738c5276d4" doc:name="MAP">
                    <ee:variables>
                        <ee:set-variable variableName="MAP">%dw 2.0
output application/json
---
vars.""</ee:set-variable>
                    </ee:variables>
                </ee:transform>
                <logger doc:id="kmbxehyv-eadc-40b9-98cc-268d14076da0" doc:name="EXIT" level="INFO"/>
            </try>
        </try>
        <try doc:name="SEQUENCE">
            <try doc:name="SEQUENCE">
                <ee:transform doc:id="kzpudspy-9b5e-4a86-b01c-cd738c5276d4" doc:name="MAP">
                    <ee:variables>
                        <ee:set-variable variableName="MAP">%dw 2.0
output application/json
---
vars.""</ee:set-variable>
                    </ee:variables>
                </ee:transform>
                <choice doc:name="BRANCH">
                    <when expression="%offset%!=$null &amp;&amp; %limit%!=$null &amp;&amp; %offset%!=&quot;&quot; &amp;&amp; %limit% !=&quot;&quot;">
                        <try doc:name="SEQUENCE">
                            <ee:transform doc:id="ygypkkwf-9b5e-4a86-b01c-cd738c5276d4" doc:name="MAP">
                                <ee:variables>
                                    <ee:set-variable variableName="MAP">%dw 2.0
output application/json
---
vars.""</ee:set-variable>
                                </ee:variables>
                            </ee:transform>
                            <ee:transform doc:id="joyadssb-9b5e-4a86-b01c-cd738c5276d4" doc:name="MAP">
                                <ee:variables>
                                    <ee:set-variable variableName="MAP">%dw 2.0
output application/json
---
vars.""</ee:set-variable>
                                </ee:variables>
                            </ee:transform>
                        </try>
                    </when>
                </choice>
                <choice doc:name="BRANCH">
                    <when expression="% /fields% = /[^ ]/">
                        <try doc:name="SEQUENCE">
                            <choice doc:name="BRANCH">
                                <when expression="% /limit% = /[^ ]/">
                                    <try doc:name="SEQUENCE">
                                        <db:select config-ref="wm_ocs.conn:JDBC_CONN_OCSD_CAAG_USER" doc:id="fegkqjex-eadc-40b9-98cc-268d14076da0" doc:name="wm_ocs.svcs.inbound.adptrsvcs:getVehicleGPSCoordinates_range" target="wm_ocs.svcs.inbound.adptrsvcs:getvehiclegpscoordinates_range">
                                            <db:sql>SELECT ${field}  FROM&#13;
(&#13;
   SELECT ROW_NUMBER() OVER(ORDER BY A.VEHICLE.ID DESC) NUM,A.LATITUDE,A.LONGITUDE,A.GPSTIME FROM OCS_ADMIN.VP_VEHICLE_POSITION A WHERE A.VEHICLE.ID =?&#13;
	AND A.GPSTIME &gt;= TRUNC(SYSDATE) AND A.DATAVALID = 'X'&#13;
)&#13;
WHERE NUM &gt;=? AND NUM &lt;=?</db:sql>
                                        </db:select>
                                        <ee:transform doc:id="rmlcmymy-9b5e-4a86-b01c-cd738c5276d4" doc:name="MAP">
                                            <ee:variables>
                                                <ee:set-variable variableName="MAP">%dw 2.0
output application/json
---
vars.""</ee:set-variable>
                                            </ee:variables>
                                        </ee:transform>
                                    </try>
                                </when>
                                <otherwise>
                                    <try doc:name="SEQUENCE">
                                        <db:select config-ref="wm_ocs.conn:JDBC_CONN_OCSD_CAAG_USER" doc:id="zivwbjov-eadc-40b9-98cc-268d14076da0" doc:name="wm_ocs.svcs.inbound.adptrsvcs:getVehicleGPSCoordinates" target="wm_ocs.svcs.inbound.adptrsvcs:getvehiclegpscoordinates">
                                            <db:sql>SELECT ${field}  FROM&#13;
(SELECT A.LATITUDE LATITUDE,A.LONGITUDE LONGITUDE,A.GPSTIME GPSTIME&#13;
FROM OCS_ADMIN.VP_VEHICLE_POSITION A&#13;
WHERE A.VEHICLE.ID =?&#13;
AND A.GPSTIME &gt;= TRUNC(SYSDATE)&#13;
AND A.DATAVALID = 'X')&#13;
</db:sql>
                                        </db:select>
                                        <ee:transform doc:id="jvkgndth-9b5e-4a86-b01c-cd738c5276d4" doc:name="MAP">
                                            <ee:variables>
                                                <ee:set-variable variableName="MAP">%dw 2.0
output application/json
---
vars.""</ee:set-variable>
                                            </ee:variables>
                                        </ee:transform>
                                    </try>
                                </otherwise>
                            </choice>
                        </try>
                    </when>
                    <otherwise>
                        <try doc:name="SEQUENCE">
                            <choice doc:name="BRANCH">
                                <when expression="% /limit% = /[^ ]/">
                                    <try doc:name="SEQUENCE">
                                        <db:select config-ref="wm_ocs.conn:JDBC_CONN_OCSD_CAAG_USER" doc:id="vbpzmfxl-eadc-40b9-98cc-268d14076da0" doc:name="wm_ocs.svcs.inbound.adptrsvcs:getVehicleGPSCoordinates_range" target="wm_ocs.svcs.inbound.adptrsvcs:getvehiclegpscoordinates_range">
                                            <db:sql>SELECT ${field}  FROM&#13;
(&#13;
   SELECT ROW_NUMBER() OVER(ORDER BY A.VEHICLE.ID DESC) NUM,A.LATITUDE,A.LONGITUDE,A.GPSTIME FROM OCS_ADMIN.VP_VEHICLE_POSITION A WHERE A.VEHICLE.ID =?&#13;
	AND A.GPSTIME &gt;= TRUNC(SYSDATE) AND A.DATAVALID = 'X'&#13;
)&#13;
WHERE NUM &gt;=? AND NUM &lt;=?</db:sql>
                                        </db:select>
                                        <ee:transform doc:id="rikbtunc-9b5e-4a86-b01c-cd738c5276d4" doc:name="MAP">
                                            <ee:variables>
                                                <ee:set-variable variableName="MAP">%dw 2.0
output application/json
---
vars.""</ee:set-variable>
                                            </ee:variables>
                                        </ee:transform>
                                    </try>
                                </when>
                                <otherwise>
                                    <try doc:name="SEQUENCE">
                                        <db:select config-ref="wm_ocs.conn:JDBC_CONN_OCSD_CAAG_USER" doc:id="cddmqldv-eadc-40b9-98cc-268d14076da0" doc:name="wm_ocs.svcs.inbound.adptrsvcs:getVehicleGPSCoordinates" target="wm_ocs.svcs.inbound.adptrsvcs:getvehiclegpscoordinates">
                                            <db:sql>SELECT ${field}  FROM&#13;
(SELECT A.LATITUDE LATITUDE,A.LONGITUDE LONGITUDE,A.GPSTIME GPSTIME&#13;
FROM OCS_ADMIN.VP_VEHICLE_POSITION A&#13;
WHERE A.VEHICLE.ID =?&#13;
AND A.GPSTIME &gt;= TRUNC(SYSDATE)&#13;
AND A.DATAVALID = 'X')&#13;
</db:sql>
                                        </db:select>
                                        <ee:transform doc:id="tzjnflba-9b5e-4a86-b01c-cd738c5276d4" doc:name="MAP">
                                            <ee:variables>
                                                <ee:set-variable variableName="MAP">%dw 2.0
output application/json
---
vars.""</ee:set-variable>
                                            </ee:variables>
                                        </ee:transform>
                                    </try>
                                </otherwise>
                            </choice>
                        </try>
                    </otherwise>
                </choice>
                <choice doc:name="BRANCH">
                    <when expression="%count%!=0">
                        <try doc:name="SEQUENCE">
                            <ee:transform doc:id="lojixhxt-9b5e-4a86-b01c-cd738c5276d4" doc:name="MAP">
                                <ee:variables>
                                    <ee:set-variable variableName="MAP">%dw 2.0
output application/json
---
vars.""</ee:set-variable>
                                </ee:variables>
                            </ee:transform>
                            <ee:transform doc:id="pekzuuil-9b5e-4a86-b01c-cd738c5276d4" doc:name="MAP">
                                <ee:variables>
                                    <ee:set-variable variableName="MAP">%dw 2.0
output application/json
---
vars.""</ee:set-variable>
                                </ee:variables>
                            </ee:transform>
                            <logger doc:id="siemmgsp-eadc-40b9-98cc-268d14076da0" doc:name="wm_common.utils:checkAcceptHeader" level="INFO"/>
                            <logger doc:id="qacpjoyn-eadc-40b9-98cc-268d14076da0" doc:name="wm_common.utils:checkIfModifiedSinceHeader" level="INFO"/>
                        </try>
                    </when>
                    <otherwise>
                        <try doc:name="SEQUENCE">
                            <ee:transform doc:id="wdpfctyu-9b5e-4a86-b01c-cd738c5276d4" doc:name="MAP">
                                <ee:variables>
                                    <ee:set-variable variableName="MAP">%dw 2.0
output application/json
---
vars.""</ee:set-variable>
                                </ee:variables>
                            </ee:transform>
                            <logger doc:id="zoguwbdk-eadc-40b9-98cc-268d14076da0" doc:name="wm_common.utils:throwError" level="INFO"/>
                        </try>
                    </otherwise>
                </choice>
                <ee:transform doc:id="aejmnatc-9b5e-4a86-b01c-cd738c5276d4" doc:name="MAP">
                    <ee:variables>
                        <ee:set-variable variableName="MAP">%dw 2.0
output application/json
---
vars.""</ee:set-variable>
                    </ee:variables>
                </ee:transform>
            </try>
            <try doc:name="SEQUENCE">
                <logger doc:id="jhrngnlc-eadc-40b9-98cc-268d14076da0" doc:name="pub.flow:getLastError" level="INFO"/>
                <logger doc:id="npeosiel-eadc-40b9-98cc-268d14076da0" doc:name="wm_errorhandling.utils:getCallingService" level="INFO"/>
                <logger doc:id="xronudwa-eadc-40b9-98cc-268d14076da0" doc:name="wm_errorhandling.svcs.flowsvcs:createErrorMsg_FW1" level="INFO"/>
                <ee:transform doc:id="cgcbomch-9b5e-4a86-b01c-cd738c5276d4" doc:name="MAP">
                    <ee:variables>
                        <ee:set-variable variableName="MAP">%dw 2.0
output application/json
---
vars.""</ee:set-variable>
                    </ee:variables>
                </ee:transform>
                <logger doc:id="srykrpfu-eadc-40b9-98cc-268d14076da0" doc:name="EXIT" level="INFO"/>
            </try>
        </try>
    </flow>
</mule>
