<?xml version="1.0" encoding="UTF-8"?><mule xmlns="http://www.mulesoft.org/schema/mule/core" xmlns:db="http://www.mulesoft.org/schema/mule/db" xmlns:doc="http://www.mulesoft.org/schema/mule/documentation" xmlns:ee="http://www.mulesoft.org/schema/mule/ee/core" xmlns:xsi="http://www.w3.org/2001/XMLSchema-instance" xsi:schemaLocation="http://www.mulesoft.org/schema/mule/core http://www.mulesoft.org/schema/mule/core/current/mule.xsd http://www.mulesoft.org/schema/mule/ee/core http://www.mulesoft.org/schema/mule/ee/core/current/mule-ee.xsd http://www.mulesoft.org/schema/mule/db http://www.mulesoft.org/schema/mule/db/current/mule-db.xsd">
    <flow doc:id="uuxruozh-eadc-40b9-98cc-268d14076da0" name="wm_ocs-svcs-inbound-flowsvcs-mapVehicleGPSCoordinatesForNoCache">
        <try doc:name="SEQUENCE">
            <try doc:name="SEQUENCE">
                
<ee:transform doc:name="MAP" doc:id="0af093a1-f36b-4a65-9f3f-7a904ab46e8b" >
			<ee:message >
			</ee:message>
			<ee:variables>
				<ee:set-variable variableName="MAP" ><![CDATA[%dw 2.0
output application/json
var valueList = "call wm_common.config:getCustParam_multiple with args:nameList='''',"

---
	{"enableCache": valueList[1],
"jdbcConnName": valueList[0],
"configFileName": payload."configFileName",
"vehicle_id": payload."vehicle_id",
"Cache-Control": payload."Cache-Control",
"If-Modified-Since": payload."If-Modified-Since",
"Accept": payload."Accept",
"fields": payload."fields",
"pathHeader": payload."pathHeader",
"limit": payload."limit",
"offset": payload."offset"
}
]]></ee:set-variable>
			</ee:variables>
		</ee:transform>
    
                <choice doc:name="BRANCH">
                    <when expression="%offset%!=$null &amp;&amp; %limit%!=$null &amp;&amp; %offset%!=&quot;&quot; &amp;&amp; %limit% !=&quot;&quot;">
                        <try doc:name="SEQUENCE">
                            
<ee:transform doc:name="MAP" doc:id="0af093a1-f36b-4a65-9f3f-7a904ab46e8b" >
			<ee:message >
			</ee:message>
			<ee:variables>
				<ee:set-variable variableName="MAP" ><![CDATA[%dw 2.0
output application/json
---
	{"metadata": {
  "limit": payload."limit",
  "offset": payload."offset"
},
"configFileName": vars.MAP."configFileName",
"customer_id": payload."customer_id",
"Cache-Control": vars.MAP."Cache-Control",
"If-Modified-Since": vars.MAP."If-Modified-Since",
"Accept": vars.MAP."Accept",
"type": payload."type",
"pathHeader": vars.MAP."pathHeader",
"numberOfDays": payload."numberOfDays",
"limit": vars.MAP."limit",
"offset": vars.MAP."offset"
}
]]></ee:set-variable>
			</ee:variables>
		</ee:transform>
    
                            
<ee:transform doc:name="MAP" doc:id="0af093a1-f36b-4a65-9f3f-7a904ab46e8b" >
			<ee:message >
			</ee:message>
			<ee:variables>
				<ee:set-variable variableName="MAP" ><![CDATA[%dw 2.0
output application/json
var value = "call pub.math:addInts with args:"

---
	{"limit": value_1,
"cacheManagerName": payload."cacheManagerName",
"jsonString": payload."jsonString",
"cacheName": payload."cacheName",
"customerUnqID": payload."customerUnqID",
"offset": vars.MAP."offset",
"fields": vars.MAP."fields",
"cachekey": payload."cachekey",
"connection_ocs": payload."connection_ocs",
"configFileName": vars.MAP."configFileName",
"vehicle_id": vars.MAP."vehicle_id",
"Cache-Control": vars.MAP."Cache-Control",
"If-Modified-Since": vars.MAP."If-Modified-Since",
"Accept": vars.MAP."Accept",
"pathHeader": vars.MAP."pathHeader",
"jdbcConnName": vars.MAP."jdbcConnName",
"enableCache": vars.MAP."enableCache"
}
]]></ee:set-variable>
			</ee:variables>
		</ee:transform>
    
                        </try>
                    </when>
                </choice>
                <choice doc:name="BRANCH">
                    <when expression="% /fields% = /[^ ]/">
                        <try doc:name="SEQUENCE">
                            <choice doc:name="BRANCH">
                                <when expression="% /limit% = /[^ ]/">
                                    <try doc:name="SEQUENCE">
                                        <db:select config-ref="wm_ocs.conn:JDBC_CONN_OCSD_CAAG_USER" doc:id="somkvlvv-eadc-40b9-98cc-268d14076da0" doc:name="wm_ocs.svcs.inbound.adptrsvcs:getVehicleGPSCoordinates_range" target="wm_ocs.svcs.inbound.adptrsvcs:getvehiclegpscoordinates_range">
                                            <db:sql>SELECT ${field}  FROM&#13;
(&#13;
   SELECT ROW_NUMBER() OVER(ORDER BY A.VEHICLE.ID DESC) NUM,A.LATITUDE,A.LONGITUDE,A.GPSTIME FROM OCS_ADMIN.VP_VEHICLE_POSITION A WHERE A.VEHICLE.ID =?&#13;
	AND A.GPSTIME &gt;= TRUNC(SYSDATE) AND A.DATAVALID = 'X'&#13;
)&#13;
WHERE NUM &gt;=? AND NUM &lt;=?</db:sql>
                                        </db:select>
                                        
<ee:transform doc:name="MAP" doc:id="0af093a1-f36b-4a65-9f3f-7a904ab46e8b" >
			<ee:message >
			</ee:message>
			<ee:variables>
				<ee:set-variable variableName="MAP" ><![CDATA[%dw 2.0
output application/json
---
	{"coordinates": {
  "latitude": payload."getVehicleGPSCoordinates_rangeOutput.results.LATITUDE",
  "longitude": payload."getVehicleGPSCoordinates_rangeOutput.results.LONGITUDE",
  "gps_time": payload."getVehicleGPSCoordinates_rangeOutput.results.GPSTIME"
},
"configFileName": vars."wm_ocs.svcs.inbound.adptrsvcs__getVehicleGPSCoordinates_range"."configFileName",
"vehicle_id": vars."wm_ocs.svcs.inbound.adptrsvcs__getVehicleGPSCoordinates_range"."vehicle_id",
"Cache-Control": vars."wm_ocs.svcs.inbound.adptrsvcs__getVehicleGPSCoordinates_range"."Cache-Control",
"If-Modified-Since": vars."wm_ocs.svcs.inbound.adptrsvcs__getVehicleGPSCoordinates_range"."If-Modified-Since",
"count": vars."wm_ocs.svcs.inbound.adptrsvcs__getVehicleGPSCoordinates_range"."count",
"Accept": vars."wm_ocs.svcs.inbound.adptrsvcs__getVehicleGPSCoordinates_range"."Accept",
"type": vars.MAP."type",
"fields": vars."wm_ocs.svcs.inbound.adptrsvcs__getVehicleGPSCoordinates_range"."fields",
"pathHeader": vars."wm_ocs.svcs.inbound.adptrsvcs__getVehicleGPSCoordinates_range"."pathHeader",
"numberOfDays": vars.MAP."numberOfDays",
"limit": vars.MAP."limit",
"offset": vars.MAP."offset",
"serviceStatsFlag": payload."serviceStatsFlag",
"jdbcConnName": vars."wm_ocs.svcs.inbound.adptrsvcs__getVehicleGPSCoordinates_range"."jdbcConnName",
"SQLStatement": payload."SQLStatement",
"LATITUDE": payload."LATITUDE",
"LONGITUDE": payload."LONGITUDE",
"GPSTIME": payload."GPSTIME",
"NUM": payload."NUM",
"getVehicleGPSCoordinates_rangeOutput": {
  "results": {
    "LATITUDE": payload."getVehicleGPSCoordinates_rangeOutput.results.LATITUDE",
    "LONGITUDE": payload."getVehicleGPSCoordinates_rangeOutput.results.LONGITUDE",
    "GPSTIME": payload."getVehicleGPSCoordinates_rangeOutput.results.GPSTIME"
  }
}
}
]]></ee:set-variable>
			</ee:variables>
		</ee:transform>
    
                                    </try>
                                </when>
                                <otherwise>
                                    <try doc:name="SEQUENCE">
                                        <db:select config-ref="wm_ocs.conn:JDBC_CONN_OCSD_CAAG_USER" doc:id="esxarzhb-eadc-40b9-98cc-268d14076da0" doc:name="wm_ocs.svcs.inbound.adptrsvcs:getVehicleGPSCoordinates" target="wm_ocs.svcs.inbound.adptrsvcs:getvehiclegpscoordinates">
                                            <db:sql>SELECT ${field}  FROM&#13;
(SELECT A.LATITUDE LATITUDE,A.LONGITUDE LONGITUDE,A.GPSTIME GPSTIME&#13;
FROM OCS_ADMIN.VP_VEHICLE_POSITION A&#13;
WHERE A.VEHICLE.ID =?&#13;
AND A.GPSTIME &gt;= TRUNC(SYSDATE)&#13;
AND A.DATAVALID = 'X')&#13;
</db:sql>
                                        </db:select>
                                        
<ee:transform doc:name="MAP" doc:id="0af093a1-f36b-4a65-9f3f-7a904ab46e8b" >
			<ee:message >
			</ee:message>
			<ee:variables>
				<ee:set-variable variableName="MAP" ><![CDATA[%dw 2.0
output application/json
---
	{"coordinates": {
  "latitude": vars."wm_ocs.svcs.inbound.adptrsvcs__getVehicleGPSCoordinates"."getVehicleGPSCoordinatesOutput.results.LATITUDE",
  "longitude": vars."wm_ocs.svcs.inbound.adptrsvcs__getVehicleGPSCoordinates"."getVehicleGPSCoordinatesOutput.results.LONGITUDE",
  "gps_time": vars."wm_ocs.svcs.inbound.adptrsvcs__getVehicleGPSCoordinates"."getVehicleGPSCoordinatesOutput.results.GPSTIME"
},
"configFileName": vars."wm_ocs.svcs.inbound.adptrsvcs__getVehicleGPSCoordinates"."configFileName",
"vehicle_id": vars."wm_ocs.svcs.inbound.adptrsvcs__getVehicleGPSCoordinates"."vehicle_id",
"Cache-Control": vars."wm_ocs.svcs.inbound.adptrsvcs__getVehicleGPSCoordinates"."Cache-Control",
"If-Modified-Since": vars."wm_ocs.svcs.inbound.adptrsvcs__getVehicleGPSCoordinates"."If-Modified-Since",
"count": vars."wm_ocs.svcs.inbound.adptrsvcs__getVehicleGPSCoordinates"."count",
"Accept": vars."wm_ocs.svcs.inbound.adptrsvcs__getVehicleGPSCoordinates"."Accept",
"type": vars."wm_ocs.svcs.inbound.adptrsvcs__getVehicleGPSCoordinates"."type",
"fields": vars."wm_ocs.svcs.inbound.adptrsvcs__getVehicleGPSCoordinates"."fields",
"pathHeader": vars."wm_ocs.svcs.inbound.adptrsvcs__getVehicleGPSCoordinates"."pathHeader",
"numberOfDays": vars."wm_ocs.svcs.inbound.adptrsvcs__getVehicleGPSCoordinates"."numberOfDays",
"limit": vars."wm_ocs.svcs.inbound.adptrsvcs__getVehicleGPSCoordinates"."limit",
"offset": vars."wm_ocs.svcs.inbound.adptrsvcs__getVehicleGPSCoordinates"."offset",
"serviceStatsFlag": vars."wm_ocs.svcs.inbound.adptrsvcs__getVehicleGPSCoordinates"."serviceStatsFlag",
"jdbcConnName": vars."wm_ocs.svcs.inbound.adptrsvcs__getVehicleGPSCoordinates"."jdbcConnName",
"SQLStatement": vars."wm_ocs.svcs.inbound.adptrsvcs__getVehicleGPSCoordinates"."SQLStatement",
"LATITUDE": vars."wm_ocs.svcs.inbound.adptrsvcs__getVehicleGPSCoordinates"."LATITUDE",
"LONGITUDE": vars."wm_ocs.svcs.inbound.adptrsvcs__getVehicleGPSCoordinates"."LONGITUDE",
"GPSTIME": vars."wm_ocs.svcs.inbound.adptrsvcs__getVehicleGPSCoordinates"."GPSTIME",
"getVehicleGPSCoordinatesOutput": {
  "results": {
    "LATITUDE": payload."getVehicleGPSCoordinatesOutput.results.LATITUDE",
    "LONGITUDE": payload."getVehicleGPSCoordinatesOutput.results.LONGITUDE",
    "GPSTIME": payload."getVehicleGPSCoordinatesOutput.results.GPSTIME"
  }
}
}
]]></ee:set-variable>
			</ee:variables>
		</ee:transform>
    
                                    </try>
                                </otherwise>
                            </choice>
                        </try>
                    </when>
                    <otherwise>
                        <try doc:name="SEQUENCE">
                            <choice doc:name="BRANCH">
                                <when expression="% /limit% = /[^ ]/">
                                    <try doc:name="SEQUENCE">
                                        <db:select config-ref="wm_ocs.conn:JDBC_CONN_OCSD_CAAG_USER" doc:id="cubfavty-eadc-40b9-98cc-268d14076da0" doc:name="wm_ocs.svcs.inbound.adptrsvcs:getVehicleGPSCoordinates_range" target="wm_ocs.svcs.inbound.adptrsvcs:getvehiclegpscoordinates_range">
                                            <db:sql>SELECT ${field}  FROM&#13;
(&#13;
   SELECT ROW_NUMBER() OVER(ORDER BY A.VEHICLE.ID DESC) NUM,A.LATITUDE,A.LONGITUDE,A.GPSTIME FROM OCS_ADMIN.VP_VEHICLE_POSITION A WHERE A.VEHICLE.ID =?&#13;
	AND A.GPSTIME &gt;= TRUNC(SYSDATE) AND A.DATAVALID = 'X'&#13;
)&#13;
WHERE NUM &gt;=? AND NUM &lt;=?</db:sql>
                                        </db:select>
                                        
<ee:transform doc:name="MAP" doc:id="0af093a1-f36b-4a65-9f3f-7a904ab46e8b" >
			<ee:message >
			</ee:message>
			<ee:variables>
				<ee:set-variable variableName="MAP" ><![CDATA[%dw 2.0
output application/json
---
	{"coordinates": {
  "latitude": vars."wm_ocs.svcs.inbound.adptrsvcs__getVehicleGPSCoordinates_range"."getVehicleGPSCoordinates_rangeOutput.results.LATITUDE",
  "longitude": vars."wm_ocs.svcs.inbound.adptrsvcs__getVehicleGPSCoordinates_range"."getVehicleGPSCoordinates_rangeOutput.results.LONGITUDE",
  "gps_time": vars."wm_ocs.svcs.inbound.adptrsvcs__getVehicleGPSCoordinates_range"."getVehicleGPSCoordinates_rangeOutput.results.GPSTIME"
},
"configFileName": vars."wm_ocs.svcs.inbound.adptrsvcs__getVehicleGPSCoordinates_range"."configFileName",
"vehicle_id": vars."wm_ocs.svcs.inbound.adptrsvcs__getVehicleGPSCoordinates_range"."vehicle_id",
"Cache-Control": vars."wm_ocs.svcs.inbound.adptrsvcs__getVehicleGPSCoordinates_range"."Cache-Control",
"If-Modified-Since": vars."wm_ocs.svcs.inbound.adptrsvcs__getVehicleGPSCoordinates_range"."If-Modified-Since",
"count": vars."wm_ocs.svcs.inbound.adptrsvcs__getVehicleGPSCoordinates_range"."count",
"Accept": vars."wm_ocs.svcs.inbound.adptrsvcs__getVehicleGPSCoordinates_range"."Accept",
"type": vars."wm_ocs.svcs.inbound.adptrsvcs__getVehicleGPSCoordinates_range"."type",
"fields": vars."wm_ocs.svcs.inbound.adptrsvcs__getVehicleGPSCoordinates_range"."fields",
"pathHeader": vars."wm_ocs.svcs.inbound.adptrsvcs__getVehicleGPSCoordinates_range"."pathHeader",
"numberOfDays": vars."wm_ocs.svcs.inbound.adptrsvcs__getVehicleGPSCoordinates_range"."numberOfDays",
"limit": vars."wm_ocs.svcs.inbound.adptrsvcs__getVehicleGPSCoordinates_range"."limit",
"offset": vars."wm_ocs.svcs.inbound.adptrsvcs__getVehicleGPSCoordinates_range"."offset",
"serviceStatsFlag": vars."wm_ocs.svcs.inbound.adptrsvcs__getVehicleGPSCoordinates_range"."serviceStatsFlag",
"jdbcConnName": vars."wm_ocs.svcs.inbound.adptrsvcs__getVehicleGPSCoordinates_range"."jdbcConnName",
"SQLStatement": vars."wm_ocs.svcs.inbound.adptrsvcs__getVehicleGPSCoordinates_range"."SQLStatement",
"LATITUDE": vars."wm_ocs.svcs.inbound.adptrsvcs__getVehicleGPSCoordinates_range"."LATITUDE",
"LONGITUDE": vars."wm_ocs.svcs.inbound.adptrsvcs__getVehicleGPSCoordinates_range"."LONGITUDE",
"GPSTIME": vars."wm_ocs.svcs.inbound.adptrsvcs__getVehicleGPSCoordinates_range"."GPSTIME",
"NUM": vars."wm_ocs.svcs.inbound.adptrsvcs__getVehicleGPSCoordinates_range"."NUM",
"getVehicleGPSCoordinates_rangeOutput": {
  "results": {
    "LATITUDE": vars."wm_ocs.svcs.inbound.adptrsvcs__getVehicleGPSCoordinates_range"."getVehicleGPSCoordinates_rangeOutput.results.LATITUDE",
    "LONGITUDE": vars."wm_ocs.svcs.inbound.adptrsvcs__getVehicleGPSCoordinates_range"."getVehicleGPSCoordinates_rangeOutput.results.LONGITUDE",
    "GPSTIME": vars."wm_ocs.svcs.inbound.adptrsvcs__getVehicleGPSCoordinates_range"."getVehicleGPSCoordinates_rangeOutput.results.GPSTIME"
  }
}
}
]]></ee:set-variable>
			</ee:variables>
		</ee:transform>
    
                                    </try>
                                </when>
                                <otherwise>
                                    <try doc:name="SEQUENCE">
                                        <db:select config-ref="wm_ocs.conn:JDBC_CONN_OCSD_CAAG_USER" doc:id="vxglpxqa-eadc-40b9-98cc-268d14076da0" doc:name="wm_ocs.svcs.inbound.adptrsvcs:getVehicleGPSCoordinates" target="wm_ocs.svcs.inbound.adptrsvcs:getvehiclegpscoordinates">
                                            <db:sql>SELECT ${field}  FROM&#13;
(SELECT A.LATITUDE LATITUDE,A.LONGITUDE LONGITUDE,A.GPSTIME GPSTIME&#13;
FROM OCS_ADMIN.VP_VEHICLE_POSITION A&#13;
WHERE A.VEHICLE.ID =?&#13;
AND A.GPSTIME &gt;= TRUNC(SYSDATE)&#13;
AND A.DATAVALID = 'X')&#13;
</db:sql>
                                        </db:select>
                                        
<ee:transform doc:name="MAP" doc:id="0af093a1-f36b-4a65-9f3f-7a904ab46e8b" >
			<ee:message >
			</ee:message>
			<ee:variables>
				<ee:set-variable variableName="MAP" ><![CDATA[%dw 2.0
output application/json
---
	{"coordinates": {
  "latitude": vars."wm_ocs.svcs.inbound.adptrsvcs__getVehicleGPSCoordinates"."getVehicleGPSCoordinatesOutput.results.LATITUDE",
  "longitude": vars."wm_ocs.svcs.inbound.adptrsvcs__getVehicleGPSCoordinates"."getVehicleGPSCoordinatesOutput.results.LONGITUDE",
  "gps_time": vars."wm_ocs.svcs.inbound.adptrsvcs__getVehicleGPSCoordinates"."getVehicleGPSCoordinatesOutput.results.GPSTIME"
},
"configFileName": vars."wm_ocs.svcs.inbound.adptrsvcs__getVehicleGPSCoordinates"."configFileName",
"vehicle_id": vars."wm_ocs.svcs.inbound.adptrsvcs__getVehicleGPSCoordinates"."vehicle_id",
"Cache-Control": vars."wm_ocs.svcs.inbound.adptrsvcs__getVehicleGPSCoordinates"."Cache-Control",
"If-Modified-Since": vars."wm_ocs.svcs.inbound.adptrsvcs__getVehicleGPSCoordinates"."If-Modified-Since",
"Accept": vars."wm_ocs.svcs.inbound.adptrsvcs__getVehicleGPSCoordinates"."Accept",
"count": vars."wm_ocs.svcs.inbound.adptrsvcs__getVehicleGPSCoordinates"."count",
"fields": vars."wm_ocs.svcs.inbound.adptrsvcs__getVehicleGPSCoordinates"."fields",
"pathHeader": vars."wm_ocs.svcs.inbound.adptrsvcs__getVehicleGPSCoordinates"."pathHeader",
"limit": vars."wm_ocs.svcs.inbound.adptrsvcs__getVehicleGPSCoordinates"."limit",
"offset": vars."wm_ocs.svcs.inbound.adptrsvcs__getVehicleGPSCoordinates"."offset",
"jdbcConnName": vars."wm_ocs.svcs.inbound.adptrsvcs__getVehicleGPSCoordinates"."jdbcConnName",
"enableCache": vars."wm_ocs.svcs.inbound.adptrsvcs__getVehicleGPSCoordinates"."enableCache",
"SQLStatement": vars."wm_ocs.svcs.inbound.adptrsvcs__getVehicleGPSCoordinates"."SQLStatement",
"LATITUDE": vars."wm_ocs.svcs.inbound.adptrsvcs__getVehicleGPSCoordinates"."LATITUDE",
"LONGITUDE": vars."wm_ocs.svcs.inbound.adptrsvcs__getVehicleGPSCoordinates"."LONGITUDE",
"GPSTIME": vars."wm_ocs.svcs.inbound.adptrsvcs__getVehicleGPSCoordinates"."GPSTIME",
"getVehicleGPSCoordinatesOutput": {
  "results": {
    "LATITUDE": vars."wm_ocs.svcs.inbound.adptrsvcs__getVehicleGPSCoordinates"."getVehicleGPSCoordinatesOutput.results.LATITUDE",
    "LONGITUDE": vars."wm_ocs.svcs.inbound.adptrsvcs__getVehicleGPSCoordinates"."getVehicleGPSCoordinatesOutput.results.LONGITUDE",
    "GPSTIME": vars."wm_ocs.svcs.inbound.adptrsvcs__getVehicleGPSCoordinates"."getVehicleGPSCoordinatesOutput.results.GPSTIME"
  }
}
}
]]></ee:set-variable>
			</ee:variables>
		</ee:transform>
    
                                    </try>
                                </otherwise>
                            </choice>
                        </try>
                    </otherwise>
                </choice>
                <choice doc:name="BRANCH">
                    <when expression="%count%!=0">
                        <try doc:name="SEQUENCE">
                            
<ee:transform doc:name="MAP" doc:id="0af093a1-f36b-4a65-9f3f-7a904ab46e8b" >
			<ee:message >
			</ee:message>
			<ee:variables>
				<ee:set-variable variableName="MAP" ><![CDATA[%dw 2.0
output application/json
---
	{SVC_LINE_ID:payload.SVC_LINE_ID,
SVCCD:payload.SVCCD,
TKTNUM:payload.TKTNUM,
TKTTYPE:payload.TKTTYPE,
RTE:payload.RTE,
PLANDTE:payload.PLANDTE,
ORDERDTE:payload.ORDERDTE,
EXCP_CLASS:payload.EXCP_CLASS,
EXCP_REASONCODE:payload.EXCP_REASONCODE,
RNK#:payload.RNK#,
SVCTIME:payload.SVCTIME,
STATUS:payload.STATUS,
SVC_LINE_ID:vars.MAP.SVC_LINE_ID,
SVCCD:vars.MAP.SVCCD,
TKTNUM:vars.MAP.TKTNUM,
TKTTYPE:vars.MAP.TKTTYPE,
RTE:vars.MAP.RTE,
PLANDTE:vars.MAP.PLANDTE,
ORDERDTE:vars.MAP.ORDERDTE,
EXCP_CLASS:vars.MAP.EXCP_CLASS,
EXCP_REASONCODE:vars.MAP.EXCP_REASONCODE,
RNK#:vars.MAP.RNK#,
SVCTIME:vars.MAP.SVCTIME,
STATUS:vars.MAP.STATUS,
"metadata": {
  "totalCount": payload."count"
},
"fileName": vars.MAP."fileName",
"configFileName": vars.MAP."configFileName",
"customer_id": vars.MAP."customer_id",
"count": vars.MAP."count",
"Cache-Control": vars.MAP."Cache-Control",
"If-Modified-Since": vars.MAP."If-Modified-Since",
"Accept": vars.MAP."Accept",
"type": vars.MAP."type",
"fields": vars.MAP."fields",
"pathHeader": vars.MAP."pathHeader",
"numberOfDays": vars.MAP."numberOfDays",
"jdbcConnName": vars.MAP."jdbcConnName",
"limit": vars.MAP."limit",
"offset": vars.MAP."offset",
"totalCount": payload."totalCount"
}
]]></ee:set-variable>
			</ee:variables>
		</ee:transform>
    
                            
<ee:transform doc:name="MAP" doc:id="0af093a1-f36b-4a65-9f3f-7a904ab46e8b" >
			<ee:message >
			</ee:message>
			<ee:variables>
				<ee:set-variable variableName="MAP" ><![CDATA[%dw 2.0
output application/json
---
	{"document": {
  "metadata": payload."metadata",
  "request_tracking_id": payload."msgHeader.transactionID",
  "coordinates": payload."coordinates"
},
"configFileName": vars.MAP."configFileName",
"vehicle_id": vars.MAP."vehicle_id",
"Cache-Control": vars.MAP."Cache-Control",
"If-Modified-Since": vars.MAP."If-Modified-Since",
"Accept": vars.MAP."Accept",
"count": vars.MAP."count",
"type": vars.MAP."type",
"fields": vars.MAP."fields",
"pathHeader": vars.MAP."pathHeader",
"numberOfDays": vars.MAP."numberOfDays",
"limit": vars.MAP."limit",
"offset": vars.MAP."offset",
"request_tracking_id": payload."request_tracking_id",
"serviceStatsFlag": vars.MAP."serviceStatsFlag",
"jdbcConnName": vars.MAP."jdbcConnName",
"totalCount": vars.MAP."totalCount",
"msgHeader": {
  "transactionID": payload."msgHeader.transactionID"
}
}
]]></ee:set-variable>
			</ee:variables>
		</ee:transform>
    
                            <logger doc:id="tuoglcfi-eadc-40b9-98cc-268d14076da0" doc:name="wm_common.utils:checkAcceptHeader" level="INFO"/>
                            <logger doc:id="hwzsegvi-eadc-40b9-98cc-268d14076da0" doc:name="wm_common.utils:checkIfModifiedSinceHeader" level="INFO"/>
                        </try>
                    </when>
                    <otherwise>
                        <try doc:name="SEQUENCE">
                            
<ee:transform doc:name="MAP" doc:id="0af093a1-f36b-4a65-9f3f-7a904ab46e8b" >
			<ee:message >
			</ee:message>
			<ee:variables>
				<ee:set-variable variableName="MAP" ><![CDATA[%dw 2.0
output application/json
---
	{"contentType": 'application/json',
"initParams": {
  "subjectNote": 'OCS',
  "errorCode": '204'
},
"Cache-Control": vars."wm_common.utils__checkIfModifiedSinceHeader"."Cache-Control",
"If-Modified-Since": vars."wm_common.utils__checkIfModifiedSinceHeader"."If-Modified-Since",
"configFileName": vars."wm_common.utils__checkIfModifiedSinceHeader"."configFileName",
"Accept": vars."wm_common.utils__checkIfModifiedSinceHeader"."Accept",
"Request-Tracking-Id": payload."Request-Tracking-Id",
"fields": vars."wm_common.utils__checkIfModifiedSinceHeader"."fields",
"count": vars."wm_common.utils__checkIfModifiedSinceHeader"."count",
"type": vars."wm_common.utils__checkIfModifiedSinceHeader"."type",
"pathHeader": vars."wm_common.utils__checkIfModifiedSinceHeader"."pathHeader",
"limit": vars."wm_common.utils__checkIfModifiedSinceHeader"."limit",
"offset": vars."wm_common.utils__checkIfModifiedSinceHeader"."offset",
"jdbcConnName": vars."wm_common.utils__checkIfModifiedSinceHeader"."jdbcConnName",
"route_order_number": payload."route_order_number",
"finalResponse": vars."wm_common.utils__checkIfModifiedSinceHeader"."finalResponse",
"etagOutput": vars."wm_common.utils__checkIfModifiedSinceHeader"."etagOutput"
}
]]></ee:set-variable>
			</ee:variables>
		</ee:transform>
    
                            <logger doc:id="sggvsqiy-eadc-40b9-98cc-268d14076da0" doc:name="wm_common.utils:throwError" level="INFO"/>
                        </try>
                    </otherwise>
                </choice>
                
<ee:transform doc:name="MAP" doc:id="0af093a1-f36b-4a65-9f3f-7a904ab46e8b" >
			<ee:message >
			</ee:message>
			<ee:variables>
				<ee:set-variable variableName="MAP" ><![CDATA[%dw 2.0
output application/json
---
	{SVC_LINE_ID:vars.MAP.SVC_LINE_ID,
SVCCD:vars.MAP.SVCCD,
TKTNUM:vars.MAP.TKTNUM,
TKTTYPE:vars.MAP.TKTTYPE,
RTE:vars.MAP.RTE,
PLANDTE:vars.MAP.PLANDTE,
ORDERDTE:vars.MAP.ORDERDTE,
EXCP_CLASS:vars.MAP.EXCP_CLASS,
EXCP_REASONCODE:vars.MAP.EXCP_REASONCODE,
RNK#:vars.MAP.RNK#,
SVCTIME:vars.MAP.SVCTIME,
STATUS:vars.MAP.STATUS,
SVC_LINE_ID:vars.MAP.SVC_LINE_ID,
SVCCD:vars.MAP.SVCCD,
TKTNUM:vars.MAP.TKTNUM,
TKTTYPE:vars.MAP.TKTTYPE,
RTE:vars.MAP.RTE,
PLANDTE:vars.MAP.PLANDTE,
ORDERDTE:vars.MAP.ORDERDTE,
EXCP_CLASS:vars.MAP.EXCP_CLASS,
EXCP_REASONCODE:vars.MAP.EXCP_REASONCODE,
RNK#:vars.MAP.RNK#,
SVCTIME:vars.MAP.SVCTIME,
STATUS:vars.MAP.STATUS,
"customer_id": vars.MAP."customer_id",
"type": vars."wm_common.utils__throwError"."type",
"customerNo": payload."customerNo",
"library": payload."library",
"company": payload."company",
"numberOfDays": vars."wm_common.utils__throwError"."numberOfDays",
"serviceStatsFlag": vars."wm_common.utils__throwError"."serviceStatsFlag",
"finalResponse": vars."wm_common.utils__throwError"."finalResponse"
}
]]></ee:set-variable>
			</ee:variables>
		</ee:transform>
    
            </try>
            <try doc:name="SEQUENCE">
                <logger doc:id="nzkmlpuu-eadc-40b9-98cc-268d14076da0" doc:name="pub.flow:getLastError" level="INFO"/>
                <logger doc:id="dhpntako-eadc-40b9-98cc-268d14076da0" doc:name="wm_errorhandling.utils:getCallingService" level="INFO"/>
                <logger doc:id="kpvtjugd-eadc-40b9-98cc-268d14076da0" doc:name="wm_errorhandling.svcs.flowsvcs:createErrorMsg_FW1" level="INFO"/>
                
<ee:transform doc:name="MAP" doc:id="0af093a1-f36b-4a65-9f3f-7a904ab46e8b" >
			<ee:message >
			</ee:message>
			<ee:variables>
				<ee:set-variable variableName="MAP" ><![CDATA[%dw 2.0
output application/json
---
	{"contentType": 'application/json'
}
]]></ee:set-variable>
			</ee:variables>
		</ee:transform>
    
                <logger doc:id="kmbxehyv-eadc-40b9-98cc-268d14076da0" doc:name="EXIT" level="INFO"/>
            </try>
        </try>
        <try doc:name="SEQUENCE">
            <try doc:name="SEQUENCE">
                <ee:transform doc:id="kzpudspy-9b5e-4a86-b01c-cd738c5276d4" doc:name="MAP">
                    <ee:variables>
                        <ee:set-variable variableName="MAP">%dw 2.0
output application/json
---
vars.""</ee:set-variable>
                    </ee:variables>
                </ee:transform>
                <choice doc:name="BRANCH">
                    <when expression="%offset%!=$null &amp;&amp; %limit%!=$null &amp;&amp; %offset%!=&quot;&quot; &amp;&amp; %limit% !=&quot;&quot;">
                        <try doc:name="SEQUENCE">
                            <ee:transform doc:id="ygypkkwf-9b5e-4a86-b01c-cd738c5276d4" doc:name="MAP">
                                <ee:variables>
                                    <ee:set-variable variableName="MAP">%dw 2.0
output application/json
---
vars.""</ee:set-variable>
                                </ee:variables>
                            </ee:transform>
                            <ee:transform doc:id="joyadssb-9b5e-4a86-b01c-cd738c5276d4" doc:name="MAP">
                                <ee:variables>
                                    <ee:set-variable variableName="MAP">%dw 2.0
output application/json
---
vars.""</ee:set-variable>
                                </ee:variables>
                            </ee:transform>
                        </try>
                    </when>
                </choice>
                <choice doc:name="BRANCH">
                    <when expression="% /fields% = /[^ ]/">
                        <try doc:name="SEQUENCE">
                            <choice doc:name="BRANCH">
                                <when expression="% /limit% = /[^ ]/">
                                    <try doc:name="SEQUENCE">
                                        <db:select config-ref="wm_ocs.conn:JDBC_CONN_OCSD_CAAG_USER" doc:id="fegkqjex-eadc-40b9-98cc-268d14076da0" doc:name="wm_ocs.svcs.inbound.adptrsvcs:getVehicleGPSCoordinates_range" target="wm_ocs.svcs.inbound.adptrsvcs:getvehiclegpscoordinates_range">
                                            <db:sql>SELECT ${field}  FROM&#13;
(&#13;
   SELECT ROW_NUMBER() OVER(ORDER BY A.VEHICLE.ID DESC) NUM,A.LATITUDE,A.LONGITUDE,A.GPSTIME FROM OCS_ADMIN.VP_VEHICLE_POSITION A WHERE A.VEHICLE.ID =?&#13;
	AND A.GPSTIME &gt;= TRUNC(SYSDATE) AND A.DATAVALID = 'X'&#13;
)&#13;
WHERE NUM &gt;=? AND NUM &lt;=?</db:sql>
                                        </db:select>
                                        <ee:transform doc:id="rmlcmymy-9b5e-4a86-b01c-cd738c5276d4" doc:name="MAP">
                                            <ee:variables>
                                                <ee:set-variable variableName="MAP">%dw 2.0
output application/json
---
vars.""</ee:set-variable>
                                            </ee:variables>
                                        </ee:transform>
                                    </try>
                                </when>
                                <otherwise>
                                    <try doc:name="SEQUENCE">
                                        <db:select config-ref="wm_ocs.conn:JDBC_CONN_OCSD_CAAG_USER" doc:id="zivwbjov-eadc-40b9-98cc-268d14076da0" doc:name="wm_ocs.svcs.inbound.adptrsvcs:getVehicleGPSCoordinates" target="wm_ocs.svcs.inbound.adptrsvcs:getvehiclegpscoordinates">
                                            <db:sql>SELECT ${field}  FROM&#13;
(SELECT A.LATITUDE LATITUDE,A.LONGITUDE LONGITUDE,A.GPSTIME GPSTIME&#13;
FROM OCS_ADMIN.VP_VEHICLE_POSITION A&#13;
WHERE A.VEHICLE.ID =?&#13;
AND A.GPSTIME &gt;= TRUNC(SYSDATE)&#13;
AND A.DATAVALID = 'X')&#13;
</db:sql>
                                        </db:select>
                                        <ee:transform doc:id="jvkgndth-9b5e-4a86-b01c-cd738c5276d4" doc:name="MAP">
                                            <ee:variables>
                                                <ee:set-variable variableName="MAP">%dw 2.0
output application/json
---
vars.""</ee:set-variable>
                                            </ee:variables>
                                        </ee:transform>
                                    </try>
                                </otherwise>
                            </choice>
                        </try>
                    </when>
                    <otherwise>
                        <try doc:name="SEQUENCE">
                            <choice doc:name="BRANCH">
                                <when expression="% /limit% = /[^ ]/">
                                    <try doc:name="SEQUENCE">
                                        <db:select config-ref="wm_ocs.conn:JDBC_CONN_OCSD_CAAG_USER" doc:id="vbpzmfxl-eadc-40b9-98cc-268d14076da0" doc:name="wm_ocs.svcs.inbound.adptrsvcs:getVehicleGPSCoordinates_range" target="wm_ocs.svcs.inbound.adptrsvcs:getvehiclegpscoordinates_range">
                                            <db:sql>SELECT ${field}  FROM&#13;
(&#13;
   SELECT ROW_NUMBER() OVER(ORDER BY A.VEHICLE.ID DESC) NUM,A.LATITUDE,A.LONGITUDE,A.GPSTIME FROM OCS_ADMIN.VP_VEHICLE_POSITION A WHERE A.VEHICLE.ID =?&#13;
	AND A.GPSTIME &gt;= TRUNC(SYSDATE) AND A.DATAVALID = 'X'&#13;
)&#13;
WHERE NUM &gt;=? AND NUM &lt;=?</db:sql>
                                        </db:select>
                                        <ee:transform doc:id="rikbtunc-9b5e-4a86-b01c-cd738c5276d4" doc:name="MAP">
                                            <ee:variables>
                                                <ee:set-variable variableName="MAP">%dw 2.0
output application/json
---
vars.""</ee:set-variable>
                                            </ee:variables>
                                        </ee:transform>
                                    </try>
                                </when>
                                <otherwise>
                                    <try doc:name="SEQUENCE">
                                        <db:select config-ref="wm_ocs.conn:JDBC_CONN_OCSD_CAAG_USER" doc:id="cddmqldv-eadc-40b9-98cc-268d14076da0" doc:name="wm_ocs.svcs.inbound.adptrsvcs:getVehicleGPSCoordinates" target="wm_ocs.svcs.inbound.adptrsvcs:getvehiclegpscoordinates">
                                            <db:sql>SELECT ${field}  FROM&#13;
(SELECT A.LATITUDE LATITUDE,A.LONGITUDE LONGITUDE,A.GPSTIME GPSTIME&#13;
FROM OCS_ADMIN.VP_VEHICLE_POSITION A&#13;
WHERE A.VEHICLE.ID =?&#13;
AND A.GPSTIME &gt;= TRUNC(SYSDATE)&#13;
AND A.DATAVALID = 'X')&#13;
</db:sql>
                                        </db:select>
                                        <ee:transform doc:id="tzjnflba-9b5e-4a86-b01c-cd738c5276d4" doc:name="MAP">
                                            <ee:variables>
                                                <ee:set-variable variableName="MAP">%dw 2.0
output application/json
---
vars.""</ee:set-variable>
                                            </ee:variables>
                                        </ee:transform>
                                    </try>
                                </otherwise>
                            </choice>
                        </try>
                    </otherwise>
                </choice>
                <choice doc:name="BRANCH">
                    <when expression="%count%!=0">
                        <try doc:name="SEQUENCE">
                            <ee:transform doc:id="lojixhxt-9b5e-4a86-b01c-cd738c5276d4" doc:name="MAP">
                                <ee:variables>
                                    <ee:set-variable variableName="MAP">%dw 2.0
output application/json
---
vars.""</ee:set-variable>
                                </ee:variables>
                            </ee:transform>
                            <ee:transform doc:id="pekzuuil-9b5e-4a86-b01c-cd738c5276d4" doc:name="MAP">
                                <ee:variables>
                                    <ee:set-variable variableName="MAP">%dw 2.0
output application/json
---
vars.""</ee:set-variable>
                                </ee:variables>
                            </ee:transform>
                            <logger doc:id="siemmgsp-eadc-40b9-98cc-268d14076da0" doc:name="wm_common.utils:checkAcceptHeader" level="INFO"/>
                            <logger doc:id="qacpjoyn-eadc-40b9-98cc-268d14076da0" doc:name="wm_common.utils:checkIfModifiedSinceHeader" level="INFO"/>
                        </try>
                    </when>
                    <otherwise>
                        <try doc:name="SEQUENCE">
                            <ee:transform doc:id="wdpfctyu-9b5e-4a86-b01c-cd738c5276d4" doc:name="MAP">
                                <ee:variables>
                                    <ee:set-variable variableName="MAP">%dw 2.0
output application/json
---
vars.""</ee:set-variable>
                                </ee:variables>
                            </ee:transform>
                            <logger doc:id="zoguwbdk-eadc-40b9-98cc-268d14076da0" doc:name="wm_common.utils:throwError" level="INFO"/>
                        </try>
                    </otherwise>
                </choice>
                <ee:transform doc:id="aejmnatc-9b5e-4a86-b01c-cd738c5276d4" doc:name="MAP">
                    <ee:variables>
                        <ee:set-variable variableName="MAP">%dw 2.0
output application/json
---
vars.""</ee:set-variable>
                    </ee:variables>
                </ee:transform>
            </try>
            <try doc:name="SEQUENCE">
                <logger doc:id="jhrngnlc-eadc-40b9-98cc-268d14076da0" doc:name="pub.flow:getLastError" level="INFO"/>
                <logger doc:id="npeosiel-eadc-40b9-98cc-268d14076da0" doc:name="wm_errorhandling.utils:getCallingService" level="INFO"/>
                <logger doc:id="xronudwa-eadc-40b9-98cc-268d14076da0" doc:name="wm_errorhandling.svcs.flowsvcs:createErrorMsg_FW1" level="INFO"/>
                <ee:transform doc:id="cgcbomch-9b5e-4a86-b01c-cd738c5276d4" doc:name="MAP">
                    <ee:variables>
                        <ee:set-variable variableName="MAP">%dw 2.0
output application/json
---
vars.""</ee:set-variable>
                    </ee:variables>
                </ee:transform>
                <logger doc:id="srykrpfu-eadc-40b9-98cc-268d14076da0" doc:name="EXIT" level="INFO"/>
            </try>
        </try>
    </flow>
</mule>
