[
    {
        "SEQUENCE {'TIMEOUT': '', 'EXIT-ON': 'SUCCESS'} \n  ": {
            "tag": "SEQUENCE"
        }
    },
    {
        "SEQUENCE {'TIMEOUT': '', 'EXIT-ON': 'FAILURE'} \n  ": {
            "tag": "SEQUENCE"
        }
    },
    {
        "BRANCH {'TIMEOUT': '', 'LABELEXPRESSIONS': 'true'} \n  ": {
            "tag": "BRANCH"
        }
    },
    {
        "SEQUENCE {'NAME': '(%limit%==$null || %limit%==\"\" )&& %offset%!= $null', 'TIMEOUT': '', 'EXIT-ON': 'FAILURE'} \n  ": {
            "tag": "SEQUENCE"
        }
    },
    {
        "INVOKE {'TIMEOUT': '', 'SERVICE': 'wm_common.utils:throwError', 'VALIDATE-IN': '$none', 'VALIDATE-OUT': '$none'} \n  ": {
            "map_input": {
                "outputs": [
                    "errorMessage"
                ],
                "inputs": [],
                "deletes": [],
                "mappings": [
                    {
                        "field": "errorMessage",
                        "value": "'limit is required when offset exists'",
                        "type": "MAPSET"
                    }
                ]
            },
            "map_output": {
                "outputs": [
                    "errorMessage",
                    "fileName",
                    "EsbMsgHeader:msgHeader",
                    "configFileName",
                    "customer_id",
                    "Cache-Control",
                    "If-Modified-Since",
                    "Accept",
                    "type",
                    "fields",
                    "pathHeader",
                    "numberOfDays",
                    "limit",
                    "offset",
                    "initParams",
                    "serviceStatsFlag"
                ],
                "inputs": [],
                "deletes": [
                    "errorMessage"
                ],
                "mappings": [
                    {
                        "field": "initParams.subjectNote",
                        "value": "'' ++ vars.INVOKE.sourceSystem '",
                        "type": "MAPSET"
                    },
                    {
                        "field": "initParams.errorCode",
                        "value": "'ESB.ERR.0003'",
                        "type": "MAPSET"
                    }
                ]
            },
            "service": "wm_common.utils:throwError",
            "tag": "INVOKE"
        }
    },
    {
        "SEQUENCE {'NAME': '%limit%!=$null && (%offset%==$null || %offset%==\"\")', 'TIMEOUT': '', 'EXIT-ON': 'FAILURE'} \n  ": {
            "tag": "SEQUENCE"
        }
    },
    {
        "INVOKE {'TIMEOUT': '', 'SERVICE': 'wm_common.utils:throwError', 'VALIDATE-IN': '$none', 'VALIDATE-OUT': '$none'} \n  ": {
            "map_input": {
                "outputs": [
                    "errorMessage"
                ],
                "inputs": [],
                "deletes": [],
                "mappings": [
                    {
                        "field": "errorMessage",
                        "value": "'offset is required when limit exists'",
                        "type": "MAPSET"
                    }
                ]
            },
            "map_output": {
                "outputs": [
                    "errorMessage",
                    "fileName",
                    "EsbMsgHeader:msgHeader",
                    "configFileName",
                    "customer_id",
                    "Cache-Control",
                    "If-Modified-Since",
                    "Accept",
                    "fields",
                    "type",
                    "pathHeader",
                    "limit",
                    "offset",
                    "initParams"
                ],
                "inputs": [],
                "deletes": [
                    "errorMessage"
                ],
                "mappings": [
                    {
                        "field": "initParams.errorCode",
                        "value": "'ESB.ERR.0003'",
                        "type": "MAPSET"
                    },
                    {
                        "field": "initParams.subjectNote",
                        "value": "'' ++ vars.INVOKE.sourceSystem '",
                        "type": "MAPSET"
                    }
                ]
            },
            "service": "wm_common.utils:throwError",
            "tag": "INVOKE"
        }
    },
    {
        "BRANCH {'NAME': 'CacheControl', 'TIMEOUT': '', 'SWITCH': '/Cache-Control'} \n  ": {
            "tag": "BRANCH"
        }
    },
    {
        "SEQUENCE {'NAME': 'Private', 'TIMEOUT': '', 'EXIT-ON': 'FAILURE'} \n  ": {
            "tag": "SEQUENCE"
        }
    },
    {
        "SEQUENCE {'NAME': 'no-cache', 'TIMEOUT': '', 'EXIT-ON': 'FAILURE'} \n  ": {
            "tag": "SEQUENCE"
        }
    },
    {
        "INVOKE {'TIMEOUT': '', 'SERVICE': 'wm_ocs.svcs.inbound.flowsvcs:mapPlanServicesForNoCache', 'VALIDATE-IN': '$none', 'VALIDATE-OUT': '$none'} \n  ": {
            "tag": "INVOKE"
        }
    },
    {
        "SEQUENCE {'NAME': 'max-age', 'TIMEOUT': '', 'EXIT-ON': 'FAILURE'} \n  ": {
            "tag": "SEQUENCE"
        }
    },
    {
        "INVOKE {'TIMEOUT': '', 'SERVICE': 'wm_ocs.svcs.inbound.flowsvcs:mapPlanServicesForMaxAge', 'VALIDATE-IN': '$none', 'VALIDATE-OUT': '$none'} \n  ": {
            "tag": "INVOKE"
        }
    },
    {
        "SEQUENCE {'NAME': '$default', 'TIMEOUT': '', 'EXIT-ON': 'FAILURE'} \n  ": {
            "tag": "SEQUENCE"
        }
    },
    {
        "MAP {'TIMEOUT': '', 'MODE': 'STANDALONE'} \n  ": {
            "tag": "MAP",
            "fields": [
                {
                    "map_input": {
                        "outputs": [],
                        "inputs": [],
                        "deletes": [],
                        "mappings": [
                            {
                                "field": "initParams.subjectNote",
                                "value": "'ESB'",
                                "type": "MAPSET"
                            },
                            {
                                "field": "contentType",
                                "value": "'application/json'",
                                "type": "MAPSET"
                            },
                            {
                                "field": "initParams.errorCode",
                                "value": "'422'",
                                "type": "MAPSET"
                            }
                        ]
                    },
                    "map_output": {
                        "inputs": [],
                        "outputs": [],
                        "mappings": [
                            {
                                "field": "initParams.subjectNote",
                                "value": "'ESB'",
                                "type": "MAPSET"
                            },
                            {
                                "field": "contentType",
                                "value": "'application/json'",
                                "type": "MAPSET"
                            },
                            {
                                "field": "initParams.errorCode",
                                "value": "'422'",
                                "type": "MAPSET"
                            }
                        ],
                        "deletes": []
                    }
                }
            ],
            "path": "SEQUENCE->SEQUENCE->BRANCH->SEQUENCE->",
            "comment": "change subjectnote and errorcode"
        }
    },
    {
        "INVOKE {'TIMEOUT': '', 'SERVICE': 'wm_common.utils:throwError', 'VALIDATE-IN': '$none', 'VALIDATE-OUT': '$none'} \n  ": {
            "map_input": {
                "outputs": [
                    "errorMessage"
                ],
                "inputs": [],
                "deletes": [],
                "mappings": [
                    {
                        "field": "errorMessage",
                        "value": "'Invalid Cache-Control header'",
                        "type": "MAPSET"
                    }
                ]
            },
            "map_output": {
                "outputs": [
                    "EsbMsgHeader:msgHeader",
                    "configFileName",
                    "customer_id",
                    "Cache-Control",
                    "If-Modified-Since",
                    "Accept",
                    "fields",
                    "type",
                    "pathHeader",
                    "limit",
                    "offset",
                    "initParams",
                    "contentType",
                    "errorMessage"
                ],
                "inputs": [],
                "deletes": [
                    "errorMessage"
                ],
                "mappings": []
            },
            "service": "wm_common.utils:throwError",
            "tag": "INVOKE"
        }
    },
    {
        "MAP {'TIMEOUT': '', 'MODE': 'STANDALONE'} \n  ": {
            "tag": "MAP",
            "fields": [
                {
                    "map_input": {
                        "outputs": [],
                        "inputs": [],
                        "deletes": [
                            "cacheManager",
                            "document",
                            "type",
                            "pathHeader",
                            "jdbcConnName",
                            "cacheManagerName",
                            "cacheName",
                            "etagOutput",
                            "cacheKey",
                            "expirationTime",
                            "getPlanServices_rangeInput",
                            "metadata",
                            "servicesTemp",
                            "Routes",
                            "services"
                        ],
                        "mappings": []
                    },
                    "map_output": {
                        "inputs": [],
                        "outputs": [],
                        "mappings": [],
                        "deletes": [
                            "cacheManager",
                            "document",
                            "type",
                            "pathHeader",
                            "jdbcConnName",
                            "cacheManagerName",
                            "cacheName",
                            "etagOutput",
                            "cacheKey",
                            "expirationTime",
                            "getPlanServices_rangeInput",
                            "metadata",
                            "servicesTemp",
                            "Routes",
                            "services"
                        ]
                    }
                }
            ],
            "path": "SEQUENCE->SEQUENCE->",
            "comment": "Clean Up"
        }
    },
    {
        "SEQUENCE {'TIMEOUT': '', 'EXIT-ON': 'DONE'} \n  ": {
            "tag": "SEQUENCE"
        }
    },
    {
        "INVOKE {'TIMEOUT': '', 'SERVICE': 'pub.flow:getLastError', 'VALIDATE-IN': '$none', 'VALIDATE-OUT': '$none'} \n  ": {
            "map_input": {
                "outputs": [],
                "inputs": [],
                "deletes": [],
                "mappings": []
            },
            "map_output": {
                "outputs": [],
                "inputs": [],
                "deletes": [],
                "mappings": []
            },
            "service": "pub.flow:getLastError",
            "tag": "INVOKE"
        }
    },
    {
        "INVOKE {'TIMEOUT': '', 'SERVICE': 'wm_errorhandling.utils:getCallingService', 'VALIDATE-IN': '$none', 'VALIDATE-OUT': '$none'} \n  ": {
            "map_input": {
                "outputs": [],
                "inputs": [],
                "deletes": [],
                "mappings": []
            },
            "map_output": {
                "outputs": [],
                "inputs": [],
                "deletes": [],
                "mappings": []
            },
            "service": "wm_errorhandling.utils:getCallingService",
            "tag": "INVOKE"
        }
    },
    {
        "INVOKE {'TIMEOUT': '', 'SERVICE': 'wm_errorhandling.svcs.flowsvcs:createErrorMsg_FW1', 'VALIDATE-IN': '$none', 'VALIDATE-OUT': '$none'} \n  ": {
            "map_input": {
                "outputs": [],
                "inputs": [],
                "deletes": [],
                "mappings": []
            },
            "map_output": {
                "outputs": [],
                "inputs": [],
                "deletes": [],
                "mappings": []
            },
            "service": "wm_errorhandling.svcs.flowsvcs:createErrorMsg_FW1",
            "tag": "INVOKE"
        }
    },
    {
        "MAP {'TIMEOUT': '', 'MODE': 'STANDALONE'} \n  ": {
            "tag": "MAP",
            "fields": [
                {
                    "map_input": {
                        "outputs": [],
                        "inputs": [],
                        "deletes": [],
                        "mappings": [
                            {
                                "field": "contentType",
                                "value": "'application/json'",
                                "type": "MAPSET"
                            }
                        ]
                    },
                    "map_output": {
                        "inputs": [],
                        "outputs": [],
                        "mappings": [
                            {
                                "field": "contentType",
                                "value": "'application/json'",
                                "type": "MAPSET"
                            }
                        ],
                        "deletes": []
                    }
                }
            ],
            "path": "SEQUENCE->SEQUENCE->",
            "comment": "Populate contentType"
        }
    }
]