[
    {
        "SEQUENCE {'TIMEOUT': '', 'EXIT-ON': 'SUCCESS'} \n  ": {
            "tag": "SEQUENCE"
        }
    },
    {
        "SEQUENCE {'TIMEOUT': '', 'EXIT-ON': 'FAILURE'} \n  ": {
            "tag": "SEQUENCE"
        }
    },
    {
        "MAP {'TIMEOUT': '', 'MODE': 'STANDALONE'} \n  ": {
            "tag": "MAPINVOKE",
            "fields": [
                {
                    "service": "pub.string:padLeft",
                    "map_input": {
                        "outputs": [],
                        "inputs": [
                            "EsbMsgHeader:msgHeader",
                            "configFileName",
                            "customer_id",
                            "ticket_id",
                            "Cache-Control",
                            "If-Modified-Since",
                            "Accept",
                            "initParams"
                        ],
                        "deletes": [],
                        "mappings": [
                            {
                                "field": "padString",
                                "value": "'0'",
                                "type": "MAPSET"
                            },
                            {
                                "field": "length",
                                "value": "'15'",
                                "type": "MAPSET"
                            },
                            {
                                "from": "customer_id",
                                "to": "inString",
                                "type": "MAPCOPY"
                            }
                        ]
                    },
                    "map_output": {
                        "outputs": [
                            "EsbMsgHeader:msgHeader",
                            "configFileName",
                            "customer_id",
                            "ticket_id",
                            "Cache-Control",
                            "If-Modified-Since",
                            "Accept",
                            "initParams"
                        ],
                        "inputs": [],
                        "deletes": [],
                        "mappings": [
                            {
                                "from": "value",
                                "to": "customer_id",
                                "type": "MAPCOPY"
                            }
                        ]
                    }
                }
            ],
            "path": "SEQUENCE->SEQUENCE->",
            "comment": "pad customer_id"
        }
    },
    {
        "BRANCH {'NAME': 'CacheControl', 'TIMEOUT': '', 'SWITCH': '/Cache-Control'} \n  ": {
            "tag": "BRANCH"
        }
    },
    {
        "SEQUENCE {'NAME': 'no-cache', 'TIMEOUT': '', 'EXIT-ON': 'FAILURE'} \n  ": {
            "tag": "SEQUENCE"
        }
    },
    {
        "MAP {'TIMEOUT': '', 'MODE': 'STANDALONE'} \n  ": {
            "tag": "MAPINVOKE",
            "fields": [
                {
                    "service": "wm_common.config:getCustParam_multiple",
                    "map_input": {
                        "outputs": [],
                        "inputs": [
                            "EsbMsgHeader:msgHeader",
                            "configFileName",
                            "customer_id",
                            "ticket_id",
                            "Cache-Control",
                            "If-Modified-Since",
                            "Accept",
                            "initParams"
                        ],
                        "deletes": [],
                        "mappings": [
                            {
                                "field": "nameList",
                                "value": "''",
                                "type": "MAPSET"
                            },
                            {
                                "from": "configFileName",
                                "to": "fileName",
                                "type": "MAPCOPY"
                            }
                        ]
                    },
                    "map_output": {
                        "outputs": [
                            "EsbMsgHeader:msgHeader",
                            "configFileName",
                            "customer_id",
                            "ticket_id",
                            "Cache-Control",
                            "If-Modified-Since",
                            "Accept",
                            "initParams",
                            "jdbcConn_OCS",
                            "enableCache"
                        ],
                        "inputs": [],
                        "deletes": [],
                        "mappings": [
                            {
                                "from": "valueList[0]",
                                "to": "jdbcConn_OCS",
                                "type": "MAPCOPY"
                            },
                            {
                                "from": "valueList[1]",
                                "to": "enableCache",
                                "type": "MAPCOPY"
                            }
                        ]
                    }
                }
            ],
            "path": "SEQUENCE->SEQUENCE->BRANCH->SEQUENCE->",
            "comment": "get OCS conn name and enableCache from config"
        }
    },
    {
        "INVOKE {'TIMEOUT': '', 'SERVICE': 'wm_ocs.svcs.inbound.adptrsvcs:getTicketStatusDetails', 'VALIDATE-IN': '$none', 'VALIDATE-OUT': '$none'} \n  ": {
            "map_input": {
                "outputs": [
                    "ticket_id",
                    "customer_id",
                    "$connectionName",
                    "getTicketStatusDetailsInput.ticket_id",
                    "getTicketStatusDetailsInput.customer_id"
                ],
                "inputs": [
                    "EsbMsgHeader:msgHeader",
                    "configFileName",
                    "customer_id",
                    "ticket_id",
                    "Cache-Control",
                    "If-Modified-Since",
                    "Accept",
                    "initParams",
                    "jdbcConn_OCS",
                    "enableCache"
                ],
                "deletes": [],
                "mappings": [
                    {
                        "from": "jdbcConn_OCS",
                        "to": "$connectionName",
                        "type": "MAPCOPY"
                    },
                    {
                        "from": "ticket_id",
                        "to": "getTicketStatusDetailsInput.ticket_id",
                        "type": "MAPCOPY"
                    },
                    {
                        "from": "customer_id",
                        "to": "getTicketStatusDetailsInput.customer_id",
                        "type": "MAPCOPY"
                    }
                ]
            },
            "map_output": {
                "outputs": [
                    "ticket_id",
                    "customer_id",
                    "EsbMsgHeader:msgHeader",
                    "configFileName",
                    "Cache-Control",
                    "If-Modified-Since",
                    "Accept",
                    "initParams",
                    "jdbcConn_OCS",
                    "enableCache",
                    "resultCount"
                ],
                "inputs": [
                    "SQLStatement",
                    "resultCount",
                    "getTicketStatusDetailsOutput.resultCount"
                ],
                "deletes": [
                    "$connectionName",
                    "getTicketStatusDetailsInput"
                ],
                "mappings": [
                    {
                        "from": "getTicketStatusDetailsOutput.resultCount",
                        "to": "resultCount",
                        "type": "MAPCOPY"
                    }
                ]
            },
            "service": "wm_ocs.svcs.inbound.adptrsvcs:getTicketStatusDetails",
            "tag": "INVOKE"
        }
    },
    {
        "BRANCH {'TIMEOUT': '', 'LABELEXPRESSIONS': 'true'} \n  ": {
            "tag": "BRANCH"
        }
    },
    {
        "SEQUENCE {'NAME': '%resultCount%!=0', 'TIMEOUT': '', 'EXIT-ON': 'FAILURE'} \n  ": {
            "tag": "SEQUENCE"
        }
    },
    {
        "MAP {'TIMEOUT': '', 'MODE': 'STANDALONE'} \n  ": {
            "tag": "MAP",
            "fields": [
                {
                    "map_input": {
                        "outputs": [
                            "EsbMsgHeader:msgHeader",
                            "configFileName",
                            "customer_id",
                            "ticket_id",
                            "Cache-Control",
                            "If-Modified-Since",
                            "Accept",
                            "initParams",
                            "jdbcConn_OCS",
                            "enableCache",
                            "resultCount",
                            "status_info",
                            "status_info.transmission_status",
                            "status_info.status_date_time",
                            "status_info.status"
                        ],
                        "inputs": [
                            "EsbMsgHeader:msgHeader",
                            "configFileName",
                            "customer_id",
                            "ticket_id",
                            "Cache-Control",
                            "If-Modified-Since",
                            "Accept",
                            "initParams",
                            "jdbcConn_OCS",
                            "enableCache",
                            "resultCount",
                            "SQLStatement",
                            "transfer_status",
                            "workstatus",
                            "statuscreated",
                            "getTicketStatusDetailsOutput.results.transfer_status",
                            "getTicketStatusDetailsOutput.results.statuscreated",
                            "getTicketStatusDetailsOutput.results.workstatus"
                        ],
                        "deletes": [
                            "getTicketStatusDetailsOutput"
                        ],
                        "mappings": [
                            {
                                "from": "getTicketStatusDetailsOutput.results.transfer_status",
                                "to": "status_info.transmission_status",
                                "type": "MAPCOPY"
                            },
                            {
                                "from": "getTicketStatusDetailsOutput.results.statuscreated",
                                "to": "status_info.status_date_time",
                                "type": "MAPCOPY"
                            },
                            {
                                "from": "getTicketStatusDetailsOutput.results.workstatus",
                                "to": "status_info.status",
                                "type": "MAPCOPY"
                            }
                        ]
                    },
                    "map_output": {
                        "inputs": [],
                        "outputs": [
                            "EsbMsgHeader:msgHeader",
                            "configFileName",
                            "customer_id",
                            "ticket_id",
                            "Cache-Control",
                            "If-Modified-Since",
                            "Accept",
                            "initParams",
                            "jdbcConn_OCS",
                            "enableCache",
                            "resultCount",
                            "status_info",
                            "status_info.transmission_status",
                            "status_info.status_date_time",
                            "status_info.status"
                        ],
                        "mappings": [
                            {
                                "from": "getTicketStatusDetailsOutput.results.transfer_status",
                                "to": "status_info.transmission_status",
                                "type": "MAPCOPY"
                            },
                            {
                                "from": "getTicketStatusDetailsOutput.results.statuscreated",
                                "to": "status_info.status_date_time",
                                "type": "MAPCOPY"
                            },
                            {
                                "from": "getTicketStatusDetailsOutput.results.workstatus",
                                "to": "status_info.status",
                                "type": "MAPCOPY"
                            }
                        ],
                        "deletes": [
                            "getTicketStatusDetailsOutput"
                        ]
                    }
                }
            ],
            "path": "SEQUENCE->SEQUENCE->BRANCH->SEQUENCE->BRANCH->SEQUENCE->",
            "comment": "map OCS results to status_info"
        }
    },
    {
        "MAP {'TIMEOUT': '', 'MODE': 'STANDALONE'} \n  ": {
            "tag": "MAP",
            "fields": [
                {
                    "map_input": {
                        "outputs": [
                            "EsbMsgHeader:msgHeader",
                            "configFileName",
                            "customer_id",
                            "ticket_id",
                            "Cache-Control",
                            "If-Modified-Since",
                            "Accept",
                            "initParams",
                            "jdbcConn_OCS",
                            "enableCache",
                            "resultCount",
                            "status_info",
                            "request_tracking_id",
                            "document.status_info",
                            "document.request_tracking_id"
                        ],
                        "inputs": [
                            "EsbMsgHeader:msgHeader",
                            "configFileName",
                            "customer_id",
                            "ticket_id",
                            "Cache-Control",
                            "If-Modified-Since",
                            "Accept",
                            "initParams",
                            "jdbcConn_OCS",
                            "enableCache",
                            "resultCount",
                            "status_info",
                            "msgHeader.transactionID"
                        ],
                        "deletes": [
                            "status_info"
                        ],
                        "mappings": [
                            {
                                "from": "status_info",
                                "to": "document.status_info",
                                "type": "MAPCOPY"
                            },
                            {
                                "from": "msgHeader.transactionID",
                                "to": "document.request_tracking_id",
                                "type": "MAPCOPY"
                            }
                        ]
                    },
                    "map_output": {
                        "inputs": [],
                        "outputs": [
                            "EsbMsgHeader:msgHeader",
                            "configFileName",
                            "customer_id",
                            "ticket_id",
                            "Cache-Control",
                            "If-Modified-Since",
                            "Accept",
                            "initParams",
                            "jdbcConn_OCS",
                            "enableCache",
                            "resultCount",
                            "status_info",
                            "request_tracking_id",
                            "document.status_info",
                            "document.request_tracking_id"
                        ],
                        "mappings": [
                            {
                                "from": "status_info",
                                "to": "document.status_info",
                                "type": "MAPCOPY"
                            },
                            {
                                "from": "msgHeader.transactionID",
                                "to": "document.request_tracking_id",
                                "type": "MAPCOPY"
                            }
                        ],
                        "deletes": [
                            "status_info"
                        ]
                    }
                }
            ],
            "path": "SEQUENCE->SEQUENCE->BRANCH->SEQUENCE->BRANCH->SEQUENCE->",
            "comment": "form the response document"
        }
    },
    {
        "INVOKE {'TIMEOUT': '', 'SERVICE': 'wm_common.utils:checkAcceptHeader', 'VALIDATE-IN': '$none', 'VALIDATE-OUT': '$none'} \n  ": {
            "map_input": {
                "outputs": [
                    "Accept",
                    "document"
                ],
                "inputs": [
                    "EsbMsgHeader:msgHeader",
                    "configFileName",
                    "customer_id",
                    "ticket_id",
                    "Cache-Control",
                    "If-Modified-Since",
                    "Accept",
                    "initParams",
                    "jdbcConn_OCS",
                    "enableCache",
                    "resultCount",
                    "status_info",
                    "request_tracking_id",
                    "document.request_tracking_id"
                ],
                "deletes": [],
                "mappings": [
                    {
                        "from": "document",
                        "to": "document",
                        "type": "MAPCOPY"
                    }
                ]
            },
            "map_output": {
                "outputs": [],
                "inputs": [],
                "deletes": [],
                "mappings": []
            },
            "service": "wm_common.utils:checkAcceptHeader",
            "tag": "INVOKE"
        }
    },
    {
        "BRANCH {'TIMEOUT': '', 'SWITCH': '/enableCache'} \n  ": {
            "tag": "BRANCH"
        }
    },
    {
        "SEQUENCE {'NAME': 'true', 'TIMEOUT': '', 'EXIT-ON': 'FAILURE'} \n  ": {
            "tag": "SEQUENCE"
        }
    },
    {
        "MAP {'TIMEOUT': '', 'MODE': 'STANDALONE'} \n  ": {
            "tag": "MAPINVOKE",
            "fields": [
                {
                    "service": "wm_common.config:getCustParam_multiple",
                    "map_input": {
                        "outputs": [],
                        "inputs": [
                            "EsbMsgHeader:msgHeader",
                            "configFileName",
                            "customer_id",
                            "ticket_id",
                            "Cache-Control",
                            "If-Modified-Since",
                            "Accept",
                            "initParams",
                            "jdbcConn_OCS",
                            "enableCache",
                            "resultCount"
                        ],
                        "deletes": [],
                        "mappings": [
                            {
                                "field": "nameList",
                                "value": "''",
                                "type": "MAPSET"
                            },
                            {
                                "from": "configFileName",
                                "to": "fileName",
                                "type": "MAPCOPY"
                            }
                        ]
                    },
                    "map_output": {
                        "outputs": [
                            "EsbMsgHeader:msgHeader",
                            "configFileName",
                            "customer_id",
                            "ticket_id",
                            "Cache-Control",
                            "If-Modified-Since",
                            "Accept",
                            "initParams",
                            "jdbcConn_OCS",
                            "enableCache",
                            "resultCount",
                            "cacheManagerName",
                            "cacheName"
                        ],
                        "inputs": [],
                        "deletes": [],
                        "mappings": [
                            {
                                "from": "valueList[0]",
                                "to": "cacheManagerName",
                                "type": "MAPCOPY"
                            },
                            {
                                "from": "valueList[1]",
                                "to": "cacheName",
                                "type": "MAPCOPY"
                            }
                        ]
                    }
                }
            ],
            "path": "SEQUENCE->SEQUENCE->BRANCH->SEQUENCE->BRANCH->SEQUENCE->BRANCH->SEQUENCE->",
            "comment": "get cache details from config"
        }
    },
    {
        "INVOKE {'TIMEOUT': '', 'SERVICE': 'wm_common.utils:constructCacheKey', 'VALIDATE-IN': '$none', 'VALIDATE-OUT': '$none'} \n  ": {
            "map_input": {
                "outputs": [
                    "Accept",
                    "customer_id"
                ],
                "inputs": [],
                "deletes": [],
                "mappings": [
                    {
                        "field": "customer_id",
                        "value": "'' ++ vars.INVOKE.customer_id ++ '_' ++ vars.INVOKE.ticket_id '",
                        "type": "MAPSET"
                    }
                ]
            },
            "map_output": {},
            "service": "wm_common.utils:constructCacheKey",
            "tag": "INVOKE"
        }
    },
    {
        "INVOKE {'TIMEOUT': '', 'SERVICE': 'pub.cache:put', 'VALIDATE-IN': '$none', 'VALIDATE-OUT': '$none'} \n  ": {
            "map_input": {
                "outputs": [
                    "cacheManagerName",
                    "cacheName",
                    "key",
                    "value",
                    "useWriter"
                ],
                "inputs": [
                    "EsbMsgHeader:msgHeader",
                    "configFileName",
                    "customer_id",
                    "ticket_id",
                    "Cache-Control",
                    "If-Modified-Since",
                    "Accept",
                    "initParams",
                    "jdbcConn_OCS",
                    "enableCache",
                    "resultCount",
                    "finalResponse",
                    "cacheManagerName",
                    "cacheName",
                    "cacheKey",
                    "contentType"
                ],
                "deletes": [],
                "mappings": [
                    {
                        "from": "cacheKey",
                        "to": "key",
                        "type": "MAPCOPY"
                    },
                    {
                        "from": "finalResponse",
                        "to": "value",
                        "type": "MAPCOPY"
                    }
                ]
            },
            "map_output": {
                "outputs": [
                    "EsbMsgHeader:msgHeader",
                    "configFileName",
                    "key",
                    "value",
                    "customer_id",
                    "ticket_id",
                    "Cache-Control",
                    "If-Modified-Since",
                    "Accept",
                    "initParams",
                    "jdbcConn_OCS",
                    "enableCache",
                    "resultCount",
                    "finalResponse",
                    "cacheManagerName",
                    "cacheName",
                    "cacheKey",
                    "contentType"
                ],
                "inputs": [],
                "deletes": [
                    "key",
                    "value"
                ],
                "mappings": []
            },
            "service": "pub.cache:put",
            "tag": "INVOKE"
        }
    },
    {
        "INVOKE {'TIMEOUT': '', 'SERVICE': 'CAAG.javasvcs:getExpirationTime', 'VALIDATE-IN': '$none', 'VALIDATE-OUT': '$none'} \n  ": {
            "map_input": {
                "outputs": [
                    "cacheManager",
                    "cacheName",
                    "cacheKey"
                ],
                "inputs": [
                    "EsbMsgHeader:msgHeader",
                    "configFileName",
                    "customer_id",
                    "ticket_id",
                    "Cache-Control",
                    "If-Modified-Since",
                    "Accept",
                    "initParams",
                    "jdbcConn_OCS",
                    "enableCache",
                    "resultCount",
                    "finalResponse",
                    "cacheManagerName",
                    "cacheName",
                    "cacheKey",
                    "contentType"
                ],
                "deletes": [],
                "mappings": [
                    {
                        "from": "cacheManagerName",
                        "to": "cacheManager",
                        "type": "MAPCOPY"
                    },
                    {
                        "from": "cacheName",
                        "to": "cacheName",
                        "type": "MAPCOPY"
                    }
                ]
            },
            "map_output": {
                "outputs": [
                    "EsbMsgHeader:msgHeader",
                    "configFileName",
                    "customer_id",
                    "ticket_id",
                    "Cache-Control",
                    "If-Modified-Since",
                    "Accept",
                    "initParams",
                    "jdbcConn_OCS",
                    "enableCache",
                    "resultCount",
                    "finalResponse",
                    "cacheManagerName",
                    "cacheName",
                    "cacheKey",
                    "contentType",
                    "cacheManager",
                    "expirationTime"
                ],
                "inputs": [],
                "deletes": [
                    "cacheManager"
                ],
                "mappings": []
            },
            "service": "CAAG.javasvcs:getExpirationTime",
            "tag": "INVOKE"
        }
    },
    {
        "INVOKE {'TIMEOUT': '', 'SERVICE': 'pub.flow:setResponseHeader', 'VALIDATE-IN': '$none', 'VALIDATE-OUT': '$none'} \n  ": {
            "map_input": {
                "outputs": [
                    "fieldName",
                    "fieldValue"
                ],
                "inputs": [
                    "EsbMsgHeader:msgHeader",
                    "configFileName",
                    "customer_id",
                    "ticket_id",
                    "Cache-Control",
                    "If-Modified-Since",
                    "Accept",
                    "initParams",
                    "jdbcConn_OCS",
                    "enableCache",
                    "resultCount",
                    "cacheManagerName",
                    "cacheName",
                    "finalResponse",
                    "etagOutput",
                    "contentType",
                    "cacheKey",
                    "expirationTime"
                ],
                "deletes": [],
                "mappings": [
                    {
                        "field": "fieldName",
                        "value": "'Expires'",
                        "type": "MAPSET"
                    },
                    {
                        "from": "expirationTime",
                        "to": "fieldValue",
                        "type": "MAPCOPY"
                    }
                ]
            },
            "map_output": {
                "outputs": [
                    "fieldName",
                    "fieldValue",
                    "EsbMsgHeader:msgHeader",
                    "configFileName",
                    "customer_id",
                    "ticket_id",
                    "Cache-Control",
                    "If-Modified-Since",
                    "Accept",
                    "initParams",
                    "jdbcConn_OCS",
                    "enableCache",
                    "resultCount",
                    "cacheManagerName",
                    "cacheName",
                    "finalResponse",
                    "etagOutput",
                    "contentType",
                    "cacheKey",
                    "expirationTime"
                ],
                "inputs": [],
                "deletes": [
                    "fieldName",
                    "fieldValue"
                ],
                "mappings": []
            },
            "service": "pub.flow:setResponseHeader",
            "tag": "INVOKE"
        }
    },
    {
        "INVOKE {'TIMEOUT': '', 'SERVICE': 'wm_common.utils:checkIfModifiedSinceHeader', 'VALIDATE-IN': '$none', 'VALIDATE-OUT': '$none'} \n  ": {
            "tag": "INVOKE"
        }
    },
    {
        "SEQUENCE {'NAME': '$default', 'TIMEOUT': '', 'EXIT-ON': 'FAILURE'} \n  ": {
            "tag": "SEQUENCE"
        }
    },
    {
        "MAP {'TIMEOUT': '', 'MODE': 'STANDALONE'} \n  ": {
            "tag": "MAP",
            "fields": [
                {
                    "map_input": {
                        "outputs": [
                            "EsbMsgHeader:msgHeader",
                            "configFileName",
                            "customer_id",
                            "ticket_id",
                            "Cache-Control",
                            "If-Modified-Since",
                            "Accept",
                            "initParams",
                            "jdbcConn_OCS",
                            "enableCache",
                            "resultCount",
                            "cacheManagerName",
                            "cacheName",
                            "finalResponse",
                            "etagOutput",
                            "contentType",
                            "cacheKey",
                            "expirationTime"
                        ],
                        "inputs": [],
                        "deletes": [],
                        "mappings": [
                            {
                                "field": "contentType",
                                "value": "'application/json'",
                                "type": "MAPSET"
                            },
                            {
                                "field": "initParams.errorCode",
                                "value": "'204'",
                                "type": "MAPSET"
                            },
                            {
                                "field": "initParams.subjectNote",
                                "value": "'OCS'",
                                "type": "MAPSET"
                            }
                        ]
                    },
                    "map_output": {
                        "inputs": [],
                        "outputs": [
                            "EsbMsgHeader:msgHeader",
                            "configFileName",
                            "customer_id",
                            "ticket_id",
                            "Cache-Control",
                            "If-Modified-Since",
                            "Accept",
                            "initParams",
                            "jdbcConn_OCS",
                            "enableCache",
                            "resultCount",
                            "cacheManagerName",
                            "cacheName",
                            "finalResponse",
                            "etagOutput",
                            "contentType",
                            "cacheKey",
                            "expirationTime"
                        ],
                        "mappings": [
                            {
                                "field": "contentType",
                                "value": "'application/json'",
                                "type": "MAPSET"
                            },
                            {
                                "field": "initParams.errorCode",
                                "value": "'204'",
                                "type": "MAPSET"
                            },
                            {
                                "field": "initParams.subjectNote",
                                "value": "'OCS'",
                                "type": "MAPSET"
                            }
                        ],
                        "deletes": []
                    }
                }
            ],
            "path": "SEQUENCE->SEQUENCE->BRANCH->SEQUENCE->BRANCH->SEQUENCE->",
            "comment": "set subjectNote and errorCode"
        }
    },
    {
        "INVOKE {'TIMEOUT': '', 'SERVICE': 'wm_common.utils:throwError', 'VALIDATE-IN': '$none', 'VALIDATE-OUT': '$none'} \n  ": {
            "map_input": {
                "outputs": [
                    "errorMessage"
                ],
                "inputs": [],
                "deletes": [],
                "mappings": [
                    {
                        "field": "errorMessage",
                        "value": "'No Content'",
                        "type": "MAPSET"
                    }
                ]
            },
            "map_output": {
                "outputs": [
                    "errorMessage",
                    "EsbMsgHeader:msgHeader",
                    "configFileName",
                    "customer_id",
                    "Cache-Control",
                    "If-Modified-Since",
                    "Accept",
                    "initParams",
                    "type",
                    "pathHeader",
                    "jdbcConnName",
                    "finalResponse",
                    "etagOutput",
                    "contentType"
                ],
                "inputs": [],
                "deletes": [
                    "errorMessage"
                ],
                "mappings": []
            },
            "service": "wm_common.utils:throwError",
            "tag": "INVOKE"
        }
    },
    {
        "SEQUENCE {'NAME': 'max-age', 'TIMEOUT': '', 'EXIT-ON': 'FAILURE'} \n  ": {
            "tag": "SEQUENCE"
        }
    },
    {
        "MAP {'TIMEOUT': '', 'MODE': 'STANDALONE'} \n  ": {
            "tag": "MAPINVOKE",
            "fields": [
                {
                    "service": "wm_common.config:getCustParam_multiple",
                    "map_input": {
                        "outputs": [],
                        "inputs": [
                            "EsbMsgHeader:msgHeader",
                            "configFileName",
                            "customer_id",
                            "ticket_id",
                            "Cache-Control",
                            "If-Modified-Since",
                            "Accept",
                            "initParams",
                            "jdbcConn_OCS",
                            "enableCache",
                            "resultCount",
                            "finalResponse",
                            "etagOutput",
                            "cacheManagerName",
                            "cacheName",
                            "contentType",
                            "cacheKey"
                        ],
                        "deletes": [],
                        "mappings": [
                            {
                                "field": "nameList",
                                "value": "''",
                                "type": "MAPSET"
                            },
                            {
                                "from": "configFileName",
                                "to": "fileName",
                                "type": "MAPCOPY"
                            }
                        ]
                    },
                    "map_output": {
                        "outputs": [
                            "EsbMsgHeader:msgHeader",
                            "configFileName",
                            "customer_id",
                            "ticket_id",
                            "Cache-Control",
                            "If-Modified-Since",
                            "Accept",
                            "initParams",
                            "jdbcConn_OCS",
                            "enableCache",
                            "resultCount",
                            "finalResponse",
                            "etagOutput",
                            "cacheManagerName",
                            "cacheName",
                            "contentType",
                            "cacheKey"
                        ],
                        "inputs": [],
                        "deletes": [],
                        "mappings": [
                            {
                                "from": "valueList[0]",
                                "to": "cacheManagerName",
                                "type": "MAPCOPY"
                            },
                            {
                                "from": "valueList[1]",
                                "to": "cacheName",
                                "type": "MAPCOPY"
                            }
                        ]
                    }
                }
            ],
            "path": "SEQUENCE->SEQUENCE->BRANCH->SEQUENCE->",
            "comment": "create cacheKey and get cache details from config"
        }
    },
    {
        "INVOKE {'TIMEOUT': '', 'SERVICE': 'wm_common.utils:constructCacheKey', 'VALIDATE-IN': '$none', 'VALIDATE-OUT': '$none'} \n  ": {
            "map_input": {
                "outputs": [
                    "Accept",
                    "customer_id"
                ],
                "inputs": [],
                "deletes": [],
                "mappings": [
                    {
                        "field": "customer_id",
                        "value": "'' ++ vars.INVOKE.customer_id ++ '_' ++ vars.INVOKE.ticket_id '",
                        "type": "MAPSET"
                    }
                ]
            },
            "map_output": {},
            "service": "wm_common.utils:constructCacheKey",
            "tag": "INVOKE"
        }
    },
    {
        "INVOKE {'TIMEOUT': '', 'SERVICE': 'pub.cache:get', 'VALIDATE-IN': '$none', 'VALIDATE-OUT': '$none'} \n  ": {
            "map_input": {
                "outputs": [
                    "cacheManagerName",
                    "cacheName",
                    "key",
                    "useLoader"
                ],
                "inputs": [
                    "EsbMsgHeader:msgHeader",
                    "configFileName",
                    "customer_id",
                    "ticket_id",
                    "Cache-Control",
                    "If-Modified-Since",
                    "Accept",
                    "initParams",
                    "jdbcConn_OCS",
                    "enableCache",
                    "resultCount",
                    "finalResponse",
                    "etagOutput",
                    "cacheManagerName",
                    "cacheName",
                    "contentType",
                    "cacheKey"
                ],
                "deletes": [],
                "mappings": [
                    {
                        "from": "cacheKey",
                        "to": "key",
                        "type": "MAPCOPY"
                    }
                ]
            },
            "map_output": {
                "outputs": [
                    "EsbMsgHeader:msgHeader",
                    "configFileName",
                    "key",
                    "customer_id",
                    "ticket_id",
                    "Cache-Control",
                    "If-Modified-Since",
                    "Accept",
                    "initParams",
                    "jdbcConn_OCS",
                    "enableCache",
                    "resultCount",
                    "finalResponse",
                    "etagOutput",
                    "cacheManagerName",
                    "cacheName",
                    "contentType",
                    "cacheKey",
                    "value"
                ],
                "inputs": [
                    "value"
                ],
                "deletes": [
                    "value",
                    "key"
                ],
                "mappings": [
                    {
                        "from": "value",
                        "to": "finalResponse",
                        "type": "MAPCOPY"
                    }
                ]
            },
            "service": "pub.cache:get",
            "tag": "INVOKE"
        }
    },
    {
        "BRANCH {'TIMEOUT': '', 'SWITCH': '/finalResponse'} \n  ": {
            "tag": "BRANCH"
        }
    },
    {
        "SEQUENCE {'NAME': '/[^ ]/', 'TIMEOUT': '', 'EXIT-ON': 'FAILURE'} \n  ": {
            "tag": "SEQUENCE"
        }
    },
    {
        "INVOKE {'TIMEOUT': '', 'SERVICE': 'CAAG.javasvcs:getExpirationTime', 'VALIDATE-IN': '$none', 'VALIDATE-OUT': '$none'} \n  ": {
            "map_input": {
                "outputs": [
                    "cacheManager",
                    "cacheName",
                    "cacheKey"
                ],
                "inputs": [
                    "EsbMsgHeader:msgHeader",
                    "configFileName",
                    "customer_id",
                    "ticket_id",
                    "Cache-Control",
                    "If-Modified-Since",
                    "Accept",
                    "initParams",
                    "jdbcConn_OCS",
                    "enableCache",
                    "resultCount",
                    "finalResponse",
                    "etagOutput",
                    "cacheManagerName",
                    "cacheName",
                    "contentType",
                    "cacheKey"
                ],
                "deletes": [],
                "mappings": [
                    {
                        "from": "cacheManagerName",
                        "to": "cacheManager",
                        "type": "MAPCOPY"
                    },
                    {
                        "from": "cacheName",
                        "to": "cacheName",
                        "type": "MAPCOPY"
                    }
                ]
            },
            "map_output": {
                "outputs": [],
                "inputs": [],
                "deletes": [],
                "mappings": []
            },
            "service": "CAAG.javasvcs:getExpirationTime",
            "tag": "INVOKE"
        }
    },
    {
        "INVOKE {'TIMEOUT': '', 'SERVICE': 'pub.flow:setResponseHeader', 'VALIDATE-IN': '$none', 'VALIDATE-OUT': '$none'} \n  ": {
            "map_input": {
                "outputs": [
                    "fieldName",
                    "fieldValue"
                ],
                "inputs": [
                    "cacheManager",
                    "EsbMsgHeader:msgHeader",
                    "configFileName",
                    "customer_id",
                    "ticket_id",
                    "Cache-Control",
                    "If-Modified-Since",
                    "Accept",
                    "initParams",
                    "jdbcConn_OCS",
                    "enableCache",
                    "resultCount",
                    "finalResponse",
                    "etagOutput",
                    "cacheManagerName",
                    "cacheName",
                    "contentType",
                    "cacheKey",
                    "expirationTime"
                ],
                "deletes": [],
                "mappings": [
                    {
                        "field": "fieldName",
                        "value": "'Expires'",
                        "type": "MAPSET"
                    },
                    {
                        "from": "expirationTime",
                        "to": "fieldValue",
                        "type": "MAPCOPY"
                    }
                ]
            },
            "map_output": {
                "outputs": [
                    "fieldName",
                    "fieldValue",
                    "cacheManager",
                    "EsbMsgHeader:msgHeader",
                    "configFileName",
                    "customer_id",
                    "ticket_id",
                    "Cache-Control",
                    "If-Modified-Since",
                    "Accept",
                    "initParams",
                    "jdbcConn_OCS",
                    "enableCache",
                    "resultCount",
                    "finalResponse",
                    "etagOutput",
                    "cacheManagerName",
                    "cacheName",
                    "contentType",
                    "cacheKey",
                    "expirationTime"
                ],
                "inputs": [],
                "deletes": [
                    "fieldName",
                    "fieldValue"
                ],
                "mappings": []
            },
            "service": "pub.flow:setResponseHeader",
            "tag": "INVOKE"
        }
    },
    {
        "INVOKE {'TIMEOUT': '', 'SERVICE': 'wm_common.utils:createEtag', 'VALIDATE-IN': '$none', 'VALIDATE-OUT': '$none'} \n  ": {
            "map_input": {
                "outputs": [
                    "inStr"
                ],
                "inputs": [
                    "cacheManager",
                    "EsbMsgHeader:msgHeader",
                    "configFileName",
                    "customer_id",
                    "ticket_id",
                    "Cache-Control",
                    "If-Modified-Since",
                    "Accept",
                    "initParams",
                    "jdbcConn_OCS",
                    "enableCache",
                    "resultCount",
                    "finalResponse",
                    "etagOutput",
                    "cacheManagerName",
                    "cacheName",
                    "contentType",
                    "cacheKey",
                    "expirationTime"
                ],
                "deletes": [],
                "mappings": [
                    {
                        "from": "finalResponse",
                        "to": "inStr",
                        "type": "MAPCOPY"
                    }
                ]
            },
            "map_output": {
                "outputs": [
                    "inStr",
                    "cacheManager",
                    "EsbMsgHeader:msgHeader",
                    "configFileName",
                    "customer_id",
                    "ticket_id",
                    "Cache-Control",
                    "If-Modified-Since",
                    "Accept",
                    "initParams",
                    "jdbcConn_OCS",
                    "enableCache",
                    "resultCount",
                    "finalResponse",
                    "etagOutput",
                    "cacheManagerName",
                    "cacheName",
                    "contentType",
                    "cacheKey",
                    "expirationTime",
                    "outStr"
                ],
                "inputs": [
                    "outStr"
                ],
                "deletes": [
                    "outStr",
                    "inStr"
                ],
                "mappings": [
                    {
                        "from": "outStr",
                        "to": "etagOutput",
                        "type": "MAPCOPY"
                    }
                ]
            },
            "service": "wm_common.utils:createEtag",
            "tag": "INVOKE"
        }
    },
    {
        "INVOKE {'TIMEOUT': '', 'SERVICE': 'wm_common.utils:checkIfModifiedSinceHeader', 'VALIDATE-IN': '$none', 'VALIDATE-OUT': '$none'} \n  ": {
            "tag": "INVOKE"
        }
    },
    {
        "SEQUENCE {'NAME': '$default', 'TIMEOUT': '', 'EXIT-ON': 'FAILURE'} \n  ": {
            "tag": "SEQUENCE"
        }
    },
    {
        "MAP {'TIMEOUT': '', 'MODE': 'STANDALONE'} \n  ": {
            "tag": "MAP",
            "fields": [
                {
                    "map_input": {
                        "outputs": [
                            "cacheManager",
                            "EsbMsgHeader:msgHeader",
                            "configFileName",
                            "customer_id",
                            "ticket_id",
                            "Cache-Control",
                            "If-Modified-Since",
                            "Accept",
                            "initParams",
                            "jdbcConn_OCS",
                            "enableCache",
                            "resultCount",
                            "cacheManagerName",
                            "cacheName",
                            "finalResponse",
                            "etagOutput",
                            "contentType",
                            "cacheKey",
                            "expirationTime"
                        ],
                        "inputs": [],
                        "deletes": [],
                        "mappings": [
                            {
                                "field": "initParams.customUID",
                                "value": "'' ++ vars.INVOKE.cachekey '",
                                "type": "MAPSET"
                            }
                        ]
                    },
                    "map_output": {
                        "inputs": [],
                        "outputs": [
                            "cacheManager",
                            "EsbMsgHeader:msgHeader",
                            "configFileName",
                            "customer_id",
                            "ticket_id",
                            "Cache-Control",
                            "If-Modified-Since",
                            "Accept",
                            "initParams",
                            "jdbcConn_OCS",
                            "enableCache",
                            "resultCount",
                            "cacheManagerName",
                            "cacheName",
                            "finalResponse",
                            "etagOutput",
                            "contentType",
                            "cacheKey",
                            "expirationTime"
                        ],
                        "mappings": [
                            {
                                "field": "initParams.customUID",
                                "value": "'' ++ vars.INVOKE.cachekey '",
                                "type": "MAPSET"
                            }
                        ],
                        "deletes": []
                    }
                }
            ],
            "path": "SEQUENCE->SEQUENCE->BRANCH->SEQUENCE->BRANCH->SEQUENCE->",
            "comment": "map customUID"
        }
    },
    {
        "MAP {'TIMEOUT': '', 'MODE': 'STANDALONE'} \n  ": {
            "tag": "MAPINVOKE",
            "fields": [
                {
                    "service": "wm_common.config:getCustParam_multiple",
                    "map_input": {
                        "outputs": [],
                        "inputs": [
                            "cacheManager",
                            "EsbMsgHeader:msgHeader",
                            "configFileName",
                            "customer_id",
                            "ticket_id",
                            "Cache-Control",
                            "If-Modified-Since",
                            "Accept",
                            "initParams",
                            "jdbcConn_OCS",
                            "enableCache",
                            "resultCount",
                            "finalResponse",
                            "cacheManagerName",
                            "cacheName",
                            "cacheKey",
                            "contentType",
                            "etagOutput",
                            "expirationTime"
                        ],
                        "deletes": [],
                        "mappings": [
                            {
                                "field": "nameList",
                                "value": "''",
                                "type": "MAPSET"
                            },
                            {
                                "from": "configFileName",
                                "to": "fileName",
                                "type": "MAPCOPY"
                            }
                        ]
                    },
                    "map_output": {
                        "outputs": [
                            "cacheManager",
                            "EsbMsgHeader:msgHeader",
                            "configFileName",
                            "customer_id",
                            "ticket_id",
                            "Cache-Control",
                            "If-Modified-Since",
                            "Accept",
                            "initParams",
                            "jdbcConn_OCS",
                            "enableCache",
                            "resultCount",
                            "finalResponse",
                            "cacheManagerName",
                            "cacheName",
                            "cacheKey",
                            "contentType",
                            "etagOutput",
                            "expirationTime"
                        ],
                        "inputs": [],
                        "deletes": [],
                        "mappings": [
                            {
                                "from": "valueList[0]",
                                "to": "jdbcConn_OCS",
                                "type": "MAPCOPY"
                            }
                        ]
                    }
                }
            ],
            "path": "SEQUENCE->SEQUENCE->BRANCH->SEQUENCE->BRANCH->SEQUENCE->",
            "comment": "get OCS conn name"
        }
    },
    {
        "INVOKE {'TIMEOUT': '', 'SERVICE': 'wm_ocs.svcs.inbound.adptrsvcs:getTicketStatusDetails', 'VALIDATE-IN': '$none', 'VALIDATE-OUT': '$none'} \n  ": {
            "map_input": {
                "outputs": [
                    "ticket_id",
                    "customer_id",
                    "$connectionName",
                    "getTicketStatusDetailsInput.ticket_id",
                    "getTicketStatusDetailsInput.customer_id"
                ],
                "inputs": [
                    "cacheManager",
                    "EsbMsgHeader:msgHeader",
                    "configFileName",
                    "customer_id",
                    "ticket_id",
                    "Cache-Control",
                    "If-Modified-Since",
                    "Accept",
                    "initParams",
                    "jdbcConn_OCS",
                    "enableCache",
                    "resultCount",
                    "cacheManagerName",
                    "cacheName",
                    "finalResponse",
                    "etagOutput",
                    "contentType",
                    "cacheKey",
                    "expirationTime"
                ],
                "deletes": [],
                "mappings": [
                    {
                        "from": "jdbcConn_OCS",
                        "to": "$connectionName",
                        "type": "MAPCOPY"
                    },
                    {
                        "from": "ticket_id",
                        "to": "getTicketStatusDetailsInput.ticket_id",
                        "type": "MAPCOPY"
                    },
                    {
                        "from": "customer_id",
                        "to": "getTicketStatusDetailsInput.customer_id",
                        "type": "MAPCOPY"
                    }
                ]
            },
            "map_output": {
                "outputs": [
                    "ticket_id",
                    "customer_id",
                    "cacheManager",
                    "EsbMsgHeader:msgHeader",
                    "configFileName",
                    "Cache-Control",
                    "If-Modified-Since",
                    "Accept",
                    "initParams",
                    "jdbcConn_OCS",
                    "enableCache",
                    "resultCount",
                    "cacheManagerName",
                    "cacheName",
                    "finalResponse",
                    "etagOutput",
                    "contentType",
                    "cacheKey",
                    "expirationTime"
                ],
                "inputs": [
                    "SQLStatement",
                    "resultCount",
                    "getTicketStatusDetailsOutput.resultCount"
                ],
                "deletes": [
                    "$connectionName",
                    "getTicketStatusDetailsInput"
                ],
                "mappings": [
                    {
                        "from": "getTicketStatusDetailsOutput.resultCount",
                        "to": "resultCount",
                        "type": "MAPCOPY"
                    }
                ]
            },
            "service": "wm_ocs.svcs.inbound.adptrsvcs:getTicketStatusDetails",
            "tag": "INVOKE"
        }
    },
    {
        "BRANCH {'TIMEOUT': '', 'LABELEXPRESSIONS': 'true'} \n  ": {
            "tag": "BRANCH"
        }
    },
    {
        "SEQUENCE {'NAME': '%resultCount%!=0', 'TIMEOUT': '', 'EXIT-ON': 'FAILURE'} \n  ": {
            "tag": "SEQUENCE"
        }
    },
    {
        "MAP {'TIMEOUT': '', 'MODE': 'STANDALONE'} \n  ": {
            "tag": "MAP",
            "fields": [
                {
                    "map_input": {
                        "outputs": [
                            "cacheManager",
                            "EsbMsgHeader:msgHeader",
                            "configFileName",
                            "customer_id",
                            "ticket_id",
                            "Cache-Control",
                            "If-Modified-Since",
                            "Accept",
                            "initParams",
                            "jdbcConn_OCS",
                            "enableCache",
                            "status_info",
                            "resultCount",
                            "cacheManagerName",
                            "cacheName",
                            "finalResponse",
                            "etagOutput",
                            "contentType",
                            "cacheKey",
                            "expirationTime",
                            "status_info.transmission_status",
                            "status_info.status_date_time",
                            "status_info.status"
                        ],
                        "inputs": [
                            "cacheManager",
                            "EsbMsgHeader:msgHeader",
                            "configFileName",
                            "customer_id",
                            "ticket_id",
                            "Cache-Control",
                            "If-Modified-Since",
                            "Accept",
                            "initParams",
                            "jdbcConn_OCS",
                            "enableCache",
                            "resultCount",
                            "cacheManagerName",
                            "cacheName",
                            "finalResponse",
                            "etagOutput",
                            "contentType",
                            "cacheKey",
                            "expirationTime",
                            "SQLStatement",
                            "transfer_status",
                            "workstatus",
                            "statuscreated",
                            "getTicketStatusDetailsOutput.results.transfer_status",
                            "getTicketStatusDetailsOutput.results.statuscreated",
                            "getTicketStatusDetailsOutput.results.workstatus"
                        ],
                        "deletes": [
                            "getTicketStatusDetailsOutput"
                        ],
                        "mappings": [
                            {
                                "from": "getTicketStatusDetailsOutput.results.transfer_status",
                                "to": "status_info.transmission_status",
                                "type": "MAPCOPY"
                            },
                            {
                                "from": "getTicketStatusDetailsOutput.results.statuscreated",
                                "to": "status_info.status_date_time",
                                "type": "MAPCOPY"
                            },
                            {
                                "from": "getTicketStatusDetailsOutput.results.workstatus",
                                "to": "status_info.status",
                                "type": "MAPCOPY"
                            }
                        ]
                    },
                    "map_output": {
                        "inputs": [],
                        "outputs": [
                            "cacheManager",
                            "EsbMsgHeader:msgHeader",
                            "configFileName",
                            "customer_id",
                            "ticket_id",
                            "Cache-Control",
                            "If-Modified-Since",
                            "Accept",
                            "initParams",
                            "jdbcConn_OCS",
                            "enableCache",
                            "status_info",
                            "resultCount",
                            "cacheManagerName",
                            "cacheName",
                            "finalResponse",
                            "etagOutput",
                            "contentType",
                            "cacheKey",
                            "expirationTime",
                            "status_info.transmission_status",
                            "status_info.status_date_time",
                            "status_info.status"
                        ],
                        "mappings": [
                            {
                                "from": "getTicketStatusDetailsOutput.results.transfer_status",
                                "to": "status_info.transmission_status",
                                "type": "MAPCOPY"
                            },
                            {
                                "from": "getTicketStatusDetailsOutput.results.statuscreated",
                                "to": "status_info.status_date_time",
                                "type": "MAPCOPY"
                            },
                            {
                                "from": "getTicketStatusDetailsOutput.results.workstatus",
                                "to": "status_info.status",
                                "type": "MAPCOPY"
                            }
                        ],
                        "deletes": [
                            "getTicketStatusDetailsOutput"
                        ]
                    }
                }
            ],
            "path": "SEQUENCE->SEQUENCE->BRANCH->SEQUENCE->BRANCH->SEQUENCE->BRANCH->SEQUENCE->",
            "comment": "map OCS results to status_info"
        }
    },
    {
        "MAP {'TIMEOUT': '', 'MODE': 'STANDALONE'} \n  ": {
            "tag": "MAP",
            "fields": [
                {
                    "map_input": {
                        "outputs": [
                            "EsbMsgHeader:msgHeader",
                            "configFileName",
                            "customer_id",
                            "ticket_id",
                            "Cache-Control",
                            "If-Modified-Since",
                            "Accept",
                            "initParams",
                            "jdbcConn_OCS",
                            "resultCount",
                            "status_info",
                            "request_tracking_id",
                            "finalResponse",
                            "etagOutput",
                            "contentType",
                            "document.status_info",
                            "document.request_tracking_id"
                        ],
                        "inputs": [
                            "EsbMsgHeader:msgHeader",
                            "configFileName",
                            "customer_id",
                            "ticket_id",
                            "Cache-Control",
                            "If-Modified-Since",
                            "Accept",
                            "initParams",
                            "jdbcConn_OCS",
                            "resultCount",
                            "status_info",
                            "finalResponse",
                            "etagOutput",
                            "contentType",
                            "msgHeader.transactionID"
                        ],
                        "deletes": [
                            "status_info"
                        ],
                        "mappings": [
                            {
                                "from": "status_info",
                                "to": "document.status_info",
                                "type": "MAPCOPY"
                            },
                            {
                                "from": "msgHeader.transactionID",
                                "to": "document.request_tracking_id",
                                "type": "MAPCOPY"
                            }
                        ]
                    },
                    "map_output": {
                        "inputs": [],
                        "outputs": [
                            "EsbMsgHeader:msgHeader",
                            "configFileName",
                            "customer_id",
                            "ticket_id",
                            "Cache-Control",
                            "If-Modified-Since",
                            "Accept",
                            "initParams",
                            "jdbcConn_OCS",
                            "resultCount",
                            "status_info",
                            "request_tracking_id",
                            "finalResponse",
                            "etagOutput",
                            "contentType",
                            "document.status_info",
                            "document.request_tracking_id"
                        ],
                        "mappings": [
                            {
                                "from": "status_info",
                                "to": "document.status_info",
                                "type": "MAPCOPY"
                            },
                            {
                                "from": "msgHeader.transactionID",
                                "to": "document.request_tracking_id",
                                "type": "MAPCOPY"
                            }
                        ],
                        "deletes": [
                            "status_info"
                        ]
                    }
                }
            ],
            "path": "SEQUENCE->SEQUENCE->BRANCH->SEQUENCE->BRANCH->SEQUENCE->BRANCH->SEQUENCE->",
            "comment": "form the response document"
        }
    },
    {
        "INVOKE {'TIMEOUT': '', 'SERVICE': 'wm_common.utils:checkAcceptHeader', 'VALIDATE-IN': '$none', 'VALIDATE-OUT': '$none'} \n  ": {
            "map_input": {
                "outputs": [
                    "Accept",
                    "document"
                ],
                "inputs": [
                    "cacheManager",
                    "EsbMsgHeader:msgHeader",
                    "configFileName",
                    "customer_id",
                    "ticket_id",
                    "Cache-Control",
                    "If-Modified-Since",
                    "Accept",
                    "initParams",
                    "jdbcConn_OCS",
                    "enableCache",
                    "resultCount",
                    "status_info",
                    "request_tracking_id",
                    "finalResponse",
                    "cacheManagerName",
                    "cacheName",
                    "cacheKey",
                    "contentType",
                    "etagOutput",
                    "expirationTime",
                    "document.request_tracking_id"
                ],
                "deletes": [],
                "mappings": [
                    {
                        "from": "document",
                        "to": "document",
                        "type": "MAPCOPY"
                    }
                ]
            },
            "map_output": {
                "outputs": [],
                "inputs": [],
                "deletes": [],
                "mappings": []
            },
            "service": "wm_common.utils:checkAcceptHeader",
            "tag": "INVOKE"
        }
    },
    {
        "INVOKE {'TIMEOUT': '', 'SERVICE': 'pub.cache:put', 'VALIDATE-IN': '$none', 'VALIDATE-OUT': '$none'} \n  ": {
            "map_input": {
                "outputs": [
                    "cacheManagerName",
                    "cacheName",
                    "key",
                    "value",
                    "useWriter"
                ],
                "inputs": [
                    "cacheManager",
                    "EsbMsgHeader:msgHeader",
                    "configFileName",
                    "customer_id",
                    "ticket_id",
                    "Cache-Control",
                    "If-Modified-Since",
                    "Accept",
                    "initParams",
                    "jdbcConn_OCS",
                    "enableCache",
                    "resultCount",
                    "finalResponse",
                    "cacheManagerName",
                    "cacheName",
                    "cacheKey",
                    "contentType",
                    "etagOutput",
                    "expirationTime"
                ],
                "deletes": [],
                "mappings": [
                    {
                        "from": "cacheKey",
                        "to": "key",
                        "type": "MAPCOPY"
                    },
                    {
                        "from": "finalResponse",
                        "to": "value",
                        "type": "MAPCOPY"
                    }
                ]
            },
            "map_output": {
                "outputs": [
                    "cacheManager",
                    "EsbMsgHeader:msgHeader",
                    "key",
                    "value",
                    "configFileName",
                    "customer_id",
                    "ticket_id",
                    "Cache-Control",
                    "If-Modified-Since",
                    "Accept",
                    "initParams",
                    "jdbcConn_OCS",
                    "enableCache",
                    "resultCount",
                    "finalResponse",
                    "cacheManagerName",
                    "cacheName",
                    "cacheKey",
                    "contentType",
                    "etagOutput",
                    "expirationTime"
                ],
                "inputs": [],
                "deletes": [
                    "key",
                    "value"
                ],
                "mappings": []
            },
            "service": "pub.cache:put",
            "tag": "INVOKE"
        }
    },
    {
        "INVOKE {'TIMEOUT': '', 'SERVICE': 'CAAG.javasvcs:getExpirationTime', 'VALIDATE-IN': '$none', 'VALIDATE-OUT': '$none'} \n  ": {
            "map_input": {
                "outputs": [
                    "cacheManager",
                    "cacheName",
                    "cacheKey"
                ],
                "inputs": [
                    "cacheManager",
                    "EsbMsgHeader:msgHeader",
                    "configFileName",
                    "customer_id",
                    "ticket_id",
                    "Cache-Control",
                    "If-Modified-Since",
                    "Accept",
                    "initParams",
                    "jdbcConn_OCS",
                    "enableCache",
                    "resultCount",
                    "finalResponse",
                    "cacheManagerName",
                    "cacheName",
                    "cacheKey",
                    "contentType",
                    "etagOutput",
                    "expirationTime"
                ],
                "deletes": [],
                "mappings": [
                    {
                        "from": "cacheManagerName",
                        "to": "cacheManager",
                        "type": "MAPCOPY"
                    },
                    {
                        "from": "cacheName",
                        "to": "cacheName",
                        "type": "MAPCOPY"
                    }
                ]
            },
            "map_output": {
                "outputs": [
                    "cacheManager",
                    "EsbMsgHeader:msgHeader",
                    "configFileName",
                    "customer_id",
                    "ticket_id",
                    "Cache-Control",
                    "If-Modified-Since",
                    "Accept",
                    "initParams",
                    "jdbcConn_OCS",
                    "enableCache",
                    "resultCount",
                    "finalResponse",
                    "cacheManagerName",
                    "cacheName",
                    "cacheKey",
                    "contentType",
                    "etagOutput",
                    "expirationTime"
                ],
                "inputs": [],
                "deletes": [
                    "cacheManager"
                ],
                "mappings": []
            },
            "service": "CAAG.javasvcs:getExpirationTime",
            "tag": "INVOKE"
        }
    },
    {
        "INVOKE {'TIMEOUT': '', 'SERVICE': 'pub.flow:setResponseHeader', 'VALIDATE-IN': '$none', 'VALIDATE-OUT': '$none'} \n  ": {
            "map_input": {
                "outputs": [
                    "fieldName",
                    "fieldValue"
                ],
                "inputs": [
                    "EsbMsgHeader:msgHeader",
                    "configFileName",
                    "customer_id",
                    "ticket_id",
                    "Cache-Control",
                    "If-Modified-Since",
                    "Accept",
                    "initParams",
                    "jdbcConn_OCS",
                    "enableCache",
                    "resultCount",
                    "finalResponse",
                    "cacheManagerName",
                    "cacheName",
                    "cacheKey",
                    "contentType",
                    "etagOutput",
                    "expirationTime"
                ],
                "deletes": [],
                "mappings": [
                    {
                        "field": "fieldName",
                        "value": "'Expires'",
                        "type": "MAPSET"
                    },
                    {
                        "from": "expirationTime",
                        "to": "fieldValue",
                        "type": "MAPCOPY"
                    }
                ]
            },
            "map_output": {
                "outputs": [
                    "fieldName",
                    "fieldValue",
                    "EsbMsgHeader:msgHeader",
                    "configFileName",
                    "customer_id",
                    "ticket_id",
                    "Cache-Control",
                    "If-Modified-Since",
                    "Accept",
                    "initParams",
                    "jdbcConn_OCS",
                    "enableCache",
                    "resultCount",
                    "finalResponse",
                    "cacheManagerName",
                    "cacheName",
                    "cacheKey",
                    "contentType",
                    "etagOutput",
                    "expirationTime"
                ],
                "inputs": [],
                "deletes": [
                    "fieldName",
                    "fieldValue"
                ],
                "mappings": []
            },
            "service": "pub.flow:setResponseHeader",
            "tag": "INVOKE"
        }
    },
    {
        "INVOKE {'TIMEOUT': '', 'SERVICE': 'wm_common.utils:checkIfModifiedSinceHeader', 'VALIDATE-IN': '$none', 'VALIDATE-OUT': '$none'} \n  ": {
            "tag": "INVOKE"
        }
    },
    {
        "SEQUENCE {'NAME': '$default', 'TIMEOUT': '', 'EXIT-ON': 'FAILURE'} \n  ": {
            "tag": "SEQUENCE"
        }
    },
    {
        "MAP {'TIMEOUT': '', 'MODE': 'STANDALONE'} \n  ": {
            "tag": "MAP",
            "fields": [
                {
                    "map_input": {
                        "outputs": [
                            "EsbMsgHeader:msgHeader",
                            "configFileName",
                            "customer_id",
                            "ticket_id",
                            "Cache-Control",
                            "If-Modified-Since",
                            "Accept",
                            "initParams",
                            "jdbcConn_OCS",
                            "enableCache",
                            "resultCount",
                            "cacheManagerName",
                            "cacheName",
                            "finalResponse",
                            "etagOutput",
                            "contentType",
                            "cacheKey",
                            "expirationTime"
                        ],
                        "inputs": [],
                        "deletes": [],
                        "mappings": [
                            {
                                "field": "contentType",
                                "value": "'application/json'",
                                "type": "MAPSET"
                            },
                            {
                                "field": "initParams.errorCode",
                                "value": "'204'",
                                "type": "MAPSET"
                            },
                            {
                                "field": "initParams.subjectNote",
                                "value": "'OCS'",
                                "type": "MAPSET"
                            }
                        ]
                    },
                    "map_output": {
                        "inputs": [],
                        "outputs": [
                            "EsbMsgHeader:msgHeader",
                            "configFileName",
                            "customer_id",
                            "ticket_id",
                            "Cache-Control",
                            "If-Modified-Since",
                            "Accept",
                            "initParams",
                            "jdbcConn_OCS",
                            "enableCache",
                            "resultCount",
                            "cacheManagerName",
                            "cacheName",
                            "finalResponse",
                            "etagOutput",
                            "contentType",
                            "cacheKey",
                            "expirationTime"
                        ],
                        "mappings": [
                            {
                                "field": "contentType",
                                "value": "'application/json'",
                                "type": "MAPSET"
                            },
                            {
                                "field": "initParams.errorCode",
                                "value": "'204'",
                                "type": "MAPSET"
                            },
                            {
                                "field": "initParams.subjectNote",
                                "value": "'OCS'",
                                "type": "MAPSET"
                            }
                        ],
                        "deletes": []
                    }
                }
            ],
            "path": "SEQUENCE->SEQUENCE->BRANCH->SEQUENCE->BRANCH->SEQUENCE->BRANCH->SEQUENCE->",
            "comment": "set subjectNote and errorCode"
        }
    },
    {
        "INVOKE {'TIMEOUT': '', 'SERVICE': 'wm_common.utils:throwError', 'VALIDATE-IN': '$none', 'VALIDATE-OUT': '$none'} \n  ": {
            "map_input": {
                "outputs": [
                    "errorMessage"
                ],
                "inputs": [],
                "deletes": [],
                "mappings": [
                    {
                        "field": "errorMessage",
                        "value": "'No Content'",
                        "type": "MAPSET"
                    }
                ]
            },
            "map_output": {
                "outputs": [
                    "errorMessage",
                    "EsbMsgHeader:msgHeader",
                    "configFileName",
                    "customer_id",
                    "Cache-Control",
                    "If-Modified-Since",
                    "Accept",
                    "initParams",
                    "type",
                    "pathHeader",
                    "jdbcConnName",
                    "finalResponse",
                    "etagOutput",
                    "contentType"
                ],
                "inputs": [],
                "deletes": [
                    "errorMessage"
                ],
                "mappings": []
            },
            "service": "wm_common.utils:throwError",
            "tag": "INVOKE"
        }
    },
    {
        "SEQUENCE {'NAME': '$default', 'TIMEOUT': '', 'EXIT-ON': 'FAILURE'} \n  ": {
            "tag": "SEQUENCE"
        }
    },
    {
        "MAP {'TIMEOUT': '', 'MODE': 'STANDALONE'} \n  ": {
            "tag": "MAP",
            "fields": [
                {
                    "map_input": {
                        "outputs": [],
                        "inputs": [],
                        "deletes": [],
                        "mappings": [
                            {
                                "field": "initParams.subjectNote",
                                "value": "'ESB'",
                                "type": "MAPSET"
                            },
                            {
                                "field": "contentType",
                                "value": "'application/json'",
                                "type": "MAPSET"
                            },
                            {
                                "field": "initParams.errorCode",
                                "value": "'422'",
                                "type": "MAPSET"
                            }
                        ]
                    },
                    "map_output": {
                        "inputs": [],
                        "outputs": [],
                        "mappings": [
                            {
                                "field": "initParams.subjectNote",
                                "value": "'ESB'",
                                "type": "MAPSET"
                            },
                            {
                                "field": "contentType",
                                "value": "'application/json'",
                                "type": "MAPSET"
                            },
                            {
                                "field": "initParams.errorCode",
                                "value": "'422'",
                                "type": "MAPSET"
                            }
                        ],
                        "deletes": []
                    }
                }
            ],
            "path": "SEQUENCE->SEQUENCE->BRANCH->SEQUENCE->",
            "comment": "change subjectnote and errorcode"
        }
    },
    {
        "INVOKE {'TIMEOUT': '', 'SERVICE': 'wm_common.utils:throwError', 'VALIDATE-IN': '$none', 'VALIDATE-OUT': '$none'} \n  ": {
            "map_input": {
                "outputs": [],
                "inputs": [],
                "deletes": [],
                "mappings": [
                    {
                        "field": "errorMessage",
                        "value": "'Invalid Cache-Control header'",
                        "type": "MAPSET"
                    }
                ]
            },
            "map_output": {
                "outputs": [],
                "inputs": [],
                "deletes": [
                    "errorMessage"
                ],
                "mappings": []
            },
            "service": "wm_common.utils:throwError",
            "tag": "INVOKE"
        }
    },
    {
        "MAP {'TIMEOUT': '', 'MODE': 'STANDALONE'} \n  ": {
            "tag": "MAP",
            "fields": [
                {
                    "map_input": {
                        "outputs": [],
                        "inputs": [
                            "cacheManager",
                            "EsbMsgHeader:msgHeader",
                            "configFileName",
                            "customer_id",
                            "ticket_id",
                            "Cache-Control",
                            "If-Modified-Since",
                            "Accept",
                            "initParams",
                            "jdbcConn_OCS",
                            "resultCount",
                            "status_info",
                            "request_tracking_id",
                            "finalResponse",
                            "cacheManagerName",
                            "cacheName",
                            "etagOutput",
                            "contentType",
                            "jdbcConnName",
                            "cacheKey",
                            "expirationTime"
                        ],
                        "deletes": [
                            "cacheManager",
                            "document",
                            "cacheManagerName",
                            "cacheName",
                            "etagOutput",
                            "cacheKey",
                            "expirationTime",
                            "ticket_id",
                            "jdbcConn_OCS",
                            "resultCount"
                        ],
                        "mappings": []
                    },
                    "map_output": {
                        "inputs": [],
                        "outputs": [],
                        "mappings": [],
                        "deletes": [
                            "cacheManager",
                            "document",
                            "cacheManagerName",
                            "cacheName",
                            "etagOutput",
                            "cacheKey",
                            "expirationTime",
                            "ticket_id",
                            "jdbcConn_OCS",
                            "resultCount"
                        ]
                    }
                }
            ],
            "path": "SEQUENCE->SEQUENCE->",
            "comment": "Clean Up"
        }
    },
    {
        "SEQUENCE {'TIMEOUT': '', 'EXIT-ON': 'DONE'} \n  ": {
            "tag": "SEQUENCE"
        }
    },
    {
        "INVOKE {'TIMEOUT': '', 'SERVICE': 'pub.flow:getLastError', 'VALIDATE-IN': '$none', 'VALIDATE-OUT': '$none'} \n  ": {
            "map_input": {
                "outputs": [],
                "inputs": [],
                "deletes": [],
                "mappings": []
            },
            "map_output": {
                "outputs": [],
                "inputs": [],
                "deletes": [],
                "mappings": []
            },
            "service": "pub.flow:getLastError",
            "tag": "INVOKE"
        }
    },
    {
        "INVOKE {'TIMEOUT': '', 'SERVICE': 'wm_errorhandling.utils:getCallingService', 'VALIDATE-IN': '$none', 'VALIDATE-OUT': '$none'} \n  ": {
            "map_input": {
                "outputs": [],
                "inputs": [],
                "deletes": [],
                "mappings": []
            },
            "map_output": {
                "outputs": [],
                "inputs": [],
                "deletes": [],
                "mappings": []
            },
            "service": "wm_errorhandling.utils:getCallingService",
            "tag": "INVOKE"
        }
    },
    {
        "INVOKE {'TIMEOUT': '', 'SERVICE': 'wm_errorhandling.svcs.flowsvcs:createErrorMsg_FW1', 'VALIDATE-IN': '$none', 'VALIDATE-OUT': '$none'} \n  ": {
            "map_input": {
                "outputs": [],
                "inputs": [],
                "deletes": [],
                "mappings": []
            },
            "map_output": {
                "outputs": [],
                "inputs": [],
                "deletes": [],
                "mappings": []
            },
            "service": "wm_errorhandling.svcs.flowsvcs:createErrorMsg_FW1",
            "tag": "INVOKE"
        }
    }
]