[
    {
        "SEQUENCE {'TIMEOUT': '', 'EXIT-ON': 'SUCCESS'} \n  ": {
            "tag": "SEQUENCE"
        }
    },
    {
        "SEQUENCE {'TIMEOUT': '', 'EXIT-ON': 'FAILURE'} \n  ": {
            "tag": "SEQUENCE"
        }
    },
    {
        "MAP {'TIMEOUT': '', 'MODE': 'STANDALONE'} \n  ": {
            "tag": "MAPINVOKE",
            "fields": [
                {
                    "service": "wm_common.config:getCustParam",
                    "map_input": {
                        "outputs": [],
                        "inputs": [
                            "customer_id",
                            "id",
                            "requestDate",
                            "line_of_business",
                            "configFileName",
                            "EsbMsgHeader:msgHeader",
                            "initParams"
                        ],
                        "deletes": [],
                        "mappings": [
                            {
                                "field": "name",
                                "value": "'' ++ vars.MAP.EsbMsgHeader:msgHeader.EsbMsgHeader:source.EsbMsgHeader:msgSourceCd ++ '_Request_ETA_Eligibility_' ++ vars.MAP.EsbMsgHeader:msgHeader.EsbMsgHeader:source.EsbMsgHeader:requestedEnv '",
                                "type": "MAPSET"
                            },
                            {
                                "from": "configFileName",
                                "to": "fileName",
                                "type": "MAPCOPY"
                            }
                        ]
                    },
                    "map_output": {
                        "outputs": [
                            "customer_id",
                            "id",
                            "requestDate",
                            "line_of_business",
                            "configFileName",
                            "jdbcAlias_ocs",
                            "EsbMsgHeader:msgHeader",
                            "initParams"
                        ],
                        "inputs": [],
                        "deletes": [],
                        "mappings": [
                            {
                                "from": "value",
                                "to": "jdbcAlias_ocs",
                                "type": "MAPCOPY"
                            }
                        ]
                    }
                }
            ],
            "path": "SEQUENCE->SEQUENCE->",
            "comment": "get OCS JDBC connection alias"
        }
    },
    {
        "BRANCH {'NAME': 'ETA', 'TIMEOUT': '', 'LABELEXPRESSIONS': 'true'} \n  ": {
            "tag": "BRANCH"
        }
    },
    {
        "SEQUENCE {'NAME': \"%line_of_business%  == 'COLL_RES' || %line_of_business%  == 'COLL_COM'\", 'TIMEOUT': '', 'EXIT-ON': 'FAILURE'} \n  ": {
            "tag": "SEQUENCE"
        }
    },
    {
        "INVOKE {'TIMEOUT': '', 'SERVICE': 'wm_ocs.svcs.inbound.adptrsvcs:getETAEligibility_CommResi', 'VALIDATE-IN': '$none', 'VALIDATE-OUT': '$none'} \n  ": {
            "map_input": {
                "outputs": [
                    "AMASCUSTUNQ",
                    "$connectionName",
                    "getETAEligibility_CommResiInput.AMASCUSTUNQ"
                ],
                "inputs": [
                    "customer_id",
                    "id",
                    "requestDate",
                    "line_of_business",
                    "configFileName",
                    "jdbcAlias_ocs",
                    "EsbMsgHeader:msgHeader",
                    "initParams"
                ],
                "deletes": [],
                "mappings": [
                    {
                        "from": "jdbcAlias_ocs",
                        "to": "$connectionName",
                        "type": "MAPCOPY"
                    },
                    {
                        "from": "customer_id",
                        "to": "getETAEligibility_CommResiInput.AMASCUSTUNQ",
                        "type": "MAPCOPY"
                    }
                ]
            },
            "map_output": {
                "outputs": [
                    "AMASCUSTUNQ",
                    "customer_id",
                    "id",
                    "requestDate",
                    "line_of_business",
                    "configFileName",
                    "jdbcAlias_ocs",
                    "EsbMsgHeader:msgHeader",
                    "initParams"
                ],
                "inputs": [],
                "deletes": [
                    "getETAEligibility_CommResiInput",
                    "$connectionName"
                ],
                "mappings": []
            },
            "service": "wm_ocs.svcs.inbound.adptrsvcs:getETAEligibility_CommResi",
            "tag": "INVOKE"
        }
    },
    {
        "MAP {'TIMEOUT': '', 'MODE': 'STANDALONE'} \n  ": {
            "tag": "MAPINVOKE",
            "fields": [
                {
                    "service": "pub.list:sizeOfList",
                    "map_input": {
                        "outputs": [],
                        "inputs": [
                            "customer_id",
                            "id",
                            "requestDate",
                            "line_of_business",
                            "configFileName",
                            "jdbcAlias_ocs",
                            "EsbMsgHeader:msgHeader",
                            "initParams",
                            "SITE",
                            "AMASCUSTUNQ",
                            "SERVICEID",
                            "LOB",
                            "PLANDATE",
                            "ORDERDATE",
                            "ETA_FLG"
                        ],
                        "deletes": [],
                        "mappings": [
                            {
                                "from": "getETAEligibility_CommResiOutput.REFELIGIBLE",
                                "to": "fromList",
                                "type": "MAPCOPY"
                            }
                        ]
                    },
                    "map_output": {
                        "outputs": [
                            "customer_id",
                            "id",
                            "requestDate",
                            "line_of_business",
                            "configFileName",
                            "jdbcAlias_ocs",
                            "EsbMsgHeader:msgHeader",
                            "initParams",
                            "outputSize"
                        ],
                        "inputs": [],
                        "deletes": [],
                        "mappings": [
                            {
                                "from": "size",
                                "to": "outputSize",
                                "type": "MAPCOPY"
                            }
                        ]
                    }
                }
            ],
            "path": "SEQUENCE->SEQUENCE->BRANCH->SEQUENCE->",
            "comment": "Calculate the size of output"
        }
    },
    {
        "BRANCH {'TIMEOUT': '', 'LABELEXPRESSIONS': 'true'} \n  ": {
            "tag": "BRANCH"
        }
    },
    {
        "SEQUENCE {'NAME': '%outputSize%>0', 'TIMEOUT': '', 'EXIT-ON': 'FAILURE'} \n  ": {
            "tag": "SEQUENCE"
        }
    },
    {
        "LOOP {'TIMEOUT': '', 'IN-ARRAY': '/getETAEligibility_CommResiOutput/REFELIGIBLE'} \n  ": {
            "tag": "LOOP"
        }
    },
    {
        "BRANCH {'TIMEOUT': '', 'LABELEXPRESSIONS': 'true'} \n  ": {
            "tag": "BRANCH"
        }
    },
    {
        "SEQUENCE {'NAME': '%getETAEligibility_CommResiOutput/REFELIGIBLE/SERVICEID% == %id%', 'TIMEOUT': '', 'EXIT-ON': 'FAILURE'} \n  ": {
            "tag": "SEQUENCE"
        }
    },
    {
        "BRANCH {'TIMEOUT': '', 'SWITCH': '/getETAEligibility_CommResiOutput/REFELIGIBLE/ETA_FLG'} \n  ": {
            "tag": "BRANCH"
        }
    },
    {
        "SEQUENCE {'NAME': 'Y', 'TIMEOUT': '', 'EXIT-ON': 'FAILURE'} \n  ": {
            "tag": "SEQUENCE"
        }
    },
    {
        "MAP {'TIMEOUT': '', 'MODE': 'STANDALONE'} \n  ": {
            "tag": "MAP",
            "fields": [
                {
                    "map_input": {
                        "outputs": [
                            "customer_id",
                            "id",
                            "requestDate",
                            "line_of_business",
                            "customerID",
                            "configFileName",
                            "var_ID",
                            "jdbcAlias_ocs",
                            "ETAEligible"
                        ],
                        "inputs": [],
                        "deletes": [],
                        "mappings": [
                            {
                                "field": "ETAEligible",
                                "value": "'True'",
                                "type": "MAPSET"
                            }
                        ]
                    },
                    "map_output": {
                        "inputs": [],
                        "outputs": [
                            "customer_id",
                            "id",
                            "requestDate",
                            "line_of_business",
                            "customerID",
                            "configFileName",
                            "var_ID",
                            "jdbcAlias_ocs",
                            "ETAEligible"
                        ],
                        "mappings": [
                            {
                                "field": "ETAEligible",
                                "value": "'True'",
                                "type": "MAPSET"
                            }
                        ],
                        "deletes": []
                    }
                }
            ],
            "path": "SEQUENCE->SEQUENCE->BRANCH->SEQUENCE->BRANCH->SEQUENCE->LOOP->BRANCH->SEQUENCE->BRANCH->SEQUENCE->",
            "comment": "set ETAEligible to True"
        }
    },
    {
        "SEQUENCE {'NAME': '$default', 'TIMEOUT': '', 'EXIT-ON': 'FAILURE'} \n  ": {
            "tag": "SEQUENCE"
        }
    },
    {
        "MAP {'TIMEOUT': '', 'MODE': 'STANDALONE'} \n  ": {
            "tag": "MAP",
            "fields": [
                {
                    "map_input": {
                        "outputs": [
                            "customer_id",
                            "id",
                            "requestDate",
                            "line_of_business",
                            "customerID",
                            "configFileName",
                            "var_ID",
                            "jdbcAlias_ocs",
                            "ETAEligible"
                        ],
                        "inputs": [],
                        "deletes": [],
                        "mappings": [
                            {
                                "field": "ETAEligible",
                                "value": "'False'",
                                "type": "MAPSET"
                            }
                        ]
                    },
                    "map_output": {
                        "inputs": [],
                        "outputs": [
                            "customer_id",
                            "id",
                            "requestDate",
                            "line_of_business",
                            "customerID",
                            "configFileName",
                            "var_ID",
                            "jdbcAlias_ocs",
                            "ETAEligible"
                        ],
                        "mappings": [
                            {
                                "field": "ETAEligible",
                                "value": "'False'",
                                "type": "MAPSET"
                            }
                        ],
                        "deletes": []
                    }
                }
            ],
            "path": "SEQUENCE->SEQUENCE->BRANCH->SEQUENCE->BRANCH->SEQUENCE->LOOP->BRANCH->SEQUENCE->BRANCH->SEQUENCE->",
            "comment": "set ETAEligible to False"
        }
    },
    {
        "SEQUENCE {'NAME': '$default', 'TIMEOUT': '', 'EXIT-ON': 'FAILURE'} \n  ": {
            "tag": "SEQUENCE"
        }
    },
    {
        "MAP {'TIMEOUT': '', 'MODE': 'STANDALONE'} \n  ": {
            "tag": "MAP",
            "fields": [
                {
                    "map_input": {
                        "outputs": [
                            "customer_id",
                            "id",
                            "requestDate",
                            "line_of_business",
                            "customerID",
                            "configFileName",
                            "var_ID",
                            "jdbcAlias_ocs",
                            "ETAEligible"
                        ],
                        "inputs": [],
                        "deletes": [],
                        "mappings": [
                            {
                                "field": "ETAEligible",
                                "value": "'False'",
                                "type": "MAPSET"
                            }
                        ]
                    },
                    "map_output": {
                        "inputs": [],
                        "outputs": [
                            "customer_id",
                            "id",
                            "requestDate",
                            "line_of_business",
                            "customerID",
                            "configFileName",
                            "var_ID",
                            "jdbcAlias_ocs",
                            "ETAEligible"
                        ],
                        "mappings": [
                            {
                                "field": "ETAEligible",
                                "value": "'False'",
                                "type": "MAPSET"
                            }
                        ],
                        "deletes": []
                    }
                }
            ],
            "path": "SEQUENCE->SEQUENCE->BRANCH->SEQUENCE->BRANCH->SEQUENCE->LOOP->BRANCH->SEQUENCE->",
            "comment": "set ETAEligible to False"
        }
    },
    {
        "SEQUENCE {'NAME': '$default', 'TIMEOUT': '', 'EXIT-ON': 'FAILURE'} \n  ": {
            "tag": "SEQUENCE"
        }
    },
    {
        "MAP {'TIMEOUT': '', 'MODE': 'STANDALONE'} \n  ": {
            "tag": "MAP",
            "fields": [
                {
                    "map_input": {
                        "outputs": [
                            "customer_id",
                            "id",
                            "requestDate",
                            "line_of_business",
                            "customerID",
                            "configFileName",
                            "var_ID",
                            "jdbcAlias_ocs",
                            "ETAEligible"
                        ],
                        "inputs": [],
                        "deletes": [],
                        "mappings": [
                            {
                                "field": "ETAEligible",
                                "value": "'False'",
                                "type": "MAPSET"
                            }
                        ]
                    },
                    "map_output": {
                        "inputs": [],
                        "outputs": [
                            "customer_id",
                            "id",
                            "requestDate",
                            "line_of_business",
                            "customerID",
                            "configFileName",
                            "var_ID",
                            "jdbcAlias_ocs",
                            "ETAEligible"
                        ],
                        "mappings": [
                            {
                                "field": "ETAEligible",
                                "value": "'False'",
                                "type": "MAPSET"
                            }
                        ],
                        "deletes": []
                    }
                }
            ],
            "path": "SEQUENCE->SEQUENCE->BRANCH->SEQUENCE->BRANCH->SEQUENCE->",
            "comment": "set ETAEligible to False"
        }
    },
    {
        "SEQUENCE {'NAME': \"%line_of_business%  == 'COLL_RO'\", 'TIMEOUT': '', 'EXIT-ON': 'FAILURE'} \n  ": {
            "tag": "SEQUENCE"
        }
    },
    {
        "MAP {'TIMEOUT': '', 'MODE': 'STANDALONE'} \n  ": {
            "tag": "MAPINVOKE",
            "fields": [
                {
                    "service": "wm_ocs.svcs.inbound.javasvcs:getJavaUtilDate",
                    "map_input": {
                        "outputs": [],
                        "inputs": [
                            "customer_id",
                            "id",
                            "requestDate",
                            "line_of_business",
                            "customerID",
                            "configFileName",
                            "jdbcAlias_ocs",
                            "EsbMsgHeader:msgHeader",
                            "outputSize",
                            "ETAEligible",
                            "initParams"
                        ],
                        "deletes": [],
                        "mappings": [
                            {
                                "field": "dateFormat",
                                "value": "'yyyy-MM-dd'",
                                "type": "MAPSET"
                            },
                            {
                                "from": "requestDate",
                                "to": "dateIn",
                                "type": "MAPCOPY"
                            }
                        ]
                    },
                    "map_output": {
                        "outputs": [
                            "customer_id",
                            "id",
                            "requestDate",
                            "line_of_business",
                            "customerID",
                            "configFileName",
                            "jdbcAlias_ocs",
                            "EsbMsgHeader:msgHeader",
                            "outputSize",
                            "ETAEligible",
                            "initParams",
                            "dateOut"
                        ],
                        "inputs": [],
                        "deletes": [],
                        "mappings": [
                            {
                                "from": "dateOut",
                                "to": "dateOut",
                                "type": "MAPCOPY"
                            }
                        ]
                    }
                }
            ],
            "path": "SEQUENCE->SEQUENCE->BRANCH->SEQUENCE->",
            "comment": "get Util.date"
        }
    },
    {
        "INVOKE {'TIMEOUT': '', 'SERVICE': 'wm_ocs.svcs.inbound.adptrsvcs:getETAEligibility', 'VALIDATE-IN': '$none', 'VALIDATE-OUT': '$none'} \n  ": {
            "map_input": {
                "outputs": [
                    "AMASCUSTUNQ",
                    "AORDERDATE",
                    "getETAEligibilityInput.AORDERDATE",
                    "$connectionName",
                    "getETAEligibilityInput.AMASCUSTUNQ"
                ],
                "inputs": [
                    "customer_id",
                    "id",
                    "requestDate",
                    "line_of_business",
                    "customerID",
                    "configFileName",
                    "jdbcAlias_ocs",
                    "EsbMsgHeader:msgHeader",
                    "outputSize",
                    "ETAEligible",
                    "initParams",
                    "dateOut"
                ],
                "deletes": [],
                "mappings": [
                    {
                        "from": "dateOut",
                        "to": "getETAEligibilityInput.AORDERDATE",
                        "type": "MAPCOPY"
                    },
                    {
                        "from": "jdbcAlias_ocs",
                        "to": "$connectionName",
                        "type": "MAPCOPY"
                    },
                    {
                        "from": "customer_id",
                        "to": "getETAEligibilityInput.AMASCUSTUNQ",
                        "type": "MAPCOPY"
                    }
                ]
            },
            "map_output": {
                "outputs": [
                    "AMASCUSTUNQ",
                    "AORDERDATE",
                    "customer_id",
                    "id",
                    "requestDate",
                    "line_of_business",
                    "customerID",
                    "configFileName",
                    "jdbcAlias_ocs",
                    "EsbMsgHeader:msgHeader",
                    "outputSize",
                    "ETAEligible",
                    "initParams",
                    "dateOut"
                ],
                "inputs": [],
                "deletes": [
                    "getETAEligibilityInput",
                    "$connectionName"
                ],
                "mappings": []
            },
            "service": "wm_ocs.svcs.inbound.adptrsvcs:getETAEligibility",
            "tag": "INVOKE"
        }
    },
    {
        "MAP {'TIMEOUT': '', 'MODE': 'STANDALONE'} \n  ": {
            "tag": "MAPINVOKE",
            "fields": [
                {
                    "service": "pub.list:sizeOfList",
                    "map_input": {
                        "outputs": [],
                        "inputs": [
                            "customer_id",
                            "id",
                            "requestDate",
                            "line_of_business",
                            "configFileName",
                            "jdbcAlias_ocs",
                            "EsbMsgHeader:msgHeader",
                            "initParams",
                            "outputSize",
                            "ETAEligible",
                            "dateOut",
                            "TICKETNUMBER",
                            "ASSIGNED",
                            "COMMENTS",
                            "SERVICEID",
                            "CODE",
                            "DESCR"
                        ],
                        "deletes": [],
                        "mappings": [
                            {
                                "from": "getETAEligibilityOutput.OELIGIBLETICKETS",
                                "to": "fromList",
                                "type": "MAPCOPY"
                            }
                        ]
                    },
                    "map_output": {
                        "outputs": [
                            "customer_id",
                            "id",
                            "requestDate",
                            "line_of_business",
                            "configFileName",
                            "jdbcAlias_ocs",
                            "EsbMsgHeader:msgHeader",
                            "initParams",
                            "outputSize",
                            "ETAEligible",
                            "dateOut"
                        ],
                        "inputs": [],
                        "deletes": [],
                        "mappings": [
                            {
                                "from": "size",
                                "to": "outputSize",
                                "type": "MAPCOPY"
                            }
                        ]
                    }
                }
            ],
            "path": "SEQUENCE->SEQUENCE->BRANCH->SEQUENCE->",
            "comment": "Calculate the size of output"
        }
    },
    {
        "BRANCH {'TIMEOUT': '', 'LABELEXPRESSIONS': 'true'} \n  ": {
            "tag": "BRANCH"
        }
    },
    {
        "SEQUENCE {'NAME': '%outputSize%>0', 'TIMEOUT': '', 'EXIT-ON': 'FAILURE'} \n  ": {
            "tag": "SEQUENCE"
        }
    },
    {
        "LOOP {'TIMEOUT': '', 'IN-ARRAY': '/getETAEligibilityOutput/OELIGIBLETICKETS'} \n  ": {
            "tag": "LOOP"
        }
    },
    {
        "BRANCH {'TIMEOUT': '', 'LABELEXPRESSIONS': 'true'} \n  ": {
            "tag": "BRANCH"
        }
    },
    {
        "SEQUENCE {'NAME': '%getETAEligibilityOutput/OELIGIBLETICKETS/SERVICEID% == %id%', 'TIMEOUT': '', 'EXIT-ON': 'FAILURE'} \n  ": {
            "tag": "SEQUENCE"
        }
    },
    {
        "BRANCH {'TIMEOUT': '', 'SWITCH': '/getETAEligibilityOutput/OELIGIBLETICKETS/ASSIGNED'} \n  ": {
            "tag": "BRANCH"
        }
    },
    {
        "SEQUENCE {'NAME': 'Y', 'TIMEOUT': '', 'EXIT-ON': 'FAILURE'} \n  ": {
            "tag": "SEQUENCE"
        }
    },
    {
        "MAP {'TIMEOUT': '', 'MODE': 'STANDALONE'} \n  ": {
            "tag": "MAP",
            "fields": [
                {
                    "map_input": {
                        "outputs": [
                            "customer_id",
                            "id",
                            "requestDate",
                            "line_of_business",
                            "customerID",
                            "configFileName",
                            "var_ID",
                            "jdbcAlias_ocs",
                            "ETAEligible"
                        ],
                        "inputs": [],
                        "deletes": [],
                        "mappings": [
                            {
                                "field": "ETAEligible",
                                "value": "'True'",
                                "type": "MAPSET"
                            }
                        ]
                    },
                    "map_output": {
                        "inputs": [],
                        "outputs": [
                            "customer_id",
                            "id",
                            "requestDate",
                            "line_of_business",
                            "customerID",
                            "configFileName",
                            "var_ID",
                            "jdbcAlias_ocs",
                            "ETAEligible"
                        ],
                        "mappings": [
                            {
                                "field": "ETAEligible",
                                "value": "'True'",
                                "type": "MAPSET"
                            }
                        ],
                        "deletes": []
                    }
                }
            ],
            "path": "SEQUENCE->SEQUENCE->BRANCH->SEQUENCE->BRANCH->SEQUENCE->LOOP->BRANCH->SEQUENCE->BRANCH->SEQUENCE->",
            "comment": "set ETAEligible to True"
        }
    },
    {
        "SEQUENCE {'NAME': '$default', 'TIMEOUT': '', 'EXIT-ON': 'FAILURE'} \n  ": {
            "tag": "SEQUENCE"
        }
    },
    {
        "MAP {'TIMEOUT': '', 'MODE': 'STANDALONE'} \n  ": {
            "tag": "MAP",
            "fields": [
                {
                    "map_input": {
                        "outputs": [
                            "customer_id",
                            "id",
                            "requestDate",
                            "line_of_business",
                            "customerID",
                            "configFileName",
                            "var_ID",
                            "jdbcAlias_ocs",
                            "ETAEligible"
                        ],
                        "inputs": [],
                        "deletes": [],
                        "mappings": [
                            {
                                "field": "ETAEligible",
                                "value": "'False'",
                                "type": "MAPSET"
                            }
                        ]
                    },
                    "map_output": {
                        "inputs": [],
                        "outputs": [
                            "customer_id",
                            "id",
                            "requestDate",
                            "line_of_business",
                            "customerID",
                            "configFileName",
                            "var_ID",
                            "jdbcAlias_ocs",
                            "ETAEligible"
                        ],
                        "mappings": [
                            {
                                "field": "ETAEligible",
                                "value": "'False'",
                                "type": "MAPSET"
                            }
                        ],
                        "deletes": []
                    }
                }
            ],
            "path": "SEQUENCE->SEQUENCE->BRANCH->SEQUENCE->BRANCH->SEQUENCE->LOOP->BRANCH->SEQUENCE->BRANCH->SEQUENCE->",
            "comment": "set ETAEligible to False"
        }
    },
    {
        "SEQUENCE {'NAME': '$default', 'TIMEOUT': '', 'EXIT-ON': 'FAILURE'} \n  ": {
            "tag": "SEQUENCE"
        }
    },
    {
        "MAP {'TIMEOUT': '', 'MODE': 'STANDALONE'} \n  ": {
            "tag": "MAP",
            "fields": [
                {
                    "map_input": {
                        "outputs": [
                            "customer_id",
                            "id",
                            "requestDate",
                            "line_of_business",
                            "customerID",
                            "configFileName",
                            "var_ID",
                            "jdbcAlias_ocs",
                            "ETAEligible"
                        ],
                        "inputs": [],
                        "deletes": [],
                        "mappings": [
                            {
                                "field": "ETAEligible",
                                "value": "'False'",
                                "type": "MAPSET"
                            }
                        ]
                    },
                    "map_output": {
                        "inputs": [],
                        "outputs": [
                            "customer_id",
                            "id",
                            "requestDate",
                            "line_of_business",
                            "customerID",
                            "configFileName",
                            "var_ID",
                            "jdbcAlias_ocs",
                            "ETAEligible"
                        ],
                        "mappings": [
                            {
                                "field": "ETAEligible",
                                "value": "'False'",
                                "type": "MAPSET"
                            }
                        ],
                        "deletes": []
                    }
                }
            ],
            "path": "SEQUENCE->SEQUENCE->BRANCH->SEQUENCE->BRANCH->SEQUENCE->LOOP->BRANCH->SEQUENCE->",
            "comment": "set ETAEligible to False"
        }
    },
    {
        "SEQUENCE {'NAME': '$default', 'TIMEOUT': '', 'EXIT-ON': 'FAILURE'} \n  ": {
            "tag": "SEQUENCE"
        }
    },
    {
        "MAP {'TIMEOUT': '', 'MODE': 'STANDALONE'} \n  ": {
            "tag": "MAP",
            "fields": [
                {
                    "map_input": {
                        "outputs": [
                            "customer_id",
                            "id",
                            "requestDate",
                            "line_of_business",
                            "customerID",
                            "configFileName",
                            "var_ID",
                            "jdbcAlias_ocs",
                            "ETAEligible"
                        ],
                        "inputs": [],
                        "deletes": [],
                        "mappings": [
                            {
                                "field": "ETAEligible",
                                "value": "'False'",
                                "type": "MAPSET"
                            }
                        ]
                    },
                    "map_output": {
                        "inputs": [],
                        "outputs": [
                            "customer_id",
                            "id",
                            "requestDate",
                            "line_of_business",
                            "customerID",
                            "configFileName",
                            "var_ID",
                            "jdbcAlias_ocs",
                            "ETAEligible"
                        ],
                        "mappings": [
                            {
                                "field": "ETAEligible",
                                "value": "'False'",
                                "type": "MAPSET"
                            }
                        ],
                        "deletes": []
                    }
                }
            ],
            "path": "SEQUENCE->SEQUENCE->BRANCH->SEQUENCE->BRANCH->SEQUENCE->",
            "comment": "set ETAEligible to False"
        }
    },
    {
        "MAP {'TIMEOUT': '', 'MODE': 'STANDALONE'} \n  ": {
            "tag": "MAP",
            "fields": [
                {
                    "map_input": {
                        "outputs": [],
                        "inputs": [
                            "jdbcAlias_ccdb",
                            "cntrctId",
                            "SvcReqDate",
                            "cntrctLnItemId",
                            "ocsCall",
                            "Contract:contract",
                            "configFileName",
                            "dateOut",
                            "var_ID",
                            "customerID",
                            "ocsCallForCommResi",
                            "jdbcAlias_ocs"
                        ],
                        "deletes": [
                            "jdbcAlias_ocs",
                            "getETAEligibilityOutput",
                            "getETAEligibility_CommResiOutput",
                            "SvcReqDate",
                            "dateOut",
                            "outputSize"
                        ],
                        "mappings": []
                    },
                    "map_output": {
                        "inputs": [],
                        "outputs": [],
                        "mappings": [],
                        "deletes": [
                            "jdbcAlias_ocs",
                            "getETAEligibilityOutput",
                            "getETAEligibility_CommResiOutput",
                            "SvcReqDate",
                            "dateOut",
                            "outputSize"
                        ]
                    }
                }
            ],
            "path": "SEQUENCE->SEQUENCE->",
            "comment": "clean up"
        }
    },
    {
        "SEQUENCE {'TIMEOUT': '', 'EXIT-ON': 'DONE'} \n  ": {
            "tag": "SEQUENCE"
        }
    },
    {
        "INVOKE {'TIMEOUT': '', 'SERVICE': 'pub.flow:getLastError', 'VALIDATE-IN': '$none', 'VALIDATE-OUT': '$none'} \n  ": {
            "map_input": {
                "outputs": [],
                "inputs": [],
                "deletes": [],
                "mappings": []
            },
            "map_output": {
                "outputs": [],
                "inputs": [],
                "deletes": [],
                "mappings": []
            },
            "service": "pub.flow:getLastError",
            "tag": "INVOKE"
        }
    },
    {
        "INVOKE {'TIMEOUT': '', 'SERVICE': 'wm_errorhandling.utils:getCallingService', 'VALIDATE-IN': '$none', 'VALIDATE-OUT': '$none'} \n  ": {
            "map_input": {
                "outputs": [],
                "inputs": [],
                "deletes": [],
                "mappings": []
            },
            "map_output": {
                "outputs": [],
                "inputs": [],
                "deletes": [],
                "mappings": []
            },
            "service": "wm_errorhandling.utils:getCallingService",
            "tag": "INVOKE"
        }
    },
    {
        "INVOKE {'TIMEOUT': '', 'SERVICE': 'wm_errorhandling.svcs.flowsvcs:createErrorMsg_FW1', 'VALIDATE-IN': '$none', 'VALIDATE-OUT': '$none'} \n  ": {
            "map_input": {
                "outputs": [],
                "inputs": [],
                "deletes": [],
                "mappings": []
            },
            "map_output": {
                "outputs": [],
                "inputs": [],
                "deletes": [],
                "mappings": []
            },
            "service": "wm_errorhandling.svcs.flowsvcs:createErrorMsg_FW1",
            "tag": "INVOKE"
        }
    }
]