[
    {
        "SEQUENCE {'TIMEOUT': '', 'EXIT-ON': 'SUCCESS'} \n  ": {
            "tag": "SEQUENCE"
        }
    },
    {
        "SEQUENCE {'TIMEOUT': '', 'EXIT-ON': 'FAILURE'} \n  ": {
            "tag": "SEQUENCE"
        }
    },
    {
        "MAP {'TIMEOUT': '', 'MODE': 'STANDALONE'} \n  ": {
            "tag": "MAPINVOKE",
            "fields": [
                {
                    "service": "wm_common.config:getCustParam",
                    "map_input": {
                        "outputs": [],
                        "inputs": [
                            "EsbMsgHeader:msgHeader",
                            "configFileName",
                            "customer_id",
                            "Cache-Control",
                            "If-Modified-Since",
                            "Accept",
                            "fields",
                            "type",
                            "pathHeader",
                            "limit",
                            "offset",
                            "initParams"
                        ],
                        "deletes": [],
                        "mappings": [
                            {
                                "field": "name",
                                "value": "'' ++ vars.MAP.EsbMsgHeader:msgHeader.EsbMsgHeader:source.EsbMsgHeader:msgSourceCd ++ '_jdbcalias_' ++ vars.MAP.type ++ '_' ++ vars.MAP.EsbMsgHeader:msgHeader.EsbMsgHeader:source.EsbMsgHeader:requestedEnv '",
                                "type": "MAPSET"
                            },
                            {
                                "from": "configFileName",
                                "to": "fileName",
                                "type": "MAPCOPY"
                            }
                        ]
                    },
                    "map_output": {
                        "outputs": [
                            "EsbMsgHeader:msgHeader",
                            "configFileName",
                            "customer_id",
                            "Cache-Control",
                            "If-Modified-Since",
                            "Accept",
                            "fields",
                            "type",
                            "pathHeader",
                            "limit",
                            "offset",
                            "initParams",
                            "jdbcConnName"
                        ],
                        "inputs": [],
                        "deletes": [],
                        "mappings": [
                            {
                                "from": "value",
                                "to": "jdbcConnName",
                                "type": "MAPCOPY"
                            }
                        ]
                    }
                }
            ],
            "path": "SEQUENCE->SEQUENCE->",
            "comment": "get conn name"
        }
    },
    {
        "BRANCH {'TIMEOUT': '', 'LABELEXPRESSIONS': 'true'} \n  ": {
            "tag": "BRANCH"
        }
    },
    {
        "SEQUENCE {'NAME': '%offset%!=$null && %limit%!=$null && %offset%!=\"\" && %limit% !=\"\"', 'TIMEOUT': '', 'EXIT-ON': 'FAILURE'} \n  ": {
            "tag": "SEQUENCE"
        }
    },
    {
        "MAP {'TIMEOUT': '', 'MODE': 'STANDALONE'} \n  ": {
            "tag": "MAP",
            "fields": [
                {
                    "map_input": {
                        "outputs": [
                            "EsbMsgHeader:msgHeader",
                            "configFileName",
                            "customer_id",
                            "Cache-Control",
                            "If-Modified-Since",
                            "Accept",
                            "fields",
                            "type",
                            "pathHeader",
                            "limit",
                            "offset",
                            "initParams",
                            "jdbcConnName",
                            "metadata.limit",
                            "metadata.offset"
                        ],
                        "inputs": [
                            "EsbMsgHeader:msgHeader",
                            "configFileName",
                            "customer_id",
                            "Cache-Control",
                            "If-Modified-Since",
                            "Accept",
                            "fields",
                            "type",
                            "pathHeader",
                            "limit",
                            "offset",
                            "initParams",
                            "jdbcConnName"
                        ],
                        "deletes": [],
                        "mappings": [
                            {
                                "from": "limit",
                                "to": "metadata.limit",
                                "type": "MAPCOPY"
                            },
                            {
                                "from": "offset",
                                "to": "metadata.offset",
                                "type": "MAPCOPY"
                            }
                        ]
                    },
                    "map_output": {
                        "inputs": [],
                        "outputs": [
                            "EsbMsgHeader:msgHeader",
                            "configFileName",
                            "customer_id",
                            "Cache-Control",
                            "If-Modified-Since",
                            "Accept",
                            "fields",
                            "type",
                            "pathHeader",
                            "limit",
                            "offset",
                            "initParams",
                            "jdbcConnName",
                            "metadata.limit",
                            "metadata.offset"
                        ],
                        "mappings": [
                            {
                                "from": "limit",
                                "to": "metadata.limit",
                                "type": "MAPCOPY"
                            },
                            {
                                "from": "offset",
                                "to": "metadata.offset",
                                "type": "MAPCOPY"
                            }
                        ],
                        "deletes": []
                    }
                }
            ],
            "path": "SEQUENCE->SEQUENCE->BRANCH->SEQUENCE->",
            "comment": "map metadata"
        }
    },
    {
        "MAP {'TIMEOUT': '', 'MODE': 'STANDALONE'} \n  ": {
            "tag": "MAPINVOKE",
            "fields": [
                {
                    "service": "pub.math:addInts",
                    "map_input": {
                        "outputs": [
                            "num1",
                            "num2"
                        ],
                        "inputs": [
                            "EsbMsgHeader:msgHeader",
                            "initParams",
                            "cacheManagerName",
                            "jsonString",
                            "cacheName",
                            "customerUnqID",
                            "offset",
                            "limit",
                            "fields",
                            "cachekey",
                            "connection_ocs",
                            "EsbMsgHeader:msgHeader",
                            "configFileName",
                            "customer_id",
                            "Cache-Control",
                            "If-Modified-Since",
                            "Accept",
                            "customerId",
                            "fields",
                            "customerUnqID",
                            "initParams",
                            "type",
                            "jdbcConnName",
                            "pathHeader",
                            "limit",
                            "offset"
                        ],
                        "deletes": [],
                        "mappings": [
                            {
                                "from": "limit",
                                "to": "num2",
                                "type": "MAPCOPY"
                            },
                            {
                                "from": "offset",
                                "to": "num1",
                                "type": "MAPCOPY"
                            }
                        ]
                    },
                    "map_output": {
                        "outputs": [
                            "EsbMsgHeader:msgHeader",
                            "initParams",
                            "cacheManagerName",
                            "jsonString",
                            "cacheName",
                            "customerUnqID",
                            "offset",
                            "limit",
                            "fields",
                            "cachekey",
                            "connection_ocs",
                            "EsbMsgHeader:msgHeader",
                            "configFileName",
                            "customer_id",
                            "Cache-Control",
                            "If-Modified-Since",
                            "Accept",
                            "customerId",
                            "fields",
                            "customerUnqID",
                            "initParams",
                            "type",
                            "jdbcConnName",
                            "pathHeader",
                            "limit",
                            "offset"
                        ],
                        "inputs": [
                            "value"
                        ],
                        "deletes": [],
                        "mappings": [
                            {
                                "from": "value",
                                "to": "limit",
                                "type": "MAPCOPY"
                            }
                        ]
                    }
                }
            ],
            "path": "SEQUENCE->SEQUENCE->BRANCH->SEQUENCE->",
            "comment": null
        }
    },
    {
        "BRANCH {'TIMEOUT': '', 'SWITCH': '/fields'} \n  ": {
            "tag": "BRANCH"
        }
    },
    {
        "SEQUENCE {'NAME': '/[^ ]/', 'TIMEOUT': '', 'EXIT-ON': 'FAILURE'} \n  ": {
            "tag": "SEQUENCE"
        }
    },
    {
        "BRANCH {'TIMEOUT': '', 'SWITCH': '/limit'} \n  ": {
            "tag": "BRANCH"
        }
    },
    {
        "SEQUENCE {'NAME': '/[^ ]/', 'TIMEOUT': '', 'EXIT-ON': 'FAILURE'} \n  ": {
            "tag": "SEQUENCE"
        }
    },
    {
        "INVOKE {'TIMEOUT': '', 'SERVICE': 'wm_ocs.svcs.inbound.adptrsvcs:getPlanServices_range', 'VALIDATE-IN': '$none', 'VALIDATE-OUT': '$none'} \n  ": {
            "map_input": {
                "outputs": [
                    "field",
                    "customerUniqueID",
                    "fromRow",
                    "toRow",
                    "getPlanServices_rangeInput.field",
                    "$connectionName",
                    "getPlanServices_rangeInput.fromRow",
                    "getPlanServices_rangeInput.toRow",
                    "getPlanServices_rangeInput.customerUniqueID"
                ],
                "inputs": [
                    "EsbMsgHeader:msgHeader",
                    "configFileName",
                    "customer_id",
                    "Cache-Control",
                    "If-Modified-Since",
                    "Accept",
                    "fields",
                    "type",
                    "pathHeader",
                    "limit",
                    "offset",
                    "initParams",
                    "jdbcConnName"
                ],
                "deletes": [],
                "mappings": [
                    {
                        "from": "fields",
                        "to": "getPlanServices_rangeInput.field",
                        "type": "MAPCOPY"
                    },
                    {
                        "from": "jdbcConnName",
                        "to": "$connectionName",
                        "type": "MAPCOPY"
                    },
                    {
                        "from": "offset",
                        "to": "getPlanServices_rangeInput.fromRow",
                        "type": "MAPCOPY"
                    },
                    {
                        "from": "limit",
                        "to": "getPlanServices_rangeInput.toRow",
                        "type": "MAPCOPY"
                    },
                    {
                        "from": "customer_id",
                        "to": "getPlanServices_rangeInput.customerUniqueID",
                        "type": "MAPCOPY"
                    }
                ]
            },
            "map_output": {
                "outputs": [
                    "field",
                    "customerUniqueID",
                    "fromRow",
                    "toRow",
                    "EsbMsgHeader:msgHeader",
                    "configFileName",
                    "count",
                    "customer_id",
                    "Cache-Control",
                    "If-Modified-Since",
                    "Accept",
                    "fields",
                    "type",
                    "pathHeader",
                    "limit",
                    "offset",
                    "initParams",
                    "jdbcConnName",
                    "SVC_LINE_ID",
                    "SVCCD",
                    "TKTNUM",
                    "TKTTYPE",
                    "TICKET_LOAD_TYPE",
                    "ROUTE_ID",
                    "PLANDTE",
                    "ORDERDTE",
                    "EXCP_CD",
                    "EXCP_CLASS",
                    "SVCTIME",
                    "STATUS",
                    "RTE_PKEYID",
                    "CUST_ORDER_PKEY",
                    "CUST_SVC_PKEY",
                    "LOB",
                    "TIMEZONE",
                    "SQLStatement",
                    "recordCount",
                    "servicesTemp"
                ],
                "inputs": [
                    "SQLStatement",
                    "recordCount",
                    "getPlanServices_rangeOutput.recordCount",
                    "getPlanServices_rangeOutput.results"
                ],
                "deletes": [
                    "getPlanServices_rangeOutput",
                    "getPlanServices_rangeInput"
                ],
                "mappings": [
                    {
                        "from": "getPlanServices_rangeOutput.recordCount",
                        "to": "count",
                        "type": "MAPCOPY"
                    },
                    {
                        "from": "getPlanServices_rangeOutput.results",
                        "to": "servicesTemp",
                        "type": "MAPCOPY"
                    }
                ]
            },
            "service": "wm_ocs.svcs.inbound.adptrsvcs:getPlanServices_range",
            "tag": "INVOKE"
        }
    },
    {
        "LOOP {'TIMEOUT': '', 'IN-ARRAY': '/servicesTemp', 'OUT-ARRAY': '/services'} \n  ": {
            "tag": "LOOP"
        }
    },
    {
        "MAP {'TIMEOUT': '', 'MODE': 'STANDALONE'} \n  ": {
            "tag": "MAPINVOKE",
            "fields": [
                {
                    "service": "pub.string:objectToString",
                    "map_input": {
                        "outputs": [],
                        "inputs": [
                            "EsbMsgHeader:msgHeader",
                            "configFileName",
                            "count",
                            "customer_id",
                            "Cache-Control",
                            "If-Modified-Since",
                            "Accept",
                            "fields",
                            "type",
                            "pathHeader",
                            "limit",
                            "offset",
                            "initParams",
                            "jdbcConnName",
                            "SVC_LINE_ID",
                            "SVCCD",
                            "TKTNUM",
                            "TKTTYPE",
                            "TICKET_LOAD_TYPE",
                            "ROUTE_ID",
                            "PLANDTE",
                            "ORDERDTE",
                            "EXCP_CD",
                            "EXCP_CLASS",
                            "SVCTIME",
                            "STATUS",
                            "RTE_PKEYID",
                            "CUST_ORDER_PKEY",
                            "CUST_SVC_PKEY",
                            "LOB",
                            "TIMEZONE",
                            "servicesTemp.SVC_LINE_ID",
                            "servicesTemp.SVCCD",
                            "servicesTemp.TKTNUM",
                            "servicesTemp.TKTTYPE",
                            "servicesTemp.TICKET_LOAD_TYPE",
                            "servicesTemp.PLANDTE",
                            "servicesTemp.ORDERDTE",
                            "servicesTemp.EXCP_CLASS",
                            "servicesTemp.SVCTIME",
                            "servicesTemp.STATUS",
                            "servicesTemp.LOB",
                            "servicesTemp.ROUTE_ID",
                            "servicesTemp.TIMEZONE",
                            "servicesTemp.EXCP_CD"
                        ],
                        "deletes": [],
                        "mappings": []
                    },
                    "map_output": {
                        "outputs": [
                            "EsbMsgHeader:msgHeader",
                            "configFileName",
                            "count",
                            "customer_id",
                            "Cache-Control",
                            "If-Modified-Since",
                            "Accept",
                            "fields",
                            "type",
                            "pathHeader",
                            "limit",
                            "offset",
                            "initParams",
                            "jdbcConnName",
                            "services",
                            "services.id",
                            "services.wm_metadata.service_code",
                            "services.ticket_number",
                            "services.ticket_type",
                            "services.ticket_load_type",
                            "services.planned_date",
                            "services.ordered_date",
                            "services.exception_class",
                            "services.service_time",
                            "services.status",
                            "services.line_of_business",
                            "services.operations.route_id",
                            "services.wm_metadata.site_timezone",
                            "services.exception_reason_code"
                        ],
                        "inputs": [],
                        "deletes": [],
                        "mappings": []
                    }
                },
                {
                    "service": "wm_ocs.utils:CheckForTheFieldExistence",
                    "map_input": {
                        "outputs": [],
                        "inputs": [
                            "EsbMsgHeader:msgHeader",
                            "configFileName",
                            "count",
                            "customer_id",
                            "Cache-Control",
                            "If-Modified-Since",
                            "Accept",
                            "fields",
                            "type",
                            "pathHeader",
                            "limit",
                            "offset",
                            "initParams",
                            "jdbcConnName",
                            "SVC_LINE_ID",
                            "SVCCD",
                            "TKTNUM",
                            "TKTTYPE",
                            "TICKET_LOAD_TYPE",
                            "ROUTE_ID",
                            "PLANDTE",
                            "ORDERDTE",
                            "EXCP_CD",
                            "EXCP_CLASS",
                            "SVCTIME",
                            "STATUS",
                            "RTE_PKEYID",
                            "CUST_ORDER_PKEY",
                            "CUST_SVC_PKEY",
                            "LOB",
                            "TIMEZONE",
                            "servicesTemp.SVC_LINE_ID",
                            "servicesTemp.SVCCD",
                            "servicesTemp.TKTNUM",
                            "servicesTemp.TKTTYPE",
                            "servicesTemp.TICKET_LOAD_TYPE",
                            "servicesTemp.PLANDTE",
                            "servicesTemp.ORDERDTE",
                            "servicesTemp.EXCP_CLASS",
                            "servicesTemp.SVCTIME",
                            "servicesTemp.STATUS",
                            "servicesTemp.LOB",
                            "servicesTemp.ROUTE_ID",
                            "servicesTemp.TIMEZONE",
                            "servicesTemp.EXCP_CD"
                        ],
                        "deletes": [],
                        "mappings": [
                            {
                                "from": "servicesTemp.RTE_PKEYID",
                                "to": "inputString",
                                "type": "MAPCOPY"
                            }
                        ]
                    },
                    "map_output": {
                        "outputs": [
                            "EsbMsgHeader:msgHeader",
                            "configFileName",
                            "count",
                            "customer_id",
                            "Cache-Control",
                            "If-Modified-Since",
                            "Accept",
                            "fields",
                            "type",
                            "pathHeader",
                            "limit",
                            "offset",
                            "initParams",
                            "jdbcConnName",
                            "services",
                            "services.id",
                            "services.wm_metadata.service_code",
                            "services.ticket_number",
                            "services.ticket_type",
                            "services.ticket_load_type",
                            "services.planned_date",
                            "services.ordered_date",
                            "services.exception_class",
                            "services.service_time",
                            "services.status",
                            "services.line_of_business",
                            "services.operations.route_id",
                            "services.wm_metadata.site_timezone",
                            "services.exception_reason_code"
                        ],
                        "inputs": [],
                        "deletes": [],
                        "mappings": [
                            {
                                "from": "outString",
                                "to": "services.operations.route_order_number",
                                "type": "MAPCOPY"
                            }
                        ]
                    }
                }
            ],
            "path": "SEQUENCE->SEQUENCE->BRANCH->SEQUENCE->BRANCH->SEQUENCE->LOOP->",
            "comment": "map to output document"
        }
    },
    {
        "SEQUENCE {'NAME': '$default', 'TIMEOUT': '', 'EXIT-ON': 'FAILURE'} \n  ": {
            "tag": "SEQUENCE"
        }
    },
    {
        "INVOKE {'TIMEOUT': '', 'SERVICE': 'wm_ocs.svcs.inbound.adptrsvcs:getPlanServices', 'VALIDATE-IN': '$none', 'VALIDATE-OUT': '$none'} \n  ": {
            "map_input": {
                "outputs": [
                    "field",
                    "customerUniqueID",
                    "$connectionName",
                    "getPlanServicesInput.field",
                    "getPlanServicesInput.customerUniqueID"
                ],
                "inputs": [
                    "EsbMsgHeader:msgHeader",
                    "configFileName",
                    "count",
                    "customer_id",
                    "Cache-Control",
                    "If-Modified-Since",
                    "Accept",
                    "fields",
                    "type",
                    "pathHeader",
                    "limit",
                    "offset",
                    "initParams",
                    "jdbcConnName",
                    "services"
                ],
                "deletes": [],
                "mappings": [
                    {
                        "from": "jdbcConnName",
                        "to": "$connectionName",
                        "type": "MAPCOPY"
                    },
                    {
                        "from": "fields",
                        "to": "getPlanServicesInput.field",
                        "type": "MAPCOPY"
                    },
                    {
                        "from": "customer_id",
                        "to": "getPlanServicesInput.customerUniqueID",
                        "type": "MAPCOPY"
                    }
                ]
            },
            "map_output": {
                "outputs": [
                    "field",
                    "customerUniqueID",
                    "EsbMsgHeader:msgHeader",
                    "configFileName",
                    "count",
                    "customer_id",
                    "Cache-Control",
                    "If-Modified-Since",
                    "Accept",
                    "fields",
                    "type",
                    "pathHeader",
                    "limit",
                    "offset",
                    "initParams",
                    "jdbcConnName",
                    "SVC_LINE_ID",
                    "SVCCD",
                    "TKTNUM",
                    "TKTTYPE",
                    "TICKET_LOAD_TYPE",
                    "ROUTE_ID",
                    "PLANDTE",
                    "ORDERDTE",
                    "EXCP_CD",
                    "EXCP_CLASS",
                    "SVCTIME",
                    "STATUS",
                    "RTE_PKEYID",
                    "CUST_ORDER_PKEY",
                    "CUST_SVC_PKEY",
                    "LOB",
                    "TIMEZONE",
                    "services",
                    "SQLStatement",
                    "recordCount",
                    "servicesTemp"
                ],
                "inputs": [
                    "SQLStatement",
                    "recordCount",
                    "getPlanServicesOutput.recordCount",
                    "getPlanServicesOutput.results"
                ],
                "deletes": [
                    "getPlanServicesInput",
                    "getPlanServicesOutput"
                ],
                "mappings": [
                    {
                        "from": "getPlanServicesOutput.recordCount",
                        "to": "count",
                        "type": "MAPCOPY"
                    },
                    {
                        "from": "getPlanServicesOutput.results",
                        "to": "servicesTemp",
                        "type": "MAPCOPY"
                    }
                ]
            },
            "service": "wm_ocs.svcs.inbound.adptrsvcs:getPlanServices",
            "tag": "INVOKE"
        }
    },
    {
        "LOOP {'TIMEOUT': '', 'IN-ARRAY': '/servicesTemp', 'OUT-ARRAY': '/services'} \n  ": {
            "tag": "LOOP"
        }
    },
    {
        "MAP {'TIMEOUT': '', 'MODE': 'STANDALONE'} \n  ": {
            "tag": "MAPINVOKE",
            "fields": [
                {
                    "service": "pub.string:objectToString",
                    "map_input": {
                        "outputs": [],
                        "inputs": [
                            "EsbMsgHeader:msgHeader",
                            "configFileName",
                            "count",
                            "customer_id",
                            "Cache-Control",
                            "If-Modified-Since",
                            "Accept",
                            "fields",
                            "type",
                            "pathHeader",
                            "limit",
                            "offset",
                            "initParams",
                            "jdbcConnName",
                            "SVC_LINE_ID",
                            "SVCCD",
                            "TKTNUM",
                            "TKTTYPE",
                            "TICKET_LOAD_TYPE",
                            "ROUTE_ID",
                            "PLANDTE",
                            "ORDERDTE",
                            "EXCP_CD",
                            "EXCP_CLASS",
                            "SVCTIME",
                            "STATUS",
                            "RTE_PKEYID",
                            "CUST_ORDER_PKEY",
                            "CUST_SVC_PKEY",
                            "LOB",
                            "TIMEZONE",
                            "services",
                            "servicesTemp.SVC_LINE_ID",
                            "servicesTemp.SVCCD",
                            "servicesTemp.TKTNUM",
                            "servicesTemp.TKTTYPE",
                            "servicesTemp.TICKET_LOAD_TYPE",
                            "servicesTemp.PLANDTE",
                            "servicesTemp.ORDERDTE",
                            "servicesTemp.EXCP_CLASS",
                            "servicesTemp.SVCTIME",
                            "servicesTemp.STATUS",
                            "servicesTemp.LOB",
                            "servicesTemp.ROUTE_ID",
                            "servicesTemp.TIMEZONE",
                            "servicesTemp.EXCP_CD"
                        ],
                        "deletes": [],
                        "mappings": []
                    },
                    "map_output": {
                        "outputs": [
                            "EsbMsgHeader:msgHeader",
                            "configFileName",
                            "count",
                            "customer_id",
                            "Cache-Control",
                            "If-Modified-Since",
                            "Accept",
                            "fields",
                            "type",
                            "pathHeader",
                            "limit",
                            "offset",
                            "initParams",
                            "jdbcConnName",
                            "services",
                            "services.id",
                            "services.wm_metadata.service_code",
                            "services.ticket_number",
                            "services.ticket_type",
                            "services.ticket_load_type",
                            "services.planned_date",
                            "services.ordered_date",
                            "services.exception_class",
                            "services.service_time",
                            "services.status",
                            "services.line_of_business",
                            "services.operations.route_id",
                            "services.wm_metadata.site_timezone",
                            "services.exception_reason_code"
                        ],
                        "inputs": [],
                        "deletes": [],
                        "mappings": []
                    }
                },
                {
                    "service": "wm_ocs.utils:CheckForTheFieldExistence",
                    "map_input": {
                        "outputs": [],
                        "inputs": [
                            "EsbMsgHeader:msgHeader",
                            "configFileName",
                            "count",
                            "customer_id",
                            "Cache-Control",
                            "If-Modified-Since",
                            "Accept",
                            "fields",
                            "type",
                            "pathHeader",
                            "limit",
                            "offset",
                            "initParams",
                            "jdbcConnName",
                            "SVC_LINE_ID",
                            "SVCCD",
                            "TKTNUM",
                            "TKTTYPE",
                            "TICKET_LOAD_TYPE",
                            "ROUTE_ID",
                            "PLANDTE",
                            "ORDERDTE",
                            "EXCP_CD",
                            "EXCP_CLASS",
                            "SVCTIME",
                            "STATUS",
                            "RTE_PKEYID",
                            "CUST_ORDER_PKEY",
                            "CUST_SVC_PKEY",
                            "LOB",
                            "TIMEZONE",
                            "services",
                            "servicesTemp.SVC_LINE_ID",
                            "servicesTemp.SVCCD",
                            "servicesTemp.TKTNUM",
                            "servicesTemp.TKTTYPE",
                            "servicesTemp.TICKET_LOAD_TYPE",
                            "servicesTemp.PLANDTE",
                            "servicesTemp.ORDERDTE",
                            "servicesTemp.EXCP_CLASS",
                            "servicesTemp.SVCTIME",
                            "servicesTemp.STATUS",
                            "servicesTemp.LOB",
                            "servicesTemp.ROUTE_ID",
                            "servicesTemp.TIMEZONE",
                            "servicesTemp.EXCP_CD"
                        ],
                        "deletes": [],
                        "mappings": [
                            {
                                "from": "servicesTemp.RTE_PKEYID",
                                "to": "inputString",
                                "type": "MAPCOPY"
                            }
                        ]
                    },
                    "map_output": {
                        "outputs": [
                            "EsbMsgHeader:msgHeader",
                            "configFileName",
                            "count",
                            "customer_id",
                            "Cache-Control",
                            "If-Modified-Since",
                            "Accept",
                            "fields",
                            "type",
                            "pathHeader",
                            "limit",
                            "offset",
                            "initParams",
                            "jdbcConnName",
                            "services",
                            "services.id",
                            "services.wm_metadata.service_code",
                            "services.ticket_number",
                            "services.ticket_type",
                            "services.ticket_load_type",
                            "services.planned_date",
                            "services.ordered_date",
                            "services.exception_class",
                            "services.service_time",
                            "services.status",
                            "services.line_of_business",
                            "services.operations.route_id",
                            "services.wm_metadata.site_timezone",
                            "services.exception_reason_code"
                        ],
                        "inputs": [],
                        "deletes": [],
                        "mappings": [
                            {
                                "from": "outString",
                                "to": "services.operations.route_order_number",
                                "type": "MAPCOPY"
                            }
                        ]
                    }
                }
            ],
            "path": "SEQUENCE->SEQUENCE->BRANCH->SEQUENCE->BRANCH->SEQUENCE->LOOP->",
            "comment": "map to output document"
        }
    },
    {
        "SEQUENCE {'NAME': '$default', 'TIMEOUT': '', 'EXIT-ON': 'FAILURE'} \n  ": {
            "tag": "SEQUENCE"
        }
    },
    {
        "BRANCH {'TIMEOUT': '', 'SWITCH': '/limit'} \n  ": {
            "tag": "BRANCH"
        }
    },
    {
        "SEQUENCE {'NAME': '/[^ ]/', 'TIMEOUT': '', 'EXIT-ON': 'FAILURE'} \n  ": {
            "tag": "SEQUENCE"
        }
    },
    {
        "INVOKE {'TIMEOUT': '', 'SERVICE': 'wm_ocs.svcs.inbound.adptrsvcs:getPlanServices_range', 'VALIDATE-IN': '$none', 'VALIDATE-OUT': '$none'} \n  ": {
            "map_input": {
                "outputs": [
                    "field",
                    "customerUniqueID",
                    "fromRow",
                    "toRow",
                    "$connectionName",
                    "getPlanServices_rangeInput.fromRow",
                    "getPlanServices_rangeInput.toRow",
                    "getPlanServices_rangeInput.customerUniqueID"
                ],
                "inputs": [
                    "EsbMsgHeader:msgHeader",
                    "configFileName",
                    "count",
                    "customer_id",
                    "Cache-Control",
                    "If-Modified-Since",
                    "Accept",
                    "fields",
                    "type",
                    "pathHeader",
                    "limit",
                    "offset",
                    "initParams",
                    "jdbcConnName",
                    "services"
                ],
                "deletes": [],
                "mappings": [
                    {
                        "field": "getPlanServices_rangeInput.field",
                        "value": "'*'",
                        "type": "MAPSET"
                    },
                    {
                        "from": "jdbcConnName",
                        "to": "$connectionName",
                        "type": "MAPCOPY"
                    },
                    {
                        "from": "offset",
                        "to": "getPlanServices_rangeInput.fromRow",
                        "type": "MAPCOPY"
                    },
                    {
                        "from": "limit",
                        "to": "getPlanServices_rangeInput.toRow",
                        "type": "MAPCOPY"
                    },
                    {
                        "from": "customer_id",
                        "to": "getPlanServices_rangeInput.customerUniqueID",
                        "type": "MAPCOPY"
                    }
                ]
            },
            "map_output": {
                "outputs": [
                    "field",
                    "customerUniqueID",
                    "fromRow",
                    "toRow",
                    "EsbMsgHeader:msgHeader",
                    "configFileName",
                    "count",
                    "customer_id",
                    "Cache-Control",
                    "If-Modified-Since",
                    "Accept",
                    "fields",
                    "type",
                    "pathHeader",
                    "limit",
                    "offset",
                    "initParams",
                    "jdbcConnName",
                    "SVC_LINE_ID",
                    "SVCCD",
                    "TKTNUM",
                    "TKTTYPE",
                    "TICKET_LOAD_TYPE",
                    "ROUTE_ID",
                    "PLANDTE",
                    "ORDERDTE",
                    "EXCP_CD",
                    "EXCP_CLASS",
                    "SVCTIME",
                    "STATUS",
                    "RTE_PKEYID",
                    "CUST_ORDER_PKEY",
                    "CUST_SVC_PKEY",
                    "LOB",
                    "TIMEZONE",
                    "services",
                    "SQLStatement",
                    "recordCount",
                    "servicesTemp"
                ],
                "inputs": [
                    "SQLStatement",
                    "recordCount",
                    "getPlanServices_rangeOutput.recordCount",
                    "getPlanServices_rangeOutput.results"
                ],
                "deletes": [
                    "getPlanServices_rangeOutput",
                    "getPlanServices_rangeInput"
                ],
                "mappings": [
                    {
                        "from": "getPlanServices_rangeOutput.recordCount",
                        "to": "count",
                        "type": "MAPCOPY"
                    },
                    {
                        "from": "getPlanServices_rangeOutput.results",
                        "to": "servicesTemp",
                        "type": "MAPCOPY"
                    }
                ]
            },
            "service": "wm_ocs.svcs.inbound.adptrsvcs:getPlanServices_range",
            "tag": "INVOKE"
        }
    },
    {
        "LOOP {'TIMEOUT': '', 'IN-ARRAY': '/servicesTemp', 'OUT-ARRAY': '/services'} \n  ": {
            "tag": "LOOP"
        }
    },
    {
        "MAP {'TIMEOUT': '', 'MODE': 'STANDALONE'} \n  ": {
            "tag": "MAPINVOKE",
            "fields": [
                {
                    "service": "pub.string:objectToString",
                    "map_input": {
                        "outputs": [],
                        "inputs": [
                            "EsbMsgHeader:msgHeader",
                            "configFileName",
                            "count",
                            "customer_id",
                            "Cache-Control",
                            "If-Modified-Since",
                            "Accept",
                            "fields",
                            "type",
                            "pathHeader",
                            "limit",
                            "offset",
                            "initParams",
                            "jdbcConnName",
                            "SVC_LINE_ID",
                            "SVCCD",
                            "TKTNUM",
                            "TKTTYPE",
                            "TICKET_LOAD_TYPE",
                            "ROUTE_ID",
                            "PLANDTE",
                            "ORDERDTE",
                            "EXCP_CD",
                            "EXCP_CLASS",
                            "SVCTIME",
                            "STATUS",
                            "RTE_PKEYID",
                            "CUST_ORDER_PKEY",
                            "CUST_SVC_PKEY",
                            "LOB",
                            "TIMEZONE",
                            "services",
                            "servicesTemp.SVC_LINE_ID",
                            "servicesTemp.SVCCD",
                            "servicesTemp.TKTNUM",
                            "servicesTemp.TKTTYPE",
                            "servicesTemp.TICKET_LOAD_TYPE",
                            "servicesTemp.PLANDTE",
                            "servicesTemp.ORDERDTE",
                            "servicesTemp.EXCP_CLASS",
                            "servicesTemp.SVCTIME",
                            "servicesTemp.STATUS",
                            "servicesTemp.LOB",
                            "servicesTemp.ROUTE_ID",
                            "servicesTemp.TIMEZONE",
                            "servicesTemp.EXCP_CD"
                        ],
                        "deletes": [],
                        "mappings": [
                            {
                                "from": "servicesTemp.RTE_PKEYID",
                                "to": "object",
                                "type": "MAPCOPY"
                            }
                        ]
                    },
                    "map_output": {
                        "outputs": [
                            "EsbMsgHeader:msgHeader",
                            "configFileName",
                            "count",
                            "customer_id",
                            "Cache-Control",
                            "If-Modified-Since",
                            "Accept",
                            "fields",
                            "type",
                            "pathHeader",
                            "limit",
                            "offset",
                            "initParams",
                            "jdbcConnName",
                            "services",
                            "services.id",
                            "services.wm_metadata.service_code",
                            "services.ticket_number",
                            "services.ticket_type",
                            "services.ticket_load_type",
                            "services.planned_date",
                            "services.ordered_date",
                            "services.exception_class",
                            "services.service_time",
                            "services.status",
                            "services.line_of_business",
                            "services.operations.route_id",
                            "services.wm_metadata.site_timezone",
                            "services.exception_reason_code"
                        ],
                        "inputs": [],
                        "deletes": [],
                        "mappings": [
                            {
                                "from": "string",
                                "to": "services.operations.route_order_number",
                                "type": "MAPCOPY"
                            }
                        ]
                    }
                },
                {
                    "service": "pub.string:objectToString",
                    "map_input": {
                        "outputs": [],
                        "inputs": [
                            "EsbMsgHeader:msgHeader",
                            "configFileName",
                            "count",
                            "customer_id",
                            "Cache-Control",
                            "If-Modified-Since",
                            "Accept",
                            "fields",
                            "type",
                            "pathHeader",
                            "limit",
                            "offset",
                            "initParams",
                            "jdbcConnName",
                            "SVC_LINE_ID",
                            "SVCCD",
                            "TKTNUM",
                            "TKTTYPE",
                            "TICKET_LOAD_TYPE",
                            "ROUTE_ID",
                            "PLANDTE",
                            "ORDERDTE",
                            "EXCP_CD",
                            "EXCP_CLASS",
                            "SVCTIME",
                            "STATUS",
                            "RTE_PKEYID",
                            "CUST_ORDER_PKEY",
                            "CUST_SVC_PKEY",
                            "LOB",
                            "TIMEZONE",
                            "services",
                            "servicesTemp.SVC_LINE_ID",
                            "servicesTemp.SVCCD",
                            "servicesTemp.TKTNUM",
                            "servicesTemp.TKTTYPE",
                            "servicesTemp.TICKET_LOAD_TYPE",
                            "servicesTemp.PLANDTE",
                            "servicesTemp.ORDERDTE",
                            "servicesTemp.EXCP_CLASS",
                            "servicesTemp.SVCTIME",
                            "servicesTemp.STATUS",
                            "servicesTemp.LOB",
                            "servicesTemp.ROUTE_ID",
                            "servicesTemp.TIMEZONE",
                            "servicesTemp.EXCP_CD"
                        ],
                        "deletes": [],
                        "mappings": []
                    },
                    "map_output": {
                        "outputs": [
                            "EsbMsgHeader:msgHeader",
                            "configFileName",
                            "count",
                            "customer_id",
                            "Cache-Control",
                            "If-Modified-Since",
                            "Accept",
                            "fields",
                            "type",
                            "pathHeader",
                            "limit",
                            "offset",
                            "initParams",
                            "jdbcConnName",
                            "services",
                            "services.id",
                            "services.wm_metadata.service_code",
                            "services.ticket_number",
                            "services.ticket_type",
                            "services.ticket_load_type",
                            "services.planned_date",
                            "services.ordered_date",
                            "services.exception_class",
                            "services.service_time",
                            "services.status",
                            "services.line_of_business",
                            "services.operations.route_id",
                            "services.wm_metadata.site_timezone",
                            "services.exception_reason_code"
                        ],
                        "inputs": [],
                        "deletes": [],
                        "mappings": []
                    }
                }
            ],
            "path": "SEQUENCE->SEQUENCE->BRANCH->SEQUENCE->BRANCH->SEQUENCE->LOOP->",
            "comment": "map to output document"
        }
    },
    {
        "SEQUENCE {'NAME': '$default', 'TIMEOUT': '', 'EXIT-ON': 'FAILURE'} \n  ": {
            "tag": "SEQUENCE"
        }
    },
    {
        "INVOKE {'TIMEOUT': '', 'SERVICE': 'wm_ocs.svcs.inbound.adptrsvcs:getPlanServices', 'VALIDATE-IN': '$none', 'VALIDATE-OUT': '$none'} \n  ": {
            "map_input": {
                "outputs": [
                    "field",
                    "customerUniqueID",
                    "$connectionName",
                    "getPlanServicesInput.customerUniqueID"
                ],
                "inputs": [
                    "EsbMsgHeader:msgHeader",
                    "configFileName",
                    "count",
                    "customer_id",
                    "Cache-Control",
                    "If-Modified-Since",
                    "Accept",
                    "fields",
                    "type",
                    "pathHeader",
                    "limit",
                    "offset",
                    "initParams",
                    "jdbcConnName",
                    "services"
                ],
                "deletes": [],
                "mappings": [
                    {
                        "field": "getPlanServicesInput.field",
                        "value": "'*'",
                        "type": "MAPSET"
                    },
                    {
                        "from": "jdbcConnName",
                        "to": "$connectionName",
                        "type": "MAPCOPY"
                    },
                    {
                        "from": "customer_id",
                        "to": "getPlanServicesInput.customerUniqueID",
                        "type": "MAPCOPY"
                    }
                ]
            },
            "map_output": {
                "outputs": [
                    "field",
                    "customerUniqueID",
                    "EsbMsgHeader:msgHeader",
                    "configFileName",
                    "count",
                    "customer_id",
                    "Cache-Control",
                    "If-Modified-Since",
                    "Accept",
                    "fields",
                    "type",
                    "pathHeader",
                    "limit",
                    "offset",
                    "initParams",
                    "jdbcConnName",
                    "SVC_LINE_ID",
                    "SVCCD",
                    "TKTNUM",
                    "TKTTYPE",
                    "TICKET_LOAD_TYPE",
                    "ROUTE_ID",
                    "PLANDTE",
                    "ORDERDTE",
                    "EXCP_CD",
                    "EXCP_CLASS",
                    "SVCTIME",
                    "STATUS",
                    "RTE_PKEYID",
                    "CUST_ORDER_PKEY",
                    "CUST_SVC_PKEY",
                    "LOB",
                    "TIMEZONE",
                    "services",
                    "SQLStatement",
                    "recordCount",
                    "servicesTemp"
                ],
                "inputs": [
                    "SQLStatement",
                    "recordCount",
                    "getPlanServicesOutput.recordCount",
                    "getPlanServicesOutput.results"
                ],
                "deletes": [
                    "getPlanServicesInput",
                    "getPlanServicesOutput"
                ],
                "mappings": [
                    {
                        "from": "getPlanServicesOutput.recordCount",
                        "to": "count",
                        "type": "MAPCOPY"
                    },
                    {
                        "from": "getPlanServicesOutput.results",
                        "to": "servicesTemp",
                        "type": "MAPCOPY"
                    }
                ]
            },
            "service": "wm_ocs.svcs.inbound.adptrsvcs:getPlanServices",
            "tag": "INVOKE"
        }
    },
    {
        "LOOP {'TIMEOUT': '', 'IN-ARRAY': '/servicesTemp', 'OUT-ARRAY': '/services'} \n  ": {
            "tag": "LOOP"
        }
    },
    {
        "MAP {'TIMEOUT': '', 'MODE': 'STANDALONE'} \n  ": {
            "tag": "MAPINVOKE",
            "fields": [
                {
                    "service": "pub.string:objectToString",
                    "map_input": {
                        "outputs": [],
                        "inputs": [
                            "EsbMsgHeader:msgHeader",
                            "configFileName",
                            "count",
                            "customer_id",
                            "Cache-Control",
                            "If-Modified-Since",
                            "Accept",
                            "fields",
                            "type",
                            "pathHeader",
                            "limit",
                            "offset",
                            "initParams",
                            "jdbcConnName",
                            "SVC_LINE_ID",
                            "SVCCD",
                            "TKTNUM",
                            "TKTTYPE",
                            "TICKET_LOAD_TYPE",
                            "ROUTE_ID",
                            "PLANDTE",
                            "ORDERDTE",
                            "EXCP_CD",
                            "EXCP_CLASS",
                            "SVCTIME",
                            "STATUS",
                            "RTE_PKEYID",
                            "CUST_ORDER_PKEY",
                            "CUST_SVC_PKEY",
                            "LOB",
                            "TIMEZONE",
                            "services",
                            "servicesTemp.SVC_LINE_ID",
                            "servicesTemp.SVCCD",
                            "servicesTemp.TKTNUM",
                            "servicesTemp.TKTTYPE",
                            "servicesTemp.TICKET_LOAD_TYPE",
                            "servicesTemp.PLANDTE",
                            "servicesTemp.ORDERDTE",
                            "servicesTemp.EXCP_CLASS",
                            "servicesTemp.SVCTIME",
                            "servicesTemp.STATUS",
                            "servicesTemp.LOB",
                            "servicesTemp.ROUTE_ID",
                            "servicesTemp.CUST_ORDER_PKEY",
                            "servicesTemp.CUST_SVC_PKEY",
                            "servicesTemp.TIMEZONE",
                            "servicesTemp.EXCP_CD"
                        ],
                        "deletes": [],
                        "mappings": [
                            {
                                "from": "servicesTemp.RTE_PKEYID",
                                "to": "object",
                                "type": "MAPCOPY"
                            }
                        ]
                    },
                    "map_output": {
                        "outputs": [
                            "EsbMsgHeader:msgHeader",
                            "configFileName",
                            "count",
                            "customer_id",
                            "Cache-Control",
                            "If-Modified-Since",
                            "Accept",
                            "fields",
                            "type",
                            "pathHeader",
                            "limit",
                            "offset",
                            "initParams",
                            "jdbcConnName",
                            "services",
                            "services.id",
                            "services.wm_metadata.service_code",
                            "services.ticket_number",
                            "services.ticket_type",
                            "services.ticket_load_type",
                            "services.planned_date",
                            "services.ordered_date",
                            "services.exception_class",
                            "services.service_time",
                            "services.status",
                            "services.line_of_business",
                            "services.operations.route_id",
                            "services.wm_metadata.customer_order_number",
                            "services.wm_metadata.customer_service_number",
                            "services.wm_metadata.site_timezone",
                            "services.exception_reason_code"
                        ],
                        "inputs": [],
                        "deletes": [],
                        "mappings": [
                            {
                                "from": "string",
                                "to": "services.operations.route_order_number",
                                "type": "MAPCOPY"
                            }
                        ]
                    }
                },
                {
                    "service": "pub.string:objectToString",
                    "map_input": {
                        "outputs": [],
                        "inputs": [
                            "EsbMsgHeader:msgHeader",
                            "configFileName",
                            "count",
                            "customer_id",
                            "Cache-Control",
                            "If-Modified-Since",
                            "Accept",
                            "fields",
                            "type",
                            "pathHeader",
                            "limit",
                            "offset",
                            "initParams",
                            "jdbcConnName",
                            "SVC_LINE_ID",
                            "SVCCD",
                            "TKTNUM",
                            "TKTTYPE",
                            "TICKET_LOAD_TYPE",
                            "ROUTE_ID",
                            "PLANDTE",
                            "ORDERDTE",
                            "EXCP_CD",
                            "EXCP_CLASS",
                            "SVCTIME",
                            "STATUS",
                            "RTE_PKEYID",
                            "CUST_ORDER_PKEY",
                            "CUST_SVC_PKEY",
                            "LOB",
                            "TIMEZONE",
                            "services",
                            "servicesTemp.SVC_LINE_ID",
                            "servicesTemp.SVCCD",
                            "servicesTemp.TKTNUM",
                            "servicesTemp.TKTTYPE",
                            "servicesTemp.TICKET_LOAD_TYPE",
                            "servicesTemp.PLANDTE",
                            "servicesTemp.ORDERDTE",
                            "servicesTemp.EXCP_CLASS",
                            "servicesTemp.SVCTIME",
                            "servicesTemp.STATUS",
                            "servicesTemp.LOB",
                            "servicesTemp.ROUTE_ID",
                            "servicesTemp.CUST_ORDER_PKEY",
                            "servicesTemp.CUST_SVC_PKEY",
                            "servicesTemp.TIMEZONE",
                            "servicesTemp.EXCP_CD"
                        ],
                        "deletes": [],
                        "mappings": []
                    },
                    "map_output": {
                        "outputs": [
                            "EsbMsgHeader:msgHeader",
                            "configFileName",
                            "count",
                            "customer_id",
                            "Cache-Control",
                            "If-Modified-Since",
                            "Accept",
                            "fields",
                            "type",
                            "pathHeader",
                            "limit",
                            "offset",
                            "initParams",
                            "jdbcConnName",
                            "services",
                            "services.id",
                            "services.wm_metadata.service_code",
                            "services.ticket_number",
                            "services.ticket_type",
                            "services.ticket_load_type",
                            "services.planned_date",
                            "services.ordered_date",
                            "services.exception_class",
                            "services.service_time",
                            "services.status",
                            "services.line_of_business",
                            "services.operations.route_id",
                            "services.wm_metadata.customer_order_number",
                            "services.wm_metadata.customer_service_number",
                            "services.wm_metadata.site_timezone",
                            "services.exception_reason_code"
                        ],
                        "inputs": [],
                        "deletes": [],
                        "mappings": []
                    }
                }
            ],
            "path": "SEQUENCE->SEQUENCE->BRANCH->SEQUENCE->BRANCH->SEQUENCE->LOOP->",
            "comment": "map to output document"
        }
    },
    {
        "BRANCH {'TIMEOUT': '', 'LABELEXPRESSIONS': 'true'} \n  ": {
            "tag": "BRANCH"
        }
    },
    {
        "SEQUENCE {'NAME': '%count%!=0', 'TIMEOUT': '', 'EXIT-ON': 'FAILURE'} \n  ": {
            "tag": "SEQUENCE"
        }
    },
    {
        "MAP {'TIMEOUT': '', 'MODE': 'STANDALONE'} \n  ": {
            "tag": "MAP",
            "fields": [
                {
                    "map_input": {
                        "outputs": [
                            "EsbMsgHeader:msgHeader",
                            "configFileName",
                            "count",
                            "customer_id",
                            "Cache-Control",
                            "If-Modified-Since",
                            "Accept",
                            "type",
                            "pathHeader",
                            "initParams",
                            "limit",
                            "offset",
                            "customerUnqID",
                            "fields",
                            "totalCount",
                            "cachekey",
                            "jdbcConnName",
                            "metadata.totalCount"
                        ],
                        "inputs": [
                            "EsbMsgHeader:msgHeader",
                            "configFileName",
                            "count",
                            "customer_id",
                            "Cache-Control",
                            "If-Modified-Since",
                            "Accept",
                            "type",
                            "pathHeader",
                            "initParams",
                            "limit",
                            "offset",
                            "customerUnqID",
                            "fields",
                            "cachekey",
                            "jdbcConnName"
                        ],
                        "deletes": [],
                        "mappings": [
                            {
                                "from": "count",
                                "to": "metadata.totalCount",
                                "type": "MAPCOPY"
                            }
                        ]
                    },
                    "map_output": {
                        "inputs": [],
                        "outputs": [
                            "EsbMsgHeader:msgHeader",
                            "configFileName",
                            "count",
                            "customer_id",
                            "Cache-Control",
                            "If-Modified-Since",
                            "Accept",
                            "type",
                            "pathHeader",
                            "initParams",
                            "limit",
                            "offset",
                            "customerUnqID",
                            "fields",
                            "totalCount",
                            "cachekey",
                            "jdbcConnName",
                            "metadata.totalCount"
                        ],
                        "mappings": [
                            {
                                "from": "count",
                                "to": "metadata.totalCount",
                                "type": "MAPCOPY"
                            }
                        ],
                        "deletes": []
                    }
                }
            ],
            "path": "SEQUENCE->SEQUENCE->BRANCH->SEQUENCE->",
            "comment": "map metadata"
        }
    },
    {
        "MAP {'TIMEOUT': '', 'MODE': 'STANDALONE'} \n  ": {
            "tag": "MAP",
            "fields": [
                {
                    "map_input": {
                        "outputs": [
                            "EsbMsgHeader:msgHeader",
                            "configFileName",
                            "count",
                            "customer_id",
                            "Cache-Control",
                            "If-Modified-Since",
                            "Accept",
                            "fields",
                            "type",
                            "pathHeader",
                            "limit",
                            "offset",
                            "initParams",
                            "jdbcConnName",
                            "services",
                            "request_tracking_id",
                            "document.metadata",
                            "document.services",
                            "document.request_tracking_id"
                        ],
                        "inputs": [
                            "EsbMsgHeader:msgHeader",
                            "configFileName",
                            "count",
                            "customer_id",
                            "Cache-Control",
                            "If-Modified-Since",
                            "Accept",
                            "fields",
                            "type",
                            "pathHeader",
                            "limit",
                            "offset",
                            "totalCount",
                            "initParams",
                            "jdbcConnName",
                            "services",
                            "metadata.limit",
                            "metadata.offset",
                            "metadata.totalCount",
                            "msgHeader.transactionID"
                        ],
                        "deletes": [],
                        "mappings": [
                            {
                                "from": "metadata",
                                "to": "document.metadata",
                                "type": "MAPCOPY"
                            },
                            {
                                "from": "services",
                                "to": "document.services",
                                "type": "MAPCOPY"
                            },
                            {
                                "from": "msgHeader.transactionID",
                                "to": "document.request_tracking_id",
                                "type": "MAPCOPY"
                            }
                        ]
                    },
                    "map_output": {
                        "inputs": [],
                        "outputs": [
                            "EsbMsgHeader:msgHeader",
                            "configFileName",
                            "count",
                            "customer_id",
                            "Cache-Control",
                            "If-Modified-Since",
                            "Accept",
                            "fields",
                            "type",
                            "pathHeader",
                            "limit",
                            "offset",
                            "initParams",
                            "jdbcConnName",
                            "services",
                            "request_tracking_id",
                            "document.metadata",
                            "document.services",
                            "document.request_tracking_id"
                        ],
                        "mappings": [
                            {
                                "from": "metadata",
                                "to": "document.metadata",
                                "type": "MAPCOPY"
                            },
                            {
                                "from": "services",
                                "to": "document.services",
                                "type": "MAPCOPY"
                            },
                            {
                                "from": "msgHeader.transactionID",
                                "to": "document.request_tracking_id",
                                "type": "MAPCOPY"
                            }
                        ],
                        "deletes": []
                    }
                }
            ],
            "path": "SEQUENCE->SEQUENCE->BRANCH->SEQUENCE->",
            "comment": "Form the services document to convert to JSON string"
        }
    },
    {
        "INVOKE {'TIMEOUT': '', 'SERVICE': 'wm_common.utils:checkAcceptHeader', 'VALIDATE-IN': '$none', 'VALIDATE-OUT': '$none'} \n  ": {
            "map_input": {
                "outputs": [
                    "Accept",
                    "document"
                ],
                "inputs": [
                    "fileName",
                    "EsbMsgHeader:msgHeader",
                    "count",
                    "configFileName",
                    "customer_id",
                    "Cache-Control",
                    "If-Modified-Since",
                    "Accept",
                    "fields",
                    "type",
                    "pathHeader",
                    "limit",
                    "jdbcConnName",
                    "offset",
                    "initParams",
                    "services",
                    "document.request_tracking_id"
                ],
                "deletes": [],
                "mappings": [
                    {
                        "from": "document",
                        "to": "document",
                        "type": "MAPCOPY"
                    },
                    {
                        "from": "Accept",
                        "to": "Accept",
                        "type": "MAPCOPY"
                    }
                ]
            },
            "map_output": {
                "outputs": [],
                "inputs": [],
                "deletes": [],
                "mappings": []
            },
            "service": "wm_common.utils:checkAcceptHeader",
            "tag": "INVOKE"
        }
    },
    {
        "INVOKE {'TIMEOUT': '', 'SERVICE': 'wm_common.utils:checkIfModifiedSinceHeader', 'VALIDATE-IN': '$none', 'VALIDATE-OUT': '$none'} \n  ": {
            "tag": "INVOKE"
        }
    },
    {
        "SEQUENCE {'NAME': '$default', 'TIMEOUT': '', 'EXIT-ON': 'FAILURE'} \n  ": {
            "tag": "SEQUENCE"
        }
    },
    {
        "MAP {'TIMEOUT': '', 'MODE': 'STANDALONE'} \n  ": {
            "tag": "MAP",
            "fields": [
                {
                    "map_input": {
                        "outputs": [
                            "EsbMsgHeader:msgHeader",
                            "configFileName",
                            "count",
                            "customer_id",
                            "Cache-Control",
                            "If-Modified-Since",
                            "Accept",
                            "fields",
                            "type",
                            "pathHeader",
                            "limit",
                            "offset",
                            "initParams",
                            "jdbcConnName",
                            "services",
                            "finalResponse",
                            "etagOutput",
                            "contentType"
                        ],
                        "inputs": [],
                        "deletes": [],
                        "mappings": [
                            {
                                "field": "contentType",
                                "value": "'application/json'",
                                "type": "MAPSET"
                            },
                            {
                                "field": "initParams.subjectNote",
                                "value": "'OCS'",
                                "type": "MAPSET"
                            },
                            {
                                "field": "initParams.errorCode",
                                "value": "'204'",
                                "type": "MAPSET"
                            }
                        ]
                    },
                    "map_output": {
                        "inputs": [],
                        "outputs": [
                            "EsbMsgHeader:msgHeader",
                            "configFileName",
                            "count",
                            "customer_id",
                            "Cache-Control",
                            "If-Modified-Since",
                            "Accept",
                            "fields",
                            "type",
                            "pathHeader",
                            "limit",
                            "offset",
                            "initParams",
                            "jdbcConnName",
                            "services",
                            "finalResponse",
                            "etagOutput",
                            "contentType"
                        ],
                        "mappings": [
                            {
                                "field": "contentType",
                                "value": "'application/json'",
                                "type": "MAPSET"
                            },
                            {
                                "field": "initParams.subjectNote",
                                "value": "'OCS'",
                                "type": "MAPSET"
                            },
                            {
                                "field": "initParams.errorCode",
                                "value": "'204'",
                                "type": "MAPSET"
                            }
                        ],
                        "deletes": []
                    }
                }
            ],
            "path": "SEQUENCE->SEQUENCE->BRANCH->SEQUENCE->",
            "comment": "set subjectNote and errorCode"
        }
    },
    {
        "INVOKE {'TIMEOUT': '', 'SERVICE': 'wm_common.utils:throwError', 'VALIDATE-IN': '$none', 'VALIDATE-OUT': '$none'} \n  ": {
            "map_input": {
                "outputs": [
                    "errorMessage"
                ],
                "inputs": [],
                "deletes": [],
                "mappings": [
                    {
                        "field": "errorMessage",
                        "value": "'No Content'",
                        "type": "MAPSET"
                    }
                ]
            },
            "map_output": {
                "outputs": [
                    "errorMessage",
                    "EsbMsgHeader:msgHeader",
                    "configFileName",
                    "count",
                    "customer_id",
                    "Cache-Control",
                    "If-Modified-Since",
                    "Accept",
                    "fields",
                    "type",
                    "pathHeader",
                    "limit",
                    "offset",
                    "initParams",
                    "jdbcConnName",
                    "services",
                    "finalResponse",
                    "etagOutput",
                    "contentType"
                ],
                "inputs": [],
                "deletes": [
                    "errorMessage"
                ],
                "mappings": []
            },
            "service": "wm_common.utils:throwError",
            "tag": "INVOKE"
        }
    },
    {
        "MAP {'TIMEOUT': '', 'MODE': 'STANDALONE'} \n  ": {
            "tag": "MAP",
            "fields": [
                {
                    "map_input": {
                        "outputs": [],
                        "inputs": [
                            "EsbMsgHeader:msgHeader",
                            "configFileName",
                            "customer_id",
                            "Cache-Control",
                            "count",
                            "If-Modified-Since",
                            "Accept",
                            "limit",
                            "customerNo",
                            "library",
                            "company",
                            "offset",
                            "initParams",
                            "fields",
                            "type",
                            "services",
                            "summary",
                            "numberOfDays",
                            "pathHeader",
                            "jdbcConnName",
                            "totalCount",
                            "finalResponse",
                            "etagOutput",
                            "contentType"
                        ],
                        "deletes": [
                            "jdbcConnName",
                            "$path",
                            "Cache-Control",
                            "If-Modified-Since",
                            "Accept",
                            "limit",
                            "offset",
                            "type",
                            "pathHeader",
                            "metadata",
                            "customer_id",
                            "customerNo",
                            "library",
                            "company",
                            "getNotesForCustomerOutput",
                            "count",
                            "document",
                            "finalResponse",
                            "etagOutput",
                            "contentType",
                            "msgHeader",
                            "initParams"
                        ],
                        "mappings": []
                    },
                    "map_output": {
                        "inputs": [],
                        "outputs": [],
                        "mappings": [],
                        "deletes": [
                            "jdbcConnName",
                            "$path",
                            "Cache-Control",
                            "If-Modified-Since",
                            "Accept",
                            "limit",
                            "offset",
                            "type",
                            "pathHeader",
                            "metadata",
                            "customer_id",
                            "customerNo",
                            "library",
                            "company",
                            "getNotesForCustomerOutput",
                            "count",
                            "document",
                            "finalResponse",
                            "etagOutput",
                            "contentType",
                            "msgHeader",
                            "initParams"
                        ]
                    }
                }
            ],
            "path": "SEQUENCE->SEQUENCE->",
            "comment": "Clean Up"
        }
    },
    {
        "SEQUENCE {'TIMEOUT': '', 'EXIT-ON': 'DONE'} \n  ": {
            "tag": "SEQUENCE"
        }
    },
    {
        "INVOKE {'TIMEOUT': '', 'SERVICE': 'pub.flow:getLastError', 'VALIDATE-IN': '$none', 'VALIDATE-OUT': '$none'} \n  ": {
            "map_input": {
                "outputs": [],
                "inputs": [],
                "deletes": [],
                "mappings": []
            },
            "map_output": {
                "outputs": [],
                "inputs": [],
                "deletes": [],
                "mappings": []
            },
            "service": "pub.flow:getLastError",
            "tag": "INVOKE"
        }
    },
    {
        "INVOKE {'TIMEOUT': '', 'SERVICE': 'wm_errorhandling.utils:getCallingService', 'VALIDATE-IN': '$none', 'VALIDATE-OUT': '$none'} \n  ": {
            "map_input": {
                "outputs": [],
                "inputs": [],
                "deletes": [],
                "mappings": []
            },
            "map_output": {
                "outputs": [],
                "inputs": [],
                "deletes": [],
                "mappings": []
            },
            "service": "wm_errorhandling.utils:getCallingService",
            "tag": "INVOKE"
        }
    },
    {
        "INVOKE {'TIMEOUT': '', 'SERVICE': 'wm_errorhandling.svcs.flowsvcs:createErrorMsg_FW1', 'VALIDATE-IN': '$none', 'VALIDATE-OUT': '$none'} \n  ": {
            "map_input": {
                "outputs": [],
                "inputs": [],
                "deletes": [],
                "mappings": []
            },
            "map_output": {
                "outputs": [],
                "inputs": [],
                "deletes": [],
                "mappings": []
            },
            "service": "wm_errorhandling.svcs.flowsvcs:createErrorMsg_FW1",
            "tag": "INVOKE"
        }
    },
    {
        "MAP {'TIMEOUT': '', 'MODE': 'STANDALONE'} \n  ": {
            "tag": "MAP",
            "fields": [
                {
                    "map_input": {
                        "outputs": [],
                        "inputs": [],
                        "deletes": [],
                        "mappings": [
                            {
                                "field": "contentType",
                                "value": "'application/json'",
                                "type": "MAPSET"
                            }
                        ]
                    },
                    "map_output": {
                        "inputs": [],
                        "outputs": [],
                        "mappings": [
                            {
                                "field": "contentType",
                                "value": "'application/json'",
                                "type": "MAPSET"
                            }
                        ],
                        "deletes": []
                    }
                }
            ],
            "path": "SEQUENCE->SEQUENCE->",
            "comment": "Populate contentType"
        }
    }
]