<?xml version="1.0" encoding="UTF-8"?><mule xmlns="http://www.mulesoft.org/schema/mule/core" xmlns:doc="http://www.mulesoft.org/schema/mule/documentation" xmlns:ee="http://www.mulesoft.org/schema/mule/ee/core" xmlns:xsi="http://www.w3.org/2001/XMLSchema-instance" xsi:schemaLocation="http://www.mulesoft.org/schema/mule/core http://www.mulesoft.org/schema/mule/core/current/mule.xsd http://www.mulesoft.org/schema/mule/ee/core http://www.mulesoft.org/schema/mule/ee/core/current/mule-ee.xsd">
    <flow doc:id="ngkuysau-eadc-40b9-98cc-268d14076da0" name="wm_ocs-utils-CheckForTheFieldExistence">
        <try doc:name="SEQUENCE">
            <try doc:name="SEQUENCE">
                <logger doc:id="zwzmqklu-eadc-40b9-98cc-268d14076da0" doc:name="pub.string:objectToString" level="INFO"/>
                <logger doc:id="mgafugfs-eadc-40b9-98cc-268d14076da0" doc:name="wm_ocs.utils:isNullOrBlank" level="INFO"/>
                <choice doc:name="BRANCH">
                    <when expression="% /result% = true">
                        
<ee:transform doc:name="MAP" doc:id="0af093a1-f36b-4a65-9f3f-7a904ab46e8b" >
			<ee:message >
			</ee:message>
			<ee:variables>
				<ee:set-variable variableName="MAP" ><![CDATA[%dw 2.0
output application/json
---
	{}
]]></ee:set-variable>
			</ee:variables>
		</ee:transform>
    
                    </when>
                    <when expression="% /result% = false">
                        
<ee:transform doc:name="MAP" doc:id="0af093a1-f36b-4a65-9f3f-7a904ab46e8b" >
			<ee:message >
			</ee:message>
			<ee:variables>
				<ee:set-variable variableName="MAP" ><![CDATA[%dw 2.0
output application/json
---
	{"outString": payload."string",
"inputString": payload."inputString",
"string": vars."wm_ocs-utils-isNullOrBlank"."string"
}
]]></ee:set-variable>
			</ee:variables>
		</ee:transform>
    
                    </when>
                </choice>
            </try>
            <try doc:name="SEQUENCE">
                <logger doc:id="cyegnyeg-eadc-40b9-98cc-268d14076da0" doc:name="pub.flow:getLastError" level="INFO"/>
            </try>
        </try>
    </flow>
</mule>
