<?xml version="1.0" encoding="UTF-8"?><mule xmlns="http://www.mulesoft.org/schema/mule/core" xmlns:doc="http://www.mulesoft.org/schema/mule/documentation" xmlns:ee="http://www.mulesoft.org/schema/mule/ee/core" xmlns:xsi="http://www.w3.org/2001/XMLSchema-instance" xsi:schemaLocation="http://www.mulesoft.org/schema/mule/core http://www.mulesoft.org/schema/mule/core/current/mule.xsd http://www.mulesoft.org/schema/mule/ee/core http://www.mulesoft.org/schema/mule/ee/core/current/mule-ee.xsd">
    <flow doc:id="sxwhkhqw-eadc-40b9-98cc-268d14076da0" name="wm_ocs-svcs-inbound-flowsvcs-getEligibilityDetails">
        <try doc:name="SEQUENCE">
            <try doc:name="SEQUENCE">
                
<ee:transform doc:name="MAP" doc:id="0af093a1-f36b-4a65-9f3f-7a904ab46e8b" >
			<ee:message >
			</ee:message>
			<ee:variables>
				<ee:set-variable variableName="MAP" ><![CDATA[%dw 2.0
output application/json
var value_1 = "call wm_common.config:getCustParam with args:name=''' ++ vars.MAP.EsbMsgHeader:msgHeader.EsbMsgHeader:source.EsbMsgHeader:msgSourceCd ++ '_Request_ETA_Eligibility_' ++ vars.MAP.EsbMsgHeader:msgHeader.EsbMsgHeader:source.EsbMsgHeader:requestedEnv '',"

---
	{"jdbcAlias_ocs": value_1,
"customer_id": payload."customer_id",
"id": payload."id",
"requestDate": payload."requestDate",
"line_of_business": payload."line_of_business",
"configFileName": payload."configFileName"
}
]]></ee:set-variable>
			</ee:variables>
		</ee:transform>
    
                <choice doc:name="BRANCH">
                    <when expression="%line_of_business%  == 'COLL_RES' || %line_of_business%  == 'COLL_COM'">
                        <try doc:name="SEQUENCE">
                            <logger doc:id="qltjxeyh-eadc-40b9-98cc-268d14076da0" doc:name="wm_ocs.svcs.inbound.adptrsvcs:getETAEligibility_CommResi" level="INFO"/>
                            
<ee:transform doc:name="MAP" doc:id="0af093a1-f36b-4a65-9f3f-7a904ab46e8b" >
			<ee:message >
			</ee:message>
			<ee:variables>
				<ee:set-variable variableName="MAP" ><![CDATA[%dw 2.0
output application/json
var size_1 = "call pub.list:sizeOfList with args:"

---
	{"outputSize": size_1,
"customer_id": vars."wm_ocs-svcs-inbound-adptrsvcs-getETAEligibility_CommResi"."customer_id",
"id": vars."wm_ocs-svcs-inbound-adptrsvcs-getETAEligibility_CommResi"."id",
"requestDate": vars."wm_ocs-svcs-inbound-adptrsvcs-getETAEligibility_CommResi"."requestDate",
"line_of_business": vars."wm_ocs-svcs-inbound-adptrsvcs-getETAEligibility_CommResi"."line_of_business",
"configFileName": vars."wm_ocs-svcs-inbound-adptrsvcs-getETAEligibility_CommResi"."configFileName",
"jdbcAlias_ocs": vars."wm_ocs-svcs-inbound-adptrsvcs-getETAEligibility_CommResi"."jdbcAlias_ocs",
"SITE": payload."SITE",
"AMASCUSTUNQ": payload."AMASCUSTUNQ",
"SERVICEID": payload."SERVICEID",
"LOB": payload."LOB",
"PLANDATE": payload."PLANDATE",
"ORDERDATE": payload."ORDERDATE",
"ETA_FLG": payload."ETA_FLG"
}
]]></ee:set-variable>
			</ee:variables>
		</ee:transform>
    
                            <choice doc:name="BRANCH">
                                <when expression="%outputSize%&gt;0">
                                    <try doc:name="SEQUENCE">
                                        <set-payload doc:id="jqkajjaf-eadc-40b9-98cc-268d14076da0" doc:name="Set Payload" name="set_payload" value="#[payload]"/>
                                        <foreach collection="#[payload]" doc:id="yjgnheyo-eadc-40b9-98cc-268d14076da0" doc:name="LOOP" name="LOOP">
                                            <choice doc:name="BRANCH">
                                                <when expression="%getETAEligibility_CommResiOutput/REFELIGIBLE/SERVICEID% == %id%">
                                                    <try doc:name="SEQUENCE">
                                                        <choice doc:name="BRANCH">
                                                            <when expression="% /getETAEligibility_CommResiOutput/REFELIGIBLE/ETA_FLG% = Y">
                                                                <try doc:name="SEQUENCE">
                                                                    
<ee:transform doc:name="MAP" doc:id="0af093a1-f36b-4a65-9f3f-7a904ab46e8b" >
			<ee:message >
			</ee:message>
			<ee:variables>
				<ee:set-variable variableName="MAP" ><![CDATA[%dw 2.0
output application/json
---
	{"ETAEligible": 'True',
"customer_id": vars.MAP."customer_id",
"id": vars.MAP."id",
"requestDate": vars.MAP."requestDate",
"line_of_business": vars.MAP."line_of_business",
"customerID": payload."customerID",
"configFileName": vars.MAP."configFileName",
"var_ID": payload."var_ID",
"jdbcAlias_ocs": vars.MAP."jdbcAlias_ocs"
}
]]></ee:set-variable>
			</ee:variables>
		</ee:transform>
    
                                                                    <logger doc:id="ebbxcwxq-eadc-40b9-98cc-268d14076da0" doc:name="EXIT" level="INFO"/>
                                                                </try>
                                                            </when>
                                                            <otherwise>
                                                                <try doc:name="SEQUENCE">
                                                                    
<ee:transform doc:name="MAP" doc:id="0af093a1-f36b-4a65-9f3f-7a904ab46e8b" >
			<ee:message >
			</ee:message>
			<ee:variables>
				<ee:set-variable variableName="MAP" ><![CDATA[%dw 2.0
output application/json
---
	{"ETAEligible": 'False',
"customer_id": vars.MAP."customer_id",
"id": vars.MAP."id",
"requestDate": vars.MAP."requestDate",
"line_of_business": vars.MAP."line_of_business",
"customerID": vars.MAP."customerID",
"configFileName": vars.MAP."configFileName",
"var_ID": vars.MAP."var_ID",
"jdbcAlias_ocs": vars.MAP."jdbcAlias_ocs"
}
]]></ee:set-variable>
			</ee:variables>
		</ee:transform>
    
                                                                </try>
                                                            </otherwise>
                                                        </choice>
                                                    </try>
                                                </when>
                                                <otherwise>
                                                    <try doc:name="SEQUENCE">
                                                        
<ee:transform doc:name="MAP" doc:id="0af093a1-f36b-4a65-9f3f-7a904ab46e8b" >
			<ee:message >
			</ee:message>
			<ee:variables>
				<ee:set-variable variableName="MAP" ><![CDATA[%dw 2.0
output application/json
---
	{"ETAEligible": 'False',
"customer_id": vars.MAP."customer_id",
"id": vars.MAP."id",
"requestDate": vars.MAP."requestDate",
"line_of_business": vars.MAP."line_of_business",
"customerID": vars.MAP."customerID",
"configFileName": vars.MAP."configFileName",
"var_ID": vars.MAP."var_ID",
"jdbcAlias_ocs": vars.MAP."jdbcAlias_ocs"
}
]]></ee:set-variable>
			</ee:variables>
		</ee:transform>
    
                                                    </try>
                                                </otherwise>
                                            </choice>
                                        </foreach>
                                    </try>
                                </when>
                                <otherwise>
                                    <try doc:name="SEQUENCE">
                                        
<ee:transform doc:name="MAP" doc:id="0af093a1-f36b-4a65-9f3f-7a904ab46e8b" >
			<ee:message >
			</ee:message>
			<ee:variables>
				<ee:set-variable variableName="MAP" ><![CDATA[%dw 2.0
output application/json
---
	{"ETAEligible": 'False',
"customer_id": vars.MAP."customer_id",
"id": vars.MAP."id",
"requestDate": vars.MAP."requestDate",
"line_of_business": vars.MAP."line_of_business",
"customerID": vars.MAP."customerID",
"configFileName": vars.MAP."configFileName",
"var_ID": vars.MAP."var_ID",
"jdbcAlias_ocs": vars.MAP."jdbcAlias_ocs"
}
]]></ee:set-variable>
			</ee:variables>
		</ee:transform>
    
                                    </try>
                                </otherwise>
                            </choice>
                        </try>
                    </when>
                    <when expression="%line_of_business%  == 'COLL_RO'">
                        <try doc:name="SEQUENCE">
                            
<ee:transform doc:name="MAP" doc:id="0af093a1-f36b-4a65-9f3f-7a904ab46e8b" >
			<ee:message >
			</ee:message>
			<ee:variables>
				<ee:set-variable variableName="MAP" ><![CDATA[%dw 2.0
output application/json
var dateOut_1 = "call wm_ocs.svcs.inbound.javasvcs:getJavaUtilDate with args:dateFormat=''yyyy-MM-dd'',"

---
	{"dateOut": dateOut_1,
"customer_id": vars.MAP."customer_id",
"id": vars.MAP."id",
"requestDate": vars.MAP."requestDate",
"line_of_business": vars.MAP."line_of_business",
"customerID": vars.MAP."customerID",
"configFileName": vars.MAP."configFileName",
"jdbcAlias_ocs": vars.MAP."jdbcAlias_ocs",
"outputSize": vars.MAP."outputSize",
"ETAEligible": vars.MAP."ETAEligible"
}
]]></ee:set-variable>
			</ee:variables>
		</ee:transform>
    
                            <logger doc:id="qctrpdij-eadc-40b9-98cc-268d14076da0" doc:name="wm_ocs.svcs.inbound.adptrsvcs:getETAEligibility" level="INFO"/>
                            
<ee:transform doc:name="MAP" doc:id="0af093a1-f36b-4a65-9f3f-7a904ab46e8b" >
			<ee:message >
			</ee:message>
			<ee:variables>
				<ee:set-variable variableName="MAP" ><![CDATA[%dw 2.0
output application/json
var size_1 = "call pub.list:sizeOfList with args:"

---
	{"outputSize": size_1,
"customer_id": vars."wm_ocs-svcs-inbound-adptrsvcs-getETAEligibility"."customer_id",
"id": vars."wm_ocs-svcs-inbound-adptrsvcs-getETAEligibility"."id",
"requestDate": vars."wm_ocs-svcs-inbound-adptrsvcs-getETAEligibility"."requestDate",
"line_of_business": vars."wm_ocs-svcs-inbound-adptrsvcs-getETAEligibility"."line_of_business",
"configFileName": vars."wm_ocs-svcs-inbound-adptrsvcs-getETAEligibility"."configFileName",
"jdbcAlias_ocs": vars."wm_ocs-svcs-inbound-adptrsvcs-getETAEligibility"."jdbcAlias_ocs",
"ETAEligible": vars."wm_ocs-svcs-inbound-adptrsvcs-getETAEligibility"."ETAEligible",
"dateOut": vars."wm_ocs-svcs-inbound-adptrsvcs-getETAEligibility"."dateOut",
"TICKETNUMBER": payload."TICKETNUMBER",
"ASSIGNED": payload."ASSIGNED",
"COMMENTS": payload."COMMENTS",
"SERVICEID": vars.MAP."SERVICEID",
"CODE": payload."CODE",
"DESCR": payload."DESCR"
}
]]></ee:set-variable>
			</ee:variables>
		</ee:transform>
    
                            <choice doc:name="BRANCH">
                                <when expression="%outputSize%&gt;0">
                                    <try doc:name="SEQUENCE">
                                        <set-payload doc:id="nngzdirg-eadc-40b9-98cc-268d14076da0" doc:name="Set Payload" name="set_payload" value="#[payload]"/>
                                        <foreach collection="#[payload]" doc:id="tystteok-eadc-40b9-98cc-268d14076da0" doc:name="LOOP" name="LOOP">
                                            <choice doc:name="BRANCH">
                                                <when expression="%getETAEligibilityOutput/OELIGIBLETICKETS/SERVICEID% == %id%">
                                                    <try doc:name="SEQUENCE">
                                                        <choice doc:name="BRANCH">
                                                            <when expression="% /getETAEligibilityOutput/OELIGIBLETICKETS/ASSIGNED% = Y">
                                                                <try doc:name="SEQUENCE">
                                                                    
<ee:transform doc:name="MAP" doc:id="0af093a1-f36b-4a65-9f3f-7a904ab46e8b" >
			<ee:message >
			</ee:message>
			<ee:variables>
				<ee:set-variable variableName="MAP" ><![CDATA[%dw 2.0
output application/json
---
	{"ETAEligible": 'True',
"customer_id": vars.MAP."customer_id",
"id": vars.MAP."id",
"requestDate": vars.MAP."requestDate",
"line_of_business": vars.MAP."line_of_business",
"customerID": vars.MAP."customerID",
"configFileName": vars.MAP."configFileName",
"var_ID": vars.MAP."var_ID",
"jdbcAlias_ocs": vars.MAP."jdbcAlias_ocs"
}
]]></ee:set-variable>
			</ee:variables>
		</ee:transform>
    
                                                                    <logger doc:id="rqcgfbsd-eadc-40b9-98cc-268d14076da0" doc:name="EXIT" level="INFO"/>
                                                                </try>
                                                            </when>
                                                            <otherwise>
                                                                <try doc:name="SEQUENCE">
                                                                    
<ee:transform doc:name="MAP" doc:id="0af093a1-f36b-4a65-9f3f-7a904ab46e8b" >
			<ee:message >
			</ee:message>
			<ee:variables>
				<ee:set-variable variableName="MAP" ><![CDATA[%dw 2.0
output application/json
---
	{"ETAEligible": 'False',
"customer_id": vars.MAP."customer_id",
"id": vars.MAP."id",
"requestDate": vars.MAP."requestDate",
"line_of_business": vars.MAP."line_of_business",
"customerID": vars.MAP."customerID",
"configFileName": vars.MAP."configFileName",
"var_ID": vars.MAP."var_ID",
"jdbcAlias_ocs": vars.MAP."jdbcAlias_ocs"
}
]]></ee:set-variable>
			</ee:variables>
		</ee:transform>
    
                                                                </try>
                                                            </otherwise>
                                                        </choice>
                                                    </try>
                                                </when>
                                                <otherwise>
                                                    <try doc:name="SEQUENCE">
                                                        
<ee:transform doc:name="MAP" doc:id="0af093a1-f36b-4a65-9f3f-7a904ab46e8b" >
			<ee:message >
			</ee:message>
			<ee:variables>
				<ee:set-variable variableName="MAP" ><![CDATA[%dw 2.0
output application/json
---
	{"ETAEligible": 'False',
"customer_id": vars.MAP."customer_id",
"id": vars.MAP."id",
"requestDate": vars.MAP."requestDate",
"line_of_business": vars.MAP."line_of_business",
"customerID": vars.MAP."customerID",
"configFileName": vars.MAP."configFileName",
"var_ID": vars.MAP."var_ID",
"jdbcAlias_ocs": vars.MAP."jdbcAlias_ocs"
}
]]></ee:set-variable>
			</ee:variables>
		</ee:transform>
    
                                                    </try>
                                                </otherwise>
                                            </choice>
                                        </foreach>
                                    </try>
                                </when>
                                <otherwise>
                                    <try doc:name="SEQUENCE">
                                        
<ee:transform doc:name="MAP" doc:id="0af093a1-f36b-4a65-9f3f-7a904ab46e8b" >
			<ee:message >
			</ee:message>
			<ee:variables>
				<ee:set-variable variableName="MAP" ><![CDATA[%dw 2.0
output application/json
---
	{"ETAEligible": 'False',
"customer_id": vars.MAP."customer_id",
"id": vars.MAP."id",
"requestDate": vars.MAP."requestDate",
"line_of_business": vars.MAP."line_of_business",
"customerID": vars.MAP."customerID",
"configFileName": vars.MAP."configFileName",
"var_ID": vars.MAP."var_ID",
"jdbcAlias_ocs": vars.MAP."jdbcAlias_ocs"
}
]]></ee:set-variable>
			</ee:variables>
		</ee:transform>
    
                                    </try>
                                </otherwise>
                            </choice>
                        </try>
                    </when>
                </choice>
                
<ee:transform doc:name="MAP" doc:id="0af093a1-f36b-4a65-9f3f-7a904ab46e8b" >
			<ee:message >
			</ee:message>
			<ee:variables>
				<ee:set-variable variableName="MAP" ><![CDATA[%dw 2.0
output application/json
---
	{"jdbcAlias_ccdb": payload."jdbcAlias_ccdb",
"cntrctId": payload."cntrctId",
"cntrctLnItemId": payload."cntrctLnItemId",
"ocsCall": payload."ocsCall",
"configFileName": vars.MAP."configFileName",
"var_ID": vars.MAP."var_ID",
"customerID": vars.MAP."customerID",
"ocsCallForCommResi": payload."ocsCallForCommResi"
}
]]></ee:set-variable>
			</ee:variables>
		</ee:transform>
    
            </try>
            <try doc:name="SEQUENCE">
                <logger doc:id="fxqwjihm-eadc-40b9-98cc-268d14076da0" doc:name="pub.flow:getLastError" level="INFO"/>
                <logger doc:id="wnuxbwau-eadc-40b9-98cc-268d14076da0" doc:name="wm_errorhandling.utils:getCallingService" level="INFO"/>
                <logger doc:id="lbktytlu-eadc-40b9-98cc-268d14076da0" doc:name="wm_errorhandling.svcs.flowsvcs:createErrorMsg_FW1" level="INFO"/>
                <logger doc:id="ndpdxdxd-eadc-40b9-98cc-268d14076da0" doc:name="EXIT" level="INFO"/>
            </try>
        </try>
    </flow>
</mule>
