<?xml version="1.0" encoding="UTF-8"?><mule xmlns="http://www.mulesoft.org/schema/mule/core" xmlns:doc="http://www.mulesoft.org/schema/mule/documentation" xmlns:ee="http://www.mulesoft.org/schema/mule/ee/core" xmlns:xsi="http://www.w3.org/2001/XMLSchema-instance" xsi:schemaLocation="http://www.mulesoft.org/schema/mule/core http://www.mulesoft.org/schema/mule/core/current/mule.xsd http://www.mulesoft.org/schema/mule/ee/core http://www.mulesoft.org/schema/mule/ee/core/current/mule-ee.xsd">
    <flow doc:id="tjurmkya-eadc-40b9-98cc-268d14076da0" name="wm_ocs-utils-monitor-getOCSHealthStatusForMASAddRespSvcReq2">
        <try doc:name="SEQUENCE">
            <try doc:name="SEQUENCE">
                <try doc:name="SEQUENCE">
                    <logger doc:id="dqfaczhu-eadc-40b9-98cc-268d14076da0" doc:name="pub.utils:getServerProperty" level="INFO"/>
                    <choice doc:name="BRANCH">
                        <when expression="% /propertyValue% = QAT">
                            <ee:transform doc:id="ptxuvyrp-9b5e-4a86-b01c-cd738c5276d4" doc:name="MAP">
                                <ee:variables>
                                    <ee:set-variable variableName="MAP">%dw 2.0
output application/json
---
vars.""</ee:set-variable>
                                </ee:variables>
                            </ee:transform>
                        </when>
                    </choice>
                    <ee:transform doc:id="qpslvulj-9b5e-4a86-b01c-cd738c5276d4" doc:name="MAP">
                        <ee:variables>
                            <ee:set-variable variableName="MAP">%dw 2.0
output application/json
---
vars.""</ee:set-variable>
                        </ee:variables>
                    </ee:transform>
                    <logger doc:id="dlnipdeg-eadc-40b9-98cc-268d14076da0" doc:name="pub.client:http" level="INFO"/>
                    <choice doc:name="BRANCH">
                        <when expression="% /header/status% = 200">
                            <try doc:name="SEQUENCE">
                                <ee:transform doc:id="whqislgt-9b5e-4a86-b01c-cd738c5276d4" doc:name="MAP">
                                    <ee:variables>
                                        <ee:set-variable variableName="MAP">%dw 2.0
output application/json
---
vars.""</ee:set-variable>
                                    </ee:variables>
                                </ee:transform>
                            </try>
                        </when>
                        <otherwise>
                            <try doc:name="SEQUENCE">
                                <ee:transform doc:id="efzxthkx-9b5e-4a86-b01c-cd738c5276d4" doc:name="MAP">
                                    <ee:variables>
                                        <ee:set-variable variableName="MAP">%dw 2.0
output application/json
---
vars.""</ee:set-variable>
                                    </ee:variables>
                                </ee:transform>
                            </try>
                        </otherwise>
                    </choice>
                </try>
                <logger doc:id="hmqyzzgq-eadc-40b9-98cc-268d14076da0" doc:name="pub.flow:clearPipeline" level="INFO"/>
            </try>
            <try doc:name="SEQUENCE">
                <logger doc:id="iggnejdy-eadc-40b9-98cc-268d14076da0" doc:name="pub.flow:getLastError" level="INFO"/>
                <logger doc:id="rfyzwlvo-eadc-40b9-98cc-268d14076da0" doc:name="wm_errorhandling.utils:getCallingService" level="INFO"/>
                <logger doc:id="tkusjqnx-eadc-40b9-98cc-268d14076da0" doc:name="wm_errorhandling.svcs.flowsvcs:createErrorMsg_FW1" level="INFO"/>
                <logger doc:id="xnemkqrm-eadc-40b9-98cc-268d14076da0" doc:name="EXIT" level="INFO"/>
            </try>
        </try>
    </flow>
</mule>
