<?xml version="1.0" encoding="UTF-8"?><mule xmlns="http://www.mulesoft.org/schema/mule/core" xmlns:db="http://www.mulesoft.org/schema/mule/db" xmlns:doc="http://www.mulesoft.org/schema/mule/documentation" xmlns:ee="http://www.mulesoft.org/schema/mule/ee/core" xmlns:os="http://www.mulesoft.org/schema/mule/os" xmlns:xsi="http://www.w3.org/2001/XMLSchema-instance" xsi:schemaLocation="http://www.mulesoft.org/schema/mule/core http://www.mulesoft.org/schema/mule/core/current/mule.xsd http://www.mulesoft.org/schema/mule/ee/core http://www.mulesoft.org/schema/mule/ee/core/current/mule-ee.xsd http://www.mulesoft.org/schema/mule/db http://www.mulesoft.org/schema/mule/db/current/mule-db.xsd http://www.mulesoft.org/schema/mule/os  http://www.mulesoft.org/schema/mule/os/current/mule-os.xsd">
    <flow doc:id="skpugqud-eadc-40b9-98cc-268d14076da0" name="wm_ocs-svcs-inbound-flowsvcs-getTicketStatus">
        <try doc:name="SEQUENCE">
            <try doc:name="SEQUENCE">
                
<ee:transform doc:name="MAP" doc:id="0af093a1-f36b-4a65-9f3f-7a904ab46e8b" >
			<ee:message >
			</ee:message>
			<ee:variables>
				<ee:set-variable variableName="MAP" ><![CDATA[%dw 2.0
output application/json
var value_1 = "call pub.string:padLeft with args:padString=''0'',length=''15'',"

---
	{"customer_id": value_1,
"configFileName": payload."configFileName",
"ticket_id": payload."ticket_id",
"Cache-Control": payload."Cache-Control",
"If-Modified-Since": payload."If-Modified-Since",
"Accept": payload."Accept"
}
]]></ee:set-variable>
			</ee:variables>
		</ee:transform>
    
                <choice doc:name="BRANCH">
                    <when expression="% /Cache-Control% = no-cache">
                        <try doc:name="SEQUENCE">
                            
<ee:transform doc:name="MAP" doc:id="0af093a1-f36b-4a65-9f3f-7a904ab46e8b" >
			<ee:message >
			</ee:message>
			<ee:variables>
				<ee:set-variable variableName="MAP" ><![CDATA[%dw 2.0
output application/json
var valueList_1 = "call wm_common.config:getCustParam_multiple with args:nameList='''',"

---
	{"jdbcConn_OCS": valueList[0],
"enableCache": valueList[1],
"configFileName": vars.MAP."configFileName",
"customer_id": vars.MAP."customer_id",
"ticket_id": vars.MAP."ticket_id",
"Cache-Control": vars.MAP."Cache-Control",
"If-Modified-Since": vars.MAP."If-Modified-Since",
"Accept": vars.MAP."Accept"
}
]]></ee:set-variable>
			</ee:variables>
		</ee:transform>
    
                            <db:execute-ddl config-ref="wm_ocs.conn:JDBC_CONN_OCSD_ESBUSER" doc:id="qrctkrtx-eadc-40b9-98cc-268d14076da0" doc:name="wm_ocs.svcs.inbound.adptrsvcs:getTicketStatusDetails" target="wm_ocs.svcs.inbound.adptrsvcs:getticketstatusdetails">
                                <db:sql>select (select max (cs.transferstatus.statuscode ())&#13;
          from ocs_admin.vm_customerorder_stat cs&#13;
         where cs.customerorder = ref (t))&#13;
          as transfer_status,&#13;
       ws.status.active.code as workstatus,&#13;
       ws.status.active.created as statuscreated&#13;
  from ocs_admin.vp_customerorder t&#13;
       inner join ocs_admin.vp_servicelocation srv&#13;
          on srv.pkey = t.servicelocation.pkey&#13;
       left outer join ocs_admin.vp_co_workstatus ws&#13;
          on ws.customerorder = ref (t)&#13;
 where     t.ticketnumber = ?&#13;
       and t.customer.uniqueid = ?;</db:sql>
                            </db:execute-ddl>
                            <choice doc:name="BRANCH">
                                <when expression="%resultCount%!=0">
                                    <try doc:name="SEQUENCE">
                                        
<ee:transform doc:name="MAP" doc:id="0af093a1-f36b-4a65-9f3f-7a904ab46e8b" >
			<ee:message >
			</ee:message>
			<ee:variables>
				<ee:set-variable variableName="MAP" ><![CDATA[%dw 2.0
output application/json
---
	{"status_info": {
  "transmission_status": payload."getTicketStatusDetailsOutput.results.transfer_status",
  "status_date_time": payload."getTicketStatusDetailsOutput.results.statuscreated",
  "status": payload."getTicketStatusDetailsOutput.results.workstatus"
},
"configFileName": vars."wm_ocs-svcs-inbound-adptrsvcs-getTicketStatusDetails"."configFileName",
"customer_id": vars.MAP."customer_id",
"ticket_id": vars.MAP."ticket_id",
"Cache-Control": vars."wm_ocs-svcs-inbound-adptrsvcs-getTicketStatusDetails"."Cache-Control",
"If-Modified-Since": vars."wm_ocs-svcs-inbound-adptrsvcs-getTicketStatusDetails"."If-Modified-Since",
"Accept": vars."wm_ocs-svcs-inbound-adptrsvcs-getTicketStatusDetails"."Accept",
"jdbcConn_OCS": vars."wm_ocs-svcs-inbound-adptrsvcs-getTicketStatusDetails"."jdbcConn_OCS",
"enableCache": vars."wm_ocs-svcs-inbound-adptrsvcs-getTicketStatusDetails"."enableCache",
"resultCount": vars."wm_ocs-svcs-inbound-adptrsvcs-getTicketStatusDetails"."resultCount",
"SQLStatement": payload."SQLStatement",
"transfer_status": payload."transfer_status",
"workstatus": payload."workstatus",
"statuscreated": payload."statuscreated",
"getTicketStatusDetailsOutput": {
  "results": {
    "transfer_status": payload."getTicketStatusDetailsOutput.results.transfer_status",
    "statuscreated": payload."getTicketStatusDetailsOutput.results.statuscreated",
    "workstatus": payload."getTicketStatusDetailsOutput.results.workstatus"
  }
}
}
]]></ee:set-variable>
			</ee:variables>
		</ee:transform>
    
                                        
<ee:transform doc:name="MAP" doc:id="0af093a1-f36b-4a65-9f3f-7a904ab46e8b" >
			<ee:message >
			</ee:message>
			<ee:variables>
				<ee:set-variable variableName="MAP" ><![CDATA[%dw 2.0
output application/json
---
	{"document": {
  "status_info": payload."status_info",
  "request_tracking_id": payload."msgHeader.transactionID"
},
"configFileName": vars.MAP."configFileName",
"customer_id": vars.MAP."customer_id",
"ticket_id": vars.MAP."ticket_id",
"Cache-Control": vars.MAP."Cache-Control",
"If-Modified-Since": vars.MAP."If-Modified-Since",
"Accept": vars.MAP."Accept",
"jdbcConn_OCS": vars.MAP."jdbcConn_OCS",
"enableCache": vars.MAP."enableCache",
"resultCount": vars.MAP."resultCount",
"request_tracking_id": payload."request_tracking_id",
"msgHeader": {
  "transactionID": payload."msgHeader.transactionID"
}
}
]]></ee:set-variable>
			</ee:variables>
		</ee:transform>
    
                                        <flow-ref doc:name="wm_common.utils:checkAcceptHeader" docid="eyywelud-eadc-40b9-98cc-268d14076da0" name="wm_common-utils-checkAcceptHeader"/>
                                        <choice doc:name="BRANCH">
                                            <when expression="% /enableCache% = true">
                                                <try doc:name="SEQUENCE">
                                                    
<ee:transform doc:name="MAP" doc:id="0af093a1-f36b-4a65-9f3f-7a904ab46e8b" >
			<ee:message >
			</ee:message>
			<ee:variables>
				<ee:set-variable variableName="MAP" ><![CDATA[%dw 2.0
output application/json
var valueList_1 = "call wm_common.config:getCustParam_multiple with args:nameList='''',"

---
	{"cacheManagerName": valueList[0],
"cacheName": valueList[1],
"configFileName": vars."wm_common-utils-checkAcceptHeader"."configFileName",
"customer_id": vars."wm_common-utils-checkAcceptHeader"."customer_id",
"ticket_id": vars."wm_common-utils-checkAcceptHeader"."ticket_id",
"Cache-Control": vars."wm_common-utils-checkAcceptHeader"."Cache-Control",
"If-Modified-Since": vars."wm_common-utils-checkAcceptHeader"."If-Modified-Since",
"Accept": vars."wm_common-utils-checkAcceptHeader"."Accept",
"jdbcConn_OCS": vars."wm_common-utils-checkAcceptHeader"."jdbcConn_OCS",
"enableCache": vars."wm_common-utils-checkAcceptHeader"."enableCache",
"resultCount": vars."wm_common-utils-checkAcceptHeader"."resultCount"
}
]]></ee:set-variable>
			</ee:variables>
		</ee:transform>
    
                                                    <flow-ref doc:name="wm_common.utils:constructCacheKey" docid="ggorhrbn-eadc-40b9-98cc-268d14076da0" name="wm_common-utils-constructCacheKey"/>
                                                    <os:store doc:id="sqsiqegd-eadc-40b9-98cc-268d14076da0" doc:name="pub.cache:put" key="#[attributes.headers.key]" name="pub.cache:put" objectStore="pub.cache-put_conn">
                                                        <os:value>#[ payload ]</os:value>
                                                    </os:store>
                                                    <logger doc:id="wnshnkab-eadc-40b9-98cc-268d14076da0" doc:name="CAAG.javasvcs:getExpirationTime" level="INFO"/>
                                                    <logger doc:id="tknnsjbc-eadc-40b9-98cc-268d14076da0" doc:name="pub.flow:setResponseHeader" level="INFO"/>
                                                </try>
                                            </when>
                                        </choice>
                                        <flow-ref doc:name="wm_common.utils:checkIfModifiedSinceHeader" docid="pdmhonlo-eadc-40b9-98cc-268d14076da0" name="wm_common-utils-checkIfModifiedSinceHeader"/>
                                    </try>
                                </when>
                                <otherwise>
                                    <try doc:name="SEQUENCE">
                                        
<ee:transform doc:name="MAP" doc:id="0af093a1-f36b-4a65-9f3f-7a904ab46e8b" >
			<ee:message >
			</ee:message>
			<ee:variables>
				<ee:set-variable variableName="MAP" ><![CDATA[%dw 2.0
output application/json
---
	{"contentType": 'application/json',
"initParams": {
  "errorCode": '204',
  "subjectNote": 'OCS'
},
"configFileName": vars."pub-flow-setResponseHeader"."configFileName",
"customer_id": vars."pub-flow-setResponseHeader"."customer_id",
"ticket_id": vars."pub-flow-setResponseHeader"."ticket_id",
"Cache-Control": vars."pub-flow-setResponseHeader"."Cache-Control",
"If-Modified-Since": vars."pub-flow-setResponseHeader"."If-Modified-Since",
"Accept": vars."pub-flow-setResponseHeader"."Accept",
"jdbcConn_OCS": vars."pub-flow-setResponseHeader"."jdbcConn_OCS",
"enableCache": vars."pub-flow-setResponseHeader"."enableCache",
"resultCount": vars."pub-flow-setResponseHeader"."resultCount",
"cacheManagerName": vars."pub-flow-setResponseHeader"."cacheManagerName",
"cacheName": vars."pub-flow-setResponseHeader"."cacheName",
"finalResponse": vars."pub-flow-setResponseHeader"."finalResponse",
"etagOutput": vars."pub-flow-setResponseHeader"."etagOutput",
"cacheKey": vars."pub-flow-setResponseHeader"."cacheKey",
"expirationTime": vars."pub-flow-setResponseHeader"."expirationTime"
}
]]></ee:set-variable>
			</ee:variables>
		</ee:transform>
    
                                        <logger doc:id="pvwbritp-eadc-40b9-98cc-268d14076da0" doc:name="wm_common.utils:throwError" level="INFO"/>
                                    </try>
                                </otherwise>
                            </choice>
                        </try>
                    </when>
                    <when expression="% /Cache-Control% = max-age">
                        <try doc:name="SEQUENCE">
                            
<ee:transform doc:name="MAP" doc:id="0af093a1-f36b-4a65-9f3f-7a904ab46e8b" >
			<ee:message >
			</ee:message>
			<ee:variables>
				<ee:set-variable variableName="MAP" ><![CDATA[%dw 2.0
output application/json
var valueList_1 = "call wm_common.config:getCustParam_multiple with args:nameList='''',"

---
	{"cacheManagerName": valueList[0],
"cacheName": valueList[1],
"configFileName": vars."wm_common-utils-throwError"."configFileName",
"customer_id": vars."wm_common-utils-throwError"."customer_id",
"ticket_id": vars."wm_common-utils-throwError"."ticket_id",
"Cache-Control": vars."wm_common-utils-throwError"."Cache-Control",
"If-Modified-Since": vars."wm_common-utils-throwError"."If-Modified-Since",
"Accept": vars."wm_common-utils-throwError"."Accept",
"jdbcConn_OCS": vars."wm_common-utils-throwError"."jdbcConn_OCS",
"enableCache": vars."wm_common-utils-throwError"."enableCache",
"resultCount": vars."wm_common-utils-throwError"."resultCount",
"finalResponse": vars."wm_common-utils-throwError"."finalResponse",
"etagOutput": vars."wm_common-utils-throwError"."etagOutput",
"contentType": vars."wm_common-utils-throwError"."contentType",
"cacheKey": vars."wm_common-utils-throwError"."cacheKey"
}
]]></ee:set-variable>
			</ee:variables>
		</ee:transform>
    
                            <flow-ref doc:name="wm_common.utils:constructCacheKey" docid="hktzlxeq-eadc-40b9-98cc-268d14076da0" name="wm_common-utils-constructCacheKey"/>
                            <os:retrieve doc:id="kbsekaxp-eadc-40b9-98cc-268d14076da0" doc:name="pub.cache:get" key="#[attributes.headers.key]" name="pub.cache:get" objectStore="pub.cache-get_conn" target="pub.cache:get">
                                <os:default-value/>
                            </os:retrieve>
                            <choice doc:name="BRANCH">
                                <when expression="% /finalResponse% = /[^ ]/">
                                    <try doc:name="SEQUENCE">
                                        <logger doc:id="prqzmxka-eadc-40b9-98cc-268d14076da0" doc:name="CAAG.javasvcs:getExpirationTime" level="INFO"/>
                                        <logger doc:id="crhgqbwk-eadc-40b9-98cc-268d14076da0" doc:name="pub.flow:setResponseHeader" level="INFO"/>
                                        <flow-ref doc:name="wm_common.utils:createEtag" docid="yavbqwln-eadc-40b9-98cc-268d14076da0" name="wm_common-utils-createEtag"/>
                                        <flow-ref doc:name="wm_common.utils:checkIfModifiedSinceHeader" docid="jsilbiyy-eadc-40b9-98cc-268d14076da0" name="wm_common-utils-checkIfModifiedSinceHeader"/>
                                    </try>
                                </when>
                                <otherwise>
                                    <try doc:name="SEQUENCE">
                                        
<ee:transform doc:name="MAP" doc:id="0af093a1-f36b-4a65-9f3f-7a904ab46e8b" >
			<ee:message >
			</ee:message>
			<ee:variables>
				<ee:set-variable variableName="MAP" ><![CDATA[%dw 2.0
output application/json
---
	{"initParams": {
  "customUID": '' ++ vars.INVOKE.cachekey '
},
"cacheManager": vars."wm_common-utils-createEtag"."cacheManager",
"configFileName": vars."wm_common-utils-createEtag"."configFileName",
"customer_id": vars."wm_common-utils-createEtag"."customer_id",
"ticket_id": vars."wm_common-utils-createEtag"."ticket_id",
"Cache-Control": vars."wm_common-utils-createEtag"."Cache-Control",
"If-Modified-Since": vars."wm_common-utils-createEtag"."If-Modified-Since",
"Accept": vars."wm_common-utils-createEtag"."Accept",
"jdbcConn_OCS": vars."wm_common-utils-createEtag"."jdbcConn_OCS",
"enableCache": vars."wm_common-utils-createEtag"."enableCache",
"resultCount": vars."wm_common-utils-createEtag"."resultCount",
"cacheManagerName": vars."wm_common-utils-createEtag"."cacheManagerName",
"cacheName": vars."wm_common-utils-createEtag"."cacheName",
"finalResponse": vars."wm_common-utils-createEtag"."finalResponse",
"etagOutput": vars."wm_common-utils-createEtag"."etagOutput",
"contentType": vars."wm_common-utils-createEtag"."contentType",
"cacheKey": vars."wm_common-utils-createEtag"."cacheKey",
"expirationTime": vars."wm_common-utils-createEtag"."expirationTime"
}
]]></ee:set-variable>
			</ee:variables>
		</ee:transform>
    
                                        
<ee:transform doc:name="MAP" doc:id="0af093a1-f36b-4a65-9f3f-7a904ab46e8b" >
			<ee:message >
			</ee:message>
			<ee:variables>
				<ee:set-variable variableName="MAP" ><![CDATA[%dw 2.0
output application/json
var valueList_1 = "call wm_common.config:getCustParam_multiple with args:nameList='''',"

---
	{"jdbcConn_OCS": valueList[0],
"cacheManager": vars.MAP."cacheManager",
"configFileName": vars.MAP."configFileName",
"customer_id": vars.MAP."customer_id",
"ticket_id": vars.MAP."ticket_id",
"Cache-Control": vars.MAP."Cache-Control",
"If-Modified-Since": vars.MAP."If-Modified-Since",
"Accept": vars.MAP."Accept",
"enableCache": vars.MAP."enableCache",
"resultCount": vars.MAP."resultCount",
"finalResponse": vars.MAP."finalResponse",
"cacheManagerName": vars.MAP."cacheManagerName",
"cacheName": vars.MAP."cacheName",
"cacheKey": vars.MAP."cacheKey",
"contentType": vars.MAP."contentType",
"etagOutput": vars.MAP."etagOutput",
"expirationTime": vars.MAP."expirationTime"
}
]]></ee:set-variable>
			</ee:variables>
		</ee:transform>
    
                                        <db:execute-ddl config-ref="wm_ocs.conn:JDBC_CONN_OCSD_ESBUSER" doc:id="cetswqka-eadc-40b9-98cc-268d14076da0" doc:name="wm_ocs.svcs.inbound.adptrsvcs:getTicketStatusDetails" target="wm_ocs.svcs.inbound.adptrsvcs:getticketstatusdetails">
                                            <db:sql>select (select max (cs.transferstatus.statuscode ())&#13;
          from ocs_admin.vm_customerorder_stat cs&#13;
         where cs.customerorder = ref (t))&#13;
          as transfer_status,&#13;
       ws.status.active.code as workstatus,&#13;
       ws.status.active.created as statuscreated&#13;
  from ocs_admin.vp_customerorder t&#13;
       inner join ocs_admin.vp_servicelocation srv&#13;
          on srv.pkey = t.servicelocation.pkey&#13;
       left outer join ocs_admin.vp_co_workstatus ws&#13;
          on ws.customerorder = ref (t)&#13;
 where     t.ticketnumber = ?&#13;
       and t.customer.uniqueid = ?;</db:sql>
                                        </db:execute-ddl>
                                        <choice doc:name="BRANCH">
                                            <when expression="%resultCount%!=0">
                                                <try doc:name="SEQUENCE">
                                                    
<ee:transform doc:name="MAP" doc:id="0af093a1-f36b-4a65-9f3f-7a904ab46e8b" >
			<ee:message >
			</ee:message>
			<ee:variables>
				<ee:set-variable variableName="MAP" ><![CDATA[%dw 2.0
output application/json
---
	{"status_info": {
  "transmission_status": vars.MAP."getTicketStatusDetailsOutput.results.transfer_status",
  "status_date_time": vars.MAP."getTicketStatusDetailsOutput.results.statuscreated",
  "status": vars.MAP."getTicketStatusDetailsOutput.results.workstatus"
},
"cacheManager": vars."wm_ocs-svcs-inbound-adptrsvcs-getTicketStatusDetails"."cacheManager",
"configFileName": vars."wm_ocs-svcs-inbound-adptrsvcs-getTicketStatusDetails"."configFileName",
"customer_id": vars."wm_ocs-svcs-inbound-adptrsvcs-getTicketStatusDetails"."customer_id",
"ticket_id": vars."wm_ocs-svcs-inbound-adptrsvcs-getTicketStatusDetails"."ticket_id",
"Cache-Control": vars."wm_ocs-svcs-inbound-adptrsvcs-getTicketStatusDetails"."Cache-Control",
"If-Modified-Since": vars."wm_ocs-svcs-inbound-adptrsvcs-getTicketStatusDetails"."If-Modified-Since",
"Accept": vars."wm_ocs-svcs-inbound-adptrsvcs-getTicketStatusDetails"."Accept",
"jdbcConn_OCS": vars."wm_ocs-svcs-inbound-adptrsvcs-getTicketStatusDetails"."jdbcConn_OCS",
"enableCache": vars."wm_ocs-svcs-inbound-adptrsvcs-getTicketStatusDetails"."enableCache",
"resultCount": vars."wm_ocs-svcs-inbound-adptrsvcs-getTicketStatusDetails"."resultCount",
"cacheManagerName": vars."wm_ocs-svcs-inbound-adptrsvcs-getTicketStatusDetails"."cacheManagerName",
"cacheName": vars."wm_ocs-svcs-inbound-adptrsvcs-getTicketStatusDetails"."cacheName",
"finalResponse": vars."wm_ocs-svcs-inbound-adptrsvcs-getTicketStatusDetails"."finalResponse",
"etagOutput": vars."wm_ocs-svcs-inbound-adptrsvcs-getTicketStatusDetails"."etagOutput",
"contentType": vars."wm_ocs-svcs-inbound-adptrsvcs-getTicketStatusDetails"."contentType",
"cacheKey": vars."wm_ocs-svcs-inbound-adptrsvcs-getTicketStatusDetails"."cacheKey",
"expirationTime": vars."wm_ocs-svcs-inbound-adptrsvcs-getTicketStatusDetails"."expirationTime",
"SQLStatement": vars.MAP."SQLStatement",
"transfer_status": vars.MAP."transfer_status",
"workstatus": vars.MAP."workstatus",
"statuscreated": vars.MAP."statuscreated",
"getTicketStatusDetailsOutput": {
  "results": {
    "transfer_status": vars.MAP."getTicketStatusDetailsOutput.results.transfer_status",
    "statuscreated": vars.MAP."getTicketStatusDetailsOutput.results.statuscreated",
    "workstatus": vars.MAP."getTicketStatusDetailsOutput.results.workstatus"
  }
}
}
]]></ee:set-variable>
			</ee:variables>
		</ee:transform>
    
                                                    
<ee:transform doc:name="MAP" doc:id="0af093a1-f36b-4a65-9f3f-7a904ab46e8b" >
			<ee:message >
			</ee:message>
			<ee:variables>
				<ee:set-variable variableName="MAP" ><![CDATA[%dw 2.0
output application/json
---
	{"document": {
  "status_info": vars.MAP."status_info",
  "request_tracking_id": vars.MAP."msgHeader.transactionID"
},
"configFileName": vars.MAP."configFileName",
"customer_id": vars.MAP."customer_id",
"ticket_id": vars.MAP."ticket_id",
"Cache-Control": vars.MAP."Cache-Control",
"If-Modified-Since": vars.MAP."If-Modified-Since",
"Accept": vars.MAP."Accept",
"jdbcConn_OCS": vars.MAP."jdbcConn_OCS",
"resultCount": vars.MAP."resultCount",
"request_tracking_id": vars.MAP."request_tracking_id",
"finalResponse": vars.MAP."finalResponse",
"etagOutput": vars.MAP."etagOutput",
"contentType": vars.MAP."contentType",
"msgHeader": {
  "transactionID": vars.MAP."msgHeader.transactionID"
}
}
]]></ee:set-variable>
			</ee:variables>
		</ee:transform>
    
                                                    <flow-ref doc:name="wm_common.utils:checkAcceptHeader" docid="mermjdab-eadc-40b9-98cc-268d14076da0" name="wm_common-utils-checkAcceptHeader"/>
                                                    <os:store doc:id="ckendrwb-eadc-40b9-98cc-268d14076da0" doc:name="pub.cache:put" key="#[attributes.headers.key]" name="pub.cache:put" objectStore="pub.cache-put_conn">
                                                        <os:value>#[ payload ]</os:value>
                                                    </os:store>
                                                    <logger doc:id="doycfirg-eadc-40b9-98cc-268d14076da0" doc:name="CAAG.javasvcs:getExpirationTime" level="INFO"/>
                                                    <logger doc:id="qejvdnid-eadc-40b9-98cc-268d14076da0" doc:name="pub.flow:setResponseHeader" level="INFO"/>
                                                    <flow-ref doc:name="wm_common.utils:checkIfModifiedSinceHeader" docid="vifpwxko-eadc-40b9-98cc-268d14076da0" name="wm_common-utils-checkIfModifiedSinceHeader"/>
                                                </try>
                                            </when>
                                            <otherwise>
                                                <try doc:name="SEQUENCE">
                                                    
<ee:transform doc:name="MAP" doc:id="0af093a1-f36b-4a65-9f3f-7a904ab46e8b" >
			<ee:message >
			</ee:message>
			<ee:variables>
				<ee:set-variable variableName="MAP" ><![CDATA[%dw 2.0
output application/json
---
	{"contentType": 'application/json',
"initParams": {
  "errorCode": '204',
  "subjectNote": 'OCS'
},
"configFileName": vars."pub-flow-setResponseHeader"."configFileName",
"customer_id": vars."pub-flow-setResponseHeader"."customer_id",
"ticket_id": vars."pub-flow-setResponseHeader"."ticket_id",
"Cache-Control": vars."pub-flow-setResponseHeader"."Cache-Control",
"If-Modified-Since": vars."pub-flow-setResponseHeader"."If-Modified-Since",
"Accept": vars."pub-flow-setResponseHeader"."Accept",
"jdbcConn_OCS": vars."pub-flow-setResponseHeader"."jdbcConn_OCS",
"enableCache": vars."pub-flow-setResponseHeader"."enableCache",
"resultCount": vars."pub-flow-setResponseHeader"."resultCount",
"cacheManagerName": vars."pub-flow-setResponseHeader"."cacheManagerName",
"cacheName": vars."pub-flow-setResponseHeader"."cacheName",
"finalResponse": vars."pub-flow-setResponseHeader"."finalResponse",
"etagOutput": vars."pub-flow-setResponseHeader"."etagOutput",
"cacheKey": vars."pub-flow-setResponseHeader"."cacheKey",
"expirationTime": vars."pub-flow-setResponseHeader"."expirationTime"
}
]]></ee:set-variable>
			</ee:variables>
		</ee:transform>
    
                                                    <logger doc:id="amwxrqzg-eadc-40b9-98cc-268d14076da0" doc:name="wm_common.utils:throwError" level="INFO"/>
                                                </try>
                                            </otherwise>
                                        </choice>
                                    </try>
                                </otherwise>
                            </choice>
                        </try>
                    </when>
                    <otherwise>
                        <try doc:name="SEQUENCE">
                            
<ee:transform doc:name="MAP" doc:id="0af093a1-f36b-4a65-9f3f-7a904ab46e8b" >
			<ee:message >
			</ee:message>
			<ee:variables>
				<ee:set-variable variableName="MAP" ><![CDATA[%dw 2.0
output application/json
---
	{"initParams": {
  "subjectNote": 'ESB',
  "errorCode": '422'
},
"contentType": 'application/json'
}
]]></ee:set-variable>
			</ee:variables>
		</ee:transform>
    
                            <logger doc:id="hxczxval-eadc-40b9-98cc-268d14076da0" doc:name="wm_common.utils:throwError" level="INFO"/>
                        </try>
                    </otherwise>
                </choice>
                
<ee:transform doc:name="MAP" doc:id="0af093a1-f36b-4a65-9f3f-7a904ab46e8b" >
			<ee:message >
			</ee:message>
			<ee:variables>
				<ee:set-variable variableName="MAP" ><![CDATA[%dw 2.0
output application/json
---
	{"configFileName": vars."wm_common-utils-throwError"."configFileName",
"customer_id": vars."wm_common-utils-throwError"."customer_id",
"Cache-Control": vars."wm_common-utils-throwError"."Cache-Control",
"If-Modified-Since": vars."wm_common-utils-throwError"."If-Modified-Since",
"Accept": vars."wm_common-utils-throwError"."Accept",
"request_tracking_id": vars."wm_common-utils-throwError"."request_tracking_id",
"finalResponse": vars."wm_common-utils-throwError"."finalResponse",
"contentType": vars."wm_common-utils-throwError"."contentType",
"jdbcConnName": vars."wm_common-utils-throwError"."jdbcConnName"
}
]]></ee:set-variable>
			</ee:variables>
		</ee:transform>
    
            </try>
            <try doc:name="SEQUENCE">
                <logger doc:id="ddgojezp-eadc-40b9-98cc-268d14076da0" doc:name="pub.flow:getLastError" level="INFO"/>
                <logger doc:id="tuiysdav-eadc-40b9-98cc-268d14076da0" doc:name="wm_errorhandling.utils:getCallingService" level="INFO"/>
                <logger doc:id="jotxcwbg-eadc-40b9-98cc-268d14076da0" doc:name="wm_errorhandling.svcs.flowsvcs:createErrorMsg_FW1" level="INFO"/>
                <logger doc:id="jvmoitgu-eadc-40b9-98cc-268d14076da0" doc:name="EXIT" level="INFO"/>
            </try>
        </try>
    </flow>
</mule>
