<?xml version="1.0" encoding="UTF-8"?><mule xmlns="http://www.mulesoft.org/schema/mule/core" xmlns:db="http://www.mulesoft.org/schema/mule/db" xmlns:doc="http://www.mulesoft.org/schema/mule/documentation" xmlns:ee="http://www.mulesoft.org/schema/mule/ee/core" xmlns:os="http://www.mulesoft.org/schema/mule/os" xmlns:xsi="http://www.w3.org/2001/XMLSchema-instance" xsi:schemaLocation="http://www.mulesoft.org/schema/mule/core http://www.mulesoft.org/schema/mule/core/current/mule.xsd http://www.mulesoft.org/schema/mule/ee/core http://www.mulesoft.org/schema/mule/ee/core/current/mule-ee.xsd http://www.mulesoft.org/schema/mule/db http://www.mulesoft.org/schema/mule/db/current/mule-db.xsd http://www.mulesoft.org/schema/mule/os  http://www.mulesoft.org/schema/mule/os/current/mule-os.xsd">
    <flow doc:id="lpavcrnk-eadc-40b9-98cc-268d14076da0" name="wm_ocs-svcs-inbound-flowsvcs-getTicketDetails">
        <try doc:name="SEQUENCE">
            <try doc:name="SEQUENCE">
                <ee:transform doc:id="waowgjco-9b5e-4a86-b01c-cd738c5276d4" doc:name="MAP">
                    <ee:variables>
                        <ee:set-variable variableName="MAP">%dw 2.0
output application/json
---
vars.""</ee:set-variable>
                    </ee:variables>
                </ee:transform>
                <ee:transform doc:id="kypppobp-9b5e-4a86-b01c-cd738c5276d4" doc:name="MAP">
                    <ee:variables>
                        <ee:set-variable variableName="MAP">%dw 2.0
output application/json
---
vars.""</ee:set-variable>
                    </ee:variables>
                </ee:transform>
                <choice doc:name="BRANCH">
                    <when expression="% /Cache-Control% = no-cache">
                        <try doc:name="SEQUENCE">
                            <db:execute-ddl config-ref="wm_ocs.conn:JDBC_CONN_OCSD_ESBUSER" doc:id="tcqnmpvy-eadc-40b9-98cc-268d14076da0" doc:name="wm_ocs.svcs.inbound.adptrsvcs:getTicketDetails" target="wm_ocs.svcs.inbound.adptrsvcs:getticketdetails">
                                <db:sql>/*&#13;
Query require ticketnumber and customer unique number as input from the executor.&#13;
It will provide Ticket Details along with Transfer Status and Work status&#13;
Date: 26-08-2015&#13;
Version: 1.6&#13;
Extra:&#13;
Condition  res.vehicle is not null   is added to avoid duplicates from the “vp_co_result” table.&#13;
*/&#13;
                                select&#13;
  /* Site Id */                 t.site.uniqueid as site,&#13;
  /* Site Name */               t.site.name as site_name,&#13;
  /* Line of Business */        t.lob.name as lob,&#13;
  /* Route id */                (case when t.assigned = 'X' then t.routeorder.route.id else null end) as route_id,&#13;
  /* Customer Id. */            t.customer.uniqueid as customer_uniqueid,&#13;
  /* Service Address */         srv.address.house                   as house,&#13;
                                srv.address.street.name             as street,&#13;
                                srv.address.street.city.name        as city,&#13;
                                srv.address.street.city.region.name as region,&#13;
                                srv.address.zipcode                 as zipcode,&#13;
  /* Landfill Id */             t.landfill.id as landfill,&#13;
  /* Landfill Name */           t.landfill.name as landfill_name,&#13;
  /* Driver Last Name */        t.routeorder.driver.lastname  as driver_lastname,&#13;
  /* Driver First Name */       t.routeorder.driver.firstname as driver_firstname,&#13;
  /* Entered Date */            t.plandate as plandate,&#13;
  /* Comments */                t.comments as comments,&#13;
  /* Transfer Status */         (&#13;
                                  select max (cs.transferstatus.statuscode ())&#13;
                                  from ocs_admin.vm_customerorder_stat cs&#13;
                                  where cs.customerorder = ref (t)&#13;
                                  ) as transfer_status,&#13;
  /* Work status */             ws.status.active.code as workstatus,&#13;
  /* Updated time of Work Status  */  ws.status.active.created as statuscreated,&#13;
  /*  Ticket Number */          t.ticketnumber as ticketnumber,&#13;
  /* Open End */                t.openedby as openedby,&#13;
  /*  Requestedby */            t.requestedby as requestedby,&#13;
  /* Requested date */          t.requesteddate as requesteddate,&#13;
  /* Belonging reason */        t.reasoncode as reasoncode,&#13;
  /* Load Type  */              t.ticketloadtype.uniqueid as ticketloadtype,&#13;
  /* Details of Load Type. */   t.ticketloadtype.name as ticketloadtype_name,&#13;
  /* Date for Rntered */        t.entereddate as entereddate,&#13;
  /*  Ticket Priority. */       t.ticketpriority.class as ticketpriority,&#13;
  /*  Waste Type  */            t.wastetype as wastetype,&#13;
  /* last updated date.          (select audit_updated_dt&#13;
                                  from ocs_admin.tp_customerorder&#13;
                                 where pkey = t.pkey)  as audit_updated_dt,             */&#13;
  /* Original routeorder id */   t.originalrouteorder.route.id as originalrouteorderid,&#13;
  /*  First  load type */        t.first_ticketloadtype.uniqueid as first_ticketloadtype,&#13;
  /* First  load type details */ t.first_ticketloadtype.name as first_ticketloadtype_name,&#13;
  /* MAS case id. */             h.masticket as mascaseid,&#13;
  /* Timestamp when ticket is finish  */  res.ticketcompletedstamp as ticketcompletedstamp&#13;
                                        from ocs_admin.vp_customerorder t&#13;
                                        inner join ocs_admin.vp_servicelocation srv&#13;
                                        on srv.pkey = t.servicelocation.pkey&#13;
                                        left outer join ocs_admin.vp_co_workstatus ws&#13;
                                        on ws.customerorder = ref (t)&#13;
                                        left outer join ocs_admin.vp_co_hocticket h&#13;
                                        on h.customerorder = ref (t)&#13;
                                        left outer join ocs_admin.vp_co_result res&#13;
                                        on res.customerorder    = ref (t)&#13;
                                        and res.vehicle        is not null&#13;
                                        where     t.ticketnumber = ?&#13;
                                        and t.customer.uniqueid = ?;</db:sql>
                            </db:execute-ddl>
                            <choice doc:name="BRANCH">
                                <when expression="% /getTicketDetailsOutput/resultCount% = 0">
                                    <try doc:name="SEQUENCE">
                                        <ee:transform doc:id="nwbfsrel-9b5e-4a86-b01c-cd738c5276d4" doc:name="MAP">
                                            <ee:variables>
                                                <ee:set-variable variableName="MAP">%dw 2.0
output application/json
---
vars.""</ee:set-variable>
                                            </ee:variables>
                                        </ee:transform>
                                        <logger doc:id="gigpdhib-eadc-40b9-98cc-268d14076da0" doc:name="wm_common.utils:throwError" level="INFO"/>
                                    </try>
                                </when>
                                <otherwise>
                                    <try doc:name="SEQUENCE">
                                        <ee:transform doc:id="kukxcjgo-9b5e-4a86-b01c-cd738c5276d4" doc:name="MAP">
                                            <ee:variables>
                                                <ee:set-variable variableName="MAP">%dw 2.0
output application/json
---
vars.""</ee:set-variable>
                                            </ee:variables>
                                        </ee:transform>
                                        <ee:transform doc:id="xdrkxoel-9b5e-4a86-b01c-cd738c5276d4" doc:name="MAP">
                                            <ee:variables>
                                                <ee:set-variable variableName="MAP">%dw 2.0
output application/json
---
vars.""</ee:set-variable>
                                            </ee:variables>
                                        </ee:transform>
                                        <flow-ref doc:name="wm_common.utils:checkAcceptHeader" docid="ogwvyujv-eadc-40b9-98cc-268d14076da0" name="wm_common-utils-checkAcceptHeader"/>
                                        <choice doc:name="BRANCH">
                                            <when expression="% /enableCache% = true">
                                                <try doc:name="SEQUENCE">
                                                    <ee:transform doc:id="jgbexlca-9b5e-4a86-b01c-cd738c5276d4" doc:name="MAP">
                                                        <ee:variables>
                                                            <ee:set-variable variableName="MAP">%dw 2.0
output application/json
---
vars.""</ee:set-variable>
                                                        </ee:variables>
                                                    </ee:transform>
                                                    <flow-ref doc:name="wm_common.utils:constructCacheKey" docid="ejuooolf-eadc-40b9-98cc-268d14076da0" name="wm_common-utils-constructCacheKey"/>
                                                    <os:store doc:id="thnvikam-eadc-40b9-98cc-268d14076da0" doc:name="pub.cache:put" key="#[attributes.headers.key]" name="pub.cache:put" objectStore="pub.cache-put_conn">
                                                        <os:value>#[ payload ]</os:value>
                                                    </os:store>
                                                    <logger doc:id="szimphzk-eadc-40b9-98cc-268d14076da0" doc:name="CAAG.javasvcs:getExpirationTime" level="INFO"/>
                                                    <logger doc:id="gqygtxzc-eadc-40b9-98cc-268d14076da0" doc:name="pub.flow:setResponseHeader" level="INFO"/>
                                                </try>
                                            </when>
                                        </choice>
                                        <flow-ref doc:name="wm_common.utils:checkIfModifiedSinceHeader" docid="ycfkgvma-eadc-40b9-98cc-268d14076da0" name="wm_common-utils-checkIfModifiedSinceHeader"/>
                                    </try>
                                </otherwise>
                            </choice>
                        </try>
                    </when>
                    <when expression="% /Cache-Control% = Max-Age">
                        <try doc:name="SEQUENCE">
                            <ee:transform doc:id="bkwxlvgf-9b5e-4a86-b01c-cd738c5276d4" doc:name="MAP">
                                <ee:variables>
                                    <ee:set-variable variableName="MAP">%dw 2.0
output application/json
---
vars.""</ee:set-variable>
                                </ee:variables>
                            </ee:transform>
                            <flow-ref doc:name="wm_common.utils:constructCacheKey" docid="cbrxruhf-eadc-40b9-98cc-268d14076da0" name="wm_common-utils-constructCacheKey"/>
                            <os:retrieve doc:id="lbksqjfa-eadc-40b9-98cc-268d14076da0" doc:name="pub.cache:get" key="#[attributes.headers.key]" name="pub.cache:get" objectStore="pub.cache-get_conn" target="pub.cache:get">
                                <os:default-value/>
                            </os:retrieve>
                            <choice doc:name="BRANCH">
                                <when expression="% /finalResponse% = /[^ ]/">
                                    <try doc:name="SEQUENCE">
                                        <logger doc:id="xewjdmmh-eadc-40b9-98cc-268d14076da0" doc:name="CAAG.javasvcs:getExpirationTime" level="INFO"/>
                                        <logger doc:id="ukxrpiml-eadc-40b9-98cc-268d14076da0" doc:name="pub.flow:setResponseHeader" level="INFO"/>
                                        <flow-ref doc:name="wm_common.utils:createEtag" docid="qdbagkps-eadc-40b9-98cc-268d14076da0" name="wm_common-utils-createEtag"/>
                                        <flow-ref doc:name="wm_common.utils:checkIfModifiedSinceHeader" docid="gxrxvtox-eadc-40b9-98cc-268d14076da0" name="wm_common-utils-checkIfModifiedSinceHeader"/>
                                    </try>
                                </when>
                                <otherwise>
                                    <try doc:name="SEQUENCE">
                                        <db:execute-ddl config-ref="wm_ocs.conn:JDBC_CONN_OCSD_ESBUSER" doc:id="mtlnwvuk-eadc-40b9-98cc-268d14076da0" doc:name="wm_ocs.svcs.inbound.adptrsvcs:getTicketDetails" target="wm_ocs.svcs.inbound.adptrsvcs:getticketdetails">
                                            <db:sql>/*&#13;
Query require ticketnumber and customer unique number as input from the executor.&#13;
It will provide Ticket Details along with Transfer Status and Work status&#13;
Date: 26-08-2015&#13;
Version: 1.6&#13;
Extra:&#13;
Condition  res.vehicle is not null   is added to avoid duplicates from the “vp_co_result” table.&#13;
*/&#13;
                                select&#13;
  /* Site Id */                 t.site.uniqueid as site,&#13;
  /* Site Name */               t.site.name as site_name,&#13;
  /* Line of Business */        t.lob.name as lob,&#13;
  /* Route id */                (case when t.assigned = 'X' then t.routeorder.route.id else null end) as route_id,&#13;
  /* Customer Id. */            t.customer.uniqueid as customer_uniqueid,&#13;
  /* Service Address */         srv.address.house                   as house,&#13;
                                srv.address.street.name             as street,&#13;
                                srv.address.street.city.name        as city,&#13;
                                srv.address.street.city.region.name as region,&#13;
                                srv.address.zipcode                 as zipcode,&#13;
  /* Landfill Id */             t.landfill.id as landfill,&#13;
  /* Landfill Name */           t.landfill.name as landfill_name,&#13;
  /* Driver Last Name */        t.routeorder.driver.lastname  as driver_lastname,&#13;
  /* Driver First Name */       t.routeorder.driver.firstname as driver_firstname,&#13;
  /* Entered Date */            t.plandate as plandate,&#13;
  /* Comments */                t.comments as comments,&#13;
  /* Transfer Status */         (&#13;
                                  select max (cs.transferstatus.statuscode ())&#13;
                                  from ocs_admin.vm_customerorder_stat cs&#13;
                                  where cs.customerorder = ref (t)&#13;
                                  ) as transfer_status,&#13;
  /* Work status */             ws.status.active.code as workstatus,&#13;
  /* Updated time of Work Status  */  ws.status.active.created as statuscreated,&#13;
  /*  Ticket Number */          t.ticketnumber as ticketnumber,&#13;
  /* Open End */                t.openedby as openedby,&#13;
  /*  Requestedby */            t.requestedby as requestedby,&#13;
  /* Requested date */          t.requesteddate as requesteddate,&#13;
  /* Belonging reason */        t.reasoncode as reasoncode,&#13;
  /* Load Type  */              t.ticketloadtype.uniqueid as ticketloadtype,&#13;
  /* Details of Load Type. */   t.ticketloadtype.name as ticketloadtype_name,&#13;
  /* Date for Rntered */        t.entereddate as entereddate,&#13;
  /*  Ticket Priority. */       t.ticketpriority.class as ticketpriority,&#13;
  /*  Waste Type  */            t.wastetype as wastetype,&#13;
  /* last updated date.          (select audit_updated_dt&#13;
                                  from ocs_admin.tp_customerorder&#13;
                                 where pkey = t.pkey)  as audit_updated_dt,             */&#13;
  /* Original routeorder id */   t.originalrouteorder.route.id as originalrouteorderid,&#13;
  /*  First  load type */        t.first_ticketloadtype.uniqueid as first_ticketloadtype,&#13;
  /* First  load type details */ t.first_ticketloadtype.name as first_ticketloadtype_name,&#13;
  /* MAS case id. */             h.masticket as mascaseid,&#13;
  /* Timestamp when ticket is finish  */  res.ticketcompletedstamp as ticketcompletedstamp&#13;
                                        from ocs_admin.vp_customerorder t&#13;
                                        inner join ocs_admin.vp_servicelocation srv&#13;
                                        on srv.pkey = t.servicelocation.pkey&#13;
                                        left outer join ocs_admin.vp_co_workstatus ws&#13;
                                        on ws.customerorder = ref (t)&#13;
                                        left outer join ocs_admin.vp_co_hocticket h&#13;
                                        on h.customerorder = ref (t)&#13;
                                        left outer join ocs_admin.vp_co_result res&#13;
                                        on res.customerorder    = ref (t)&#13;
                                        and res.vehicle        is not null&#13;
                                        where     t.ticketnumber = ?&#13;
                                        and t.customer.uniqueid = ?;</db:sql>
                                        </db:execute-ddl>
                                        <choice doc:name="BRANCH">
                                            <when expression="% /getTicketDetailsOutput/resultCount% = 0">
                                                <try doc:name="SEQUENCE">
                                                    <ee:transform doc:id="dcuqdoaw-9b5e-4a86-b01c-cd738c5276d4" doc:name="MAP">
                                                        <ee:variables>
                                                            <ee:set-variable variableName="MAP">%dw 2.0
output application/json
---
vars.""</ee:set-variable>
                                                        </ee:variables>
                                                    </ee:transform>
                                                    <logger doc:id="yugyuwlh-eadc-40b9-98cc-268d14076da0" doc:name="wm_common.utils:throwError" level="INFO"/>
                                                </try>
                                            </when>
                                            <otherwise>
                                                <try doc:name="SEQUENCE">
                                                    <ee:transform doc:id="ztadcngh-9b5e-4a86-b01c-cd738c5276d4" doc:name="MAP">
                                                        <ee:variables>
                                                            <ee:set-variable variableName="MAP">%dw 2.0
output application/json
---
vars.""</ee:set-variable>
                                                        </ee:variables>
                                                    </ee:transform>
                                                    <ee:transform doc:id="yzyeqmil-9b5e-4a86-b01c-cd738c5276d4" doc:name="MAP">
                                                        <ee:variables>
                                                            <ee:set-variable variableName="MAP">%dw 2.0
output application/json
---
vars.""</ee:set-variable>
                                                        </ee:variables>
                                                    </ee:transform>
                                                    <flow-ref doc:name="wm_common.utils:checkAcceptHeader" docid="brccnmqc-eadc-40b9-98cc-268d14076da0" name="wm_common-utils-checkAcceptHeader"/>
                                                    <os:store doc:id="dkrgzboo-eadc-40b9-98cc-268d14076da0" doc:name="pub.cache:put" key="#[attributes.headers.key]" name="pub.cache:put" objectStore="pub.cache-put_conn">
                                                        <os:value>#[ payload ]</os:value>
                                                    </os:store>
                                                    <logger doc:id="mjrewzpf-eadc-40b9-98cc-268d14076da0" doc:name="CAAG.javasvcs:getExpirationTime" level="INFO"/>
                                                    <logger doc:id="dgtxjhcn-eadc-40b9-98cc-268d14076da0" doc:name="pub.flow:setResponseHeader" level="INFO"/>
                                                    <flow-ref doc:name="wm_common.utils:checkIfModifiedSinceHeader" docid="jncjnfof-eadc-40b9-98cc-268d14076da0" name="wm_common-utils-checkIfModifiedSinceHeader"/>
                                                </try>
                                            </otherwise>
                                        </choice>
                                    </try>
                                </otherwise>
                            </choice>
                        </try>
                    </when>
                    <otherwise>
                        <try doc:name="SEQUENCE">
                            <ee:transform doc:id="vpulyulv-9b5e-4a86-b01c-cd738c5276d4" doc:name="MAP">
                                <ee:variables>
                                    <ee:set-variable variableName="MAP">%dw 2.0
output application/json
---
vars.""</ee:set-variable>
                                </ee:variables>
                            </ee:transform>
                            <logger doc:id="lnitxpet-eadc-40b9-98cc-268d14076da0" doc:name="wm_common.utils:throwError" level="INFO"/>
                        </try>
                    </otherwise>
                </choice>
                <ee:transform doc:id="uqkdpoqj-9b5e-4a86-b01c-cd738c5276d4" doc:name="MAP">
                    <ee:variables>
                        <ee:set-variable variableName="MAP">%dw 2.0
output application/json
---
vars.""</ee:set-variable>
                    </ee:variables>
                </ee:transform>
            </try>
            <try doc:name="SEQUENCE">
                <logger doc:id="kasrnspf-eadc-40b9-98cc-268d14076da0" doc:name="pub.flow:getLastError" level="INFO"/>
                <logger doc:id="bwbewtie-eadc-40b9-98cc-268d14076da0" doc:name="wm_errorhandling.utils:getCallingService" level="INFO"/>
                <logger doc:id="hjocluhn-eadc-40b9-98cc-268d14076da0" doc:name="wm_errorhandling.svcs.flowsvcs:createErrorMsg_FW1" level="INFO"/>
                <logger doc:id="eksmogob-eadc-40b9-98cc-268d14076da0" doc:name="EXIT" level="INFO"/>
            </try>
        </try>
    </flow>
</mule>
