<?xml version="1.0" encoding="UTF-8"?><mule xmlns="http://www.mulesoft.org/schema/mule/core" xmlns:doc="http://www.mulesoft.org/schema/mule/documentation" xmlns:ee="http://www.mulesoft.org/schema/mule/ee/core" xmlns:xsi="http://www.w3.org/2001/XMLSchema-instance" xsi:schemaLocation="http://www.mulesoft.org/schema/mule/core http://www.mulesoft.org/schema/mule/core/current/mule.xsd http://www.mulesoft.org/schema/mule/ee/core http://www.mulesoft.org/schema/mule/ee/core/current/mule-ee.xsd">
    <flow doc:id="madwutft-eadc-40b9-98cc-268d14076da0" name="wm_ocs-svcs-outbound-flowsvcs-mapLASANSvcReqResponseToOCSSvcReqResponse">
        <try doc:name="SEQUENCE">
            <try doc:name="SEQUENCE">
                
<ee:transform doc:name="MAP" doc:id="0af093a1-f36b-4a65-9f3f-7a904ab46e8b" >
			<ee:message >
			</ee:message>
			<ee:variables>
				<ee:set-variable variableName="MAP" ><![CDATA[%dw 2.0
output application/json
---
	{"tktStatusTranslation": {
  "Void": 'CLOSED',
  "Closed": 'CLOSED',
  "New": 'CREATED',
  "Creating": 'CREATIONFAILED'
},
"OCSAcknowldgementRequestType": {
  "MsgHeader": {
    "actionCd": payload."msgHeader.actionCd",
    "transactionId": payload."msgHeader.transactionID",
    "sourceCd": payload."msgHeader.source.msgSourceCd"
  }
}
}
]]></ee:set-variable>
			</ee:variables>
		</ee:transform>
    
                <set-payload doc:id="toqgboqr-eadc-40b9-98cc-268d14076da0" doc:name="Set Payload" name="set_payload" value="#[payload]"/>
                <foreach collection="#[payload]" doc:id="iykimoef-eadc-40b9-98cc-268d14076da0" doc:name="LOOP" name="LOOP">
                    <try doc:name="SEQUENCE">
                        <set-payload doc:id="fyquumup-eadc-40b9-98cc-268d14076da0" doc:name="Set Payload" name="set_payload" value="#[payload]"/>
                        <foreach collection="#[payload]" doc:id="urnkodit-eadc-40b9-98cc-268d14076da0" doc:name="LOOP" name="LOOP">
                            
<ee:transform doc:name="MAP" doc:id="0af093a1-f36b-4a65-9f3f-7a904ab46e8b" >
			<ee:message >
			</ee:message>
			<ee:variables>
				<ee:set-variable variableName="MAP" ><![CDATA[%dw 2.0
output application/json
---
	{"CaseList": {
  "OCSUniqueId": payload."cases.caseID.caseID"
},
"OCSUniqueId": payload."OCSUniqueId",
"cases": {
  "caseID": {
    "caseID": payload."cases.caseID.caseID"
  }
}
}
]]></ee:set-variable>
			</ee:variables>
		</ee:transform>
    
                        </foreach>
                        <set-payload doc:id="xainyqxg-eadc-40b9-98cc-268d14076da0" doc:name="Set Payload" name="set_payload" value="#[payload]"/>
                        <foreach collection="#[payload]" doc:id="wkswxkcc-eadc-40b9-98cc-268d14076da0" doc:name="LOOP" name="LOOP">
                            
<ee:transform doc:name="MAP" doc:id="0af093a1-f36b-4a65-9f3f-7a904ab46e8b" >
			<ee:message >
			</ee:message>
			<ee:variables>
				<ee:set-variable variableName="MAP" ><![CDATA[%dw 2.0
output application/json
---
	{"CaseList": {
  "MASTicketUpdateDTM": payload."cases.caseDate.caseDate"
},
"OCSUniqueId": vars.MAP."OCSUniqueId",
"MASTicketUpdateDTM": payload."MASTicketUpdateDTM",
"cases": {
  "caseDate": {
    "caseDate": payload."cases.caseDate.caseDate"
  }
}
}
]]></ee:set-variable>
			</ee:variables>
		</ee:transform>
    
                            <choice doc:name="BRANCH">
                                <when expression="% /CaseList/MASTicketUpdateDTM% = $null">
                                    
<ee:transform doc:name="MAP" doc:id="0af093a1-f36b-4a65-9f3f-7a904ab46e8b" >
			<ee:message >
			</ee:message>
			<ee:variables>
				<ee:set-variable variableName="MAP" ><![CDATA[%dw 2.0
output application/json
var value_1 = "call pub.date:getCurrentDateString with args:pattern=''yyyy-MM-dd'T'HH:mm:ss.SSS'Z''',"

---
	{"CaseList": {
  "MASTicketUpdateDTM": value_1
},
"OCSUniqueId": vars.MAP."OCSUniqueId",
"MASTicketUpdateDTM": vars.MAP."MASTicketUpdateDTM"
}
]]></ee:set-variable>
			</ee:variables>
		</ee:transform>
    
                                </when>
                            </choice>
                        </foreach>
                        
<ee:transform doc:name="MAP" doc:id="0af093a1-f36b-4a65-9f3f-7a904ab46e8b" >
			<ee:message >
			</ee:message>
			<ee:variables>
				<ee:set-variable variableName="MAP" ><![CDATA[%dw 2.0
output application/json
---
	{"CaseList": {
  "TicketStatus": vars.MAP."tktStatusTranslation.Void"
}
}
]]></ee:set-variable>
			</ee:variables>
		</ee:transform>
    
                        <set-payload doc:id="cqxrlqyg-eadc-40b9-98cc-268d14076da0" doc:name="Set Payload" name="set_payload" value="#[payload]"/>
                        <foreach collection="#[payload]" doc:id="hmemjzlh-eadc-40b9-98cc-268d14076da0" doc:name="LOOP" name="LOOP">
                            <choice doc:name="BRANCH">
                                <when expression="%/Cases:cases/Cases:caseProcessStatus/GblLkup:msgTxt% != $null">
                                    <try doc:name="SEQUENCE">
                                        
<ee:transform doc:name="MAP" doc:id="0af093a1-f36b-4a65-9f3f-7a904ab46e8b" >
			<ee:message >
			</ee:message>
			<ee:variables>
				<ee:set-variable variableName="MAP" ><![CDATA[%dw 2.0
output application/json
---
	{"comments": ''
}
]]></ee:set-variable>
			</ee:variables>
		</ee:transform>
    
                                        <set-payload doc:id="thbvhwqi-eadc-40b9-98cc-268d14076da0" doc:name="Set Payload" name="set_payload" value="#[payload]"/>
                                        <foreach collection="#[payload]" doc:id="krqlkymd-eadc-40b9-98cc-268d14076da0" doc:name="LOOP" name="LOOP">
                                            
<ee:transform doc:name="MAP" doc:id="0af093a1-f36b-4a65-9f3f-7a904ab46e8b" >
			<ee:message >
			</ee:message>
			<ee:variables>
				<ee:set-variable variableName="MAP" ><![CDATA[%dw 2.0
output application/json
var value_1 = "call pub.string:concat with args:inString1=''' ++ vars.MAP.comments ++ ' '',"

---
	{"comments": value_1
}
]]></ee:set-variable>
			</ee:variables>
		</ee:transform>
    
                                        </foreach>
                                        
<ee:transform doc:name="MAP" doc:id="0af093a1-f36b-4a65-9f3f-7a904ab46e8b" >
			<ee:message >
			</ee:message>
			<ee:variables>
				<ee:set-variable variableName="MAP" ><![CDATA[%dw 2.0
output application/json
var value_1 = "call pub.string:substring with args:beginIndex=''0'',endIndex=''1999'',"

---
	{"CaseList": {
  "ErrorWarning": {
    "Msg": value_1,
    "TypeCd": payload."CaseList.ErrorWarning.TypeCd",
    "ID": payload."CaseList.ErrorWarning.ID"
  }
},
"OCSUniqueId": vars.MAP."OCSUniqueId",
"MASTicketUpdateDTM": vars.MAP."MASTicketUpdateDTM",
"TicketStatus": payload."TicketStatus",
"comments": vars.MAP."comments",
"cases": {
  "caseProcessStatus": {
    "msgTypeCd": payload."cases.caseProcessStatus.msgTypeCd",
    "msgID": payload."cases.caseProcessStatus.msgID"
  }
}
}
]]></ee:set-variable>
			</ee:variables>
		</ee:transform>
    
                                    </try>
                                </when>
                                <otherwise>
                                    <try doc:name="SEQUENCE"/>
                                </otherwise>
                            </choice>
                        </foreach>
                    </try>
                    <try doc:name="SEQUENCE">
                        
<ee:transform doc:name="MAP" doc:id="0af093a1-f36b-4a65-9f3f-7a904ab46e8b" >
			<ee:message >
			</ee:message>
			<ee:variables>
				<ee:set-variable variableName="MAP" ><![CDATA[%dw 2.0
output application/json
---
	{"TicketList": {
  "TicketType": 'SR',
  "OCSUniqueId": payload."CaseList.OCSUniqueId",
  "MASTicketUpdateDTM": payload."CaseList.MASTicketUpdateDTM",
  "TicketStatus": payload."CaseList.TicketStatus",
  "ErrorWarning": payload."CaseList.ErrorWarning"
},
"OCSUniqueId": vars.MAP."OCSUniqueId",
"MASTicketUpdateDTM": vars.MAP."MASTicketUpdateDTM",
"TicketStatus": vars.MAP."TicketStatus",
"TicketType": payload."TicketType",
"CaseList": {
  "OCSUniqueId": vars.MAP."CaseList.OCSUniqueId",
  "MASTicketUpdateDTM": vars.MAP."CaseList.MASTicketUpdateDTM",
  "TicketStatus": vars.MAP."CaseList.TicketStatus",
  "ErrorWarning": payload."CaseList.ErrorWarning"
}
}
]]></ee:set-variable>
			</ee:variables>
		</ee:transform>
    
                        <set-payload doc:id="eunfcdoe-eadc-40b9-98cc-268d14076da0" doc:name="Set Payload" name="set_payload" value="#[payload]"/>
                        <foreach collection="#[payload]" doc:id="oyzyqvgi-eadc-40b9-98cc-268d14076da0" doc:name="LOOP" name="LOOP">
                            <choice doc:name="BRANCH">
                                <when expression="% /Cases:cases/Cases:additionalInfo/Cases:name% = xSRNumber">
                                    
<ee:transform doc:name="MAP" doc:id="0af093a1-f36b-4a65-9f3f-7a904ab46e8b" >
			<ee:message >
			</ee:message>
			<ee:variables>
				<ee:set-variable variableName="MAP" ><![CDATA[%dw 2.0
output application/json
---
	{"TicketList": {
  "MASTicketNumber": payload."cases.additionalInfo.value"
},
"OCSUniqueId": vars.MAP."OCSUniqueId",
"MASTicketUpdateDTM": vars.MAP."MASTicketUpdateDTM",
"TicketStatus": vars.MAP."TicketStatus",
"MASTicketNumber": payload."MASTicketNumber",
"TicketType": vars.MAP."TicketType",
"cases": {
  "additionalInfo": {
    "value": payload."cases.additionalInfo.value"
  }
}
}
]]></ee:set-variable>
			</ee:variables>
		</ee:transform>
    
                                </when>
                            </choice>
                        </foreach>
                        <logger doc:id="fopqxxxr-eadc-40b9-98cc-268d14076da0" doc:name="pub.list:appendToDocumentList" level="INFO"/>
                    </try>
                    
<ee:transform doc:name="MAP" doc:id="0af093a1-f36b-4a65-9f3f-7a904ab46e8b" >
			<ee:message >
			</ee:message>
			<ee:variables>
				<ee:set-variable variableName="MAP" ><![CDATA[%dw 2.0
output application/json
---
	{"configFileName": payload."configFileName",
"OCSUniqueId": vars.MAP."OCSUniqueId",
"MASTicketUpdateDTM": vars.MAP."MASTicketUpdateDTM",
"TicketStatus": vars.MAP."TicketStatus"
}
]]></ee:set-variable>
			</ee:variables>
		</ee:transform>
    
                </foreach>
                
<ee:transform doc:name="MAP" doc:id="0af093a1-f36b-4a65-9f3f-7a904ab46e8b" >
			<ee:message >
			</ee:message>
			<ee:variables>
				<ee:set-variable variableName="MAP" ><![CDATA[%dw 2.0
output application/json
---
	{"configFileName": vars.MAP."configFileName"
}
]]></ee:set-variable>
			</ee:variables>
		</ee:transform>
    
            </try>
            <try doc:name="SEQUENCE">
                <logger doc:id="cgfgjoit-eadc-40b9-98cc-268d14076da0" doc:name="pub.flow:getLastError" level="INFO"/>
                <logger doc:id="uimhhhfv-eadc-40b9-98cc-268d14076da0" doc:name="wm_errorhandling.utils:getCallingService" level="INFO"/>
                <logger doc:id="vaatglfh-eadc-40b9-98cc-268d14076da0" doc:name="wm_errorhandling.svcs.flowsvcs:createErrorMsg_FW1" level="INFO"/>
                <logger doc:id="mpvmvrlp-eadc-40b9-98cc-268d14076da0" doc:name="EXIT" level="INFO"/>
            </try>
        </try>
    </flow>
</mule>
