<?xml version="1.0" encoding="UTF-8"?><mule xmlns="http://www.mulesoft.org/schema/mule/core" xmlns:doc="http://www.mulesoft.org/schema/mule/documentation" xmlns:ee="http://www.mulesoft.org/schema/mule/ee/core" xmlns:xsi="http://www.w3.org/2001/XMLSchema-instance" xsi:schemaLocation="http://www.mulesoft.org/schema/mule/core http://www.mulesoft.org/schema/mule/core/current/mule.xsd http://www.mulesoft.org/schema/mule/ee/core http://www.mulesoft.org/schema/mule/ee/core/current/mule-ee.xsd">
    <flow doc:id="uqqgnodl-eadc-40b9-98cc-268d14076da0" name="wm_ocs-svcs-outbound-flowsvcs-mapMASUpdRespSvcReqToOCSAck">
        <try doc:name="SEQUENCE">
            <try doc:name="SEQUENCE">
                
<ee:transform doc:name="MAP" doc:id="0af093a1-f36b-4a65-9f3f-7a904ab46e8b" >
			<ee:message >
			</ee:message>
			<ee:variables>
				<ee:set-variable variableName="MAP" ><![CDATA[%dw 2.0
output application/json
---
	{"OCSAcknowledgementRequestType": {
  "MsgHeader": {
    "actionCd": payload."msgHeader.actionCd",
    "transactionId": payload."msgHeader.transactionID",
    "sourceCd": payload."msgHeader.source.msgSourceCd"
  }
},
"msgHeader": {
  "actionCd": payload."msgHeader.actionCd",
  "transactionID": payload."msgHeader.transactionID",
  "source": {
    "msgSourceCd": payload."msgHeader.source.msgSourceCd"
  }
}
}
]]></ee:set-variable>
			</ee:variables>
		</ee:transform>
    
                <set-payload doc:id="jbhwirsv-eadc-40b9-98cc-268d14076da0" doc:name="Set Payload" name="set_payload" value="#[payload]"/>
                <foreach collection="#[payload]" doc:id="uuuuwxoh-eadc-40b9-98cc-268d14076da0" doc:name="LOOP" name="LOOP">
                    <set-payload doc:id="wfwkkjbc-eadc-40b9-98cc-268d14076da0" doc:name="Set Payload" name="set_payload" value="#[payload]"/>
                    <foreach collection="#[payload]" doc:id="ngipqtbs-eadc-40b9-98cc-268d14076da0" doc:name="LOOP" name="LOOP">
                        
<ee:transform doc:name="MAP" doc:id="0af093a1-f36b-4a65-9f3f-7a904ab46e8b" >
			<ee:message >
			</ee:message>
			<ee:variables>
				<ee:set-variable variableName="MAP" ><![CDATA[%dw 2.0
output application/json
---
	{"OCSUniqueID": payload."cases.caseID.caseID",
"cases": {
  "caseID": {
    "caseID": payload."cases.caseID.caseID"
  }
}
}
]]></ee:set-variable>
			</ee:variables>
		</ee:transform>
    
                    </foreach>
                    
<ee:transform doc:name="MAP" doc:id="0af093a1-f36b-4a65-9f3f-7a904ab46e8b" >
			<ee:message >
			</ee:message>
			<ee:variables>
				<ee:set-variable variableName="MAP" ><![CDATA[%dw 2.0
output application/json
---
	{"OCSUniqueID": '00000000'
}
]]></ee:set-variable>
			</ee:variables>
		</ee:transform>
    
                    <set-payload doc:id="irytsfcy-eadc-40b9-98cc-268d14076da0" doc:name="Set Payload" name="set_payload" value="#[payload]"/>
                    <foreach collection="#[payload]" doc:id="loxkkqbr-eadc-40b9-98cc-268d14076da0" doc:name="LOOP" name="LOOP">
                        
<ee:transform doc:name="MAP" doc:id="0af093a1-f36b-4a65-9f3f-7a904ab46e8b" >
			<ee:message >
			</ee:message>
			<ee:variables>
				<ee:set-variable variableName="MAP" ><![CDATA[%dw 2.0
output application/json
var value_1 = "call pub.date:getCurrentDateString with args:pattern=''yyyy-MM-dd'T'HH:mm:ss.SSS'',"

---
	{"MASTicketUpdateDTM": value_1,
"OCSUniqueID": vars.MAP."OCSUniqueID"
}
]]></ee:set-variable>
			</ee:variables>
		</ee:transform>
    
                        
<ee:transform doc:name="MAP" doc:id="0af093a1-f36b-4a65-9f3f-7a904ab46e8b" >
			<ee:message >
			</ee:message>
			<ee:variables>
				<ee:set-variable variableName="MAP" ><![CDATA[%dw 2.0
output application/json
var value_1 = "call pub.string:concat with args:inString2=''Z'',"

---
	{"MASTicketUpdateDTM": value_1,
"OCSUniqueID": vars.MAP."OCSUniqueID"
}
]]></ee:set-variable>
			</ee:variables>
		</ee:transform>
    
                        <choice doc:name="BRANCH">
                            <when expression="% /Cases:cases/Cases:caseDate/Cases:dateTypeCd% = DataEntry">
                                
<ee:transform doc:name="MAP" doc:id="0af093a1-f36b-4a65-9f3f-7a904ab46e8b" >
			<ee:message >
			</ee:message>
			<ee:variables>
				<ee:set-variable variableName="MAP" ><![CDATA[%dw 2.0
output application/json
---
	{"MASTicketUpdateDTM": vars.MAP."cases.caseDate.caseDate",
"OCSUniqueID": vars.MAP."OCSUniqueID",
"cases": {
  "caseDate": {
    "caseDate": payload."cases.caseDate.caseDate"
  }
}
}
]]></ee:set-variable>
			</ee:variables>
		</ee:transform>
    
                            </when>
                        </choice>
                    </foreach>
                    <choice doc:name="BRANCH">
                        <when expression="% /Cases:cases/Cases:caseStatus/Cases:caseStatusCd% = New">
                            
<ee:transform doc:name="MAP" doc:id="0af093a1-f36b-4a65-9f3f-7a904ab46e8b" >
			<ee:message >
			</ee:message>
			<ee:variables>
				<ee:set-variable variableName="MAP" ><![CDATA[%dw 2.0
output application/json
---
	{"TicketStatus": 'CREATED',
"OCSUniqueID": vars.MAP."OCSUniqueID",
"MASTicketUpdateDTM": vars.MAP."MASTicketUpdateDTM"
}
]]></ee:set-variable>
			</ee:variables>
		</ee:transform>
    
                        </when>
                        <when expression="% /Cases:cases/Cases:caseStatus/Cases:caseStatusCd% = Closed">
                            
<ee:transform doc:name="MAP" doc:id="0af093a1-f36b-4a65-9f3f-7a904ab46e8b" >
			<ee:message >
			</ee:message>
			<ee:variables>
				<ee:set-variable variableName="MAP" ><![CDATA[%dw 2.0
output application/json
---
	{"TicketStatus": 'CLOSED',
"OCSUniqueID": vars.MAP."OCSUniqueID",
"MASTicketUpdateDTM": vars.MAP."MASTicketUpdateDTM"
}
]]></ee:set-variable>
			</ee:variables>
		</ee:transform>
    
                        </when>
                        <when expression="% /Cases:cases/Cases:caseStatus/Cases:caseStatusCd% = Creating">
                            
<ee:transform doc:name="MAP" doc:id="0af093a1-f36b-4a65-9f3f-7a904ab46e8b" >
			<ee:message >
			</ee:message>
			<ee:variables>
				<ee:set-variable variableName="MAP" ><![CDATA[%dw 2.0
output application/json
---
	{"TicketStatus": 'CREATIONFAILED',
"OCSUniqueID": vars.MAP."OCSUniqueID",
"MASTicketUpdateDTM": vars.MAP."MASTicketUpdateDTM"
}
]]></ee:set-variable>
			</ee:variables>
		</ee:transform>
    
                        </when>
                        <when expression="% /Cases:cases/Cases:caseStatus/Cases:caseStatusCd% = Void">
                            
<ee:transform doc:name="MAP" doc:id="0af093a1-f36b-4a65-9f3f-7a904ab46e8b" >
			<ee:message >
			</ee:message>
			<ee:variables>
				<ee:set-variable variableName="MAP" ><![CDATA[%dw 2.0
output application/json
---
	{"TicketStatus": 'CLOSED',
"OCSUniqueID": vars.MAP."OCSUniqueID",
"MASTicketUpdateDTM": vars.MAP."MASTicketUpdateDTM"
}
]]></ee:set-variable>
			</ee:variables>
		</ee:transform>
    
                        </when>
                        <otherwise>
                            
<ee:transform doc:name="MAP" doc:id="0af093a1-f36b-4a65-9f3f-7a904ab46e8b" >
			<ee:message >
			</ee:message>
			<ee:variables>
				<ee:set-variable variableName="MAP" ><![CDATA[%dw 2.0
output application/json
---
	{"TicketStatus": 'FAILED',
"OCSUniqueID": vars.MAP."OCSUniqueID",
"MASTicketUpdateDTM": vars.MAP."MASTicketUpdateDTM"
}
]]></ee:set-variable>
			</ee:variables>
		</ee:transform>
    
                        </otherwise>
                    </choice>
                    
<ee:transform doc:name="MAP" doc:id="0af093a1-f36b-4a65-9f3f-7a904ab46e8b" >
			<ee:message >
			</ee:message>
			<ee:variables>
				<ee:set-variable variableName="MAP" ><![CDATA[%dw 2.0
output application/json
---
	{"Msg": '',
"OCSUniqueID": vars.MAP."OCSUniqueID",
"MASTicketUpdateDTM": vars.MAP."MASTicketUpdateDTM",
"TicketStatus": vars.MAP."TicketStatus"
}
]]></ee:set-variable>
			</ee:variables>
		</ee:transform>
    
                    <set-payload doc:id="mlgxhdgj-eadc-40b9-98cc-268d14076da0" doc:name="Set Payload" name="set_payload" value="#[payload]"/>
                    <foreach collection="#[payload]" doc:id="euhoxqop-eadc-40b9-98cc-268d14076da0" doc:name="LOOP" name="LOOP">
                        <choice doc:name="BRANCH">
                            <when expression="%Cases:cases/Cases:caseProcessStatus/GblLkup:msgTxt%!=null">
                                <try doc:name="SEQUENCE">
                                    
<ee:transform doc:name="MAP" doc:id="0af093a1-f36b-4a65-9f3f-7a904ab46e8b" >
			<ee:message >
			</ee:message>
			<ee:variables>
				<ee:set-variable variableName="MAP" ><![CDATA[%dw 2.0
output application/json
---
	{"comments": '',
"OCSUniqueID": vars.MAP."OCSUniqueID",
"MASTicketUpdateDTM": vars.MAP."MASTicketUpdateDTM",
"TicketStatus": vars.MAP."TicketStatus",
"Msg": vars.MAP."Msg"
}
]]></ee:set-variable>
			</ee:variables>
		</ee:transform>
    
                                    <set-payload doc:id="yfalprkt-eadc-40b9-98cc-268d14076da0" doc:name="Set Payload" name="set_payload" value="#[payload]"/>
                                    <foreach collection="#[payload]" doc:id="ynuknhru-eadc-40b9-98cc-268d14076da0" doc:name="LOOP" name="LOOP">
                                        
<ee:transform doc:name="MAP" doc:id="0af093a1-f36b-4a65-9f3f-7a904ab46e8b" >
			<ee:message >
			</ee:message>
			<ee:variables>
				<ee:set-variable variableName="MAP" ><![CDATA[%dw 2.0
output application/json
var value_1 = "call pub.string:concat with args:inString1=''' ++ vars.INVOKE.comments '',"

---
	{"comments": value_1,
"OCSUniqueID": vars.MAP."OCSUniqueID",
"MASTicketUpdateDTM": vars.MAP."MASTicketUpdateDTM",
"TicketStatus": vars.MAP."TicketStatus",
"Msg": vars.MAP."Msg"
}
]]></ee:set-variable>
			</ee:variables>
		</ee:transform>
    
                                    </foreach>
                                </try>
                            </when>
                        </choice>
                        
<ee:transform doc:name="MAP" doc:id="0af093a1-f36b-4a65-9f3f-7a904ab46e8b" >
			<ee:message >
			</ee:message>
			<ee:variables>
				<ee:set-variable variableName="MAP" ><![CDATA[%dw 2.0
output application/json
var value_1 = "call pub.string:concat with args:inString1=''' ++ vars.INVOKE.Msg '',"

---
	{"Msg": value_1,
"OCSUniqueID": vars.MAP."OCSUniqueID",
"MASTicketUpdateDTM": vars.MAP."MASTicketUpdateDTM",
"TicketStatus": vars.MAP."TicketStatus",
"comments": vars.MAP."comments"
}
]]></ee:set-variable>
			</ee:variables>
		</ee:transform>
    
                    </foreach>
                    <choice doc:name="BRANCH">
                        <when expression="% /Msg% = /[^ ]/">
                            
<ee:transform doc:name="MAP" doc:id="0af093a1-f36b-4a65-9f3f-7a904ab46e8b" >
			<ee:message >
			</ee:message>
			<ee:variables>
				<ee:set-variable variableName="MAP" ><![CDATA[%dw 2.0
output application/json
var value_1 = "call pub.string:substring with args:endIndex=''1999'',beginIndex=''0'',"

---
	{"ErrorWarning": {
  "Msg": value_1,
  "TypeCd": payload."ErrorWarning.TypeCd",
  "ID": payload."ErrorWarning.ID"
},
"OCSUniqueID": vars.MAP."OCSUniqueID",
"MASTicketUpdateDTM": vars.MAP."MASTicketUpdateDTM",
"TicketStatus": vars.MAP."TicketStatus",
"Msg": vars.MAP."Msg",
"cases": {
  "caseProcessStatus": {
    "msgTypeCd": payload."cases.caseProcessStatus.msgTypeCd",
    "msgID": payload."cases.caseProcessStatus.msgID"
  }
}
}
]]></ee:set-variable>
			</ee:variables>
		</ee:transform>
    
                        </when>
                    </choice>
                    <set-payload doc:id="jyrhusyh-eadc-40b9-98cc-268d14076da0" doc:name="Set Payload" name="set_payload" value="#[payload]"/>
                    <foreach collection="#[payload]" doc:id="hudfjupz-eadc-40b9-98cc-268d14076da0" doc:name="LOOP" name="LOOP">
                        <set-payload doc:id="oyfeohpv-eadc-40b9-98cc-268d14076da0" doc:name="Set Payload" name="set_payload" value="#[payload]"/>
                        <foreach collection="#[payload]" doc:id="ezracjzf-eadc-40b9-98cc-268d14076da0" doc:name="LOOP" name="LOOP">
                            <choice doc:name="BRANCH">
                                <when expression="%Cases:cases/Ticket:Ticket/Ticket:ticketHdr/Ticket:ticketID/Ticket:idSourceCd%==&quot;MAS&quot; &amp;&amp; %Cases:cases/Ticket:Ticket/Ticket:ticketHdr/Ticket:ticketID/Ticket:idTypeCd%==&quot;ID&quot;">
                                    
<ee:transform doc:name="MAP" doc:id="0af093a1-f36b-4a65-9f3f-7a904ab46e8b" >
			<ee:message >
			</ee:message>
			<ee:variables>
				<ee:set-variable variableName="MAP" ><![CDATA[%dw 2.0
output application/json
---
	{"OCSAcknowledgementRequestType": {
  "TicketList": {
    "MASTicketNumber": payload."cases.Ticket.ticketHdr.ticketID.ticketID"
  }
},
"OCSUniqueID": vars.MAP."OCSUniqueID",
"MASTicketUpdateDTM": vars.MAP."MASTicketUpdateDTM",
"TicketStatus": vars.MAP."TicketStatus",
"Msg": vars.MAP."Msg",
"cases": {
  "Ticket": {
    "ticketHdr": {
      "ticketID": {
        "ticketID": payload."cases.Ticket.ticketHdr.ticketID.ticketID"
      }
    }
  }
}
}
]]></ee:set-variable>
			</ee:variables>
		</ee:transform>
    
                                </when>
                            </choice>
                        </foreach>
                        <set-payload doc:id="xuxdsijw-eadc-40b9-98cc-268d14076da0" doc:name="Set Payload" name="set_payload" value="#[payload]"/>
                        <foreach collection="#[payload]" doc:id="xowawaux-eadc-40b9-98cc-268d14076da0" doc:name="LOOP" name="LOOP">
                            <choice doc:name="BRANCH">
                                <when expression="%Cases:cases/Ticket:Ticket/Ticket:ticketHdr/Ticket:ticketRefID/Ticket:refIDSourceCd%==&quot;MAS&quot; &amp;&amp; %Cases:cases/Ticket:Ticket/Ticket:ticketHdr/Ticket:ticketRefID/Ticket:refIDTypeCd%==&quot;RefTicket&quot;">
                                    
<ee:transform doc:name="MAP" doc:id="0af093a1-f36b-4a65-9f3f-7a904ab46e8b" >
			<ee:message >
			</ee:message>
			<ee:variables>
				<ee:set-variable variableName="MAP" ><![CDATA[%dw 2.0
output application/json
---
	{"OCSAcknowledgementRequestType": {
  "TicketList": {
    "RefTicketNumber": payload."cases.Ticket.ticketHdr.ticketRefID.refID"
  }
},
"OCSUniqueID": vars.MAP."OCSUniqueID",
"MASTicketUpdateDTM": vars.MAP."MASTicketUpdateDTM",
"TicketStatus": vars.MAP."TicketStatus",
"Msg": vars.MAP."Msg",
"cases": {
  "Ticket": {
    "ticketHdr": {
      "ticketRefID": {
        "refID": payload."cases.Ticket.ticketHdr.ticketRefID.refID"
      }
    }
  }
}
}
]]></ee:set-variable>
			</ee:variables>
		</ee:transform>
    
                                </when>
                            </choice>
                        </foreach>
                        <set-payload doc:id="ezggvxgk-eadc-40b9-98cc-268d14076da0" doc:name="Set Payload" name="set_payload" value="#[payload]"/>
                        <foreach collection="#[payload]" doc:id="tgpzgydv-eadc-40b9-98cc-268d14076da0" doc:name="LOOP" name="LOOP">
                            
<ee:transform doc:name="MAP" doc:id="0af093a1-f36b-4a65-9f3f-7a904ab46e8b" >
			<ee:message >
			</ee:message>
			<ee:variables>
				<ee:set-variable variableName="MAP" ><![CDATA[%dw 2.0
output application/json
---
	{"OCSAcknowledgementRequestType": {
  "TicketList": {
    "ChangedLoadType": payload."cases.Ticket.ticketLineItem.masLine.dispatchRsnCd"
  }
},
"OCSUniqueID": vars.MAP."OCSUniqueID",
"MASTicketUpdateDTM": vars.MAP."MASTicketUpdateDTM",
"TicketStatus": vars.MAP."TicketStatus",
"Msg": vars.MAP."Msg",
"cases": {
  "Ticket": {
    "ticketLineItem": {
      "masLine": {
        "dispatchRsnCd": payload."cases.Ticket.ticketLineItem.masLine.dispatchRsnCd"
      }
    }
  }
}
}
]]></ee:set-variable>
			</ee:variables>
		</ee:transform>
    
                        </foreach>
                        
<ee:transform doc:name="MAP" doc:id="0af093a1-f36b-4a65-9f3f-7a904ab46e8b" >
			<ee:message >
			</ee:message>
			<ee:variables>
				<ee:set-variable variableName="MAP" ><![CDATA[%dw 2.0
output application/json
---
	{"OCSAcknowledgementRequestType": {
  "TicketList": {
    "TicketType": 'TICKET_UPDATE',
    "OCSUniqueId": payload."OCSUniqueID",
    "MASTicketUpdateDTM": payload."MASTicketUpdateDTM",
    "TicketStatus": payload."TicketStatus",
    "ErrorWarning": {
      "TypeCd": payload."ErrorWarning.TypeCd",
      "ID": payload."ErrorWarning.ID",
      "Msg": payload."ErrorWarning.Msg"
    }
  }
},
"Msg": vars.MAP."Msg",
"ErrorWarning": {
  "TypeCd": vars.MAP."ErrorWarning.TypeCd",
  "ID": vars.MAP."ErrorWarning.ID",
  "Msg": vars.MAP."ErrorWarning.Msg"
}
}
]]></ee:set-variable>
			</ee:variables>
		</ee:transform>
    
                    </foreach>
                </foreach>
                
<ee:transform doc:name="MAP" doc:id="0af093a1-f36b-4a65-9f3f-7a904ab46e8b" >
			<ee:message >
			</ee:message>
			<ee:variables>
				<ee:set-variable variableName="MAP" ><![CDATA[%dw 2.0
output application/json
---
	{"configFileName": payload."configFileName"
}
]]></ee:set-variable>
			</ee:variables>
		</ee:transform>
    
            </try>
            <try doc:name="SEQUENCE">
                <logger doc:id="bxztlqde-eadc-40b9-98cc-268d14076da0" doc:name="pub.flow:getLastError" level="INFO"/>
                <logger doc:id="kdwltkbc-eadc-40b9-98cc-268d14076da0" doc:name="wm_errorhandling.utils:getCallingService" level="INFO"/>
                <logger doc:id="jmzmrkwv-eadc-40b9-98cc-268d14076da0" doc:name="wm_errorhandling.svcs.flowsvcs:createErrorMsg_FW1" level="INFO"/>
                <logger doc:id="heogsrhx-eadc-40b9-98cc-268d14076da0" doc:name="EXIT" level="INFO"/>
            </try>
        </try>
    </flow>
</mule>
