<?xml version="1.0" encoding="UTF-8"?><mule xmlns="http://www.mulesoft.org/schema/mule/core" xmlns:doc="http://www.mulesoft.org/schema/mule/documentation" xmlns:ee="http://www.mulesoft.org/schema/mule/ee/core" xmlns:xsi="http://www.w3.org/2001/XMLSchema-instance" xsi:schemaLocation="http://www.mulesoft.org/schema/mule/core http://www.mulesoft.org/schema/mule/core/current/mule.xsd http://www.mulesoft.org/schema/mule/ee/core http://www.mulesoft.org/schema/mule/ee/core/current/mule-ee.xsd">
    <flow doc:id="igeclgpn-eadc-40b9-98cc-268d14076da0" name="wm_ocs-svcs-outbound-flowsvcs-mapMASSvcReqResponseToOCSSvcReqResponse">
        <try doc:name="SEQUENCE">
            <try doc:name="SEQUENCE">
                
<ee:transform doc:name="MAP" doc:id="0af093a1-f36b-4a65-9f3f-7a904ab46e8b" >
			<ee:message >
			</ee:message>
			<ee:variables>
				<ee:set-variable variableName="MAP" ><![CDATA[%dw 2.0
output application/json
---
	{"tktStatusTranslation": {
  "Void": 'CLOSED',
  "Closed": 'CLOSED',
  "New": 'CREATED',
  "Creating": 'CREATIONFAILED'
},
"OCSAcknowldgementRequestType": {
  "MsgHeader": {
    "actionCd": payload."msgHeader.actionCd",
    "transactionId": payload."msgHeader.transactionID",
    "sourceCd": payload."msgHeader.source.msgSourceCd"
  }
},
"Closed": payload."Closed",
"New": payload."New",
"Creating": payload."Creating",
"Void": payload."Void",
"msgHeader": {
  "actionCd": payload."msgHeader.actionCd",
  "transactionID": payload."msgHeader.transactionID",
  "source": {
    "msgSourceCd": payload."msgHeader.source.msgSourceCd"
  }
}
}
]]></ee:set-variable>
			</ee:variables>
		</ee:transform>
    
                <set-payload doc:id="huhxcnwl-eadc-40b9-98cc-268d14076da0" doc:name="Set Payload" name="set_payload" value="#[payload]"/>
                <foreach collection="#[payload]" doc:id="yazlwnwz-eadc-40b9-98cc-268d14076da0" doc:name="LOOP" name="LOOP">
                    <try doc:name="SEQUENCE">
                        <set-payload doc:id="rnlvpgvp-eadc-40b9-98cc-268d14076da0" doc:name="Set Payload" name="set_payload" value="#[payload]"/>
                        <foreach collection="#[payload]" doc:id="rtyrujte-eadc-40b9-98cc-268d14076da0" doc:name="LOOP" name="LOOP">
                            
<ee:transform doc:name="MAP" doc:id="0af093a1-f36b-4a65-9f3f-7a904ab46e8b" >
			<ee:message >
			</ee:message>
			<ee:variables>
				<ee:set-variable variableName="MAP" ><![CDATA[%dw 2.0
output application/json
---
	{"CaseList": {
  "OCSUniqueId": payload."cases.caseID.caseID"
},
"OCSUniqueId": payload."OCSUniqueId",
"cases": {
  "caseID": {
    "caseID": payload."cases.caseID.caseID"
  }
}
}
]]></ee:set-variable>
			</ee:variables>
		</ee:transform>
    
                        </foreach>
                        <set-payload doc:id="lmohhuty-eadc-40b9-98cc-268d14076da0" doc:name="Set Payload" name="set_payload" value="#[payload]"/>
                        <foreach collection="#[payload]" doc:id="yyplnytl-eadc-40b9-98cc-268d14076da0" doc:name="LOOP" name="LOOP">
                            
<ee:transform doc:name="MAP" doc:id="0af093a1-f36b-4a65-9f3f-7a904ab46e8b" >
			<ee:message >
			</ee:message>
			<ee:variables>
				<ee:set-variable variableName="MAP" ><![CDATA[%dw 2.0
output application/json
---
	{"CaseList": {
  "MASTicketUpdateDTM": payload."cases.caseDate.caseDate"
},
"OCSUniqueId": vars.MAP."OCSUniqueId",
"MASTicketUpdateDTM": payload."MASTicketUpdateDTM",
"cases": {
  "caseDate": {
    "caseDate": payload."cases.caseDate.caseDate"
  }
}
}
]]></ee:set-variable>
			</ee:variables>
		</ee:transform>
    
                            <choice doc:name="BRANCH">
                                <when expression="% /CaseList/MASTicketUpdateDTM% = $null">
                                    
<ee:transform doc:name="MAP" doc:id="0af093a1-f36b-4a65-9f3f-7a904ab46e8b" >
			<ee:message >
			</ee:message>
			<ee:variables>
				<ee:set-variable variableName="MAP" ><![CDATA[%dw 2.0
output application/json
var value_1 = "call pub.date:getCurrentDateString with args:pattern=''yyyy-MM-dd'T'HH:mm:ss.SSS'Z''',"

---
	{"CaseList": {
  "MASTicketUpdateDTM": value_1
},
"OCSUniqueId": vars.MAP."OCSUniqueId",
"MASTicketUpdateDTM": vars.MAP."MASTicketUpdateDTM"
}
]]></ee:set-variable>
			</ee:variables>
		</ee:transform>
    
                                </when>
                            </choice>
                        </foreach>
                        
<ee:transform doc:name="MAP" doc:id="0af093a1-f36b-4a65-9f3f-7a904ab46e8b" >
			<ee:message >
			</ee:message>
			<ee:variables>
				<ee:set-variable variableName="MAP" ><![CDATA[%dw 2.0
output application/json
---
	{"CaseList": {
  "TicketStatus": vars.MAP."tktStatusTranslation.Void"
},
"OCSUniqueId": vars.MAP."OCSUniqueId",
"MASTicketUpdateDTM": vars.MAP."MASTicketUpdateDTM",
"TicketStatus": payload."TicketStatus",
"Closed": vars.MAP."Closed",
"New": vars.MAP."New",
"Creating": vars.MAP."Creating",
"Void": vars.MAP."Void",
"tktStatusTranslation": {
  "New": vars.MAP."tktStatusTranslation.New",
  "Closed": vars.MAP."tktStatusTranslation.Closed",
  "Creating": vars.MAP."tktStatusTranslation.Creating",
  "Void": vars.MAP."tktStatusTranslation.Void"
}
}
]]></ee:set-variable>
			</ee:variables>
		</ee:transform>
    
                        <set-payload doc:id="apjycfgb-eadc-40b9-98cc-268d14076da0" doc:name="Set Payload" name="set_payload" value="#[payload]"/>
                        <foreach collection="#[payload]" doc:id="tppufjgf-eadc-40b9-98cc-268d14076da0" doc:name="LOOP" name="LOOP">
                            <choice doc:name="BRANCH">
                                <when expression="%/Cases:cases/Cases:caseProcessStatus/GblLkup:msgTxt% != $null">
                                    <try doc:name="SEQUENCE">
                                        
<ee:transform doc:name="MAP" doc:id="0af093a1-f36b-4a65-9f3f-7a904ab46e8b" >
			<ee:message >
			</ee:message>
			<ee:variables>
				<ee:set-variable variableName="MAP" ><![CDATA[%dw 2.0
output application/json
---
	{"comments": ''
}
]]></ee:set-variable>
			</ee:variables>
		</ee:transform>
    
                                        <set-payload doc:id="zemwliix-eadc-40b9-98cc-268d14076da0" doc:name="Set Payload" name="set_payload" value="#[payload]"/>
                                        <foreach collection="#[payload]" doc:id="fbrximuk-eadc-40b9-98cc-268d14076da0" doc:name="LOOP" name="LOOP">
                                            
<ee:transform doc:name="MAP" doc:id="0af093a1-f36b-4a65-9f3f-7a904ab46e8b" >
			<ee:message >
			</ee:message>
			<ee:variables>
				<ee:set-variable variableName="MAP" ><![CDATA[%dw 2.0
output application/json
var value_1 = "call pub.string:concat with args:inString1=''' ++ vars.INVOKE.comments ++ ' '',"

---
	{"comments": value_1
}
]]></ee:set-variable>
			</ee:variables>
		</ee:transform>
    
                                        </foreach>
                                        
<ee:transform doc:name="MAP" doc:id="0af093a1-f36b-4a65-9f3f-7a904ab46e8b" >
			<ee:message >
			</ee:message>
			<ee:variables>
				<ee:set-variable variableName="MAP" ><![CDATA[%dw 2.0
output application/json
var value_1 = "call pub.string:substring with args:beginIndex=''0'',endIndex=''1999'',"

---
	{"CaseList": {
  "ErrorWarning": {
    "Msg": value_1,
    "TypeCd": payload."CaseList.ErrorWarning.TypeCd",
    "ID": payload."CaseList.ErrorWarning.ID"
  }
},
"OCSUniqueId": vars.MAP."OCSUniqueId",
"MASTicketUpdateDTM": vars.MAP."MASTicketUpdateDTM",
"TicketStatus": vars.MAP."TicketStatus",
"comments": vars.MAP."comments",
"cases": {
  "caseProcessStatus": {
    "msgTypeCd": payload."cases.caseProcessStatus.msgTypeCd",
    "msgID": payload."cases.caseProcessStatus.msgID"
  }
}
}
]]></ee:set-variable>
			</ee:variables>
		</ee:transform>
    
                                    </try>
                                </when>
                                <otherwise>
                                    <try doc:name="SEQUENCE"/>
                                </otherwise>
                            </choice>
                        </foreach>
                    </try>
                    <try doc:name="SEQUENCE">
                        <set-payload doc:id="bxpaobty-eadc-40b9-98cc-268d14076da0" doc:name="Set Payload" name="set_payload" value="#[payload]"/>
                        <foreach collection="#[payload]" doc:id="zjbbtrbz-eadc-40b9-98cc-268d14076da0" doc:name="LOOP" name="LOOP">
                            <set-payload doc:id="ewrtieyg-eadc-40b9-98cc-268d14076da0" doc:name="Set Payload" name="set_payload" value="#[payload]"/>
                            <foreach collection="#[payload]" doc:id="oyuxwwjq-eadc-40b9-98cc-268d14076da0" doc:name="LOOP" name="LOOP">
                                <choice doc:name="BRANCH">
                                    <when expression="% /Cases:cases/Ticket:Ticket/Ticket:ticketHdr/Ticket:ticketID/Ticket:idSourceCd% = MAS">
                                        <try doc:name="SEQUENCE">
                                            
<ee:transform doc:name="MAP" doc:id="0af093a1-f36b-4a65-9f3f-7a904ab46e8b" >
			<ee:message >
			</ee:message>
			<ee:variables>
				<ee:set-variable variableName="MAP" ><![CDATA[%dw 2.0
output application/json
---
	{SVC_LINE_ID:payload.SVC_LINE_ID,
SVCCD:payload.SVCCD,
TKTNUM:payload.TKTNUM,
TKTTYPE:payload.TKTTYPE,
RTE:payload.RTE,
PLANDTE:payload.PLANDTE,
ORDERDTE:payload.ORDERDTE,
EXCP_CLASS:payload.EXCP_CLASS,
EXCP_REASONCODE:payload.EXCP_REASONCODE,
RNK#:payload.RNK#,
SVCTIME:payload.SVCTIME,
STATUS:payload.STATUS,
SVC_LINE_ID:vars.MAP.SVC_LINE_ID,
SVCCD:vars.MAP.SVCCD,
TKTNUM:vars.MAP.TKTNUM,
TKTTYPE:vars.MAP.TKTTYPE,
RTE:vars.MAP.RTE,
PLANDTE:vars.MAP.PLANDTE,
ORDERDTE:vars.MAP.ORDERDTE,
EXCP_CLASS:vars.MAP.EXCP_CLASS,
EXCP_REASONCODE:vars.MAP.EXCP_REASONCODE,
RNK#:vars.MAP.RNK#,
SVCTIME:vars.MAP.SVCTIME,
STATUS:vars.MAP.STATUS,
"TicketList": {
  "services": '',
  "TicketType": 'HOC',
  "MASTicketNumber": payload."cases.Ticket.ticketHdr.ticketID.ticketID",
  "OCSUniqueId": payload."CaseList.OCSUniqueId",
  "MASTicketUpdateDTM": payload."CaseList.MASTicketUpdateDTM",
  "TicketStatus": payload."CaseList.TicketStatus",
  "ErrorWarning": payload."CaseList.ErrorWarning"
},
"OCSUniqueId": vars.MAP."OCSUniqueId",
"MASTicketUpdateDTM": vars.MAP."MASTicketUpdateDTM",
"TicketStatus": vars.MAP."TicketStatus",
"MASTicketNumber": payload."MASTicketNumber",
"TicketType": payload."TicketType",
"cases": {
  "Ticket": {
    "ticketHdr": {
      "ticketID": {
        "ticketID": payload."cases.Ticket.ticketHdr.ticketID.ticketID"
      }
    }
  }
},
"CaseList": {
  "OCSUniqueId": vars.MAP."CaseList.OCSUniqueId",
  "MASTicketUpdateDTM": vars.MAP."CaseList.MASTicketUpdateDTM",
  "TicketStatus": vars.MAP."CaseList.TicketStatus",
  "ErrorWarning": payload."CaseList.ErrorWarning"
}
}
]]></ee:set-variable>
			</ee:variables>
		</ee:transform>
    
                                            <set-payload doc:id="zhynfpdm-eadc-40b9-98cc-268d14076da0" doc:name="Set Payload" name="set_payload" value="#[payload]"/>
                                            <foreach collection="#[payload]" doc:id="mftrvmvn-eadc-40b9-98cc-268d14076da0" doc:name="LOOP" name="LOOP">
                                                
<ee:transform doc:name="MAP" doc:id="0af093a1-f36b-4a65-9f3f-7a904ab46e8b" >
			<ee:message >
			</ee:message>
			<ee:variables>
				<ee:set-variable variableName="MAP" ><![CDATA[%dw 2.0
output application/json
---
	{SVC_LINE_ID:vars.MAP.SVC_LINE_ID,
SVCCD:vars.MAP.SVCCD,
TKTNUM:vars.MAP.TKTNUM,
TKTTYPE:vars.MAP.TKTTYPE,
RTE:vars.MAP.RTE,
PLANDTE:vars.MAP.PLANDTE,
ORDERDTE:vars.MAP.ORDERDTE,
EXCP_CLASS:vars.MAP.EXCP_CLASS,
EXCP_REASONCODE:vars.MAP.EXCP_REASONCODE,
RNK#:vars.MAP.RNK#,
SVCTIME:vars.MAP.SVCTIME,
STATUS:vars.MAP.STATUS,
SVC_LINE_ID:vars.MAP.SVC_LINE_ID,
SVCCD:vars.MAP.SVCCD,
TKTNUM:vars.MAP.TKTNUM,
TKTTYPE:vars.MAP.TKTTYPE,
RTE:vars.MAP.RTE,
PLANDTE:vars.MAP.PLANDTE,
ORDERDTE:vars.MAP.ORDERDTE,
EXCP_CLASS:vars.MAP.EXCP_CLASS,
EXCP_REASONCODE:vars.MAP.EXCP_REASONCODE,
RNK#:vars.MAP.RNK#,
SVCTIME:vars.MAP.SVCTIME,
STATUS:vars.MAP.STATUS,
"TicketList": {
  "services": {
    "svccd": payload."cases.Ticket.ticketLineItem.masLine.svcCd",
    "svccddesc": payload."cases.Ticket.ticketLineItem.masLine.svcCdDesc"
  }
},
"OCSUniqueId": vars.MAP."OCSUniqueId",
"MASTicketUpdateDTM": vars.MAP."MASTicketUpdateDTM",
"TicketStatus": vars.MAP."TicketStatus",
"MASTicketNumber": vars.MAP."MASTicketNumber",
"TicketType": vars.MAP."TicketType",
"cases": {
  "Ticket": {
    "ticketLineItem": {
      "masLine": {
        "svcCd": payload."cases.Ticket.ticketLineItem.masLine.svcCd",
        "svcCdDesc": payload."cases.Ticket.ticketLineItem.masLine.svcCdDesc"
      }
    }
  }
}
}
]]></ee:set-variable>
			</ee:variables>
		</ee:transform>
    
                                                <set-payload doc:id="pduqahvn-eadc-40b9-98cc-268d14076da0" doc:name="Set Payload" name="set_payload" value="#[payload]"/>
                                                <foreach collection="#[payload]" doc:id="qlobjeqg-eadc-40b9-98cc-268d14076da0" doc:name="LOOP" name="LOOP">
                                                    <choice doc:name="BRANCH">
                                                        <when expression="%Cases:cases/Ticket:Ticket/Ticket:ticketLineItem/Ticket:ticketLineID/Ticket:idSourceCd%==&quot;MAS&quot; &amp;&amp; %Cases:cases/Ticket:Ticket/Ticket:ticketLineItem/Ticket:ticketLineID/Ticket:idTypeCd%==&quot;SvcID&quot;">
                                                            <try doc:name="SEQUENCE">
                                                                
<ee:transform doc:name="MAP" doc:id="0af093a1-f36b-4a65-9f3f-7a904ab46e8b" >
			<ee:message >
			</ee:message>
			<ee:variables>
				<ee:set-variable variableName="MAP" ><![CDATA[%dw 2.0
output application/json
---
	{SVC_LINE_ID:vars.MAP.SVC_LINE_ID,
SVCCD:vars.MAP.SVCCD,
TKTNUM:vars.MAP.TKTNUM,
TKTTYPE:vars.MAP.TKTTYPE,
RTE:vars.MAP.RTE,
PLANDTE:vars.MAP.PLANDTE,
ORDERDTE:vars.MAP.ORDERDTE,
EXCP_CLASS:vars.MAP.EXCP_CLASS,
EXCP_REASONCODE:vars.MAP.EXCP_REASONCODE,
RNK#:vars.MAP.RNK#,
SVCTIME:vars.MAP.SVCTIME,
STATUS:vars.MAP.STATUS,
SVC_LINE_ID:vars.MAP.SVC_LINE_ID,
SVCCD:vars.MAP.SVCCD,
TKTNUM:vars.MAP.TKTNUM,
TKTTYPE:vars.MAP.TKTTYPE,
RTE:vars.MAP.RTE,
PLANDTE:vars.MAP.PLANDTE,
ORDERDTE:vars.MAP.ORDERDTE,
EXCP_CLASS:vars.MAP.EXCP_CLASS,
EXCP_REASONCODE:vars.MAP.EXCP_REASONCODE,
RNK#:vars.MAP.RNK#,
SVCTIME:vars.MAP.SVCTIME,
STATUS:vars.MAP.STATUS,
"TicketList": {
  "services": {
    "id": payload."cases.Ticket.ticketLineItem.ticketLineID.ticketID"
  }
},
"OCSUniqueId": vars.MAP."OCSUniqueId",
"MASTicketUpdateDTM": vars.MAP."MASTicketUpdateDTM",
"TicketStatus": vars.MAP."TicketStatus",
"MASTicketNumber": vars.MAP."MASTicketNumber",
"TicketType": vars.MAP."TicketType",
"cases": {
  "Ticket": {
    "ticketLineItem": {
      "ticketLineID": {
        "ticketID": payload."cases.Ticket.ticketLineItem.ticketLineID.ticketID"
      }
    }
  }
}
}
]]></ee:set-variable>
			</ee:variables>
		</ee:transform>
    
                                                            </try>
                                                        </when>
                                                        <when expression="%Cases:cases/Ticket:Ticket/Ticket:ticketLineItem/Ticket:ticketLineID/Ticket:idSourceCd%==&quot;MAS&quot; &amp;&amp; %Cases:cases/Ticket:Ticket/Ticket:ticketLineItem/Ticket:ticketLineID/Ticket:idTypeCd%==&quot;ID&quot;">
                                                            <try doc:name="SEQUENCE">
                                                                
<ee:transform doc:name="MAP" doc:id="0af093a1-f36b-4a65-9f3f-7a904ab46e8b" >
			<ee:message >
			</ee:message>
			<ee:variables>
				<ee:set-variable variableName="MAP" ><![CDATA[%dw 2.0
output application/json
---
	{SVC_LINE_ID:vars.MAP.SVC_LINE_ID,
SVCCD:vars.MAP.SVCCD,
TKTNUM:vars.MAP.TKTNUM,
TKTTYPE:vars.MAP.TKTTYPE,
RTE:vars.MAP.RTE,
PLANDTE:vars.MAP.PLANDTE,
ORDERDTE:vars.MAP.ORDERDTE,
EXCP_CLASS:vars.MAP.EXCP_CLASS,
EXCP_REASONCODE:vars.MAP.EXCP_REASONCODE,
RNK#:vars.MAP.RNK#,
SVCTIME:vars.MAP.SVCTIME,
STATUS:vars.MAP.STATUS,
SVC_LINE_ID:vars.MAP.SVC_LINE_ID,
SVCCD:vars.MAP.SVCCD,
TKTNUM:vars.MAP.TKTNUM,
TKTTYPE:vars.MAP.TKTTYPE,
RTE:vars.MAP.RTE,
PLANDTE:vars.MAP.PLANDTE,
ORDERDTE:vars.MAP.ORDERDTE,
EXCP_CLASS:vars.MAP.EXCP_CLASS,
EXCP_REASONCODE:vars.MAP.EXCP_REASONCODE,
RNK#:vars.MAP.RNK#,
SVCTIME:vars.MAP.SVCTIME,
STATUS:vars.MAP.STATUS,
"TicketList": {
  "services": {
    "servicekey": payload."cases.Ticket.ticketLineItem.ticketLineID.ticketID"
  }
},
"OCSUniqueId": vars.MAP."OCSUniqueId",
"MASTicketUpdateDTM": vars.MAP."MASTicketUpdateDTM",
"TicketStatus": vars.MAP."TicketStatus",
"MASTicketNumber": vars.MAP."MASTicketNumber",
"TicketType": vars.MAP."TicketType",
"cases": {
  "Ticket": {
    "ticketLineItem": {
      "ticketLineID": {
        "ticketID": vars.MAP."cases.Ticket.ticketLineItem.ticketLineID.ticketID"
      }
    }
  }
}
}
]]></ee:set-variable>
			</ee:variables>
		</ee:transform>
    
                                                            </try>
                                                        </when>
                                                    </choice>
                                                </foreach>
                                                <set-payload doc:id="yzrfsvlq-eadc-40b9-98cc-268d14076da0" doc:name="Set Payload" name="set_payload" value="#[payload]"/>
                                                <foreach collection="#[payload]" doc:id="ytmjgxko-eadc-40b9-98cc-268d14076da0" doc:name="LOOP" name="LOOP">
                                                    <choice doc:name="BRANCH">
                                                        <when expression="% /Cases:cases/Ticket:Ticket/Ticket:ticketLineItem/Ticket:ticketLineQtys/Ticket:qtyTypeCd% = ActualQty">
                                                            
<ee:transform doc:name="MAP" doc:id="0af093a1-f36b-4a65-9f3f-7a904ab46e8b" >
			<ee:message >
			</ee:message>
			<ee:variables>
				<ee:set-variable variableName="MAP" ><![CDATA[%dw 2.0
output application/json
---
	{SVC_LINE_ID:vars.MAP.SVC_LINE_ID,
SVCCD:vars.MAP.SVCCD,
TKTNUM:vars.MAP.TKTNUM,
TKTTYPE:vars.MAP.TKTTYPE,
RTE:vars.MAP.RTE,
PLANDTE:vars.MAP.PLANDTE,
ORDERDTE:vars.MAP.ORDERDTE,
EXCP_CLASS:vars.MAP.EXCP_CLASS,
EXCP_REASONCODE:vars.MAP.EXCP_REASONCODE,
RNK#:vars.MAP.RNK#,
SVCTIME:vars.MAP.SVCTIME,
STATUS:vars.MAP.STATUS,
SVC_LINE_ID:vars.MAP.SVC_LINE_ID,
SVCCD:vars.MAP.SVCCD,
TKTNUM:vars.MAP.TKTNUM,
TKTTYPE:vars.MAP.TKTTYPE,
RTE:vars.MAP.RTE,
PLANDTE:vars.MAP.PLANDTE,
ORDERDTE:vars.MAP.ORDERDTE,
EXCP_CLASS:vars.MAP.EXCP_CLASS,
EXCP_REASONCODE:vars.MAP.EXCP_REASONCODE,
RNK#:vars.MAP.RNK#,
SVCTIME:vars.MAP.SVCTIME,
STATUS:vars.MAP.STATUS,
"TicketList": {
  "services": {
    "actualqty": payload."cases.Ticket.ticketLineItem.ticketLineQtys.ticketQty",
    "uom": payload."cases.Ticket.ticketLineItem.ticketLineQtys.uom"
  }
},
"OCSUniqueId": vars.MAP."OCSUniqueId",
"MASTicketUpdateDTM": vars.MAP."MASTicketUpdateDTM",
"TicketStatus": vars.MAP."TicketStatus",
"MASTicketNumber": vars.MAP."MASTicketNumber",
"TicketType": vars.MAP."TicketType",
"cases": {
  "Ticket": {
    "ticketLineItem": {
      "ticketLineQtys": {
        "ticketQty": payload."cases.Ticket.ticketLineItem.ticketLineQtys.ticketQty",
        "uom": payload."cases.Ticket.ticketLineItem.ticketLineQtys.uom"
      }
    }
  }
}
}
]]></ee:set-variable>
			</ee:variables>
		</ee:transform>
    
                                                        </when>
                                                    </choice>
                                                </foreach>
                                            </foreach>
                                            <logger doc:id="sswggpqw-eadc-40b9-98cc-268d14076da0" doc:name="pub.list:appendToDocumentList" level="INFO"/>
                                        </try>
                                    </when>
                                    <otherwise>
                                        <try doc:name="SEQUENCE"/>
                                    </otherwise>
                                </choice>
                            </foreach>
                        </foreach>
                    </try>
                    
<ee:transform doc:name="MAP" doc:id="0af093a1-f36b-4a65-9f3f-7a904ab46e8b" >
			<ee:message >
			</ee:message>
			<ee:variables>
				<ee:set-variable variableName="MAP" ><![CDATA[%dw 2.0
output application/json
---
	{"configFileName": payload."configFileName",
"OCSUniqueId": vars.MAP."OCSUniqueId",
"MASTicketUpdateDTM": vars.MAP."MASTicketUpdateDTM",
"TicketStatus": vars.MAP."TicketStatus"
}
]]></ee:set-variable>
			</ee:variables>
		</ee:transform>
    
                </foreach>
                
<ee:transform doc:name="MAP" doc:id="0af093a1-f36b-4a65-9f3f-7a904ab46e8b" >
			<ee:message >
			</ee:message>
			<ee:variables>
				<ee:set-variable variableName="MAP" ><![CDATA[%dw 2.0
output application/json
---
	{"configFileName": vars.MAP."configFileName",
"Closed": vars.MAP."Closed",
"New": vars.MAP."New",
"Creating": vars.MAP."Creating",
"Void": vars.MAP."Void"
}
]]></ee:set-variable>
			</ee:variables>
		</ee:transform>
    
            </try>
            <try doc:name="SEQUENCE">
                <logger doc:id="sgqmnrbo-eadc-40b9-98cc-268d14076da0" doc:name="pub.flow:getLastError" level="INFO"/>
                <logger doc:id="uhwwvols-eadc-40b9-98cc-268d14076da0" doc:name="wm_errorhandling.utils:getCallingService" level="INFO"/>
                <logger doc:id="qnitcbvq-eadc-40b9-98cc-268d14076da0" doc:name="wm_errorhandling.svcs.flowsvcs:createErrorMsg_FW1" level="INFO"/>
                <logger doc:id="jfvvqhta-eadc-40b9-98cc-268d14076da0" doc:name="EXIT" level="INFO"/>
            </try>
        </try>
    </flow>
</mule>
