<?xml version="1.0" encoding="UTF-8"?><mule xmlns="http://www.mulesoft.org/schema/mule/core" xmlns:db="http://www.mulesoft.org/schema/mule/db" xmlns:doc="http://www.mulesoft.org/schema/mule/documentation" xmlns:ee="http://www.mulesoft.org/schema/mule/ee/core" xmlns:xsi="http://www.w3.org/2001/XMLSchema-instance" xsi:schemaLocation="http://www.mulesoft.org/schema/mule/core http://www.mulesoft.org/schema/mule/core/current/mule.xsd http://www.mulesoft.org/schema/mule/ee/core http://www.mulesoft.org/schema/mule/ee/core/current/mule-ee.xsd http://www.mulesoft.org/schema/mule/db http://www.mulesoft.org/schema/mule/db/current/mule-db.xsd">
    <flow doc:id="ojjytiot-eadc-40b9-98cc-268d14076da0" name="wm_ocs-svcs-inbound-flowsvcs-mapPlanServicesForNoCache">
        <try doc:name="SEQUENCE">
            <try doc:name="SEQUENCE">
                
<ee:transform doc:name="MAP" doc:id="0af093a1-f36b-4a65-9f3f-7a904ab46e8b" >
			<ee:message >
			</ee:message>
			<ee:variables>
				<ee:set-variable variableName="MAP" ><![CDATA[%dw 2.0
output application/json
var value_1 = "call wm_common.config:getCustParam with args:name=''' ++ vars.MAP.EsbMsgHeader:msgHeader.EsbMsgHeader:source.EsbMsgHeader:msgSourceCd ++ '_jdbcalias_' ++ vars.MAP.type ++ '_' ++ vars.MAP.EsbMsgHeader:msgHeader.EsbMsgHeader:source.EsbMsgHeader:requestedEnv '',"

---
	{"jdbcConnName": value_1,
"configFileName": payload."configFileName",
"customer_id": payload."customer_id",
"Cache-Control": payload."Cache-Control",
"If-Modified-Since": payload."If-Modified-Since",
"Accept": payload."Accept",
"fields": payload."fields",
"type": payload."type",
"pathHeader": payload."pathHeader",
"limit": payload."limit",
"offset": payload."offset"
}
]]></ee:set-variable>
			</ee:variables>
		</ee:transform>
    
                <choice doc:name="BRANCH">
                    <when expression="%offset%!=$null &amp;&amp; %limit%!=$null &amp;&amp; %offset%!=&quot;&quot; &amp;&amp; %limit% !=&quot;&quot;">
                        <try doc:name="SEQUENCE">
                            
<ee:transform doc:name="MAP" doc:id="0af093a1-f36b-4a65-9f3f-7a904ab46e8b" >
			<ee:message >
			</ee:message>
			<ee:variables>
				<ee:set-variable variableName="MAP" ><![CDATA[%dw 2.0
output application/json
---
	{"metadata": {
  "limit": payload."limit",
  "offset": payload."offset"
},
"configFileName": vars.MAP."configFileName",
"customer_id": vars.MAP."customer_id",
"Cache-Control": vars.MAP."Cache-Control",
"If-Modified-Since": vars.MAP."If-Modified-Since",
"Accept": vars.MAP."Accept",
"fields": vars.MAP."fields",
"type": vars.MAP."type",
"pathHeader": vars.MAP."pathHeader",
"limit": vars.MAP."limit",
"offset": vars.MAP."offset",
"jdbcConnName": vars.MAP."jdbcConnName"
}
]]></ee:set-variable>
			</ee:variables>
		</ee:transform>
    
                            
<ee:transform doc:name="MAP" doc:id="0af093a1-f36b-4a65-9f3f-7a904ab46e8b" >
			<ee:message >
			</ee:message>
			<ee:variables>
				<ee:set-variable variableName="MAP" ><![CDATA[%dw 2.0
output application/json
var value_1 = "call pub.math:addInts with args:"

---
	{"limit": value_1,
"cacheManagerName": payload."cacheManagerName",
"jsonString": payload."jsonString",
"cacheName": payload."cacheName",
"customerUnqID": payload."customerUnqID",
"offset": vars.MAP."offset",
"fields": vars.MAP."fields",
"cachekey": payload."cachekey",
"connection_ocs": payload."connection_ocs",
"configFileName": vars.MAP."configFileName",
"customer_id": vars.MAP."customer_id",
"Cache-Control": vars.MAP."Cache-Control",
"If-Modified-Since": vars.MAP."If-Modified-Since",
"Accept": vars.MAP."Accept",
"customerId": payload."customerId",
"type": vars.MAP."type",
"jdbcConnName": vars.MAP."jdbcConnName",
"pathHeader": vars.MAP."pathHeader"
}
]]></ee:set-variable>
			</ee:variables>
		</ee:transform>
    
                        </try>
                    </when>
                </choice>
                <choice doc:name="BRANCH">
                    <when expression="% /fields% = /[^ ]/">
                        <try doc:name="SEQUENCE">
                            <choice doc:name="BRANCH">
                                <when expression="% /limit% = /[^ ]/">
                                    <try doc:name="SEQUENCE">
                                        <db:execute-ddl config-ref="wm_ocs.conn:JDBC_CONN_OCSD_CAAG_USER" doc:id="xbgviokm-eadc-40b9-98cc-268d14076da0" doc:name="wm_ocs.svcs.inbound.adptrsvcs:getPlanServices_range" target="wm_ocs.svcs.inbound.adptrsvcs:getplanservices_range">
                                            <db:sql>SELECT ${field}&#13;
    FROM (SELECT NVL(UNIQUEID,'--') UNIQUEID,&#13;
         NVL(PLANDTE,'--') PLANDTE,&#13;
         NVL(ORDERDTE,'--') ORDERDTE,&#13;
         NVL(LOB,'--') LOB,&#13;
         NVL(ROUTE_ID,'--') ROUTE_ID,&#13;
         DECODE(RTE_PKEYID,NULL,'--',RTE_PKEYID) RTE_PKEYID,&#13;
         NVL(STATUS,'--') STATUS,&#13;
         NVL(SVC_LINE_ID,'--') SVC_LINE_ID,&#13;
         NVL(svccd,'--') svccd,&#13;
     TIMEZONE&#13;
    FROM (SELECT t.customer.UNIQUEID UNIQUEID,&#13;
                 TO_CHAR (t.plandate, 'MM/DD/YYYY') PLANDTE,&#13;
                 TO_CHAR (t.routeorder.orderdate, 'MM/DD/YYYY') ORDERDTE,&#13;
                 T.LOB.name LOB,&#13;
                 t.routeorder.route.id ROUTE_ID,&#13;
                 t.routeorder.pkey RTE_PKEYID,&#13;
                 NVL (DECODE &#13;
                 ((CASE&#13;
                 WHEN T.CANCELED = 'X' THEN 'CANCELED'&#13;
                 WHEN T.CLOSED = 'X' THEN 'CLOSED'&#13;
                 ELSE R.STATUS.ACTIVE.CODE&#13;
                 END),&#13;
                'CONFIRMEDPOS', 'Confirmed Positive',&#13;
                'CONFIRMEDNEG', 'Confirmed Negative',&#13;
                'CONFIRMEDINC', 'Confirmed Incomplete',&#13;
                'WORKING', 'In Progress',&#13;
                'REJECTED', 'Rejected',&#13;
                'CLOSED', 'Closed',&#13;
                'CANCELED', 'Suspended/Cancelled',&#13;
                'In Progress', 'In Progress','Planned'&#13;
                ),'--') STATUS,&#13;
                 s.id SVC_LINE_ID,    &#13;
                 s.code svccd,&#13;
         t.site.TIMEZONE TIMEZONE,&#13;
                 ROW_NUMBER () OVER (ORDER BY r.status.active.created DESC) rn&#13;
            FROM ocs_admin.vp_customerorder t&#13;
                 LEFT OUTER JOIN ocs_admin.vp_co_workstatus R&#13;
                    ON REF (t) = r.customerorder&#13;
                 INNER JOIN ocs_admin.vp_customerservice s&#13;
                    ON REF (t) = s.customerorder&#13;
           WHERE     t.routeorder.orderdate &gt;= TRUNC(SYSDATE) and t.assigned = 'X'&#13;
                 AND EXISTS&#13;
                        (SELECT 1&#13;
                           FROM OCS_ADMIN.VP_CUSTOMER VC&#13;
                          WHERE     VC.PKEY = T.CUSTOMER.PKEY&#13;
                                AND VC.UNIQUEID =?)&#13;
            ORDER BY t.routeorder.orderdate)&#13;
   WHERE rn BETWEEN ? AND ?);</db:sql>
                                        </db:execute-ddl>
                                        <set-payload doc:id="uznjacrw-eadc-40b9-98cc-268d14076da0" doc:name="Set Payload" name="set_payload" value="#[payload]"/>
                                        <foreach collection="#[payload]" doc:id="nvhagswc-eadc-40b9-98cc-268d14076da0" doc:name="LOOP" name="LOOP">
                                            
<ee:transform doc:name="MAP" doc:id="0af093a1-f36b-4a65-9f3f-7a904ab46e8b" >
			<ee:message >
			</ee:message>
			<ee:variables>
				<ee:set-variable variableName="MAP" ><![CDATA[%dw 2.0
output application/json
var result_1 = "call pub.string:objectToString with args:"
var outString_2 = "call wm_ocs.utils:CheckForTheFieldExistence with args:"

---
	{"services": {
  "operations": {
    "route_order_number": outString_2,
    "route_id": payload."services.operations.route_id"
  },
  "id": payload."services.id",
  "wm_metadata": {
    "service_code": payload."services.wm_metadata.service_code",
    "site_timezone": payload."services.wm_metadata.site_timezone"
  },
  "ticket_number": payload."services.ticket_number",
  "ticket_type": payload."services.ticket_type",
  "ticket_load_type": payload."services.ticket_load_type",
  "planned_date": payload."services.planned_date",
  "ordered_date": payload."services.ordered_date",
  "exception_class": payload."services.exception_class",
  "service_time": payload."services.service_time",
  "status": payload."services.status",
  "line_of_business": payload."services.line_of_business",
  "exception_reason_code": payload."services.exception_reason_code"
},
"configFileName": vars."wm_ocs-svcs-inbound-adptrsvcs-getPlanServices_range"."configFileName",
"count": vars."wm_ocs-svcs-inbound-adptrsvcs-getPlanServices_range"."count",
"customer_id": vars."wm_ocs-svcs-inbound-adptrsvcs-getPlanServices_range"."customer_id",
"Cache-Control": vars."wm_ocs-svcs-inbound-adptrsvcs-getPlanServices_range"."Cache-Control",
"If-Modified-Since": vars."wm_ocs-svcs-inbound-adptrsvcs-getPlanServices_range"."If-Modified-Since",
"Accept": vars."wm_ocs-svcs-inbound-adptrsvcs-getPlanServices_range"."Accept",
"fields": vars."wm_ocs-svcs-inbound-adptrsvcs-getPlanServices_range"."fields",
"type": vars."wm_ocs-svcs-inbound-adptrsvcs-getPlanServices_range"."type",
"pathHeader": vars."wm_ocs-svcs-inbound-adptrsvcs-getPlanServices_range"."pathHeader",
"limit": vars."wm_ocs-svcs-inbound-adptrsvcs-getPlanServices_range"."limit",
"offset": vars."wm_ocs-svcs-inbound-adptrsvcs-getPlanServices_range"."offset",
"jdbcConnName": vars."wm_ocs-svcs-inbound-adptrsvcs-getPlanServices_range"."jdbcConnName",
"SVC_LINE_ID": vars."wm_ocs-svcs-inbound-adptrsvcs-getPlanServices_range"."SVC_LINE_ID",
"SVCCD": vars."wm_ocs-svcs-inbound-adptrsvcs-getPlanServices_range"."SVCCD",
"TKTNUM": vars."wm_ocs-svcs-inbound-adptrsvcs-getPlanServices_range"."TKTNUM",
"TKTTYPE": vars."wm_ocs-svcs-inbound-adptrsvcs-getPlanServices_range"."TKTTYPE",
"TICKET_LOAD_TYPE": vars."wm_ocs-svcs-inbound-adptrsvcs-getPlanServices_range"."TICKET_LOAD_TYPE",
"ROUTE_ID": vars."wm_ocs-svcs-inbound-adptrsvcs-getPlanServices_range"."ROUTE_ID",
"PLANDTE": vars."wm_ocs-svcs-inbound-adptrsvcs-getPlanServices_range"."PLANDTE",
"ORDERDTE": vars."wm_ocs-svcs-inbound-adptrsvcs-getPlanServices_range"."ORDERDTE",
"EXCP_CD": vars."wm_ocs-svcs-inbound-adptrsvcs-getPlanServices_range"."EXCP_CD",
"EXCP_CLASS": vars."wm_ocs-svcs-inbound-adptrsvcs-getPlanServices_range"."EXCP_CLASS",
"SVCTIME": vars."wm_ocs-svcs-inbound-adptrsvcs-getPlanServices_range"."SVCTIME",
"STATUS": vars."wm_ocs-svcs-inbound-adptrsvcs-getPlanServices_range"."STATUS",
"RTE_PKEYID": vars."wm_ocs-svcs-inbound-adptrsvcs-getPlanServices_range"."RTE_PKEYID",
"CUST_ORDER_PKEY": vars."wm_ocs-svcs-inbound-adptrsvcs-getPlanServices_range"."CUST_ORDER_PKEY",
"CUST_SVC_PKEY": vars."wm_ocs-svcs-inbound-adptrsvcs-getPlanServices_range"."CUST_SVC_PKEY",
"LOB": vars."wm_ocs-svcs-inbound-adptrsvcs-getPlanServices_range"."LOB",
"TIMEZONE": vars."wm_ocs-svcs-inbound-adptrsvcs-getPlanServices_range"."TIMEZONE",
"servicesTemp": {
  "SVC_LINE_ID": payload."servicesTemp.SVC_LINE_ID",
  "SVCCD": payload."servicesTemp.SVCCD",
  "TKTNUM": payload."servicesTemp.TKTNUM",
  "TKTTYPE": payload."servicesTemp.TKTTYPE",
  "TICKET_LOAD_TYPE": payload."servicesTemp.TICKET_LOAD_TYPE",
  "PLANDTE": payload."servicesTemp.PLANDTE",
  "ORDERDTE": payload."servicesTemp.ORDERDTE",
  "EXCP_CLASS": payload."servicesTemp.EXCP_CLASS",
  "SVCTIME": payload."servicesTemp.SVCTIME",
  "STATUS": payload."servicesTemp.STATUS",
  "LOB": payload."servicesTemp.LOB",
  "ROUTE_ID": payload."servicesTemp.ROUTE_ID",
  "TIMEZONE": payload."servicesTemp.TIMEZONE",
  "EXCP_CD": payload."servicesTemp.EXCP_CD"
}
}
]]></ee:set-variable>
			</ee:variables>
		</ee:transform>
    
                                        </foreach>
                                    </try>
                                </when>
                                <otherwise>
                                    <try doc:name="SEQUENCE">
                                        <db:select config-ref="wm_ocs.conn:JDBC_CONN_OCSD_CAAG_USER" doc:id="fuoqildf-eadc-40b9-98cc-268d14076da0" doc:name="wm_ocs.svcs.inbound.adptrsvcs:getPlanServices" target="wm_ocs.svcs.inbound.adptrsvcs:getplanservices">
                                            <db:sql>SELECT ${field}&#13;
  FROM (SELECT UNIQUEID,&#13;
                 PLANDTE,&#13;
                 ORDERDTE,&#13;
                 LOB,&#13;
                 ROUTE_ID,&#13;
                 RTE_PKEYID,&#13;
                 TKTNUM,&#13;
                 TKTTYPE,&#13;
                 TICKET_LOAD_TYPE,&#13;
       NVL (&#13;
                    CASE&#13;
                                         WHEN COUNT ( DISTINCT TP.TEXT) &gt; 1&#13;
                                         THEN&#13;
                                            'Multiple Exceptions'&#13;
                                         WHEN COUNT (DISTINCT TP.TEXT) =  1&#13;
                                         THEN&#13;
                                            MIN (TP.TEXT)&#13;
                                         ELSE&#13;
                                            NULL&#13;
                    END,&#13;
                            '--')&#13;
                            EXCP_CD,&#13;
                 STATUS,&#13;
                 SVC_LINE_ID,&#13;
                SVCCD,&#13;
                 TIMEZONE&#13;
            FROM (SELECT NVL (vc.UNIQUEID, '--') UNIQUEID,&#13;
                         NVL (TO_CHAR (t.plandate, 'MM/DD/YYYY'), '--') PLANDTE,&#13;
                         NVL (TO_CHAR (t.routeorder.orderdate, 'MM/DD/YYYY'),&#13;
                              '--')&#13;
                            ORDERDTE,&#13;
                         NVL (T.LOB.name, '--') LOB,&#13;
                         NVL (t.routeorder.route.id, '--') ROUTE_ID,&#13;
                         DECODE (t.routeorder.pkey,&#13;
                                 NULL, '--',&#13;
                                 t.routeorder.pkey)&#13;
                            RTE_PKEYID,&#13;
                         DECODE (t.ticketnumber, NULL, '--', t.ticketnumber)&#13;
                            TKTNUM,&#13;
                         NVL (t.reasoncode, '--') TKTTYPE,&#13;
                         NVL (t.ticketloadtype.uniqueid, '--') TICKET_LOAD_TYPE,&#13;
                         NVL (DECODE &#13;
                        (&#13;
                            (CASE&#13;
                            WHEN T.CANCELED = 'X' THEN 'CANCELED'&#13;
                            WHEN T.CLOSED = 'X' THEN 'CLOSED'&#13;
                            ELSE NVL (CS.CONFIRMATIONSTATUS,R.STATUS.ACTIVE.CODE)&#13;
                            END),&#13;
                            'CONFIRMEDPOS', 'Confirmed Positive',&#13;
                            'CONFIRMEDNEG', 'Confirmed Negative',&#13;
                            'CONFIRMEDINC', 'Confirmed Incomplete',&#13;
                            'WORKING', 'In Progress',&#13;
                            'REJECTED', 'Rejected',&#13;
                            'CLOSED', 'Closed',&#13;
                            'CANCELED', 'Suspended/Cancelled',&#13;
                            'In Progress', 'In Progress','Planned'&#13;
                        ),'--') STATUS,&#13;
    NVL( s.id,'--') SVC_LINE_ID,   &#13;
                         NVL (s.code, '--') svccd,&#13;
                         t.pkey CUST_ORDER_PKEY,&#13;
                         s.pkey CUST_SVC_PKEY&#13;
                         ,vc.site.TIMEZONE TIMEZONE&#13;
                    FROM ocs_admin.vp_customer vc&#13;
                         INNER JOIN ocs_admin.vp_customerorder t&#13;
                            ON t.customer = ref (vc)&#13;
                         LEFT OUTER JOIN ocs_admin.vp_co_workstatus R&#13;
                            ON ref(t) = r.customerorder&#13;
                         INNER JOIN ocs_admin.tn_customerservice s&#13;
                           ON t.pkey = s.fk_customerorder&#13;
                         LEFT OUTER JOIN&#13;
                         ocs_admin.tp_cs_result cs&#13;
                            ON     cs.fk_customerservice = s.pkey&#13;
                               AND cs.fk_vehicle IS NOT NULL&#13;
WHERE     t.routeorder.orderdate &gt;= TRUNC(SYSDATE) and t.assigned = 'X'&#13;
                         AND VC.UNIQUEID = ?) t&#13;
                 LEFT OUTER JOIN&#13;
                 ocs_admin.tp_co_haulcall o&#13;
                    ON     CUST_ORDER_PKEY = o.fk_customerorder&#13;
                       AND (o.fk_customerservice is null or CUST_SVC_PKEY = o.fk_customerservice)&#13;
                       AND o.fk_vehicle IS NOT NULL&#13;
                 LEFT OUTER JOIN ocs_admin.tp_template tp&#13;
                    ON tp.pkey = o.fk_haulcall&#13;
        GROUP BY CUST_ORDER_PKEY,&#13;
                 UNIQUEID,&#13;
                 PLANDTE,&#13;
                 ORDERDTE,&#13;
                 LOB,&#13;
                 ROUTE_ID,&#13;
                 RTE_PKEYID,&#13;
                 TKTNUM,&#13;
                 TKTTYPE,&#13;
                 TICKET_LOAD_TYPE,&#13;
                 STATUS,&#13;
                 SVC_LINE_ID,&#13;
                 SVCCD,&#13;
                 TIMEZONE&#13;
        ORDER BY ORDERDTE)</db:sql>
                                        </db:select>
                                        <set-payload doc:id="agyjgfrp-eadc-40b9-98cc-268d14076da0" doc:name="Set Payload" name="set_payload" value="#[payload]"/>
                                        <foreach collection="#[payload]" doc:id="qsnbtlgl-eadc-40b9-98cc-268d14076da0" doc:name="LOOP" name="LOOP">
                                            
<ee:transform doc:name="MAP" doc:id="0af093a1-f36b-4a65-9f3f-7a904ab46e8b" >
			<ee:message >
			</ee:message>
			<ee:variables>
				<ee:set-variable variableName="MAP" ><![CDATA[%dw 2.0
output application/json
var result_1 = "call pub.string:objectToString with args:"
var outString_2 = "call wm_ocs.utils:CheckForTheFieldExistence with args:"

---
	{"services": {
  "operations": {
    "route_order_number": outString_2,
    "route_id": vars."wm_ocs-svcs-inbound-adptrsvcs-getPlanServices"."services.operations.route_id"
  },
  "id": vars."wm_ocs-svcs-inbound-adptrsvcs-getPlanServices"."services.id",
  "wm_metadata": {
    "service_code": vars."wm_ocs-svcs-inbound-adptrsvcs-getPlanServices"."services.wm_metadata.service_code",
    "site_timezone": vars."wm_ocs-svcs-inbound-adptrsvcs-getPlanServices"."services.wm_metadata.site_timezone"
  },
  "ticket_number": vars."wm_ocs-svcs-inbound-adptrsvcs-getPlanServices"."services.ticket_number",
  "ticket_type": vars."wm_ocs-svcs-inbound-adptrsvcs-getPlanServices"."services.ticket_type",
  "ticket_load_type": vars."wm_ocs-svcs-inbound-adptrsvcs-getPlanServices"."services.ticket_load_type",
  "planned_date": vars."wm_ocs-svcs-inbound-adptrsvcs-getPlanServices"."services.planned_date",
  "ordered_date": vars."wm_ocs-svcs-inbound-adptrsvcs-getPlanServices"."services.ordered_date",
  "exception_class": vars."wm_ocs-svcs-inbound-adptrsvcs-getPlanServices"."services.exception_class",
  "service_time": vars."wm_ocs-svcs-inbound-adptrsvcs-getPlanServices"."services.service_time",
  "status": vars."wm_ocs-svcs-inbound-adptrsvcs-getPlanServices"."services.status",
  "line_of_business": vars."wm_ocs-svcs-inbound-adptrsvcs-getPlanServices"."services.line_of_business",
  "exception_reason_code": vars."wm_ocs-svcs-inbound-adptrsvcs-getPlanServices"."services.exception_reason_code"
},
"configFileName": vars."wm_ocs-svcs-inbound-adptrsvcs-getPlanServices"."configFileName",
"count": vars."wm_ocs-svcs-inbound-adptrsvcs-getPlanServices"."count",
"customer_id": vars."wm_ocs-svcs-inbound-adptrsvcs-getPlanServices"."customer_id",
"Cache-Control": vars."wm_ocs-svcs-inbound-adptrsvcs-getPlanServices"."Cache-Control",
"If-Modified-Since": vars."wm_ocs-svcs-inbound-adptrsvcs-getPlanServices"."If-Modified-Since",
"Accept": vars."wm_ocs-svcs-inbound-adptrsvcs-getPlanServices"."Accept",
"fields": vars."wm_ocs-svcs-inbound-adptrsvcs-getPlanServices"."fields",
"type": vars."wm_ocs-svcs-inbound-adptrsvcs-getPlanServices"."type",
"pathHeader": vars."wm_ocs-svcs-inbound-adptrsvcs-getPlanServices"."pathHeader",
"limit": vars."wm_ocs-svcs-inbound-adptrsvcs-getPlanServices"."limit",
"offset": vars."wm_ocs-svcs-inbound-adptrsvcs-getPlanServices"."offset",
"jdbcConnName": vars."wm_ocs-svcs-inbound-adptrsvcs-getPlanServices"."jdbcConnName",
"SVC_LINE_ID": vars."wm_ocs-svcs-inbound-adptrsvcs-getPlanServices"."SVC_LINE_ID",
"SVCCD": vars."wm_ocs-svcs-inbound-adptrsvcs-getPlanServices"."SVCCD",
"TKTNUM": vars."wm_ocs-svcs-inbound-adptrsvcs-getPlanServices"."TKTNUM",
"TKTTYPE": vars."wm_ocs-svcs-inbound-adptrsvcs-getPlanServices"."TKTTYPE",
"TICKET_LOAD_TYPE": vars."wm_ocs-svcs-inbound-adptrsvcs-getPlanServices"."TICKET_LOAD_TYPE",
"ROUTE_ID": vars."wm_ocs-svcs-inbound-adptrsvcs-getPlanServices"."ROUTE_ID",
"PLANDTE": vars."wm_ocs-svcs-inbound-adptrsvcs-getPlanServices"."PLANDTE",
"ORDERDTE": vars."wm_ocs-svcs-inbound-adptrsvcs-getPlanServices"."ORDERDTE",
"EXCP_CD": vars."wm_ocs-svcs-inbound-adptrsvcs-getPlanServices"."EXCP_CD",
"EXCP_CLASS": vars."wm_ocs-svcs-inbound-adptrsvcs-getPlanServices"."EXCP_CLASS",
"SVCTIME": vars."wm_ocs-svcs-inbound-adptrsvcs-getPlanServices"."SVCTIME",
"STATUS": vars."wm_ocs-svcs-inbound-adptrsvcs-getPlanServices"."STATUS",
"RTE_PKEYID": vars."wm_ocs-svcs-inbound-adptrsvcs-getPlanServices"."RTE_PKEYID",
"CUST_ORDER_PKEY": vars."wm_ocs-svcs-inbound-adptrsvcs-getPlanServices"."CUST_ORDER_PKEY",
"CUST_SVC_PKEY": vars."wm_ocs-svcs-inbound-adptrsvcs-getPlanServices"."CUST_SVC_PKEY",
"LOB": vars."wm_ocs-svcs-inbound-adptrsvcs-getPlanServices"."LOB",
"TIMEZONE": vars."wm_ocs-svcs-inbound-adptrsvcs-getPlanServices"."TIMEZONE",
"servicesTemp": {
  "SVC_LINE_ID": vars."wm_ocs-svcs-inbound-adptrsvcs-getPlanServices"."servicesTemp.SVC_LINE_ID",
  "SVCCD": vars."wm_ocs-svcs-inbound-adptrsvcs-getPlanServices"."servicesTemp.SVCCD",
  "TKTNUM": vars."wm_ocs-svcs-inbound-adptrsvcs-getPlanServices"."servicesTemp.TKTNUM",
  "TKTTYPE": vars."wm_ocs-svcs-inbound-adptrsvcs-getPlanServices"."servicesTemp.TKTTYPE",
  "TICKET_LOAD_TYPE": vars."wm_ocs-svcs-inbound-adptrsvcs-getPlanServices"."servicesTemp.TICKET_LOAD_TYPE",
  "PLANDTE": vars."wm_ocs-svcs-inbound-adptrsvcs-getPlanServices"."servicesTemp.PLANDTE",
  "ORDERDTE": vars."wm_ocs-svcs-inbound-adptrsvcs-getPlanServices"."servicesTemp.ORDERDTE",
  "EXCP_CLASS": vars."wm_ocs-svcs-inbound-adptrsvcs-getPlanServices"."servicesTemp.EXCP_CLASS",
  "SVCTIME": vars."wm_ocs-svcs-inbound-adptrsvcs-getPlanServices"."servicesTemp.SVCTIME",
  "STATUS": vars."wm_ocs-svcs-inbound-adptrsvcs-getPlanServices"."servicesTemp.STATUS",
  "LOB": vars."wm_ocs-svcs-inbound-adptrsvcs-getPlanServices"."servicesTemp.LOB",
  "ROUTE_ID": vars."wm_ocs-svcs-inbound-adptrsvcs-getPlanServices"."servicesTemp.ROUTE_ID",
  "TIMEZONE": vars."wm_ocs-svcs-inbound-adptrsvcs-getPlanServices"."servicesTemp.TIMEZONE",
  "EXCP_CD": vars."wm_ocs-svcs-inbound-adptrsvcs-getPlanServices"."servicesTemp.EXCP_CD"
}
}
]]></ee:set-variable>
			</ee:variables>
		</ee:transform>
    
                                        </foreach>
                                    </try>
                                </otherwise>
                            </choice>
                        </try>
                    </when>
                    <otherwise>
                        <try doc:name="SEQUENCE">
                            <choice doc:name="BRANCH">
                                <when expression="% /limit% = /[^ ]/">
                                    <try doc:name="SEQUENCE">
                                        <db:execute-ddl config-ref="wm_ocs.conn:JDBC_CONN_OCSD_CAAG_USER" doc:id="cvizqedi-eadc-40b9-98cc-268d14076da0" doc:name="wm_ocs.svcs.inbound.adptrsvcs:getPlanServices_range" target="wm_ocs.svcs.inbound.adptrsvcs:getplanservices_range">
                                            <db:sql>SELECT ${field}&#13;
    FROM (SELECT NVL(UNIQUEID,'--') UNIQUEID,&#13;
         NVL(PLANDTE,'--') PLANDTE,&#13;
         NVL(ORDERDTE,'--') ORDERDTE,&#13;
         NVL(LOB,'--') LOB,&#13;
         NVL(ROUTE_ID,'--') ROUTE_ID,&#13;
         DECODE(RTE_PKEYID,NULL,'--',RTE_PKEYID) RTE_PKEYID,&#13;
         NVL(STATUS,'--') STATUS,&#13;
         NVL(SVC_LINE_ID,'--') SVC_LINE_ID,&#13;
         NVL(svccd,'--') svccd,&#13;
     TIMEZONE&#13;
    FROM (SELECT t.customer.UNIQUEID UNIQUEID,&#13;
                 TO_CHAR (t.plandate, 'MM/DD/YYYY') PLANDTE,&#13;
                 TO_CHAR (t.routeorder.orderdate, 'MM/DD/YYYY') ORDERDTE,&#13;
                 T.LOB.name LOB,&#13;
                 t.routeorder.route.id ROUTE_ID,&#13;
                 t.routeorder.pkey RTE_PKEYID,&#13;
                 NVL (DECODE &#13;
                 ((CASE&#13;
                 WHEN T.CANCELED = 'X' THEN 'CANCELED'&#13;
                 WHEN T.CLOSED = 'X' THEN 'CLOSED'&#13;
                 ELSE R.STATUS.ACTIVE.CODE&#13;
                 END),&#13;
                'CONFIRMEDPOS', 'Confirmed Positive',&#13;
                'CONFIRMEDNEG', 'Confirmed Negative',&#13;
                'CONFIRMEDINC', 'Confirmed Incomplete',&#13;
                'WORKING', 'In Progress',&#13;
                'REJECTED', 'Rejected',&#13;
                'CLOSED', 'Closed',&#13;
                'CANCELED', 'Suspended/Cancelled',&#13;
                'In Progress', 'In Progress','Planned'&#13;
                ),'--') STATUS,&#13;
                 s.id SVC_LINE_ID,    &#13;
                 s.code svccd,&#13;
         t.site.TIMEZONE TIMEZONE,&#13;
                 ROW_NUMBER () OVER (ORDER BY r.status.active.created DESC) rn&#13;
            FROM ocs_admin.vp_customerorder t&#13;
                 LEFT OUTER JOIN ocs_admin.vp_co_workstatus R&#13;
                    ON REF (t) = r.customerorder&#13;
                 INNER JOIN ocs_admin.vp_customerservice s&#13;
                    ON REF (t) = s.customerorder&#13;
           WHERE     t.routeorder.orderdate &gt;= TRUNC(SYSDATE) and t.assigned = 'X'&#13;
                 AND EXISTS&#13;
                        (SELECT 1&#13;
                           FROM OCS_ADMIN.VP_CUSTOMER VC&#13;
                          WHERE     VC.PKEY = T.CUSTOMER.PKEY&#13;
                                AND VC.UNIQUEID =?)&#13;
            ORDER BY t.routeorder.orderdate)&#13;
   WHERE rn BETWEEN ? AND ?);</db:sql>
                                        </db:execute-ddl>
                                        <set-payload doc:id="pknsjkrk-eadc-40b9-98cc-268d14076da0" doc:name="Set Payload" name="set_payload" value="#[payload]"/>
                                        <foreach collection="#[payload]" doc:id="nqmselgu-eadc-40b9-98cc-268d14076da0" doc:name="LOOP" name="LOOP">
                                            
<ee:transform doc:name="MAP" doc:id="0af093a1-f36b-4a65-9f3f-7a904ab46e8b" >
			<ee:message >
			</ee:message>
			<ee:variables>
				<ee:set-variable variableName="MAP" ><![CDATA[%dw 2.0
output application/json
var string_1 = "call pub.string:objectToString with args:"
var result_2 = "call pub.string:objectToString with args:"

---
	{"services": {
  "operations": {
    "route_order_number": string_1,
    "route_id": vars."wm_ocs-svcs-inbound-adptrsvcs-getPlanServices_range"."services.operations.route_id"
  },
  "id": vars."wm_ocs-svcs-inbound-adptrsvcs-getPlanServices_range"."services.id",
  "wm_metadata": {
    "service_code": vars."wm_ocs-svcs-inbound-adptrsvcs-getPlanServices_range"."services.wm_metadata.service_code",
    "site_timezone": vars."wm_ocs-svcs-inbound-adptrsvcs-getPlanServices_range"."services.wm_metadata.site_timezone"
  },
  "ticket_number": vars."wm_ocs-svcs-inbound-adptrsvcs-getPlanServices_range"."services.ticket_number",
  "ticket_type": vars."wm_ocs-svcs-inbound-adptrsvcs-getPlanServices_range"."services.ticket_type",
  "ticket_load_type": vars."wm_ocs-svcs-inbound-adptrsvcs-getPlanServices_range"."services.ticket_load_type",
  "planned_date": vars."wm_ocs-svcs-inbound-adptrsvcs-getPlanServices_range"."services.planned_date",
  "ordered_date": vars."wm_ocs-svcs-inbound-adptrsvcs-getPlanServices_range"."services.ordered_date",
  "exception_class": vars."wm_ocs-svcs-inbound-adptrsvcs-getPlanServices_range"."services.exception_class",
  "service_time": vars."wm_ocs-svcs-inbound-adptrsvcs-getPlanServices_range"."services.service_time",
  "status": vars."wm_ocs-svcs-inbound-adptrsvcs-getPlanServices_range"."services.status",
  "line_of_business": vars."wm_ocs-svcs-inbound-adptrsvcs-getPlanServices_range"."services.line_of_business",
  "exception_reason_code": vars."wm_ocs-svcs-inbound-adptrsvcs-getPlanServices_range"."services.exception_reason_code"
},
"configFileName": vars."wm_ocs-svcs-inbound-adptrsvcs-getPlanServices_range"."configFileName",
"count": vars."wm_ocs-svcs-inbound-adptrsvcs-getPlanServices_range"."count",
"customer_id": vars."wm_ocs-svcs-inbound-adptrsvcs-getPlanServices_range"."customer_id",
"Cache-Control": vars."wm_ocs-svcs-inbound-adptrsvcs-getPlanServices_range"."Cache-Control",
"If-Modified-Since": vars."wm_ocs-svcs-inbound-adptrsvcs-getPlanServices_range"."If-Modified-Since",
"Accept": vars."wm_ocs-svcs-inbound-adptrsvcs-getPlanServices_range"."Accept",
"fields": vars."wm_ocs-svcs-inbound-adptrsvcs-getPlanServices_range"."fields",
"type": vars."wm_ocs-svcs-inbound-adptrsvcs-getPlanServices_range"."type",
"pathHeader": vars."wm_ocs-svcs-inbound-adptrsvcs-getPlanServices_range"."pathHeader",
"limit": vars."wm_ocs-svcs-inbound-adptrsvcs-getPlanServices_range"."limit",
"offset": vars."wm_ocs-svcs-inbound-adptrsvcs-getPlanServices_range"."offset",
"jdbcConnName": vars."wm_ocs-svcs-inbound-adptrsvcs-getPlanServices_range"."jdbcConnName",
"SVC_LINE_ID": vars."wm_ocs-svcs-inbound-adptrsvcs-getPlanServices_range"."SVC_LINE_ID",
"SVCCD": vars."wm_ocs-svcs-inbound-adptrsvcs-getPlanServices_range"."SVCCD",
"TKTNUM": vars."wm_ocs-svcs-inbound-adptrsvcs-getPlanServices_range"."TKTNUM",
"TKTTYPE": vars."wm_ocs-svcs-inbound-adptrsvcs-getPlanServices_range"."TKTTYPE",
"TICKET_LOAD_TYPE": vars."wm_ocs-svcs-inbound-adptrsvcs-getPlanServices_range"."TICKET_LOAD_TYPE",
"ROUTE_ID": vars."wm_ocs-svcs-inbound-adptrsvcs-getPlanServices_range"."ROUTE_ID",
"PLANDTE": vars."wm_ocs-svcs-inbound-adptrsvcs-getPlanServices_range"."PLANDTE",
"ORDERDTE": vars."wm_ocs-svcs-inbound-adptrsvcs-getPlanServices_range"."ORDERDTE",
"EXCP_CD": vars."wm_ocs-svcs-inbound-adptrsvcs-getPlanServices_range"."EXCP_CD",
"EXCP_CLASS": vars."wm_ocs-svcs-inbound-adptrsvcs-getPlanServices_range"."EXCP_CLASS",
"SVCTIME": vars."wm_ocs-svcs-inbound-adptrsvcs-getPlanServices_range"."SVCTIME",
"STATUS": vars."wm_ocs-svcs-inbound-adptrsvcs-getPlanServices_range"."STATUS",
"RTE_PKEYID": vars."wm_ocs-svcs-inbound-adptrsvcs-getPlanServices_range"."RTE_PKEYID",
"CUST_ORDER_PKEY": vars."wm_ocs-svcs-inbound-adptrsvcs-getPlanServices_range"."CUST_ORDER_PKEY",
"CUST_SVC_PKEY": vars."wm_ocs-svcs-inbound-adptrsvcs-getPlanServices_range"."CUST_SVC_PKEY",
"LOB": vars."wm_ocs-svcs-inbound-adptrsvcs-getPlanServices_range"."LOB",
"TIMEZONE": vars."wm_ocs-svcs-inbound-adptrsvcs-getPlanServices_range"."TIMEZONE",
"servicesTemp": {
  "SVC_LINE_ID": vars."wm_ocs-svcs-inbound-adptrsvcs-getPlanServices_range"."servicesTemp.SVC_LINE_ID",
  "SVCCD": vars."wm_ocs-svcs-inbound-adptrsvcs-getPlanServices_range"."servicesTemp.SVCCD",
  "TKTNUM": vars."wm_ocs-svcs-inbound-adptrsvcs-getPlanServices_range"."servicesTemp.TKTNUM",
  "TKTTYPE": vars."wm_ocs-svcs-inbound-adptrsvcs-getPlanServices_range"."servicesTemp.TKTTYPE",
  "TICKET_LOAD_TYPE": vars."wm_ocs-svcs-inbound-adptrsvcs-getPlanServices_range"."servicesTemp.TICKET_LOAD_TYPE",
  "PLANDTE": vars."wm_ocs-svcs-inbound-adptrsvcs-getPlanServices_range"."servicesTemp.PLANDTE",
  "ORDERDTE": vars."wm_ocs-svcs-inbound-adptrsvcs-getPlanServices_range"."servicesTemp.ORDERDTE",
  "EXCP_CLASS": vars."wm_ocs-svcs-inbound-adptrsvcs-getPlanServices_range"."servicesTemp.EXCP_CLASS",
  "SVCTIME": vars."wm_ocs-svcs-inbound-adptrsvcs-getPlanServices_range"."servicesTemp.SVCTIME",
  "STATUS": vars."wm_ocs-svcs-inbound-adptrsvcs-getPlanServices_range"."servicesTemp.STATUS",
  "LOB": vars."wm_ocs-svcs-inbound-adptrsvcs-getPlanServices_range"."servicesTemp.LOB",
  "ROUTE_ID": vars."wm_ocs-svcs-inbound-adptrsvcs-getPlanServices_range"."servicesTemp.ROUTE_ID",
  "TIMEZONE": vars."wm_ocs-svcs-inbound-adptrsvcs-getPlanServices_range"."servicesTemp.TIMEZONE",
  "EXCP_CD": vars."wm_ocs-svcs-inbound-adptrsvcs-getPlanServices_range"."servicesTemp.EXCP_CD"
}
}
]]></ee:set-variable>
			</ee:variables>
		</ee:transform>
    
                                        </foreach>
                                    </try>
                                </when>
                                <otherwise>
                                    <try doc:name="SEQUENCE">
                                        <db:select config-ref="wm_ocs.conn:JDBC_CONN_OCSD_CAAG_USER" doc:id="hdzkjntt-eadc-40b9-98cc-268d14076da0" doc:name="wm_ocs.svcs.inbound.adptrsvcs:getPlanServices" target="wm_ocs.svcs.inbound.adptrsvcs:getplanservices">
                                            <db:sql>SELECT ${field}&#13;
  FROM (SELECT UNIQUEID,&#13;
                 PLANDTE,&#13;
                 ORDERDTE,&#13;
                 LOB,&#13;
                 ROUTE_ID,&#13;
                 RTE_PKEYID,&#13;
                 TKTNUM,&#13;
                 TKTTYPE,&#13;
                 TICKET_LOAD_TYPE,&#13;
       NVL (&#13;
                    CASE&#13;
                                         WHEN COUNT ( DISTINCT TP.TEXT) &gt; 1&#13;
                                         THEN&#13;
                                            'Multiple Exceptions'&#13;
                                         WHEN COUNT (DISTINCT TP.TEXT) =  1&#13;
                                         THEN&#13;
                                            MIN (TP.TEXT)&#13;
                                         ELSE&#13;
                                            NULL&#13;
                    END,&#13;
                            '--')&#13;
                            EXCP_CD,&#13;
                 STATUS,&#13;
                 SVC_LINE_ID,&#13;
                SVCCD,&#13;
                 TIMEZONE&#13;
            FROM (SELECT NVL (vc.UNIQUEID, '--') UNIQUEID,&#13;
                         NVL (TO_CHAR (t.plandate, 'MM/DD/YYYY'), '--') PLANDTE,&#13;
                         NVL (TO_CHAR (t.routeorder.orderdate, 'MM/DD/YYYY'),&#13;
                              '--')&#13;
                            ORDERDTE,&#13;
                         NVL (T.LOB.name, '--') LOB,&#13;
                         NVL (t.routeorder.route.id, '--') ROUTE_ID,&#13;
                         DECODE (t.routeorder.pkey,&#13;
                                 NULL, '--',&#13;
                                 t.routeorder.pkey)&#13;
                            RTE_PKEYID,&#13;
                         DECODE (t.ticketnumber, NULL, '--', t.ticketnumber)&#13;
                            TKTNUM,&#13;
                         NVL (t.reasoncode, '--') TKTTYPE,&#13;
                         NVL (t.ticketloadtype.uniqueid, '--') TICKET_LOAD_TYPE,&#13;
                         NVL (DECODE &#13;
                        (&#13;
                            (CASE&#13;
                            WHEN T.CANCELED = 'X' THEN 'CANCELED'&#13;
                            WHEN T.CLOSED = 'X' THEN 'CLOSED'&#13;
                            ELSE NVL (CS.CONFIRMATIONSTATUS,R.STATUS.ACTIVE.CODE)&#13;
                            END),&#13;
                            'CONFIRMEDPOS', 'Confirmed Positive',&#13;
                            'CONFIRMEDNEG', 'Confirmed Negative',&#13;
                            'CONFIRMEDINC', 'Confirmed Incomplete',&#13;
                            'WORKING', 'In Progress',&#13;
                            'REJECTED', 'Rejected',&#13;
                            'CLOSED', 'Closed',&#13;
                            'CANCELED', 'Suspended/Cancelled',&#13;
                            'In Progress', 'In Progress','Planned'&#13;
                        ),'--') STATUS,&#13;
    NVL( s.id,'--') SVC_LINE_ID,   &#13;
                         NVL (s.code, '--') svccd,&#13;
                         t.pkey CUST_ORDER_PKEY,&#13;
                         s.pkey CUST_SVC_PKEY&#13;
                         ,vc.site.TIMEZONE TIMEZONE&#13;
                    FROM ocs_admin.vp_customer vc&#13;
                         INNER JOIN ocs_admin.vp_customerorder t&#13;
                            ON t.customer = ref (vc)&#13;
                         LEFT OUTER JOIN ocs_admin.vp_co_workstatus R&#13;
                            ON ref(t) = r.customerorder&#13;
                         INNER JOIN ocs_admin.tn_customerservice s&#13;
                           ON t.pkey = s.fk_customerorder&#13;
                         LEFT OUTER JOIN&#13;
                         ocs_admin.tp_cs_result cs&#13;
                            ON     cs.fk_customerservice = s.pkey&#13;
                               AND cs.fk_vehicle IS NOT NULL&#13;
WHERE     t.routeorder.orderdate &gt;= TRUNC(SYSDATE) and t.assigned = 'X'&#13;
                         AND VC.UNIQUEID = ?) t&#13;
                 LEFT OUTER JOIN&#13;
                 ocs_admin.tp_co_haulcall o&#13;
                    ON     CUST_ORDER_PKEY = o.fk_customerorder&#13;
                       AND (o.fk_customerservice is null or CUST_SVC_PKEY = o.fk_customerservice)&#13;
                       AND o.fk_vehicle IS NOT NULL&#13;
                 LEFT OUTER JOIN ocs_admin.tp_template tp&#13;
                    ON tp.pkey = o.fk_haulcall&#13;
        GROUP BY CUST_ORDER_PKEY,&#13;
                 UNIQUEID,&#13;
                 PLANDTE,&#13;
                 ORDERDTE,&#13;
                 LOB,&#13;
                 ROUTE_ID,&#13;
                 RTE_PKEYID,&#13;
                 TKTNUM,&#13;
                 TKTTYPE,&#13;
                 TICKET_LOAD_TYPE,&#13;
                 STATUS,&#13;
                 SVC_LINE_ID,&#13;
                 SVCCD,&#13;
                 TIMEZONE&#13;
        ORDER BY ORDERDTE)</db:sql>
                                        </db:select>
                                        <set-payload doc:id="swchzjcf-eadc-40b9-98cc-268d14076da0" doc:name="Set Payload" name="set_payload" value="#[payload]"/>
                                        <foreach collection="#[payload]" doc:id="enmpfvgu-eadc-40b9-98cc-268d14076da0" doc:name="LOOP" name="LOOP">
                                            
<ee:transform doc:name="MAP" doc:id="0af093a1-f36b-4a65-9f3f-7a904ab46e8b" >
			<ee:message >
			</ee:message>
			<ee:variables>
				<ee:set-variable variableName="MAP" ><![CDATA[%dw 2.0
output application/json
var string_1 = "call pub.string:objectToString with args:"
var result_2 = "call pub.string:objectToString with args:"

---
	{"services": {
  "operations": {
    "route_order_number": string_1,
    "route_id": vars."wm_ocs-svcs-inbound-adptrsvcs-getPlanServices"."services.operations.route_id"
  },
  "id": vars."wm_ocs-svcs-inbound-adptrsvcs-getPlanServices"."services.id",
  "wm_metadata": {
    "service_code": vars."wm_ocs-svcs-inbound-adptrsvcs-getPlanServices"."services.wm_metadata.service_code",
    "customer_order_number": payload."services.wm_metadata.customer_order_number",
    "customer_service_number": payload."services.wm_metadata.customer_service_number",
    "site_timezone": vars."wm_ocs-svcs-inbound-adptrsvcs-getPlanServices"."services.wm_metadata.site_timezone"
  },
  "ticket_number": vars."wm_ocs-svcs-inbound-adptrsvcs-getPlanServices"."services.ticket_number",
  "ticket_type": vars."wm_ocs-svcs-inbound-adptrsvcs-getPlanServices"."services.ticket_type",
  "ticket_load_type": vars."wm_ocs-svcs-inbound-adptrsvcs-getPlanServices"."services.ticket_load_type",
  "planned_date": vars."wm_ocs-svcs-inbound-adptrsvcs-getPlanServices"."services.planned_date",
  "ordered_date": vars."wm_ocs-svcs-inbound-adptrsvcs-getPlanServices"."services.ordered_date",
  "exception_class": vars."wm_ocs-svcs-inbound-adptrsvcs-getPlanServices"."services.exception_class",
  "service_time": vars."wm_ocs-svcs-inbound-adptrsvcs-getPlanServices"."services.service_time",
  "status": vars."wm_ocs-svcs-inbound-adptrsvcs-getPlanServices"."services.status",
  "line_of_business": vars."wm_ocs-svcs-inbound-adptrsvcs-getPlanServices"."services.line_of_business",
  "exception_reason_code": vars."wm_ocs-svcs-inbound-adptrsvcs-getPlanServices"."services.exception_reason_code"
},
"configFileName": vars."wm_ocs-svcs-inbound-adptrsvcs-getPlanServices"."configFileName",
"count": vars."wm_ocs-svcs-inbound-adptrsvcs-getPlanServices"."count",
"customer_id": vars."wm_ocs-svcs-inbound-adptrsvcs-getPlanServices"."customer_id",
"Cache-Control": vars."wm_ocs-svcs-inbound-adptrsvcs-getPlanServices"."Cache-Control",
"If-Modified-Since": vars."wm_ocs-svcs-inbound-adptrsvcs-getPlanServices"."If-Modified-Since",
"Accept": vars."wm_ocs-svcs-inbound-adptrsvcs-getPlanServices"."Accept",
"fields": vars."wm_ocs-svcs-inbound-adptrsvcs-getPlanServices"."fields",
"type": vars."wm_ocs-svcs-inbound-adptrsvcs-getPlanServices"."type",
"pathHeader": vars."wm_ocs-svcs-inbound-adptrsvcs-getPlanServices"."pathHeader",
"limit": vars."wm_ocs-svcs-inbound-adptrsvcs-getPlanServices"."limit",
"offset": vars."wm_ocs-svcs-inbound-adptrsvcs-getPlanServices"."offset",
"jdbcConnName": vars."wm_ocs-svcs-inbound-adptrsvcs-getPlanServices"."jdbcConnName",
"SVC_LINE_ID": vars."wm_ocs-svcs-inbound-adptrsvcs-getPlanServices"."SVC_LINE_ID",
"SVCCD": vars."wm_ocs-svcs-inbound-adptrsvcs-getPlanServices"."SVCCD",
"TKTNUM": vars."wm_ocs-svcs-inbound-adptrsvcs-getPlanServices"."TKTNUM",
"TKTTYPE": vars."wm_ocs-svcs-inbound-adptrsvcs-getPlanServices"."TKTTYPE",
"TICKET_LOAD_TYPE": vars."wm_ocs-svcs-inbound-adptrsvcs-getPlanServices"."TICKET_LOAD_TYPE",
"ROUTE_ID": vars."wm_ocs-svcs-inbound-adptrsvcs-getPlanServices"."ROUTE_ID",
"PLANDTE": vars."wm_ocs-svcs-inbound-adptrsvcs-getPlanServices"."PLANDTE",
"ORDERDTE": vars."wm_ocs-svcs-inbound-adptrsvcs-getPlanServices"."ORDERDTE",
"EXCP_CD": vars."wm_ocs-svcs-inbound-adptrsvcs-getPlanServices"."EXCP_CD",
"EXCP_CLASS": vars."wm_ocs-svcs-inbound-adptrsvcs-getPlanServices"."EXCP_CLASS",
"SVCTIME": vars."wm_ocs-svcs-inbound-adptrsvcs-getPlanServices"."SVCTIME",
"STATUS": vars."wm_ocs-svcs-inbound-adptrsvcs-getPlanServices"."STATUS",
"RTE_PKEYID": vars."wm_ocs-svcs-inbound-adptrsvcs-getPlanServices"."RTE_PKEYID",
"CUST_ORDER_PKEY": vars."wm_ocs-svcs-inbound-adptrsvcs-getPlanServices"."CUST_ORDER_PKEY",
"CUST_SVC_PKEY": vars."wm_ocs-svcs-inbound-adptrsvcs-getPlanServices"."CUST_SVC_PKEY",
"LOB": vars."wm_ocs-svcs-inbound-adptrsvcs-getPlanServices"."LOB",
"TIMEZONE": vars."wm_ocs-svcs-inbound-adptrsvcs-getPlanServices"."TIMEZONE",
"servicesTemp": {
  "SVC_LINE_ID": vars."wm_ocs-svcs-inbound-adptrsvcs-getPlanServices"."servicesTemp.SVC_LINE_ID",
  "SVCCD": vars."wm_ocs-svcs-inbound-adptrsvcs-getPlanServices"."servicesTemp.SVCCD",
  "TKTNUM": vars."wm_ocs-svcs-inbound-adptrsvcs-getPlanServices"."servicesTemp.TKTNUM",
  "TKTTYPE": vars."wm_ocs-svcs-inbound-adptrsvcs-getPlanServices"."servicesTemp.TKTTYPE",
  "TICKET_LOAD_TYPE": vars."wm_ocs-svcs-inbound-adptrsvcs-getPlanServices"."servicesTemp.TICKET_LOAD_TYPE",
  "PLANDTE": vars."wm_ocs-svcs-inbound-adptrsvcs-getPlanServices"."servicesTemp.PLANDTE",
  "ORDERDTE": vars."wm_ocs-svcs-inbound-adptrsvcs-getPlanServices"."servicesTemp.ORDERDTE",
  "EXCP_CLASS": vars."wm_ocs-svcs-inbound-adptrsvcs-getPlanServices"."servicesTemp.EXCP_CLASS",
  "SVCTIME": vars."wm_ocs-svcs-inbound-adptrsvcs-getPlanServices"."servicesTemp.SVCTIME",
  "STATUS": vars."wm_ocs-svcs-inbound-adptrsvcs-getPlanServices"."servicesTemp.STATUS",
  "LOB": vars."wm_ocs-svcs-inbound-adptrsvcs-getPlanServices"."servicesTemp.LOB",
  "ROUTE_ID": vars."wm_ocs-svcs-inbound-adptrsvcs-getPlanServices"."servicesTemp.ROUTE_ID",
  "CUST_ORDER_PKEY": payload."servicesTemp.CUST_ORDER_PKEY",
  "CUST_SVC_PKEY": payload."servicesTemp.CUST_SVC_PKEY",
  "TIMEZONE": vars."wm_ocs-svcs-inbound-adptrsvcs-getPlanServices"."servicesTemp.TIMEZONE",
  "EXCP_CD": vars."wm_ocs-svcs-inbound-adptrsvcs-getPlanServices"."servicesTemp.EXCP_CD"
}
}
]]></ee:set-variable>
			</ee:variables>
		</ee:transform>
    
                                        </foreach>
                                    </try>
                                </otherwise>
                            </choice>
                        </try>
                    </otherwise>
                </choice>
                <choice doc:name="BRANCH">
                    <when expression="%count%!=0">
                        <try doc:name="SEQUENCE">
                            
<ee:transform doc:name="MAP" doc:id="0af093a1-f36b-4a65-9f3f-7a904ab46e8b" >
			<ee:message >
			</ee:message>
			<ee:variables>
				<ee:set-variable variableName="MAP" ><![CDATA[%dw 2.0
output application/json
---
	{"metadata": {
  "totalCount": payload."count"
},
"configFileName": vars.MAP."configFileName",
"count": vars.MAP."count",
"customer_id": vars.MAP."customer_id",
"Cache-Control": vars.MAP."Cache-Control",
"If-Modified-Since": vars.MAP."If-Modified-Since",
"Accept": vars.MAP."Accept",
"type": vars.MAP."type",
"pathHeader": vars.MAP."pathHeader",
"limit": vars.MAP."limit",
"offset": vars.MAP."offset",
"customerUnqID": vars.MAP."customerUnqID",
"fields": vars.MAP."fields",
"totalCount": payload."totalCount",
"cachekey": vars.MAP."cachekey",
"jdbcConnName": vars.MAP."jdbcConnName"
}
]]></ee:set-variable>
			</ee:variables>
		</ee:transform>
    
                            
<ee:transform doc:name="MAP" doc:id="0af093a1-f36b-4a65-9f3f-7a904ab46e8b" >
			<ee:message >
			</ee:message>
			<ee:variables>
				<ee:set-variable variableName="MAP" ><![CDATA[%dw 2.0
output application/json
---
	{"document": {
  "metadata": payload."metadata",
  "services": payload."services",
  "request_tracking_id": payload."msgHeader.transactionID"
},
"configFileName": vars.MAP."configFileName",
"count": vars.MAP."count",
"customer_id": vars.MAP."customer_id",
"Cache-Control": vars.MAP."Cache-Control",
"If-Modified-Since": vars.MAP."If-Modified-Since",
"Accept": vars.MAP."Accept",
"fields": vars.MAP."fields",
"type": vars.MAP."type",
"pathHeader": vars.MAP."pathHeader",
"limit": vars.MAP."limit",
"offset": vars.MAP."offset",
"jdbcConnName": vars.MAP."jdbcConnName",
"request_tracking_id": payload."request_tracking_id",
"totalCount": vars.MAP."totalCount",
"metadata": {
  "limit": vars.MAP."metadata.limit",
  "offset": vars.MAP."metadata.offset",
  "totalCount": vars.MAP."metadata.totalCount"
},
"msgHeader": {
  "transactionID": payload."msgHeader.transactionID"
}
}
]]></ee:set-variable>
			</ee:variables>
		</ee:transform>
    
                            <flow-ref doc:name="wm_common.utils:checkAcceptHeader" docid="fewhhguw-eadc-40b9-98cc-268d14076da0" name="wm_common-utils-checkAcceptHeader"/>
                            <flow-ref doc:name="wm_common.utils:checkIfModifiedSinceHeader" docid="rojricms-eadc-40b9-98cc-268d14076da0" name="wm_common-utils-checkIfModifiedSinceHeader"/>
                        </try>
                    </when>
                    <otherwise>
                        <try doc:name="SEQUENCE">
                            
<ee:transform doc:name="MAP" doc:id="0af093a1-f36b-4a65-9f3f-7a904ab46e8b" >
			<ee:message >
			</ee:message>
			<ee:variables>
				<ee:set-variable variableName="MAP" ><![CDATA[%dw 2.0
output application/json
---
	{"contentType": 'application/json',
"initParams": {
  "subjectNote": 'OCS',
  "errorCode": '204'
},
"configFileName": vars."wm_common-utils-checkAcceptHeader"."configFileName",
"count": vars."wm_common-utils-checkAcceptHeader"."count",
"customer_id": vars."wm_common-utils-checkAcceptHeader"."customer_id",
"Cache-Control": vars."wm_common-utils-checkAcceptHeader"."Cache-Control",
"If-Modified-Since": vars."wm_common-utils-checkAcceptHeader"."If-Modified-Since",
"Accept": vars."wm_common-utils-checkAcceptHeader"."Accept",
"fields": vars."wm_common-utils-checkAcceptHeader"."fields",
"type": vars."wm_common-utils-checkAcceptHeader"."type",
"pathHeader": vars."wm_common-utils-checkAcceptHeader"."pathHeader",
"limit": vars."wm_common-utils-checkAcceptHeader"."limit",
"offset": vars."wm_common-utils-checkAcceptHeader"."offset",
"jdbcConnName": vars."wm_common-utils-checkAcceptHeader"."jdbcConnName",
"finalResponse": payload."finalResponse",
"etagOutput": payload."etagOutput"
}
]]></ee:set-variable>
			</ee:variables>
		</ee:transform>
    
                            <logger doc:id="gvtsfoml-eadc-40b9-98cc-268d14076da0" doc:name="wm_common.utils:throwError" level="INFO"/>
                        </try>
                    </otherwise>
                </choice>
                
<ee:transform doc:name="MAP" doc:id="0af093a1-f36b-4a65-9f3f-7a904ab46e8b" >
			<ee:message >
			</ee:message>
			<ee:variables>
				<ee:set-variable variableName="MAP" ><![CDATA[%dw 2.0
output application/json
---
	{"configFileName": vars."wm_common-utils-throwError"."configFileName",
"fields": vars."wm_common-utils-throwError"."fields",
"numberOfDays": payload."numberOfDays",
"totalCount": vars."wm_common-utils-throwError"."totalCount"
}
]]></ee:set-variable>
			</ee:variables>
		</ee:transform>
    
            </try>
            <try doc:name="SEQUENCE">
                <logger doc:id="hysnrgst-eadc-40b9-98cc-268d14076da0" doc:name="pub.flow:getLastError" level="INFO"/>
                <logger doc:id="xakranil-eadc-40b9-98cc-268d14076da0" doc:name="wm_errorhandling.utils:getCallingService" level="INFO"/>
                <logger doc:id="nzasdoll-eadc-40b9-98cc-268d14076da0" doc:name="wm_errorhandling.svcs.flowsvcs:createErrorMsg_FW1" level="INFO"/>
                
<ee:transform doc:name="MAP" doc:id="0af093a1-f36b-4a65-9f3f-7a904ab46e8b" >
			<ee:message >
			</ee:message>
			<ee:variables>
				<ee:set-variable variableName="MAP" ><![CDATA[%dw 2.0
output application/json
---
	{"contentType": 'application/json'
}
]]></ee:set-variable>
			</ee:variables>
		</ee:transform>
    
                <logger doc:id="aarhycpx-eadc-40b9-98cc-268d14076da0" doc:name="EXIT" level="INFO"/>
            </try>
        </try>
    </flow>
</mule>
