<?xml version="1.0" encoding="UTF-8"?><mule xmlns="http://www.mulesoft.org/schema/mule/core" xmlns:doc="http://www.mulesoft.org/schema/mule/documentation" xmlns:ee="http://www.mulesoft.org/schema/mule/ee/core" xmlns:xsi="http://www.w3.org/2001/XMLSchema-instance" xsi:schemaLocation="http://www.mulesoft.org/schema/mule/core http://www.mulesoft.org/schema/mule/core/current/mule.xsd http://www.mulesoft.org/schema/mule/ee/core http://www.mulesoft.org/schema/mule/ee/core/current/mule-ee.xsd">
    <flow doc:id="npcixxai-eadc-40b9-98cc-268d14076da0" name="wm_ocs-svcs-outbound-flowsvcs-mapRouteToImportMsgRequest">
        <try doc:name="SEQUENCE">
            <try doc:name="SEQUENCE">
                <try doc:name="SEQUENCE">
                    
<ee:transform doc:name="MAP" doc:id="0af093a1-f36b-4a65-9f3f-7a904ab46e8b" >
			<ee:message >
			</ee:message>
			<ee:variables>
				<ee:set-variable variableName="MAP" ><![CDATA[%dw 2.0
output application/json
---
	{"importMsgRequest": {
  "request": {
    "MSGHDR": {
      "@DESTCD": 'OCS',
      "@TRANSID": payload."msgHeader.transactionID",
      "@TRANSMITTALDT": payload."msgHeader.msgTimestamp",
      "@SRCCD": payload."msgHeader.source.msgSourceCd"
    }
  }
},
"msgHeader": {
  "transactionID": payload."msgHeader.transactionID",
  "msgTimestamp": payload."msgHeader.msgTimestamp",
  "source": {
    "msgSourceCd": payload."msgHeader.source.msgSourceCd"
  }
}
}
]]></ee:set-variable>
			</ee:variables>
		</ee:transform>
    
                </try>
                <try doc:name="SEQUENCE">
                    <set-payload doc:id="diyaemmr-eadc-40b9-98cc-268d14076da0" doc:name="Set Payload" name="set_payload" value="#[payload]"/>
                    <foreach collection="#[payload]" doc:id="hdndrige-eadc-40b9-98cc-268d14076da0" doc:name="LOOP" name="LOOP">
                        <set-payload doc:id="szfnnznj-eadc-40b9-98cc-268d14076da0" doc:name="Set Payload" name="set_payload" value="#[payload]"/>
                        <foreach collection="#[payload]" doc:id="yejtstfm-eadc-40b9-98cc-268d14076da0" doc:name="LOOP" name="LOOP">
                            <choice doc:name="BRANCH">
                                <when expression="% /Route:route/Route:routeID/Route:idTypeCd% = ID">
                                    
<ee:transform doc:name="MAP" doc:id="0af093a1-f36b-4a65-9f3f-7a904ab46e8b" >
			<ee:message >
			</ee:message>
			<ee:variables>
				<ee:set-variable variableName="MAP" ><![CDATA[%dw 2.0
output application/json
---
	{"importMsgRequest": {
  "request": {
    "ROUTES": {
      "@ROUTEID": payload."route.routeID.ID"
    }
  }
},
"route": {
  "routeID": {
    "ID": payload."route.routeID.ID"
  }
}
}
]]></ee:set-variable>
			</ee:variables>
		</ee:transform>
    
                                </when>
                                <otherwise>
                                    
<ee:transform doc:name="MAP" doc:id="0af093a1-f36b-4a65-9f3f-7a904ab46e8b" >
			<ee:message >
			</ee:message>
			<ee:variables>
				<ee:set-variable variableName="MAP" ><![CDATA[%dw 2.0
output application/json
---
	{}
]]></ee:set-variable>
			</ee:variables>
		</ee:transform>
    
                                </otherwise>
                            </choice>
                        </foreach>
                        <choice doc:name="BRANCH">
                            <when expression="% /Route:route/GblOrg:orgHier/GblOrg:hieLvlName% = S">
                                
<ee:transform doc:name="MAP" doc:id="0af093a1-f36b-4a65-9f3f-7a904ab46e8b" >
			<ee:message >
			</ee:message>
			<ee:variables>
				<ee:set-variable variableName="MAP" ><![CDATA[%dw 2.0
output application/json
---
	{"importMsgRequest": {
  "request": {
    "ROUTES": {
      "@SITEID": payload."route.orgHier.hieLvlID"
    }
  }
},
"route": {
  "orgHier": {
    "hieLvlID": payload."route.orgHier.hieLvlID"
  }
}
}
]]></ee:set-variable>
			</ee:variables>
		</ee:transform>
    
                            </when>
                            <otherwise>
                                
<ee:transform doc:name="MAP" doc:id="0af093a1-f36b-4a65-9f3f-7a904ab46e8b" >
			<ee:message >
			</ee:message>
			<ee:variables>
				<ee:set-variable variableName="MAP" ><![CDATA[%dw 2.0
output application/json
---
	{}
]]></ee:set-variable>
			</ee:variables>
		</ee:transform>
    
                            </otherwise>
                        </choice>
                        <set-payload doc:id="ycpozhqy-eadc-40b9-98cc-268d14076da0" doc:name="Set Payload" name="set_payload" value="#[payload]"/>
                        <foreach collection="#[payload]" doc:id="pegldjwm-eadc-40b9-98cc-268d14076da0" doc:name="LOOP" name="LOOP">
                            
<ee:transform doc:name="MAP" doc:id="0af093a1-f36b-4a65-9f3f-7a904ab46e8b" >
			<ee:message >
			</ee:message>
			<ee:variables>
				<ee:set-variable variableName="MAP" ><![CDATA[%dw 2.0
output application/json
---
	{"importMsgRequest": {
  "request": {
    "ROUTES": {
      "TICKETS": {
        "@ERLSEQNO": payload."route.routeStop.routeSeqNum"
      }
    }
  }
},
"route": {
  "routeStop": {
    "routeSeqNum": payload."route.routeStop.routeSeqNum"
  }
}
}
]]></ee:set-variable>
			</ee:variables>
		</ee:transform>
    
                            <set-payload doc:id="urrgtwov-eadc-40b9-98cc-268d14076da0" doc:name="Set Payload" name="set_payload" value="#[payload]"/>
                            <foreach collection="#[payload]" doc:id="lqtazalb-eadc-40b9-98cc-268d14076da0" doc:name="LOOP" name="LOOP">
                                <choice doc:name="BRANCH">
                                    <when expression="% /Route:route/Route:routeStop/Route:routeStopDate/Route:dateTypeCd% = Dispatch">
                                        
<ee:transform doc:name="MAP" doc:id="0af093a1-f36b-4a65-9f3f-7a904ab46e8b" >
			<ee:message >
			</ee:message>
			<ee:variables>
				<ee:set-variable variableName="MAP" ><![CDATA[%dw 2.0
output application/json
---
	{"importMsgRequest": {
  "request": {
    "ROUTES": {
      "@SCHEDULEDDT": payload."route.routeStop.routeStopDate.dateValue"
    }
  }
},
"route": {
  "routeStop": {
    "routeStopDate": {
      "dateValue": payload."route.routeStop.routeStopDate.dateValue"
    }
  }
}
}
]]></ee:set-variable>
			</ee:variables>
		</ee:transform>
    
                                    </when>
                                    <otherwise>
                                        
<ee:transform doc:name="MAP" doc:id="0af093a1-f36b-4a65-9f3f-7a904ab46e8b" >
			<ee:message >
			</ee:message>
			<ee:variables>
				<ee:set-variable variableName="MAP" ><![CDATA[%dw 2.0
output application/json
---
	{}
]]></ee:set-variable>
			</ee:variables>
		</ee:transform>
    
                                    </otherwise>
                                </choice>
                            </foreach>
                            <choice doc:name="BRANCH">
                                <when expression="%Route:route/Route:routeStop/Route:stopRefID/GblLkup:applSourceCd% == 'MAS'  &amp;&amp;  %Route:route/Route:routeStop/Route:stopRefID/Route:refIDTypeCd% == 'Ticket'">
                                    
<ee:transform doc:name="MAP" doc:id="0af093a1-f36b-4a65-9f3f-7a904ab46e8b" >
			<ee:message >
			</ee:message>
			<ee:variables>
				<ee:set-variable variableName="MAP" ><![CDATA[%dw 2.0
output application/json
---
	{"importMsgRequest": {
  "request": {
    "ROUTES": {
      "TICKETS": {
        "@TICKET": payload."route.routeStop.stopRefID.refID"
      }
    }
  }
},
"route": {
  "routeStop": {
    "stopRefID": {
      "refID": payload."route.routeStop.stopRefID.refID"
    }
  }
}
}
]]></ee:set-variable>
			</ee:variables>
		</ee:transform>
    
                                </when>
                                <otherwise>
                                    
<ee:transform doc:name="MAP" doc:id="0af093a1-f36b-4a65-9f3f-7a904ab46e8b" >
			<ee:message >
			</ee:message>
			<ee:variables>
				<ee:set-variable variableName="MAP" ><![CDATA[%dw 2.0
output application/json
---
	{}
]]></ee:set-variable>
			</ee:variables>
		</ee:transform>
    
                                </otherwise>
                            </choice>
                            <set-payload doc:id="ltxaytue-eadc-40b9-98cc-268d14076da0" doc:name="Set Payload" name="set_payload" value="#[payload]"/>
                            <foreach collection="#[payload]" doc:id="oznuvquu-eadc-40b9-98cc-268d14076da0" doc:name="LOOP" name="LOOP">
                                <choice doc:name="BRANCH">
                                    <when expression="%Route:route/Route:routeStop/GblParty:Party/GblParty:altID/GblParty:altIDSourceName% == 'MAS' &amp;&amp;  %Route:route/Route:routeStop/GblParty:Party/GblParty:altID/GblParty:altIDTypeCd% == 'SOR Key'">
                                        
<ee:transform doc:name="MAP" doc:id="0af093a1-f36b-4a65-9f3f-7a904ab46e8b" >
			<ee:message >
			</ee:message>
			<ee:variables>
				<ee:set-variable variableName="MAP" ><![CDATA[%dw 2.0
output application/json
---
	{"importMsgRequest": {
  "request": {
    "ROUTES": {
      "TICKETS": {
        "@CUSTUNQ": payload."route.routeStop.Party.altID.partyID"
      }
    }
  }
},
"route": {
  "routeStop": {
    "Party": {
      "altID": {
        "partyID": payload."route.routeStop.Party.altID.partyID"
      }
    }
  }
}
}
]]></ee:set-variable>
			</ee:variables>
		</ee:transform>
    
                                    </when>
                                    <otherwise>
                                        
<ee:transform doc:name="MAP" doc:id="0af093a1-f36b-4a65-9f3f-7a904ab46e8b" >
			<ee:message >
			</ee:message>
			<ee:variables>
				<ee:set-variable variableName="MAP" ><![CDATA[%dw 2.0
output application/json
---
	{}
]]></ee:set-variable>
			</ee:variables>
		</ee:transform>
    
                                    </otherwise>
                                </choice>
                            </foreach>
                            
<ee:transform doc:name="MAP" doc:id="0af093a1-f36b-4a65-9f3f-7a904ab46e8b" >
			<ee:message >
			</ee:message>
			<ee:variables>
				<ee:set-variable variableName="MAP" ><![CDATA[%dw 2.0
output application/json
---
	{"importMsgRequest": {
  "request": {
    "ROUTES": {
      "TICKETS": {
        "@LOADTYP": payload."route.routeStop.mas.loadTypeCd"
      }
    }
  }
},
"route": {
  "routeStop": {
    "mas": {
      "loadTypeCd": payload."route.routeStop.mas.loadTypeCd"
    }
  }
}
}
]]></ee:set-variable>
			</ee:variables>
		</ee:transform>
    
                            
<ee:transform doc:name="MAP" doc:id="0af093a1-f36b-4a65-9f3f-7a904ab46e8b" >
			<ee:message >
			</ee:message>
			<ee:variables>
				<ee:set-variable variableName="MAP" ><![CDATA[%dw 2.0
output application/json
---
	{"importMsgRequest": {
  "request": {
    "ROUTES": {
      "TICKETS": {
        "@DSCODE": payload."route.routeStop.routeStopLoc.locationID"
      }
    }
  }
},
"route": {
  "routeStop": {
    "routeStopLoc": {
      "locationID": payload."route.routeStop.routeStopLoc.locationID"
    }
  }
}
}
]]></ee:set-variable>
			</ee:variables>
		</ee:transform>
    
                        </foreach>
                    </foreach>
                </try>
                
<ee:transform doc:name="MAP" doc:id="0af093a1-f36b-4a65-9f3f-7a904ab46e8b" >
			<ee:message >
			</ee:message>
			<ee:variables>
				<ee:set-variable variableName="MAP" ><![CDATA[%dw 2.0
output application/json
---
	{}
]]></ee:set-variable>
			</ee:variables>
		</ee:transform>
    
            </try>
            <try doc:name="SEQUENCE">
                <logger doc:id="vcdgrfnf-eadc-40b9-98cc-268d14076da0" doc:name="pub.flow:getLastError" level="INFO"/>
                <logger doc:id="umijfpfc-eadc-40b9-98cc-268d14076da0" doc:name="wm_errorhandling.utils:getCallingService" level="INFO"/>
                <logger doc:id="lshkymsf-eadc-40b9-98cc-268d14076da0" doc:name="wm_errorhandling.svcs.flowsvcs:createErrorMsg_FW1" level="INFO"/>
                <logger doc:id="pmnpnplk-eadc-40b9-98cc-268d14076da0" doc:name="EXIT" level="INFO"/>
            </try>
        </try>
    </flow>
</mule>
