<?xml version="1.0" encoding="UTF-8"?><mule xmlns="http://www.mulesoft.org/schema/mule/core" xmlns:doc="http://www.mulesoft.org/schema/mule/documentation" xmlns:ee="http://www.mulesoft.org/schema/mule/ee/core" xmlns:xsi="http://www.w3.org/2001/XMLSchema-instance" xsi:schemaLocation="http://www.mulesoft.org/schema/mule/core http://www.mulesoft.org/schema/mule/core/current/mule.xsd http://www.mulesoft.org/schema/mule/ee/core http://www.mulesoft.org/schema/mule/ee/core/current/mule-ee.xsd">
    <flow doc:id="tegxbuop-eadc-40b9-98cc-268d14076da0" name="wm_ocs-svcs-outbound-flowsvcs-mapRouteToExportMsgAck">
        <try doc:name="SEQUENCE">
            <try doc:name="SEQUENCE">
                <try doc:name="SEQUENCE">
                    
<ee:transform doc:name="MAP" doc:id="0af093a1-f36b-4a65-9f3f-7a904ab46e8b" >
			<ee:message >
			</ee:message>
			<ee:variables>
				<ee:set-variable variableName="MAP" ><![CDATA[%dw 2.0
output application/json
---
	{"ERLRouteAcknowledgementRequestType": {
  "exportMsgAck": {
    "MSGHDR": {
      "@TRANSID": payload."msgHeader.transactionID",
      "@TRANSMITTALDT": payload."msgHeader.msgTimestamp",
      "@SRCCD": payload."msgHeader.source.msgSourceCd",
      "@STATUS": payload."msgHeader.statusCd"
    }
  }
},
"msgHeader": {
  "transactionID": payload."msgHeader.transactionID",
  "msgTimestamp": payload."msgHeader.msgTimestamp",
  "source": {
    "msgSourceCd": payload."msgHeader.source.msgSourceCd"
  },
  "statusCd": payload."msgHeader.statusCd"
}
}
]]></ee:set-variable>
			</ee:variables>
		</ee:transform>
    
                </try>
                <try doc:name="SEQUENCE">
                    <set-payload doc:id="xcesahyr-eadc-40b9-98cc-268d14076da0" doc:name="Set Payload" name="set_payload" value="#[payload]"/>
                    <foreach collection="#[payload]" doc:id="fqdirllf-eadc-40b9-98cc-268d14076da0" doc:name="LOOP" name="LOOP">
                        <set-payload doc:id="vjledrju-eadc-40b9-98cc-268d14076da0" doc:name="Set Payload" name="set_payload" value="#[payload]"/>
                        <foreach collection="#[payload]" doc:id="ezmqtfgx-eadc-40b9-98cc-268d14076da0" doc:name="LOOP" name="LOOP">
                            <set-payload doc:id="yvwfehmd-eadc-40b9-98cc-268d14076da0" doc:name="Set Payload" name="set_payload" value="#[payload]"/>
                            <foreach collection="#[payload]" doc:id="hufzdker-eadc-40b9-98cc-268d14076da0" doc:name="LOOP" name="LOOP">
                                
<ee:transform doc:name="MAP" doc:id="0af093a1-f36b-4a65-9f3f-7a904ab46e8b" >
			<ee:message >
			</ee:message>
			<ee:variables>
				<ee:set-variable variableName="MAP" ><![CDATA[%dw 2.0
output application/json
var value_1 = "call pub.string:concat with args:"

---
	{"msgTxt": value_1
}
]]></ee:set-variable>
			</ee:variables>
		</ee:transform>
    
                            </foreach>
                            
<ee:transform doc:name="MAP" doc:id="0af093a1-f36b-4a65-9f3f-7a904ab46e8b" >
			<ee:message >
			</ee:message>
			<ee:variables>
				<ee:set-variable variableName="MAP" ><![CDATA[%dw 2.0
output application/json
---
	{"ERLRouteAcknowledgementRequestType": {
  "exportMsgAck": {
    "ERROR": {
      "@ERRORMSG": payload."msgTxt",
      "@ERRORCD": payload."route.routeProcessStatus.msgID"
    }
  }
},
"route": {
  "routeProcessStatus": {
    "msgID": payload."route.routeProcessStatus.msgID"
  }
}
}
]]></ee:set-variable>
			</ee:variables>
		</ee:transform>
    
                        </foreach>
                    </foreach>
                </try>
                
<ee:transform doc:name="MAP" doc:id="0af093a1-f36b-4a65-9f3f-7a904ab46e8b" >
			<ee:message >
			</ee:message>
			<ee:variables>
				<ee:set-variable variableName="MAP" ><![CDATA[%dw 2.0
output application/json
---
	{}
]]></ee:set-variable>
			</ee:variables>
		</ee:transform>
    
            </try>
            <try doc:name="SEQUENCE">
                <logger doc:id="hxbeafrf-eadc-40b9-98cc-268d14076da0" doc:name="pub.flow:getLastError" level="INFO"/>
                <logger doc:id="dijblrqe-eadc-40b9-98cc-268d14076da0" doc:name="wm_errorhandling.utils:getCallingService" level="INFO"/>
                <logger doc:id="vcfiyvoj-eadc-40b9-98cc-268d14076da0" doc:name="wm_errorhandling.svcs.flowsvcs:createErrorMsg_FW1" level="INFO"/>
                <logger doc:id="hfngjthy-eadc-40b9-98cc-268d14076da0" doc:name="EXIT" level="INFO"/>
            </try>
        </try>
    </flow>
</mule>
