<?xml version="1.0" encoding="UTF-8"?><mule xmlns="http://www.mulesoft.org/schema/mule/core" xmlns:doc="http://www.mulesoft.org/schema/mule/documentation" xmlns:ee="http://www.mulesoft.org/schema/mule/ee/core" xmlns:xsi="http://www.w3.org/2001/XMLSchema-instance" xsi:schemaLocation="http://www.mulesoft.org/schema/mule/core http://www.mulesoft.org/schema/mule/core/current/mule.xsd http://www.mulesoft.org/schema/mule/ee/core http://www.mulesoft.org/schema/mule/ee/core/current/mule-ee.xsd">
    <flow doc:id="qmqnkvhx-eadc-40b9-98cc-268d14076da0" name="wm_ocs-svcs-outbound-flowsvcs-mapSLRouteStopEventsToOCS">
        <try doc:name="SEQUENCE">
            <try doc:name="SEQUENCE">
                <choice doc:name="BRANCH">
                    <when expression="% /EsbMsgHeader:msgHeader/EsbMsgHeader:requestTypeCd% = Route">
                        <try doc:name="SEQUENCE">
                            <logger doc:id="isyfhygl-eadc-40b9-98cc-268d14076da0" doc:name="wm_common.utils:createList" level="INFO"/>
                            <set-payload doc:id="geilaaej-eadc-40b9-98cc-268d14076da0" doc:name="Set Payload" name="set_payload" value="#[payload]"/>
                            <foreach collection="#[payload]" doc:id="qfswqdzj-eadc-40b9-98cc-268d14076da0" doc:name="LOOP" name="LOOP">
                                
<ee:transform doc:name="MAP" doc:id="0af093a1-f36b-4a65-9f3f-7a904ab46e8b" >
			<ee:message >
			</ee:message>
			<ee:variables>
				<ee:set-variable variableName="MAP" ><![CDATA[%dw 2.0
output application/json
---
	{"tempStops": {
  "event_type": payload."RouteStop.Route.stops.eventType",
  "cusid": payload."RouteStop.Route.stops.lob",
  "grid": payload."RouteStop.Route.stops.originalSeqNum",
  "customer": {
    "custunq": payload."RouteStop.Route.stops.accountID",
    "company": payload."RouteStop.Route.stops.company",
    "customer": payload."RouteStop.Route.stops.customerID",
    "name": payload."RouteStop.Route.stops.customerName"
  },
  "location": {
    "state": payload."RouteStop.Route.stops.state",
    "zipcode": payload."RouteStop.Route.stops.zipCd",
    "city": payload."RouteStop.Route.stops.city",
    "street": payload."RouteStop.Route.stops.streetName",
    "house": payload."RouteStop.Route.stops.house"
  },
  "commen": payload."RouteStop.Route.stops.comments"
},
"tempService": {
  "svcode": payload."RouteStop.Route.stops.serviceCd",
  "svdesc": payload."RouteStop.Route.stops.serviceDesc",
  "svqnty": payload."RouteStop.Route.stops.qty",
  "svcnumber": payload."RouteStop.Route.stops.serviceNum",
  "yards": payload."RouteStop.Route.stops.yards",
  "srcunique_key": payload."RouteStop.Route.stops.taskId"
},
"importRoute": {
  "importRoute": {
    "transId": payload."msgHeader.transactionID",
    "site": {
      "site_uniqueid": payload."RouteStop.Route.stops.siteID",
      "src_uniqueid": payload."RouteStop.Route.stops.sourceSystem",
      "routes": {
        "route": payload."RouteStop.Route.stops.routeID"
      }
    }
  }
},
"Stops": vars."wm_common-utils-createList"."Stops",
"RouteStop": {
  "Route": {
    "stops": {
      "eventType": payload."RouteStop.Route.stops.eventType",
      "lob": payload."RouteStop.Route.stops.lob",
      "originalSeqNum": payload."RouteStop.Route.stops.originalSeqNum",
      "accountID": payload."RouteStop.Route.stops.accountID",
      "company": payload."RouteStop.Route.stops.company",
      "customerID": payload."RouteStop.Route.stops.customerID",
      "customerName": payload."RouteStop.Route.stops.customerName",
      "state": payload."RouteStop.Route.stops.state",
      "zipCd": payload."RouteStop.Route.stops.zipCd",
      "city": payload."RouteStop.Route.stops.city",
      "streetName": payload."RouteStop.Route.stops.streetName",
      "house": payload."RouteStop.Route.stops.house",
      "comments": payload."RouteStop.Route.stops.comments",
      "serviceCd": payload."RouteStop.Route.stops.serviceCd",
      "serviceDesc": payload."RouteStop.Route.stops.serviceDesc",
      "qty": payload."RouteStop.Route.stops.qty",
      "serviceNum": payload."RouteStop.Route.stops.serviceNum",
      "yards": payload."RouteStop.Route.stops.yards",
      "taskId": payload."RouteStop.Route.stops.taskId",
      "siteID": payload."RouteStop.Route.stops.siteID",
      "sourceSystem": payload."RouteStop.Route.stops.sourceSystem",
      "routeID": payload."RouteStop.Route.stops.routeID"
    }
  }
},
"msgHeader": {
  "transactionID": payload."msgHeader.transactionID"
}
}
]]></ee:set-variable>
			</ee:variables>
		</ee:transform>
    
                                <choice doc:name="BRANCH">
                                    <when expression="%RouteStop/RouteStop:Route/RouteStop:stops/RouteStop:note% == 'H'">
                                        
<ee:transform doc:name="MAP" doc:id="0af093a1-f36b-4a65-9f3f-7a904ab46e8b" >
			<ee:message >
			</ee:message>
			<ee:variables>
				<ee:set-variable variableName="MAP" ><![CDATA[%dw 2.0
output application/json
---
	{"tempStops": {
  "hotCustomer": 'Y'
},
"Stops": vars.MAP."Stops"
}
]]></ee:set-variable>
			</ee:variables>
		</ee:transform>
    
                                    </when>
                                    <when expression="%RouteStop/RouteStop:Route/RouteStop:stops/RouteStop:note% == '' || %RouteStop/RouteStop:Route/RouteStop:stops/RouteStop:note% == $Null">
                                        
<ee:transform doc:name="MAP" doc:id="0af093a1-f36b-4a65-9f3f-7a904ab46e8b" >
			<ee:message >
			</ee:message>
			<ee:variables>
				<ee:set-variable variableName="MAP" ><![CDATA[%dw 2.0
output application/json
---
	{"tempStops": {
  "hotCustomer": 'N'
},
"Stops": vars.MAP."Stops"
}
]]></ee:set-variable>
			</ee:variables>
		</ee:transform>
    
                                    </when>
                                    <otherwise>
                                        
<ee:transform doc:name="MAP" doc:id="0af093a1-f36b-4a65-9f3f-7a904ab46e8b" >
			<ee:message >
			</ee:message>
			<ee:variables>
				<ee:set-variable variableName="MAP" ><![CDATA[%dw 2.0
output application/json
---
	{"tempStops": {
  "hotCustomer": 'N'
},
"Stops": vars.MAP."Stops"
}
]]></ee:set-variable>
			</ee:variables>
		</ee:transform>
    
                                    </otherwise>
                                </choice>
                                
<ee:transform doc:name="MAP" doc:id="0af093a1-f36b-4a65-9f3f-7a904ab46e8b" >
			<ee:message >
			</ee:message>
			<ee:variables>
				<ee:set-variable variableName="MAP" ><![CDATA[%dw 2.0
output application/json
var toList_1 = "call pub.list:appendToDocumentList with args:"

---
	{"tempStops": {
  "services": toList_1
},
"Stops": vars.MAP."Stops"
}
]]></ee:set-variable>
			</ee:variables>
		</ee:transform>
    
                                <logger doc:id="taapydkw-eadc-40b9-98cc-268d14076da0" doc:name="wm_common.utils:addToList" level="INFO"/>
                            </foreach>
                            <logger doc:id="shrpydro-eadc-40b9-98cc-268d14076da0" doc:name="wm_common.utils:listToArray" level="INFO"/>
                            
<ee:transform doc:name="MAP" doc:id="0af093a1-f36b-4a65-9f3f-7a904ab46e8b" >
			<ee:message >
			</ee:message>
			<ee:variables>
				<ee:set-variable variableName="MAP" ><![CDATA[%dw 2.0
output application/json
---
	{"importRoute": {
  "importRoute": {
    "site": {
      "routes": {
        "stops": payload."stops"
      }
    }
  }
}
}
]]></ee:set-variable>
			</ee:variables>
		</ee:transform>
    
                        </try>
                    </when>
                    <when expression="% /EsbMsgHeader:msgHeader/EsbMsgHeader:requestTypeCd% = Ticket">
                        <try doc:name="SEQUENCE">
                            <logger doc:id="jzlwiblc-eadc-40b9-98cc-268d14076da0" doc:name="wm_common.utils:createList" level="INFO"/>
                            <set-payload doc:id="xigzjttz-eadc-40b9-98cc-268d14076da0" doc:name="Set Payload" name="set_payload" value="#[payload]"/>
                            <foreach collection="#[payload]" doc:id="swemrpta-eadc-40b9-98cc-268d14076da0" doc:name="LOOP" name="LOOP">
                                
<ee:transform doc:name="MAP" doc:id="0af093a1-f36b-4a65-9f3f-7a904ab46e8b" >
			<ee:message >
			</ee:message>
			<ee:variables>
				<ee:set-variable variableName="MAP" ><![CDATA[%dw 2.0
output application/json
---
	{"tempTicket": {
  "hotCustomer": 'Y',
  "cusid": payload."RouteStop.Route.stops.lob",
  "grid": payload."RouteStop.Route.stops.originalSeqNum",
  "event_type": payload."RouteStop.Route.stops.eventType",
  "commen": payload."RouteStop.Route.stops.comments",
  "customer": {
    "custunq": payload."RouteStop.Route.stops.accountID",
    "company": payload."RouteStop.Route.stops.company",
    "customer": payload."RouteStop.Route.stops.customerID",
    "name": payload."RouteStop.Route.stops.customerName"
  },
  "location": {
    "state": payload."RouteStop.Route.stops.state",
    "zipcode": payload."RouteStop.Route.stops.zipCd",
    "city": payload."RouteStop.Route.stops.city",
    "street": payload."RouteStop.Route.stops.streetName",
    "house": payload."RouteStop.Route.stops.house"
  },
  "ticketNumber": payload."RouteStop.Route.stops.ticketID",
  "planDate": payload."RouteStop.Route.stops.planServiceDate",
  "cancel": payload."RouteStop.Route.stops.confirmStatus"
},
"tempService": {
  "svcode": vars.MAP."RouteStop.Route.stops.serviceCd",
  "svdesc": vars.MAP."RouteStop.Route.stops.serviceDesc",
  "svqnty": vars.MAP."RouteStop.Route.stops.qty",
  "svcnumber": vars.MAP."RouteStop.Route.stops.serviceNum",
  "yards": vars.MAP."RouteStop.Route.stops.yards",
  "srcunique_key": vars.MAP."RouteStop.Route.stops.taskId"
},
"importRoute": {
  "importRoute": {
    "transId": vars.MAP."msgHeader.transactionID",
    "site": {
      "site_uniqueid": vars.MAP."RouteStop.Route.stops.siteID",
      "src_uniqueid": vars.MAP."RouteStop.Route.stops.sourceSystem",
      "tickets": {
        "route": payload."RouteStop.Route.stops.routeID"
      }
    }
  }
},
"ticket": vars."wm_common-utils-createList"."ticket",
"RouteStop": {
  "Route": {
    "stops": {
      "serviceCd": vars.MAP."RouteStop.Route.stops.serviceCd",
      "serviceDesc": vars.MAP."RouteStop.Route.stops.serviceDesc",
      "qty": vars.MAP."RouteStop.Route.stops.qty",
      "serviceNum": vars.MAP."RouteStop.Route.stops.serviceNum",
      "yards": vars.MAP."RouteStop.Route.stops.yards",
      "taskId": vars.MAP."RouteStop.Route.stops.taskId",
      "siteID": vars.MAP."RouteStop.Route.stops.siteID",
      "sourceSystem": vars.MAP."RouteStop.Route.stops.sourceSystem",
      "routeID": vars.MAP."RouteStop.Route.stops.routeID",
      "lob": vars.MAP."RouteStop.Route.stops.lob",
      "originalSeqNum": vars.MAP."RouteStop.Route.stops.originalSeqNum",
      "eventType": vars.MAP."RouteStop.Route.stops.eventType",
      "comments": vars.MAP."RouteStop.Route.stops.comments",
      "accountID": vars.MAP."RouteStop.Route.stops.accountID",
      "company": vars.MAP."RouteStop.Route.stops.company",
      "customerID": vars.MAP."RouteStop.Route.stops.customerID",
      "customerName": vars.MAP."RouteStop.Route.stops.customerName",
      "state": vars.MAP."RouteStop.Route.stops.state",
      "zipCd": vars.MAP."RouteStop.Route.stops.zipCd",
      "city": vars.MAP."RouteStop.Route.stops.city",
      "streetName": vars.MAP."RouteStop.Route.stops.streetName",
      "house": vars.MAP."RouteStop.Route.stops.house",
      "ticketID": payload."RouteStop.Route.stops.ticketID",
      "planServiceDate": payload."RouteStop.Route.stops.planServiceDate",
      "confirmStatus": payload."RouteStop.Route.stops.confirmStatus"
    }
  }
},
"msgHeader": {
  "transactionID": vars.MAP."msgHeader.transactionID"
}
}
]]></ee:set-variable>
			</ee:variables>
		</ee:transform>
    
                                
<ee:transform doc:name="MAP" doc:id="0af093a1-f36b-4a65-9f3f-7a904ab46e8b" >
			<ee:message >
			</ee:message>
			<ee:variables>
				<ee:set-variable variableName="MAP" ><![CDATA[%dw 2.0
output application/json
var value_1 = "call pub.string:substring with args:beginIndex=''0'',endIndex=''3'',"

---
	{"tempService": {
  "svcode": value_1,
  "svdesc": vars.MAP."tempService.svdesc",
  "svqnty": vars.MAP."tempService.svqnty",
  "svcnumber": vars.MAP."tempService.svcnumber",
  "yards": vars.MAP."tempService.yards",
  "srcunique_key": vars.MAP."tempService.srcunique_key"
},
"ticket": vars.MAP."ticket",
"importRoute": {
  "importRoute": {
    "transId": vars.MAP."importRoute.importRoute.transId",
    "site": {
      "site_uniqueid": vars.MAP."importRoute.importRoute.site.site_uniqueid",
      "src_uniqueid": vars.MAP."importRoute.importRoute.site.src_uniqueid",
      "tickets": {
        "route": vars.MAP."importRoute.importRoute.site.tickets.route"
      }
    }
  }
},
"tempTicket": {
  "cusid": vars.MAP."tempTicket.cusid",
  "grid": vars.MAP."tempTicket.grid",
  "event_type": vars.MAP."tempTicket.event_type",
  "commen": vars.MAP."tempTicket.commen",
  "customer": {
    "custunq": vars.MAP."tempTicket.customer.custunq",
    "company": vars.MAP."tempTicket.customer.company",
    "customer": vars.MAP."tempTicket.customer.customer",
    "name": vars.MAP."tempTicket.customer.name"
  },
  "location": {
    "state": vars.MAP."tempTicket.location.state",
    "zipcode": vars.MAP."tempTicket.location.zipcode",
    "city": vars.MAP."tempTicket.location.city",
    "street": vars.MAP."tempTicket.location.street",
    "house": vars.MAP."tempTicket.location.house"
  },
  "ticketNumber": vars.MAP."tempTicket.ticketNumber",
  "planDate": vars.MAP."tempTicket.planDate",
  "cancel": vars.MAP."tempTicket.cancel"
},
"RouteStop": {
  "Route": {
    "stops": {
      "serviceDesc": vars.MAP."RouteStop.Route.stops.serviceDesc",
      "qty": vars.MAP."RouteStop.Route.stops.qty",
      "serviceNum": vars.MAP."RouteStop.Route.stops.serviceNum",
      "yards": vars.MAP."RouteStop.Route.stops.yards",
      "taskId": vars.MAP."RouteStop.Route.stops.taskId",
      "siteID": vars.MAP."RouteStop.Route.stops.siteID",
      "sourceSystem": vars.MAP."RouteStop.Route.stops.sourceSystem",
      "routeID": vars.MAP."RouteStop.Route.stops.routeID",
      "lob": vars.MAP."RouteStop.Route.stops.lob",
      "originalSeqNum": vars.MAP."RouteStop.Route.stops.originalSeqNum",
      "eventType": vars.MAP."RouteStop.Route.stops.eventType",
      "comments": vars.MAP."RouteStop.Route.stops.comments",
      "accountID": vars.MAP."RouteStop.Route.stops.accountID",
      "company": vars.MAP."RouteStop.Route.stops.company",
      "customerID": vars.MAP."RouteStop.Route.stops.customerID",
      "customerName": vars.MAP."RouteStop.Route.stops.customerName",
      "state": vars.MAP."RouteStop.Route.stops.state",
      "zipCd": vars.MAP."RouteStop.Route.stops.zipCd",
      "city": vars.MAP."RouteStop.Route.stops.city",
      "streetName": vars.MAP."RouteStop.Route.stops.streetName",
      "house": vars.MAP."RouteStop.Route.stops.house",
      "ticketID": vars.MAP."RouteStop.Route.stops.ticketID",
      "planServiceDate": vars.MAP."RouteStop.Route.stops.planServiceDate",
      "confirmStatus": vars.MAP."RouteStop.Route.stops.confirmStatus"
    }
  }
},
"msgHeader": {
  "transactionID": vars.MAP."msgHeader.transactionID"
}
}
]]></ee:set-variable>
			</ee:variables>
		</ee:transform>
    
                                <choice doc:name="BRANCH">
                                    <when expression="% /RouteStop/RouteStop:Route/RouteStop:stops/RouteStop:seqNum% = Bulky Item">
                                        
<ee:transform doc:name="MAP" doc:id="0af093a1-f36b-4a65-9f3f-7a904ab46e8b" >
			<ee:message >
			</ee:message>
			<ee:variables>
				<ee:set-variable variableName="MAP" ><![CDATA[%dw 2.0
output application/json
---
	{"tempTicket": {
  "reasonCode": 'TKT'
},
"ticket": vars.MAP."ticket"
}
]]></ee:set-variable>
			</ee:variables>
		</ee:transform>
    
                                    </when>
                                    <when expression="% /RouteStop/RouteStop:Route/RouteStop:stops/RouteStop:seqNum% = Clean">
                                        
<ee:transform doc:name="MAP" doc:id="0af093a1-f36b-4a65-9f3f-7a904ab46e8b" >
			<ee:message >
			</ee:message>
			<ee:variables>
				<ee:set-variable variableName="MAP" ><![CDATA[%dw 2.0
output application/json
---
	{"tempTicket": {
  "reasonCode": 'TKT'
}
}
]]></ee:set-variable>
			</ee:variables>
		</ee:transform>
    
                                    </when>
                                    <when expression="% /RouteStop/RouteStop:Route/RouteStop:stops/RouteStop:seqNum% = Complaint">
                                        
<ee:transform doc:name="MAP" doc:id="0af093a1-f36b-4a65-9f3f-7a904ab46e8b" >
			<ee:message >
			</ee:message>
			<ee:variables>
				<ee:set-variable variableName="MAP" ><![CDATA[%dw 2.0
output application/json
---
	{"tempTicket": {
  "reasonCode": 'TKT'
}
}
]]></ee:set-variable>
			</ee:variables>
		</ee:transform>
    
                                    </when>
                                    <when expression="% /RouteStop/RouteStop:Route/RouteStop:stops/RouteStop:seqNum% = Container">
                                        
<ee:transform doc:name="MAP" doc:id="0af093a1-f36b-4a65-9f3f-7a904ab46e8b" >
			<ee:message >
			</ee:message>
			<ee:variables>
				<ee:set-variable variableName="MAP" ><![CDATA[%dw 2.0
output application/json
---
	{"tempTicket": {
  "reasonCode": 'TKT'
}
}
]]></ee:set-variable>
			</ee:variables>
		</ee:transform>
    
                                    </when>
                                    <when expression="% /RouteStop/RouteStop:Route/RouteStop:stops/RouteStop:seqNum% = Dumpster">
                                        
<ee:transform doc:name="MAP" doc:id="0af093a1-f36b-4a65-9f3f-7a904ab46e8b" >
			<ee:message >
			</ee:message>
			<ee:variables>
				<ee:set-variable variableName="MAP" ><![CDATA[%dw 2.0
output application/json
---
	{"tempTicket": {
  "reasonCode": 'TKT'
}
}
]]></ee:set-variable>
			</ee:variables>
		</ee:transform>
    
                                    </when>
                                    <when expression="% /RouteStop/RouteStop:Route/RouteStop:stops/RouteStop:seqNum% = Missed Service">
                                        
<ee:transform doc:name="MAP" doc:id="0af093a1-f36b-4a65-9f3f-7a904ab46e8b" >
			<ee:message >
			</ee:message>
			<ee:variables>
				<ee:set-variable variableName="MAP" ><![CDATA[%dw 2.0
output application/json
---
	{"tempTicket": {
  "reasonCode": 'TKT'
}
}
]]></ee:set-variable>
			</ee:variables>
		</ee:transform>
    
                                    </when>
                                    <when expression="% /RouteStop/RouteStop:Route/RouteStop:stops/RouteStop:seqNum% = Other">
                                        
<ee:transform doc:name="MAP" doc:id="0af093a1-f36b-4a65-9f3f-7a904ab46e8b" >
			<ee:message >
			</ee:message>
			<ee:variables>
				<ee:set-variable variableName="MAP" ><![CDATA[%dw 2.0
output application/json
---
	{"tempTicket": {
  "reasonCode": 'TKT'
}
}
]]></ee:set-variable>
			</ee:variables>
		</ee:transform>
    
                                    </when>
                                    <when expression="% /RouteStop/RouteStop:Route/RouteStop:stops/RouteStop:seqNum% = Paid Special">
                                        
<ee:transform doc:name="MAP" doc:id="0af093a1-f36b-4a65-9f3f-7a904ab46e8b" >
			<ee:message >
			</ee:message>
			<ee:variables>
				<ee:set-variable variableName="MAP" ><![CDATA[%dw 2.0
output application/json
---
	{"tempTicket": {
  "reasonCode": 'TKT'
}
}
]]></ee:set-variable>
			</ee:variables>
		</ee:transform>
    
                                    </when>
                                    <when expression="% /RouteStop/RouteStop:Route/RouteStop:stops/RouteStop:seqNum% = Performance Fee">
                                        
<ee:transform doc:name="MAP" doc:id="0af093a1-f36b-4a65-9f3f-7a904ab46e8b" >
			<ee:message >
			</ee:message>
			<ee:variables>
				<ee:set-variable variableName="MAP" ><![CDATA[%dw 2.0
output application/json
---
	{"tempTicket": {
  "reasonCode": 'TKT'
}
}
]]></ee:set-variable>
			</ee:variables>
		</ee:transform>
    
                                    </when>
                                    <otherwise>
                                        
<ee:transform doc:name="MAP" doc:id="0af093a1-f36b-4a65-9f3f-7a904ab46e8b" >
			<ee:message >
			</ee:message>
			<ee:variables>
				<ee:set-variable variableName="MAP" ><![CDATA[%dw 2.0
output application/json
---
	{}
]]></ee:set-variable>
			</ee:variables>
		</ee:transform>
    
                                    </otherwise>
                                </choice>
                                <choice doc:name="BRANCH">
                                    <when expression="%RouteStop/RouteStop:Route/RouteStop:stops/RouteStop:note% == 'H'">
                                        
<ee:transform doc:name="MAP" doc:id="0af093a1-f36b-4a65-9f3f-7a904ab46e8b" >
			<ee:message >
			</ee:message>
			<ee:variables>
				<ee:set-variable variableName="MAP" ><![CDATA[%dw 2.0
output application/json
---
	{"tempTicket": {
  "hotCustomer": 'Y'
},
"ticket": vars.MAP."ticket"
}
]]></ee:set-variable>
			</ee:variables>
		</ee:transform>
    
                                    </when>
                                    <when expression="%RouteStop/RouteStop:Route/RouteStop:stops/RouteStop:note% == '' || %RouteStop/RouteStop:Route/RouteStop:stops/RouteStop:note% == $Null">
                                        
<ee:transform doc:name="MAP" doc:id="0af093a1-f36b-4a65-9f3f-7a904ab46e8b" >
			<ee:message >
			</ee:message>
			<ee:variables>
				<ee:set-variable variableName="MAP" ><![CDATA[%dw 2.0
output application/json
---
	{"tempTicket": {
  "hotCustomer": 'N'
},
"ticket": vars.MAP."ticket"
}
]]></ee:set-variable>
			</ee:variables>
		</ee:transform>
    
                                    </when>
                                    <otherwise>
                                        
<ee:transform doc:name="MAP" doc:id="0af093a1-f36b-4a65-9f3f-7a904ab46e8b" >
			<ee:message >
			</ee:message>
			<ee:variables>
				<ee:set-variable variableName="MAP" ><![CDATA[%dw 2.0
output application/json
---
	{"tempTicket": {
  "hotCustomer": 'N'
},
"ticket": vars.MAP."ticket"
}
]]></ee:set-variable>
			</ee:variables>
		</ee:transform>
    
                                    </otherwise>
                                </choice>
                                
<ee:transform doc:name="MAP" doc:id="0af093a1-f36b-4a65-9f3f-7a904ab46e8b" >
			<ee:message >
			</ee:message>
			<ee:variables>
				<ee:set-variable variableName="MAP" ><![CDATA[%dw 2.0
output application/json
var toList_1 = "call pub.list:appendToDocumentList with args:"

---
	{"tempTicket": {
  "services": toList_1
},
"ticket": vars.MAP."ticket"
}
]]></ee:set-variable>
			</ee:variables>
		</ee:transform>
    
                                
<ee:transform doc:name="MAP" doc:id="0af093a1-f36b-4a65-9f3f-7a904ab46e8b" >
			<ee:message >
			</ee:message>
			<ee:variables>
				<ee:set-variable variableName="MAP" ><![CDATA[%dw 2.0
output application/json
---
	{"tempTicket": {
  "services": vars.MAP."tempService"
},
"ticket": vars.MAP."ticket"
}
]]></ee:set-variable>
			</ee:variables>
		</ee:transform>
    
                                <logger doc:id="wznimula-eadc-40b9-98cc-268d14076da0" doc:name="wm_common.utils:addToList" level="INFO"/>
                            </foreach>
                            <logger doc:id="vhtwxozt-eadc-40b9-98cc-268d14076da0" doc:name="wm_common.utils:listToArray" level="INFO"/>
                            
<ee:transform doc:name="MAP" doc:id="0af093a1-f36b-4a65-9f3f-7a904ab46e8b" >
			<ee:message >
			</ee:message>
			<ee:variables>
				<ee:set-variable variableName="MAP" ><![CDATA[%dw 2.0
output application/json
---
	{"importRoute": {
  "importRoute": {
    "site": {
      "tickets": {
        "ticket": payload."ticket(1)"
      }
    }
  }
},
"ticket": vars."wm_common-utils-listToArray"."ticket",
"ticket(1)": vars."wm_common-utils-listToArray"."ticket(1)"
}
]]></ee:set-variable>
			</ee:variables>
		</ee:transform>
    
                        </try>
                    </when>
                    <otherwise>
                        <try doc:name="SEQUENCE"/>
                    </otherwise>
                </choice>
            </try>
            <try doc:name="SEQUENCE">
                <logger doc:id="lvuskwzj-eadc-40b9-98cc-268d14076da0" doc:name="pub.flow:getLastError" level="INFO"/>
                <logger doc:id="ujvmcdby-eadc-40b9-98cc-268d14076da0" doc:name="wm_errorhandling.utils:getCallingService" level="INFO"/>
                <logger doc:id="bddicznh-eadc-40b9-98cc-268d14076da0" doc:name="wm_errorhandling.svcs.flowsvcs:createErrorMsg_FW1" level="INFO"/>
                <logger doc:id="chvtuapj-eadc-40b9-98cc-268d14076da0" doc:name="EXIT" level="INFO"/>
            </try>
        </try>
    </flow>
</mule>
