<?xml version="1.0" encoding="UTF-8"?><mule xmlns="http://www.mulesoft.org/schema/mule/core" xmlns:db="http://www.mulesoft.org/schema/mule/db" xmlns:doc="http://www.mulesoft.org/schema/mule/documentation" xmlns:ee="http://www.mulesoft.org/schema/mule/ee/core" xmlns:xsi="http://www.w3.org/2001/XMLSchema-instance" xsi:schemaLocation="http://www.mulesoft.org/schema/mule/core http://www.mulesoft.org/schema/mule/core/current/mule.xsd http://www.mulesoft.org/schema/mule/ee/core http://www.mulesoft.org/schema/mule/ee/core/current/mule-ee.xsd http://www.mulesoft.org/schema/mule/db http://www.mulesoft.org/schema/mule/db/current/mule-db.xsd">
    <flow doc:id="vwrdejdw-eadc-40b9-98cc-268d14076da0" name="wm_ocs-svcs-inbound-flowsvcs-mapServiceExceptionsForNoCache">
        <try doc:name="SEQUENCE">
            <try doc:name="SEQUENCE">
                
<ee:transform doc:name="MAP" doc:id="0af093a1-f36b-4a65-9f3f-7a904ab46e8b" >
			<ee:message >
			</ee:message>
			<ee:variables>
				<ee:set-variable variableName="MAP" ><![CDATA[%dw 2.0
output application/json
var value_1 = "call wm_common.config:getCustParam with args:name=''' ++ vars.MAP.EsbMsgHeader:msgHeader.EsbMsgHeader:source.EsbMsgHeader:msgSourceCd ++ '_jdbcalias_' ++ vars.MAP.type ++ '_' ++ vars.MAP.EsbMsgHeader:msgHeader.EsbMsgHeader:source.EsbMsgHeader:requestedEnv '',"

---
	{"jdbcConnName": value_1,
"If-Modified-Since": payload."If-Modified-Since",
"Accept": payload."Accept",
"fields": payload."fields",
"limit": payload."limit",
"custServicePkey": payload."custServicePkey",
"custOrderPkey": payload."custOrderPkey",
"configFileName": payload."configFileName"
}
]]></ee:set-variable>
			</ee:variables>
		</ee:transform>
    
                <choice doc:name="BRANCH">
                    <when expression="% /fields% = /[^ ]/">
                        <try doc:name="SEQUENCE">
                            <choice doc:name="BRANCH">
                                <when expression="% /limit% = /[^ ]/">
                                    <try doc:name="SEQUENCE">
                                        <db:select config-ref="wm_ocs.conn:JDBC_CONN_OCSD_CAAG_USER" doc:id="vlpizcgo-eadc-40b9-98cc-268d14076da0" doc:name="wm_ocs.svcs.inbound.adptrsvcs:getServiceExceptions" target="wm_ocs.svcs.inbound.adptrsvcs:getserviceexceptions">
                                            <db:sql>SELECT   NVL ( NULLIF (NVL (T.ROUTEORDER.DRIVER.lastname, '')||', ', NVL (T.ROUTEORDER.DRIVER.lastname, '')) || NULLIF (NVL (T.ROUTEORDER.DRIVER.firstname, '')||' ', NVL (T.ROUTEORDER.DRIVER.firstname, '')) || NVL (T.ROUTEORDER.DRIVER.middlename, ''),  '--')&#13;
                DRIVERNAME,&#13;
         NVL ( DECODE (O.NEGCONFIRM, 'X', 'CONFIRMED NEGATIVE', '', 'CONFIRMED POSITIVE','U' ,'IN PROGRESS', O.NEGCONFIRM),'--') &#13;
            CONTAINERSTATUS,&#13;
         NVL ( TP.TEXT, '--') &#13;
                EXCEPTIONCODE,&#13;
         NVL ( FR.TEXT1 || FR.TEXT2, '--') &#13;
                DRIVERCOMMENTS,&#13;
        (SELECT NVL ( LISTAGG (COMMENTS, CHR (10))WITHIN GROUP (ORDER BY SEQUENCE_NUM),'--') FROM OCS_ADMIN.TP_CO_HOCCOMMENT HCOMMENT WHERE HCOMMENT.FK_CUSTOMERORDER = T.PKEY AND DISPATCHER_ID &lt;&gt; 'DRV' AND &#13;
        DISPATCHER_ID &lt;&gt; 'RCV'&#13;
        ) &#13;
                DISPATCHERCOMMENTS,&#13;
         NVL ( TOI.IMAGE_LOCATION, '--') &#13;
                IMAGELOCATION,&#13;
         NVL ( O.OBUIMAGETRANSID, '--') &#13;
                TRANSACTIONID,&#13;
         NVL ( TO_CHAR (TOI.PKEY), '--') &#13;
                OBUIMAGEDATAPKEY,&#13;
         NVL ( TO_CHAR (TOI.IMAGE_STAMP), '--') &#13;
                IMAGETIMESTAMP,&#13;
         NVL ( TO_CHAR (S.QUANTITY), '--') &#13;
                NUMOFCONTAINERS,            &#13;
          NVL ( TOI1.IMAGE_LOCATION, '--') &#13;
                IMAGELOCATION2,&#13;
         NVL ( O.OBUIMAGETRANSID, '--') &#13;
                 TRANSACTIONID2,&#13;
         NVL ( TO_CHAR (TOI1.PKEY), '--') &#13;
                OBUIMAGEDATAPKEY2,&#13;
         NVL ( TO_CHAR (TOI1.IMAGE_STAMP), '--') &#13;
                IMAGETIMESTAMP2,&#13;
         NVL ( TP1.ID, '--')  RECOVERYPLANCODE,     &#13;
         NVL(HREC.RECOVERYTYPE, '--') &#13;
         RECOVERYTYPE,&#13;
         NVL ( TO_CHAR (HREC.RECOVERYDATE), '--') &#13;
         RECOVERYDATE,&#13;
         NVL(HREC.UNABLETOCONTACT, '--')&#13;
         UNABLETOCONTACT ,&#13;
         NVL(HREC.CUSTOMERNAME, '--') CUSTOMERNAME ,&#13;
         NVL(HREC.CUSTOMERPHONE, '--') CUSTOMERPHONE, &#13;
         NVL(RECRO.ID ,'--') ROUTEID &#13;
    FROM OCS_ADMIN.VP_CUSTOMERORDER T&#13;
         INNER JOIN OCS_ADMIN.TN_CUSTOMERSERVICE S ON  T.PKEY = S.FK_CUSTOMERORDER&#13;
         LEFT OUTER JOIN OCS_ADMIN.TP_CO_HAULCALL O   ON  &#13;
                                                          &#13;
                                                          T.PKEY = O.FK_CUSTOMERORDER&#13;
                                                            AND (O.FK_CUSTOMERSERVICE IS NULL OR S.PKEY = O.FK_CUSTOMERSERVICE)&#13;
                                                          AND O.FK_VEHICLE IS NOT NULL                                                        &#13;
         LEFT OUTER JOIN OCS_ADMIN.TP_FREEFORMDATA FR   ON  FR.PKEY = O.fk_FREEFORMDATA&#13;
         LEFT OUTER JOIN OCS_ADMIN.TP_TEMPLATE TP   ON  TP.PKEY = O.FK_HAULCALL&#13;
         LEFT OUTER JOIN OCS_ADMIN.TP_OBUIMAGEDATA TOI  ON  TOI.TRANSID = O.OBUIMAGETRANSID&#13;
         LEFT OUTER JOIN OCS_ADMIN.TP_OBUIMAGEDATA TOI1  ON  TOI1.TRANSID = O.OBUIMAGETRANSID2&#13;
         LEFT OUTER JOIN OCS_ADMIN.TP_CO_HOCRECOVERY HREC ON HREC.FK_CUSTOMERORDER=T.PKEY                                                            &#13;
         LEFT OUTER JOIN OCS_ADMIN.TP_TEMPLATE TP1   ON  TP1.PKEY = HREC.FK_RECOVERYPLANCODE&#13;
         LEFT OUTER JOIN OCS_ADMIN.TP_ROUTE RECRO ON  RECRO.PKEY = HREC.FK_RECOVERYROUTE       &#13;
         WHERE T.PKEY =?                               -- CUSTOMER ORDER PKEY&#13;
         AND S.PKEY = ?                             -- CUSTOMER SERVICE PKEY                              &#13;
ORDER BY T.ROUTEORDER.ORDERDATE  DESC</db:sql>
                                            <db:input-parameters/>
                                        </db:select>
                                        <set-payload doc:id="hbyxkuiw-eadc-40b9-98cc-268d14076da0" doc:name="Set Payload" name="set_payload" value="#[payload]"/>
                                        <foreach collection="#[payload]" doc:id="aajpkyzo-eadc-40b9-98cc-268d14076da0" doc:name="LOOP" name="LOOP">
                                            <choice doc:name="BRANCH">
                                                <when expression="%getServiceExceptionsOutput/results/IMAGELOCATION%!= '--'">
                                                    <try doc:name="SEQUENCE">
                                                        
<ee:transform doc:name="MAP" doc:id="0af093a1-f36b-4a65-9f3f-7a904ab46e8b" >
			<ee:message >
			</ee:message>
			<ee:variables>
				<ee:set-variable variableName="MAP" ><![CDATA[%dw 2.0
output application/json
---
	{"photos": {
  "location": payload."getServiceExceptionsOutput.results.IMAGELOCATION",
  "id": payload."getServiceExceptionsOutput.results.TRANSACTIONID",
  "date": payload."getServiceExceptionsOutput.results.IMAGETIMESTAMP"
},
"If-Modified-Since": vars."wm_ocs-svcs-inbound-adptrsvcs-getServiceExceptions"."If-Modified-Since",
"Accept": vars."wm_ocs-svcs-inbound-adptrsvcs-getServiceExceptions"."Accept",
"count": vars."wm_ocs-svcs-inbound-adptrsvcs-getServiceExceptions"."count",
"fields": vars."wm_ocs-svcs-inbound-adptrsvcs-getServiceExceptions"."fields",
"limit": vars."wm_ocs-svcs-inbound-adptrsvcs-getServiceExceptions"."limit",
"location": payload."location",
"id": payload."id",
"date": payload."date",
"serviceExpCount": payload."serviceExpCount",
"DRIVERNAME": payload."DRIVERNAME",
"CONTAINERSTATUS": payload."CONTAINERSTATUS",
"EXCEPTIONCODE": payload."EXCEPTIONCODE",
"DRIVERCOMMENTS": payload."DRIVERCOMMENTS",
"DISPATCHERCOMMENTS": payload."DISPATCHERCOMMENTS",
"IMAGELOCATION": payload."IMAGELOCATION",
"TRANSACTIONID": payload."TRANSACTIONID",
"OBUIMAGEDATAPKEY": payload."OBUIMAGEDATAPKEY",
"IMAGETIMESTAMP": payload."IMAGETIMESTAMP",
"NUMOFCONTAINERS": payload."NUMOFCONTAINERS",
"IMAGELOCATION2": payload."IMAGELOCATION2",
"TRANSACTIONID2": payload."TRANSACTIONID2",
"OBUIMAGEDATAPKEY2": payload."OBUIMAGEDATAPKEY2",
"IMAGETIMESTAMP2": payload."IMAGETIMESTAMP2",
"RECOVERYPLANCODE": payload."RECOVERYPLANCODE",
"RECOVERYTYPE": payload."RECOVERYTYPE",
"RECOVERYDATE": payload."RECOVERYDATE",
"UNABLETOCONTACT": payload."UNABLETOCONTACT",
"CUSTOMERNAME": payload."CUSTOMERNAME",
"CUSTOMERPHONE": payload."CUSTOMERPHONE",
"RECROUTEID": payload."RECROUTEID",
"getServiceExceptionsOutput": {
  "results": {
    "IMAGELOCATION": payload."getServiceExceptionsOutput.results.IMAGELOCATION",
    "TRANSACTIONID": payload."getServiceExceptionsOutput.results.TRANSACTIONID",
    "IMAGETIMESTAMP": payload."getServiceExceptionsOutput.results.IMAGETIMESTAMP"
  }
}
}
]]></ee:set-variable>
			</ee:variables>
		</ee:transform>
    
                                                        
<ee:transform doc:name="MAP" doc:id="0af093a1-f36b-4a65-9f3f-7a904ab46e8b" >
			<ee:message >
			</ee:message>
			<ee:variables>
				<ee:set-variable variableName="MAP" ><![CDATA[%dw 2.0
output application/json
var toList_1 = "call pub.list:appendToDocumentList with args:"

---
	{"images": toList_1,
"If-Modified-Since": vars.MAP."If-Modified-Since",
"Accept": vars.MAP."Accept",
"fields": vars.MAP."fields",
"limit": vars.MAP."limit",
"count": vars.MAP."count",
"location": vars.MAP."location",
"id": vars.MAP."id",
"date": vars.MAP."date"
}
]]></ee:set-variable>
			</ee:variables>
		</ee:transform>
    
                                                    </try>
                                                </when>
                                            </choice>
                                            <choice doc:name="BRANCH">
                                                <when expression="%getServiceExceptionsOutput/results/IMAGELOCATION2%!='--'">
                                                    <try doc:name="SEQUENCE">
                                                        
<ee:transform doc:name="MAP" doc:id="0af093a1-f36b-4a65-9f3f-7a904ab46e8b" >
			<ee:message >
			</ee:message>
			<ee:variables>
				<ee:set-variable variableName="MAP" ><![CDATA[%dw 2.0
output application/json
---
	{"photos": {
  "location": vars.MAP."getServiceExceptionsOutput.results.IMAGELOCATION2",
  "id": vars.MAP."getServiceExceptionsOutput.results.TRANSACTIONID2",
  "date": vars.MAP."getServiceExceptionsOutput.results.IMAGETIMESTAMP2"
},
"If-Modified-Since": vars.MAP."If-Modified-Since",
"Accept": vars.MAP."Accept",
"count": vars.MAP."count",
"fields": vars.MAP."fields",
"limit": vars.MAP."limit",
"location": vars.MAP."location",
"id": vars.MAP."id",
"date": vars.MAP."date",
"serviceExpCount": vars.MAP."serviceExpCount",
"DRIVERNAME": vars.MAP."DRIVERNAME",
"CONTAINERSTATUS": vars.MAP."CONTAINERSTATUS",
"EXCEPTIONCODE": vars.MAP."EXCEPTIONCODE",
"DRIVERCOMMENTS": vars.MAP."DRIVERCOMMENTS",
"DISPATCHERCOMMENTS": vars.MAP."DISPATCHERCOMMENTS",
"IMAGELOCATION": vars.MAP."IMAGELOCATION",
"TRANSACTIONID": vars.MAP."TRANSACTIONID",
"OBUIMAGEDATAPKEY": vars.MAP."OBUIMAGEDATAPKEY",
"IMAGETIMESTAMP": vars.MAP."IMAGETIMESTAMP",
"NUMOFCONTAINERS": vars.MAP."NUMOFCONTAINERS",
"IMAGELOCATION2": vars.MAP."IMAGELOCATION2",
"TRANSACTIONID2": vars.MAP."TRANSACTIONID2",
"OBUIMAGEDATAPKEY2": vars.MAP."OBUIMAGEDATAPKEY2",
"IMAGETIMESTAMP2": vars.MAP."IMAGETIMESTAMP2",
"RECOVERYPLANCODE": vars.MAP."RECOVERYPLANCODE",
"RECOVERYTYPE": vars.MAP."RECOVERYTYPE",
"RECOVERYDATE": vars.MAP."RECOVERYDATE",
"UNABLETOCONTACT": vars.MAP."UNABLETOCONTACT",
"CUSTOMERNAME": vars.MAP."CUSTOMERNAME",
"CUSTOMERPHONE": vars.MAP."CUSTOMERPHONE",
"RECROUTEID": vars.MAP."RECROUTEID",
"getServiceExceptionsOutput": {
  "results": {
    "IMAGELOCATION2": payload."getServiceExceptionsOutput.results.IMAGELOCATION2",
    "TRANSACTIONID2": payload."getServiceExceptionsOutput.results.TRANSACTIONID2",
    "IMAGETIMESTAMP2": payload."getServiceExceptionsOutput.results.IMAGETIMESTAMP2"
  }
}
}
]]></ee:set-variable>
			</ee:variables>
		</ee:transform>
    
                                                        
<ee:transform doc:name="MAP" doc:id="0af093a1-f36b-4a65-9f3f-7a904ab46e8b" >
			<ee:message >
			</ee:message>
			<ee:variables>
				<ee:set-variable variableName="MAP" ><![CDATA[%dw 2.0
output application/json
var toList_1 = "call pub.list:appendToDocumentList with args:"

---
	{"images": toList_1,
"If-Modified-Since": vars.MAP."If-Modified-Since",
"Accept": vars.MAP."Accept",
"fields": vars.MAP."fields",
"limit": vars.MAP."limit",
"count": vars.MAP."count",
"location": vars.MAP."location",
"id": vars.MAP."id",
"date": vars.MAP."date"
}
]]></ee:set-variable>
			</ee:variables>
		</ee:transform>
    
                                                    </try>
                                                </when>
                                            </choice>
                                            
<ee:transform doc:name="MAP" doc:id="0af093a1-f36b-4a65-9f3f-7a904ab46e8b" >
			<ee:message >
			</ee:message>
			<ee:variables>
				<ee:set-variable variableName="MAP" ><![CDATA[%dw 2.0
output application/json
---
	{"exception_temp": {
  "container_status": payload."getServiceExceptionsOutput.results.CONTAINERSTATUS",
  "code": payload."getServiceExceptionsOutput.results.EXCEPTIONCODE",
  "driver_comments": payload."getServiceExceptionsOutput.results.DRIVERCOMMENTS",
  "driver_name": payload."getServiceExceptionsOutput.results.DRIVERNAME",
  "images": payload."images"
},
"If-Modified-Since": vars.MAP."If-Modified-Since",
"Accept": vars.MAP."Accept",
"count": vars.MAP."count",
"fields": vars.MAP."fields",
"limit": vars.MAP."limit",
"driver_name": payload."driver_name",
"container_status": payload."container_status",
"code": payload."code",
"driver_comments": payload."driver_comments",
"serviceExpCount": vars.MAP."serviceExpCount",
"DRIVERNAME": vars.MAP."DRIVERNAME",
"CONTAINERSTATUS": vars.MAP."CONTAINERSTATUS",
"EXCEPTIONCODE": vars.MAP."EXCEPTIONCODE",
"DRIVERCOMMENTS": vars.MAP."DRIVERCOMMENTS",
"DISPATCHERCOMMENTS": vars.MAP."DISPATCHERCOMMENTS",
"IMAGELOCATION": vars.MAP."IMAGELOCATION",
"TRANSACTIONID": vars.MAP."TRANSACTIONID",
"OBUIMAGEDATAPKEY": vars.MAP."OBUIMAGEDATAPKEY",
"IMAGETIMESTAMP": vars.MAP."IMAGETIMESTAMP",
"NUMOFCONTAINERS": vars.MAP."NUMOFCONTAINERS",
"IMAGELOCATION2": vars.MAP."IMAGELOCATION2",
"TRANSACTIONID2": vars.MAP."TRANSACTIONID2",
"OBUIMAGEDATAPKEY2": vars.MAP."OBUIMAGEDATAPKEY2",
"IMAGETIMESTAMP2": vars.MAP."IMAGETIMESTAMP2",
"RECOVERYPLANCODE": vars.MAP."RECOVERYPLANCODE",
"RECOVERYTYPE": vars.MAP."RECOVERYTYPE",
"RECOVERYDATE": vars.MAP."RECOVERYDATE",
"UNABLETOCONTACT": vars.MAP."UNABLETOCONTACT",
"CUSTOMERNAME": vars.MAP."CUSTOMERNAME",
"CUSTOMERPHONE": vars.MAP."CUSTOMERPHONE",
"RECROUTEID": vars.MAP."RECROUTEID",
"getServiceExceptionsOutput": {
  "results": {
    "CONTAINERSTATUS": payload."getServiceExceptionsOutput.results.CONTAINERSTATUS",
    "EXCEPTIONCODE": payload."getServiceExceptionsOutput.results.EXCEPTIONCODE",
    "DRIVERCOMMENTS": payload."getServiceExceptionsOutput.results.DRIVERCOMMENTS",
    "DRIVERNAME": payload."getServiceExceptionsOutput.results.DRIVERNAME"
  }
}
}
]]></ee:set-variable>
			</ee:variables>
		</ee:transform>
    
                                            
<ee:transform doc:name="MAP" doc:id="0af093a1-f36b-4a65-9f3f-7a904ab46e8b" >
			<ee:message >
			</ee:message>
			<ee:variables>
				<ee:set-variable variableName="MAP" ><![CDATA[%dw 2.0
output application/json
var toList_1 = "call pub.list:appendToDocumentList with args:"

---
	{"services": {
  "exceptions": toList_1
},
"If-Modified-Since": vars.MAP."If-Modified-Since",
"Accept": vars.MAP."Accept",
"fields": vars.MAP."fields",
"limit": vars.MAP."limit",
"count": vars.MAP."count",
"driver_name": vars.MAP."driver_name",
"container_status": vars.MAP."container_status",
"code": vars.MAP."code",
"driver_comments": vars.MAP."driver_comments"
}
]]></ee:set-variable>
			</ee:variables>
		</ee:transform>
    
                                        </foreach>
                                        
<ee:transform doc:name="MAP" doc:id="0af093a1-f36b-4a65-9f3f-7a904ab46e8b" >
			<ee:message >
			</ee:message>
			<ee:variables>
				<ee:set-variable variableName="MAP" ><![CDATA[%dw 2.0
output application/json
---
	{"services": {
  "number_of_containers": payload."getServiceExceptionsOutput.results[0].NUMOFCONTAINERS"
},
"If-Modified-Since": vars.MAP."If-Modified-Since",
"Accept": vars.MAP."Accept",
"fields": vars.MAP."fields",
"limit": vars.MAP."limit",
"count": vars.MAP."count",
"serviceExpCount": vars.MAP."serviceExpCount",
"DRIVERNAME": vars.MAP."DRIVERNAME",
"CONTAINERSTATUS": vars.MAP."CONTAINERSTATUS",
"EXCEPTIONCODE": vars.MAP."EXCEPTIONCODE",
"DRIVERCOMMENTS": vars.MAP."DRIVERCOMMENTS",
"DISPATCHERCOMMENTS": vars.MAP."DISPATCHERCOMMENTS",
"IMAGELOCATION": vars.MAP."IMAGELOCATION",
"TRANSACTIONID": vars.MAP."TRANSACTIONID",
"OBUIMAGEDATAPKEY": vars.MAP."OBUIMAGEDATAPKEY",
"IMAGETIMESTAMP": vars.MAP."IMAGETIMESTAMP",
"NUMOFCONTAINERS": vars.MAP."NUMOFCONTAINERS",
"IMAGELOCATION2": vars.MAP."IMAGELOCATION2",
"TRANSACTIONID2": vars.MAP."TRANSACTIONID2",
"OBUIMAGEDATAPKEY2": vars.MAP."OBUIMAGEDATAPKEY2",
"IMAGETIMESTAMP2": vars.MAP."IMAGETIMESTAMP2",
"RECOVERYPLANCODE": vars.MAP."RECOVERYPLANCODE",
"RECOVERYTYPE": vars.MAP."RECOVERYTYPE",
"RECOVERYDATE": vars.MAP."RECOVERYDATE",
"UNABLETOCONTACT": vars.MAP."UNABLETOCONTACT",
"CUSTOMERNAME": vars.MAP."CUSTOMERNAME",
"CUSTOMERPHONE": vars.MAP."CUSTOMERPHONE",
"RECROUTEID": vars.MAP."RECROUTEID",
"getServiceExceptionsOutput": {
  "results": payload."getServiceExceptionsOutput.results"
}
}
]]></ee:set-variable>
			</ee:variables>
		</ee:transform>
    
                                    </try>
                                </when>
                                <otherwise>
                                    <try doc:name="SEQUENCE">
                                        <db:select config-ref="wm_ocs.conn:JDBC_CONN_OCSD_CAAG_USER" doc:id="koinqthr-eadc-40b9-98cc-268d14076da0" doc:name="wm_ocs.svcs.inbound.adptrsvcs:getServiceExceptions" target="wm_ocs.svcs.inbound.adptrsvcs:getserviceexceptions">
                                            <db:sql>SELECT   NVL ( NULLIF (NVL (T.ROUTEORDER.DRIVER.lastname, '')||', ', NVL (T.ROUTEORDER.DRIVER.lastname, '')) || NULLIF (NVL (T.ROUTEORDER.DRIVER.firstname, '')||' ', NVL (T.ROUTEORDER.DRIVER.firstname, '')) || NVL (T.ROUTEORDER.DRIVER.middlename, ''),  '--')&#13;
                DRIVERNAME,&#13;
         NVL ( DECODE (O.NEGCONFIRM, 'X', 'CONFIRMED NEGATIVE', '', 'CONFIRMED POSITIVE','U' ,'IN PROGRESS', O.NEGCONFIRM),'--') &#13;
            CONTAINERSTATUS,&#13;
         NVL ( TP.TEXT, '--') &#13;
                EXCEPTIONCODE,&#13;
         NVL ( FR.TEXT1 || FR.TEXT2, '--') &#13;
                DRIVERCOMMENTS,&#13;
        (SELECT NVL ( LISTAGG (COMMENTS, CHR (10))WITHIN GROUP (ORDER BY SEQUENCE_NUM),'--') FROM OCS_ADMIN.TP_CO_HOCCOMMENT HCOMMENT WHERE HCOMMENT.FK_CUSTOMERORDER = T.PKEY AND DISPATCHER_ID &lt;&gt; 'DRV' AND &#13;
        DISPATCHER_ID &lt;&gt; 'RCV'&#13;
        ) &#13;
                DISPATCHERCOMMENTS,&#13;
         NVL ( TOI.IMAGE_LOCATION, '--') &#13;
                IMAGELOCATION,&#13;
         NVL ( O.OBUIMAGETRANSID, '--') &#13;
                TRANSACTIONID,&#13;
         NVL ( TO_CHAR (TOI.PKEY), '--') &#13;
                OBUIMAGEDATAPKEY,&#13;
         NVL ( TO_CHAR (TOI.IMAGE_STAMP), '--') &#13;
                IMAGETIMESTAMP,&#13;
         NVL ( TO_CHAR (S.QUANTITY), '--') &#13;
                NUMOFCONTAINERS,            &#13;
          NVL ( TOI1.IMAGE_LOCATION, '--') &#13;
                IMAGELOCATION2,&#13;
         NVL ( O.OBUIMAGETRANSID, '--') &#13;
                 TRANSACTIONID2,&#13;
         NVL ( TO_CHAR (TOI1.PKEY), '--') &#13;
                OBUIMAGEDATAPKEY2,&#13;
         NVL ( TO_CHAR (TOI1.IMAGE_STAMP), '--') &#13;
                IMAGETIMESTAMP2,&#13;
         NVL ( TP1.ID, '--')  RECOVERYPLANCODE,     &#13;
         NVL(HREC.RECOVERYTYPE, '--') &#13;
         RECOVERYTYPE,&#13;
         NVL ( TO_CHAR (HREC.RECOVERYDATE), '--') &#13;
         RECOVERYDATE,&#13;
         NVL(HREC.UNABLETOCONTACT, '--')&#13;
         UNABLETOCONTACT ,&#13;
         NVL(HREC.CUSTOMERNAME, '--') CUSTOMERNAME ,&#13;
         NVL(HREC.CUSTOMERPHONE, '--') CUSTOMERPHONE, &#13;
         NVL(RECRO.ID ,'--') ROUTEID &#13;
    FROM OCS_ADMIN.VP_CUSTOMERORDER T&#13;
         INNER JOIN OCS_ADMIN.TN_CUSTOMERSERVICE S ON  T.PKEY = S.FK_CUSTOMERORDER&#13;
         LEFT OUTER JOIN OCS_ADMIN.TP_CO_HAULCALL O   ON  &#13;
                                                          &#13;
                                                          T.PKEY = O.FK_CUSTOMERORDER&#13;
                                                            AND (O.FK_CUSTOMERSERVICE IS NULL OR S.PKEY = O.FK_CUSTOMERSERVICE)&#13;
                                                          AND O.FK_VEHICLE IS NOT NULL                                                        &#13;
         LEFT OUTER JOIN OCS_ADMIN.TP_FREEFORMDATA FR   ON  FR.PKEY = O.fk_FREEFORMDATA&#13;
         LEFT OUTER JOIN OCS_ADMIN.TP_TEMPLATE TP   ON  TP.PKEY = O.FK_HAULCALL&#13;
         LEFT OUTER JOIN OCS_ADMIN.TP_OBUIMAGEDATA TOI  ON  TOI.TRANSID = O.OBUIMAGETRANSID&#13;
         LEFT OUTER JOIN OCS_ADMIN.TP_OBUIMAGEDATA TOI1  ON  TOI1.TRANSID = O.OBUIMAGETRANSID2&#13;
         LEFT OUTER JOIN OCS_ADMIN.TP_CO_HOCRECOVERY HREC ON HREC.FK_CUSTOMERORDER=T.PKEY                                                            &#13;
         LEFT OUTER JOIN OCS_ADMIN.TP_TEMPLATE TP1   ON  TP1.PKEY = HREC.FK_RECOVERYPLANCODE&#13;
         LEFT OUTER JOIN OCS_ADMIN.TP_ROUTE RECRO ON  RECRO.PKEY = HREC.FK_RECOVERYROUTE       &#13;
         WHERE T.PKEY =?                               -- CUSTOMER ORDER PKEY&#13;
         AND S.PKEY = ?                             -- CUSTOMER SERVICE PKEY                              &#13;
ORDER BY T.ROUTEORDER.ORDERDATE  DESC</db:sql>
                                            <db:input-parameters/>
                                        </db:select>
                                        <set-payload doc:id="pqtjtnzw-eadc-40b9-98cc-268d14076da0" doc:name="Set Payload" name="set_payload" value="#[payload]"/>
                                        <foreach collection="#[payload]" doc:id="oxoilxju-eadc-40b9-98cc-268d14076da0" doc:name="LOOP" name="LOOP">
                                            <choice doc:name="BRANCH">
                                                <when expression="%getServiceExceptionsOutput/results/IMAGELOCATION%!= '--'">
                                                    <try doc:name="SEQUENCE">
                                                        
<ee:transform doc:name="MAP" doc:id="0af093a1-f36b-4a65-9f3f-7a904ab46e8b" >
			<ee:message >
			</ee:message>
			<ee:variables>
				<ee:set-variable variableName="MAP" ><![CDATA[%dw 2.0
output application/json
---
	{"photos": {
  "location": vars.MAP."getServiceExceptionsOutput.results.IMAGELOCATION",
  "id": vars.MAP."getServiceExceptionsOutput.results.TRANSACTIONID",
  "date": vars.MAP."getServiceExceptionsOutput.results.IMAGETIMESTAMP"
},
"If-Modified-Since": vars."wm_ocs-svcs-inbound-adptrsvcs-getServiceExceptions"."If-Modified-Since",
"Accept": vars."wm_ocs-svcs-inbound-adptrsvcs-getServiceExceptions"."Accept",
"count": vars."wm_ocs-svcs-inbound-adptrsvcs-getServiceExceptions"."count",
"fields": vars."wm_ocs-svcs-inbound-adptrsvcs-getServiceExceptions"."fields",
"limit": vars."wm_ocs-svcs-inbound-adptrsvcs-getServiceExceptions"."limit",
"location": vars.MAP."location",
"id": vars.MAP."id",
"date": vars.MAP."date",
"serviceExpCount": vars."wm_ocs-svcs-inbound-adptrsvcs-getServiceExceptions"."serviceExpCount",
"DRIVERNAME": vars."wm_ocs-svcs-inbound-adptrsvcs-getServiceExceptions"."DRIVERNAME",
"CONTAINERSTATUS": vars."wm_ocs-svcs-inbound-adptrsvcs-getServiceExceptions"."CONTAINERSTATUS",
"EXCEPTIONCODE": vars."wm_ocs-svcs-inbound-adptrsvcs-getServiceExceptions"."EXCEPTIONCODE",
"DRIVERCOMMENTS": vars."wm_ocs-svcs-inbound-adptrsvcs-getServiceExceptions"."DRIVERCOMMENTS",
"DISPATCHERCOMMENTS": vars."wm_ocs-svcs-inbound-adptrsvcs-getServiceExceptions"."DISPATCHERCOMMENTS",
"IMAGELOCATION": vars."wm_ocs-svcs-inbound-adptrsvcs-getServiceExceptions"."IMAGELOCATION",
"TRANSACTIONID": vars."wm_ocs-svcs-inbound-adptrsvcs-getServiceExceptions"."TRANSACTIONID",
"OBUIMAGEDATAPKEY": vars."wm_ocs-svcs-inbound-adptrsvcs-getServiceExceptions"."OBUIMAGEDATAPKEY",
"IMAGETIMESTAMP": vars."wm_ocs-svcs-inbound-adptrsvcs-getServiceExceptions"."IMAGETIMESTAMP",
"NUMOFCONTAINERS": vars."wm_ocs-svcs-inbound-adptrsvcs-getServiceExceptions"."NUMOFCONTAINERS",
"IMAGELOCATION2": vars."wm_ocs-svcs-inbound-adptrsvcs-getServiceExceptions"."IMAGELOCATION2",
"TRANSACTIONID2": vars."wm_ocs-svcs-inbound-adptrsvcs-getServiceExceptions"."TRANSACTIONID2",
"OBUIMAGEDATAPKEY2": vars."wm_ocs-svcs-inbound-adptrsvcs-getServiceExceptions"."OBUIMAGEDATAPKEY2",
"IMAGETIMESTAMP2": vars."wm_ocs-svcs-inbound-adptrsvcs-getServiceExceptions"."IMAGETIMESTAMP2",
"RECOVERYPLANCODE": vars."wm_ocs-svcs-inbound-adptrsvcs-getServiceExceptions"."RECOVERYPLANCODE",
"RECOVERYTYPE": vars."wm_ocs-svcs-inbound-adptrsvcs-getServiceExceptions"."RECOVERYTYPE",
"RECOVERYDATE": vars."wm_ocs-svcs-inbound-adptrsvcs-getServiceExceptions"."RECOVERYDATE",
"UNABLETOCONTACT": vars."wm_ocs-svcs-inbound-adptrsvcs-getServiceExceptions"."UNABLETOCONTACT",
"CUSTOMERNAME": vars."wm_ocs-svcs-inbound-adptrsvcs-getServiceExceptions"."CUSTOMERNAME",
"CUSTOMERPHONE": vars."wm_ocs-svcs-inbound-adptrsvcs-getServiceExceptions"."CUSTOMERPHONE",
"RECROUTEID": vars."wm_ocs-svcs-inbound-adptrsvcs-getServiceExceptions"."RECROUTEID",
"getServiceExceptionsOutput": {
  "results": {
    "IMAGELOCATION": vars.MAP."getServiceExceptionsOutput.results.IMAGELOCATION",
    "TRANSACTIONID": vars.MAP."getServiceExceptionsOutput.results.TRANSACTIONID",
    "IMAGETIMESTAMP": vars.MAP."getServiceExceptionsOutput.results.IMAGETIMESTAMP"
  }
}
}
]]></ee:set-variable>
			</ee:variables>
		</ee:transform>
    
                                                        
<ee:transform doc:name="MAP" doc:id="0af093a1-f36b-4a65-9f3f-7a904ab46e8b" >
			<ee:message >
			</ee:message>
			<ee:variables>
				<ee:set-variable variableName="MAP" ><![CDATA[%dw 2.0
output application/json
var toList_1 = "call pub.list:appendToDocumentList with args:"

---
	{"images": toList_1,
"If-Modified-Since": vars.MAP."If-Modified-Since",
"Accept": vars.MAP."Accept",
"fields": vars.MAP."fields",
"limit": vars.MAP."limit",
"count": vars.MAP."count",
"location": vars.MAP."location",
"id": vars.MAP."id",
"date": vars.MAP."date"
}
]]></ee:set-variable>
			</ee:variables>
		</ee:transform>
    
                                                    </try>
                                                </when>
                                            </choice>
                                            <choice doc:name="BRANCH">
                                                <when expression="%getServiceExceptionsOutput/results/IMAGELOCATION2%!='--'">
                                                    <try doc:name="SEQUENCE">
                                                        
<ee:transform doc:name="MAP" doc:id="0af093a1-f36b-4a65-9f3f-7a904ab46e8b" >
			<ee:message >
			</ee:message>
			<ee:variables>
				<ee:set-variable variableName="MAP" ><![CDATA[%dw 2.0
output application/json
---
	{"photos": {
  "location": vars.MAP."getServiceExceptionsOutput.results.IMAGELOCATION2",
  "id": vars.MAP."getServiceExceptionsOutput.results.TRANSACTIONID2",
  "date": vars.MAP."getServiceExceptionsOutput.results.IMAGETIMESTAMP2"
},
"If-Modified-Since": vars.MAP."If-Modified-Since",
"Accept": vars.MAP."Accept",
"count": vars.MAP."count",
"fields": vars.MAP."fields",
"limit": vars.MAP."limit",
"location": vars.MAP."location",
"id": vars.MAP."id",
"date": vars.MAP."date",
"serviceExpCount": vars.MAP."serviceExpCount",
"DRIVERNAME": vars.MAP."DRIVERNAME",
"CONTAINERSTATUS": vars.MAP."CONTAINERSTATUS",
"EXCEPTIONCODE": vars.MAP."EXCEPTIONCODE",
"DRIVERCOMMENTS": vars.MAP."DRIVERCOMMENTS",
"DISPATCHERCOMMENTS": vars.MAP."DISPATCHERCOMMENTS",
"IMAGELOCATION": vars.MAP."IMAGELOCATION",
"TRANSACTIONID": vars.MAP."TRANSACTIONID",
"OBUIMAGEDATAPKEY": vars.MAP."OBUIMAGEDATAPKEY",
"IMAGETIMESTAMP": vars.MAP."IMAGETIMESTAMP",
"NUMOFCONTAINERS": vars.MAP."NUMOFCONTAINERS",
"IMAGELOCATION2": vars.MAP."IMAGELOCATION2",
"TRANSACTIONID2": vars.MAP."TRANSACTIONID2",
"OBUIMAGEDATAPKEY2": vars.MAP."OBUIMAGEDATAPKEY2",
"IMAGETIMESTAMP2": vars.MAP."IMAGETIMESTAMP2",
"RECOVERYPLANCODE": vars.MAP."RECOVERYPLANCODE",
"RECOVERYTYPE": vars.MAP."RECOVERYTYPE",
"RECOVERYDATE": vars.MAP."RECOVERYDATE",
"UNABLETOCONTACT": vars.MAP."UNABLETOCONTACT",
"CUSTOMERNAME": vars.MAP."CUSTOMERNAME",
"CUSTOMERPHONE": vars.MAP."CUSTOMERPHONE",
"RECROUTEID": vars.MAP."RECROUTEID",
"getServiceExceptionsOutput": {
  "results": {
    "IMAGELOCATION2": vars.MAP."getServiceExceptionsOutput.results.IMAGELOCATION2",
    "TRANSACTIONID2": vars.MAP."getServiceExceptionsOutput.results.TRANSACTIONID2",
    "IMAGETIMESTAMP2": vars.MAP."getServiceExceptionsOutput.results.IMAGETIMESTAMP2"
  }
}
}
]]></ee:set-variable>
			</ee:variables>
		</ee:transform>
    
                                                        
<ee:transform doc:name="MAP" doc:id="0af093a1-f36b-4a65-9f3f-7a904ab46e8b" >
			<ee:message >
			</ee:message>
			<ee:variables>
				<ee:set-variable variableName="MAP" ><![CDATA[%dw 2.0
output application/json
var toList_1 = "call pub.list:appendToDocumentList with args:"

---
	{"images": toList_1,
"If-Modified-Since": vars.MAP."If-Modified-Since",
"Accept": vars.MAP."Accept",
"fields": vars.MAP."fields",
"limit": vars.MAP."limit",
"count": vars.MAP."count",
"location": vars.MAP."location",
"id": vars.MAP."id",
"date": vars.MAP."date"
}
]]></ee:set-variable>
			</ee:variables>
		</ee:transform>
    
                                                    </try>
                                                </when>
                                            </choice>
                                            
<ee:transform doc:name="MAP" doc:id="0af093a1-f36b-4a65-9f3f-7a904ab46e8b" >
			<ee:message >
			</ee:message>
			<ee:variables>
				<ee:set-variable variableName="MAP" ><![CDATA[%dw 2.0
output application/json
---
	{"exception_temp": {
  "container_status": vars.MAP."getServiceExceptionsOutput.results.CONTAINERSTATUS",
  "code": vars.MAP."getServiceExceptionsOutput.results.EXCEPTIONCODE",
  "driver_comments": vars.MAP."getServiceExceptionsOutput.results.DRIVERCOMMENTS",
  "driver_name": vars.MAP."getServiceExceptionsOutput.results.DRIVERNAME",
  "images": vars.MAP."images"
},
"If-Modified-Since": vars.MAP."If-Modified-Since",
"Accept": vars.MAP."Accept",
"count": vars.MAP."count",
"fields": vars.MAP."fields",
"limit": vars.MAP."limit",
"driver_name": vars.MAP."driver_name",
"container_status": vars.MAP."container_status",
"code": vars.MAP."code",
"driver_comments": vars.MAP."driver_comments",
"serviceExpCount": vars.MAP."serviceExpCount",
"DRIVERNAME": vars.MAP."DRIVERNAME",
"CONTAINERSTATUS": vars.MAP."CONTAINERSTATUS",
"EXCEPTIONCODE": vars.MAP."EXCEPTIONCODE",
"DRIVERCOMMENTS": vars.MAP."DRIVERCOMMENTS",
"DISPATCHERCOMMENTS": vars.MAP."DISPATCHERCOMMENTS",
"IMAGELOCATION": vars.MAP."IMAGELOCATION",
"TRANSACTIONID": vars.MAP."TRANSACTIONID",
"OBUIMAGEDATAPKEY": vars.MAP."OBUIMAGEDATAPKEY",
"IMAGETIMESTAMP": vars.MAP."IMAGETIMESTAMP",
"NUMOFCONTAINERS": vars.MAP."NUMOFCONTAINERS",
"IMAGELOCATION2": vars.MAP."IMAGELOCATION2",
"TRANSACTIONID2": vars.MAP."TRANSACTIONID2",
"OBUIMAGEDATAPKEY2": vars.MAP."OBUIMAGEDATAPKEY2",
"IMAGETIMESTAMP2": vars.MAP."IMAGETIMESTAMP2",
"RECOVERYPLANCODE": vars.MAP."RECOVERYPLANCODE",
"RECOVERYTYPE": vars.MAP."RECOVERYTYPE",
"RECOVERYDATE": vars.MAP."RECOVERYDATE",
"UNABLETOCONTACT": vars.MAP."UNABLETOCONTACT",
"CUSTOMERNAME": vars.MAP."CUSTOMERNAME",
"CUSTOMERPHONE": vars.MAP."CUSTOMERPHONE",
"RECROUTEID": vars.MAP."RECROUTEID",
"getServiceExceptionsOutput": {
  "results": {
    "CONTAINERSTATUS": vars.MAP."getServiceExceptionsOutput.results.CONTAINERSTATUS",
    "EXCEPTIONCODE": vars.MAP."getServiceExceptionsOutput.results.EXCEPTIONCODE",
    "DRIVERCOMMENTS": vars.MAP."getServiceExceptionsOutput.results.DRIVERCOMMENTS",
    "DRIVERNAME": vars.MAP."getServiceExceptionsOutput.results.DRIVERNAME"
  }
}
}
]]></ee:set-variable>
			</ee:variables>
		</ee:transform>
    
                                            
<ee:transform doc:name="MAP" doc:id="0af093a1-f36b-4a65-9f3f-7a904ab46e8b" >
			<ee:message >
			</ee:message>
			<ee:variables>
				<ee:set-variable variableName="MAP" ><![CDATA[%dw 2.0
output application/json
var toList_1 = "call pub.list:appendToDocumentList with args:"

---
	{"services": {
  "exceptions": toList_1
},
"If-Modified-Since": vars.MAP."If-Modified-Since",
"Accept": vars.MAP."Accept",
"fields": vars.MAP."fields",
"limit": vars.MAP."limit",
"count": vars.MAP."count",
"driver_name": vars.MAP."driver_name",
"container_status": vars.MAP."container_status",
"code": vars.MAP."code",
"driver_comments": vars.MAP."driver_comments"
}
]]></ee:set-variable>
			</ee:variables>
		</ee:transform>
    
                                        </foreach>
                                        
<ee:transform doc:name="MAP" doc:id="0af093a1-f36b-4a65-9f3f-7a904ab46e8b" >
			<ee:message >
			</ee:message>
			<ee:variables>
				<ee:set-variable variableName="MAP" ><![CDATA[%dw 2.0
output application/json
---
	{"services": {
  "number_of_containers": vars.MAP."getServiceExceptionsOutput.results[0].NUMOFCONTAINERS"
},
"If-Modified-Since": vars.MAP."If-Modified-Since",
"Accept": vars.MAP."Accept",
"fields": vars.MAP."fields",
"limit": vars.MAP."limit",
"count": vars.MAP."count",
"serviceExpCount": vars.MAP."serviceExpCount",
"DRIVERNAME": vars.MAP."DRIVERNAME",
"CONTAINERSTATUS": vars.MAP."CONTAINERSTATUS",
"EXCEPTIONCODE": vars.MAP."EXCEPTIONCODE",
"DRIVERCOMMENTS": vars.MAP."DRIVERCOMMENTS",
"DISPATCHERCOMMENTS": vars.MAP."DISPATCHERCOMMENTS",
"IMAGELOCATION": vars.MAP."IMAGELOCATION",
"TRANSACTIONID": vars.MAP."TRANSACTIONID",
"OBUIMAGEDATAPKEY": vars.MAP."OBUIMAGEDATAPKEY",
"IMAGETIMESTAMP": vars.MAP."IMAGETIMESTAMP",
"NUMOFCONTAINERS": vars.MAP."NUMOFCONTAINERS",
"IMAGELOCATION2": vars.MAP."IMAGELOCATION2",
"TRANSACTIONID2": vars.MAP."TRANSACTIONID2",
"OBUIMAGEDATAPKEY2": vars.MAP."OBUIMAGEDATAPKEY2",
"IMAGETIMESTAMP2": vars.MAP."IMAGETIMESTAMP2",
"RECOVERYPLANCODE": vars.MAP."RECOVERYPLANCODE",
"RECOVERYTYPE": vars.MAP."RECOVERYTYPE",
"RECOVERYDATE": vars.MAP."RECOVERYDATE",
"UNABLETOCONTACT": vars.MAP."UNABLETOCONTACT",
"CUSTOMERNAME": vars.MAP."CUSTOMERNAME",
"CUSTOMERPHONE": vars.MAP."CUSTOMERPHONE",
"RECROUTEID": vars.MAP."RECROUTEID",
"getServiceExceptionsOutput": {
  "results": vars.MAP."getServiceExceptionsOutput.results"
}
}
]]></ee:set-variable>
			</ee:variables>
		</ee:transform>
    
                                    </try>
                                </otherwise>
                            </choice>
                        </try>
                    </when>
                    <otherwise>
                        <try doc:name="SEQUENCE">
                            <choice doc:name="BRANCH">
                                <when expression="% /limit% = /[^ ]/">
                                    <try doc:name="SEQUENCE">
                                        <db:select config-ref="wm_ocs.conn:JDBC_CONN_OCSD_CAAG_USER" doc:id="fgnwqdgm-eadc-40b9-98cc-268d14076da0" doc:name="wm_ocs.svcs.inbound.adptrsvcs:getServiceExceptions" target="wm_ocs.svcs.inbound.adptrsvcs:getserviceexceptions">
                                            <db:sql>SELECT   NVL ( NULLIF (NVL (T.ROUTEORDER.DRIVER.lastname, '')||', ', NVL (T.ROUTEORDER.DRIVER.lastname, '')) || NULLIF (NVL (T.ROUTEORDER.DRIVER.firstname, '')||' ', NVL (T.ROUTEORDER.DRIVER.firstname, '')) || NVL (T.ROUTEORDER.DRIVER.middlename, ''),  '--')&#13;
                DRIVERNAME,&#13;
         NVL ( DECODE (O.NEGCONFIRM, 'X', 'CONFIRMED NEGATIVE', '', 'CONFIRMED POSITIVE','U' ,'IN PROGRESS', O.NEGCONFIRM),'--') &#13;
            CONTAINERSTATUS,&#13;
         NVL ( TP.TEXT, '--') &#13;
                EXCEPTIONCODE,&#13;
         NVL ( FR.TEXT1 || FR.TEXT2, '--') &#13;
                DRIVERCOMMENTS,&#13;
        (SELECT NVL ( LISTAGG (COMMENTS, CHR (10))WITHIN GROUP (ORDER BY SEQUENCE_NUM),'--') FROM OCS_ADMIN.TP_CO_HOCCOMMENT HCOMMENT WHERE HCOMMENT.FK_CUSTOMERORDER = T.PKEY AND DISPATCHER_ID &lt;&gt; 'DRV' AND &#13;
        DISPATCHER_ID &lt;&gt; 'RCV'&#13;
        ) &#13;
                DISPATCHERCOMMENTS,&#13;
         NVL ( TOI.IMAGE_LOCATION, '--') &#13;
                IMAGELOCATION,&#13;
         NVL ( O.OBUIMAGETRANSID, '--') &#13;
                TRANSACTIONID,&#13;
         NVL ( TO_CHAR (TOI.PKEY), '--') &#13;
                OBUIMAGEDATAPKEY,&#13;
         NVL ( TO_CHAR (TOI.IMAGE_STAMP), '--') &#13;
                IMAGETIMESTAMP,&#13;
         NVL ( TO_CHAR (S.QUANTITY), '--') &#13;
                NUMOFCONTAINERS,            &#13;
          NVL ( TOI1.IMAGE_LOCATION, '--') &#13;
                IMAGELOCATION2,&#13;
         NVL ( O.OBUIMAGETRANSID, '--') &#13;
                 TRANSACTIONID2,&#13;
         NVL ( TO_CHAR (TOI1.PKEY), '--') &#13;
                OBUIMAGEDATAPKEY2,&#13;
         NVL ( TO_CHAR (TOI1.IMAGE_STAMP), '--') &#13;
                IMAGETIMESTAMP2,&#13;
         NVL ( TP1.ID, '--')  RECOVERYPLANCODE,     &#13;
         NVL(HREC.RECOVERYTYPE, '--') &#13;
         RECOVERYTYPE,&#13;
         NVL ( TO_CHAR (HREC.RECOVERYDATE), '--') &#13;
         RECOVERYDATE,&#13;
         NVL(HREC.UNABLETOCONTACT, '--')&#13;
         UNABLETOCONTACT ,&#13;
         NVL(HREC.CUSTOMERNAME, '--') CUSTOMERNAME ,&#13;
         NVL(HREC.CUSTOMERPHONE, '--') CUSTOMERPHONE, &#13;
         NVL(RECRO.ID ,'--') ROUTEID &#13;
    FROM OCS_ADMIN.VP_CUSTOMERORDER T&#13;
         INNER JOIN OCS_ADMIN.TN_CUSTOMERSERVICE S ON  T.PKEY = S.FK_CUSTOMERORDER&#13;
         LEFT OUTER JOIN OCS_ADMIN.TP_CO_HAULCALL O   ON  &#13;
                                                          &#13;
                                                          T.PKEY = O.FK_CUSTOMERORDER&#13;
                                                            AND (O.FK_CUSTOMERSERVICE IS NULL OR S.PKEY = O.FK_CUSTOMERSERVICE)&#13;
                                                          AND O.FK_VEHICLE IS NOT NULL                                                        &#13;
         LEFT OUTER JOIN OCS_ADMIN.TP_FREEFORMDATA FR   ON  FR.PKEY = O.fk_FREEFORMDATA&#13;
         LEFT OUTER JOIN OCS_ADMIN.TP_TEMPLATE TP   ON  TP.PKEY = O.FK_HAULCALL&#13;
         LEFT OUTER JOIN OCS_ADMIN.TP_OBUIMAGEDATA TOI  ON  TOI.TRANSID = O.OBUIMAGETRANSID&#13;
         LEFT OUTER JOIN OCS_ADMIN.TP_OBUIMAGEDATA TOI1  ON  TOI1.TRANSID = O.OBUIMAGETRANSID2&#13;
         LEFT OUTER JOIN OCS_ADMIN.TP_CO_HOCRECOVERY HREC ON HREC.FK_CUSTOMERORDER=T.PKEY                                                            &#13;
         LEFT OUTER JOIN OCS_ADMIN.TP_TEMPLATE TP1   ON  TP1.PKEY = HREC.FK_RECOVERYPLANCODE&#13;
         LEFT OUTER JOIN OCS_ADMIN.TP_ROUTE RECRO ON  RECRO.PKEY = HREC.FK_RECOVERYROUTE       &#13;
         WHERE T.PKEY =?                               -- CUSTOMER ORDER PKEY&#13;
         AND S.PKEY = ?                             -- CUSTOMER SERVICE PKEY                              &#13;
ORDER BY T.ROUTEORDER.ORDERDATE  DESC</db:sql>
                                            <db:input-parameters/>
                                        </db:select>
                                        <set-payload doc:id="txiqqgae-eadc-40b9-98cc-268d14076da0" doc:name="Set Payload" name="set_payload" value="#[payload]"/>
                                        <foreach collection="#[payload]" doc:id="rbomqzqz-eadc-40b9-98cc-268d14076da0" doc:name="LOOP" name="LOOP">
                                            <choice doc:name="BRANCH">
                                                <when expression="%getServiceExceptionsOutput/results/IMAGELOCATION%!= '--'">
                                                    <try doc:name="SEQUENCE">
                                                        
<ee:transform doc:name="MAP" doc:id="0af093a1-f36b-4a65-9f3f-7a904ab46e8b" >
			<ee:message >
			</ee:message>
			<ee:variables>
				<ee:set-variable variableName="MAP" ><![CDATA[%dw 2.0
output application/json
---
	{"photos": {
  "location": vars.MAP."getServiceExceptionsOutput.results.IMAGELOCATION",
  "id": vars.MAP."getServiceExceptionsOutput.results.TRANSACTIONID",
  "date": vars.MAP."getServiceExceptionsOutput.results.IMAGETIMESTAMP"
},
"If-Modified-Since": vars."wm_ocs-svcs-inbound-adptrsvcs-getServiceExceptions"."If-Modified-Since",
"Accept": vars."wm_ocs-svcs-inbound-adptrsvcs-getServiceExceptions"."Accept",
"count": vars."wm_ocs-svcs-inbound-adptrsvcs-getServiceExceptions"."count",
"fields": vars."wm_ocs-svcs-inbound-adptrsvcs-getServiceExceptions"."fields",
"limit": vars."wm_ocs-svcs-inbound-adptrsvcs-getServiceExceptions"."limit",
"location": vars.MAP."location",
"id": vars.MAP."id",
"date": vars.MAP."date",
"serviceExpCount": vars."wm_ocs-svcs-inbound-adptrsvcs-getServiceExceptions"."serviceExpCount",
"DRIVERNAME": vars."wm_ocs-svcs-inbound-adptrsvcs-getServiceExceptions"."DRIVERNAME",
"CONTAINERSTATUS": vars."wm_ocs-svcs-inbound-adptrsvcs-getServiceExceptions"."CONTAINERSTATUS",
"EXCEPTIONCODE": vars."wm_ocs-svcs-inbound-adptrsvcs-getServiceExceptions"."EXCEPTIONCODE",
"DRIVERCOMMENTS": vars."wm_ocs-svcs-inbound-adptrsvcs-getServiceExceptions"."DRIVERCOMMENTS",
"DISPATCHERCOMMENTS": vars."wm_ocs-svcs-inbound-adptrsvcs-getServiceExceptions"."DISPATCHERCOMMENTS",
"IMAGELOCATION": vars."wm_ocs-svcs-inbound-adptrsvcs-getServiceExceptions"."IMAGELOCATION",
"TRANSACTIONID": vars."wm_ocs-svcs-inbound-adptrsvcs-getServiceExceptions"."TRANSACTIONID",
"OBUIMAGEDATAPKEY": vars."wm_ocs-svcs-inbound-adptrsvcs-getServiceExceptions"."OBUIMAGEDATAPKEY",
"IMAGETIMESTAMP": vars."wm_ocs-svcs-inbound-adptrsvcs-getServiceExceptions"."IMAGETIMESTAMP",
"NUMOFCONTAINERS": vars."wm_ocs-svcs-inbound-adptrsvcs-getServiceExceptions"."NUMOFCONTAINERS",
"IMAGELOCATION2": vars."wm_ocs-svcs-inbound-adptrsvcs-getServiceExceptions"."IMAGELOCATION2",
"TRANSACTIONID2": vars."wm_ocs-svcs-inbound-adptrsvcs-getServiceExceptions"."TRANSACTIONID2",
"OBUIMAGEDATAPKEY2": vars."wm_ocs-svcs-inbound-adptrsvcs-getServiceExceptions"."OBUIMAGEDATAPKEY2",
"IMAGETIMESTAMP2": vars."wm_ocs-svcs-inbound-adptrsvcs-getServiceExceptions"."IMAGETIMESTAMP2",
"RECOVERYPLANCODE": vars."wm_ocs-svcs-inbound-adptrsvcs-getServiceExceptions"."RECOVERYPLANCODE",
"RECOVERYTYPE": vars."wm_ocs-svcs-inbound-adptrsvcs-getServiceExceptions"."RECOVERYTYPE",
"RECOVERYDATE": vars."wm_ocs-svcs-inbound-adptrsvcs-getServiceExceptions"."RECOVERYDATE",
"UNABLETOCONTACT": vars."wm_ocs-svcs-inbound-adptrsvcs-getServiceExceptions"."UNABLETOCONTACT",
"CUSTOMERNAME": vars."wm_ocs-svcs-inbound-adptrsvcs-getServiceExceptions"."CUSTOMERNAME",
"CUSTOMERPHONE": vars."wm_ocs-svcs-inbound-adptrsvcs-getServiceExceptions"."CUSTOMERPHONE",
"RECROUTEID": vars."wm_ocs-svcs-inbound-adptrsvcs-getServiceExceptions"."RECROUTEID",
"getServiceExceptionsOutput": {
  "results": {
    "IMAGELOCATION": vars.MAP."getServiceExceptionsOutput.results.IMAGELOCATION",
    "TRANSACTIONID": vars.MAP."getServiceExceptionsOutput.results.TRANSACTIONID",
    "IMAGETIMESTAMP": vars.MAP."getServiceExceptionsOutput.results.IMAGETIMESTAMP"
  }
}
}
]]></ee:set-variable>
			</ee:variables>
		</ee:transform>
    
                                                        
<ee:transform doc:name="MAP" doc:id="0af093a1-f36b-4a65-9f3f-7a904ab46e8b" >
			<ee:message >
			</ee:message>
			<ee:variables>
				<ee:set-variable variableName="MAP" ><![CDATA[%dw 2.0
output application/json
var toList_1 = "call pub.list:appendToDocumentList with args:"

---
	{"images": toList_1,
"If-Modified-Since": vars.MAP."If-Modified-Since",
"Accept": vars.MAP."Accept",
"fields": vars.MAP."fields",
"limit": vars.MAP."limit",
"count": vars.MAP."count",
"location": vars.MAP."location",
"id": vars.MAP."id",
"date": vars.MAP."date"
}
]]></ee:set-variable>
			</ee:variables>
		</ee:transform>
    
                                                    </try>
                                                </when>
                                            </choice>
                                            <choice doc:name="BRANCH">
                                                <when expression="%getServiceExceptionsOutput/results/IMAGELOCATION2%!='--'">
                                                    <try doc:name="SEQUENCE">
                                                        
<ee:transform doc:name="MAP" doc:id="0af093a1-f36b-4a65-9f3f-7a904ab46e8b" >
			<ee:message >
			</ee:message>
			<ee:variables>
				<ee:set-variable variableName="MAP" ><![CDATA[%dw 2.0
output application/json
---
	{"photos": {
  "location": vars.MAP."getServiceExceptionsOutput.results.IMAGELOCATION2",
  "id": vars.MAP."getServiceExceptionsOutput.results.TRANSACTIONID2",
  "date": vars.MAP."getServiceExceptionsOutput.results.IMAGETIMESTAMP2"
},
"If-Modified-Since": vars.MAP."If-Modified-Since",
"Accept": vars.MAP."Accept",
"count": vars.MAP."count",
"fields": vars.MAP."fields",
"limit": vars.MAP."limit",
"location": vars.MAP."location",
"id": vars.MAP."id",
"date": vars.MAP."date",
"serviceExpCount": vars.MAP."serviceExpCount",
"DRIVERNAME": vars.MAP."DRIVERNAME",
"CONTAINERSTATUS": vars.MAP."CONTAINERSTATUS",
"EXCEPTIONCODE": vars.MAP."EXCEPTIONCODE",
"DRIVERCOMMENTS": vars.MAP."DRIVERCOMMENTS",
"DISPATCHERCOMMENTS": vars.MAP."DISPATCHERCOMMENTS",
"IMAGELOCATION": vars.MAP."IMAGELOCATION",
"TRANSACTIONID": vars.MAP."TRANSACTIONID",
"OBUIMAGEDATAPKEY": vars.MAP."OBUIMAGEDATAPKEY",
"IMAGETIMESTAMP": vars.MAP."IMAGETIMESTAMP",
"NUMOFCONTAINERS": vars.MAP."NUMOFCONTAINERS",
"IMAGELOCATION2": vars.MAP."IMAGELOCATION2",
"TRANSACTIONID2": vars.MAP."TRANSACTIONID2",
"OBUIMAGEDATAPKEY2": vars.MAP."OBUIMAGEDATAPKEY2",
"IMAGETIMESTAMP2": vars.MAP."IMAGETIMESTAMP2",
"RECOVERYPLANCODE": vars.MAP."RECOVERYPLANCODE",
"RECOVERYTYPE": vars.MAP."RECOVERYTYPE",
"RECOVERYDATE": vars.MAP."RECOVERYDATE",
"UNABLETOCONTACT": vars.MAP."UNABLETOCONTACT",
"CUSTOMERNAME": vars.MAP."CUSTOMERNAME",
"CUSTOMERPHONE": vars.MAP."CUSTOMERPHONE",
"RECROUTEID": vars.MAP."RECROUTEID",
"getServiceExceptionsOutput": {
  "results": {
    "IMAGELOCATION2": vars.MAP."getServiceExceptionsOutput.results.IMAGELOCATION2",
    "TRANSACTIONID2": vars.MAP."getServiceExceptionsOutput.results.TRANSACTIONID2",
    "IMAGETIMESTAMP2": vars.MAP."getServiceExceptionsOutput.results.IMAGETIMESTAMP2"
  }
}
}
]]></ee:set-variable>
			</ee:variables>
		</ee:transform>
    
                                                        
<ee:transform doc:name="MAP" doc:id="0af093a1-f36b-4a65-9f3f-7a904ab46e8b" >
			<ee:message >
			</ee:message>
			<ee:variables>
				<ee:set-variable variableName="MAP" ><![CDATA[%dw 2.0
output application/json
var toList_1 = "call pub.list:appendToDocumentList with args:"

---
	{"images": toList_1,
"If-Modified-Since": vars.MAP."If-Modified-Since",
"Accept": vars.MAP."Accept",
"fields": vars.MAP."fields",
"limit": vars.MAP."limit",
"count": vars.MAP."count",
"location": vars.MAP."location",
"id": vars.MAP."id",
"date": vars.MAP."date"
}
]]></ee:set-variable>
			</ee:variables>
		</ee:transform>
    
                                                    </try>
                                                </when>
                                            </choice>
                                            
<ee:transform doc:name="MAP" doc:id="0af093a1-f36b-4a65-9f3f-7a904ab46e8b" >
			<ee:message >
			</ee:message>
			<ee:variables>
				<ee:set-variable variableName="MAP" ><![CDATA[%dw 2.0
output application/json
---
	{"exception_temp": {
  "container_status": vars.MAP."getServiceExceptionsOutput.results.CONTAINERSTATUS",
  "code": vars.MAP."getServiceExceptionsOutput.results.EXCEPTIONCODE",
  "driver_comments": vars.MAP."getServiceExceptionsOutput.results.DRIVERCOMMENTS",
  "driver_name": vars.MAP."getServiceExceptionsOutput.results.DRIVERNAME",
  "images": vars.MAP."images"
},
"If-Modified-Since": vars.MAP."If-Modified-Since",
"Accept": vars.MAP."Accept",
"count": vars.MAP."count",
"fields": vars.MAP."fields",
"limit": vars.MAP."limit",
"driver_name": vars.MAP."driver_name",
"container_status": vars.MAP."container_status",
"code": vars.MAP."code",
"driver_comments": vars.MAP."driver_comments",
"serviceExpCount": vars.MAP."serviceExpCount",
"DRIVERNAME": vars.MAP."DRIVERNAME",
"CONTAINERSTATUS": vars.MAP."CONTAINERSTATUS",
"EXCEPTIONCODE": vars.MAP."EXCEPTIONCODE",
"DRIVERCOMMENTS": vars.MAP."DRIVERCOMMENTS",
"DISPATCHERCOMMENTS": vars.MAP."DISPATCHERCOMMENTS",
"IMAGELOCATION": vars.MAP."IMAGELOCATION",
"TRANSACTIONID": vars.MAP."TRANSACTIONID",
"OBUIMAGEDATAPKEY": vars.MAP."OBUIMAGEDATAPKEY",
"IMAGETIMESTAMP": vars.MAP."IMAGETIMESTAMP",
"NUMOFCONTAINERS": vars.MAP."NUMOFCONTAINERS",
"IMAGELOCATION2": vars.MAP."IMAGELOCATION2",
"TRANSACTIONID2": vars.MAP."TRANSACTIONID2",
"OBUIMAGEDATAPKEY2": vars.MAP."OBUIMAGEDATAPKEY2",
"IMAGETIMESTAMP2": vars.MAP."IMAGETIMESTAMP2",
"RECOVERYPLANCODE": vars.MAP."RECOVERYPLANCODE",
"RECOVERYTYPE": vars.MAP."RECOVERYTYPE",
"RECOVERYDATE": vars.MAP."RECOVERYDATE",
"UNABLETOCONTACT": vars.MAP."UNABLETOCONTACT",
"CUSTOMERNAME": vars.MAP."CUSTOMERNAME",
"CUSTOMERPHONE": vars.MAP."CUSTOMERPHONE",
"RECROUTEID": vars.MAP."RECROUTEID",
"getServiceExceptionsOutput": {
  "results": {
    "CONTAINERSTATUS": vars.MAP."getServiceExceptionsOutput.results.CONTAINERSTATUS",
    "EXCEPTIONCODE": vars.MAP."getServiceExceptionsOutput.results.EXCEPTIONCODE",
    "DRIVERCOMMENTS": vars.MAP."getServiceExceptionsOutput.results.DRIVERCOMMENTS",
    "DRIVERNAME": vars.MAP."getServiceExceptionsOutput.results.DRIVERNAME"
  }
}
}
]]></ee:set-variable>
			</ee:variables>
		</ee:transform>
    
                                            
<ee:transform doc:name="MAP" doc:id="0af093a1-f36b-4a65-9f3f-7a904ab46e8b" >
			<ee:message >
			</ee:message>
			<ee:variables>
				<ee:set-variable variableName="MAP" ><![CDATA[%dw 2.0
output application/json
var toList_1 = "call pub.list:appendToDocumentList with args:"

---
	{"services": {
  "exceptions": toList_1
},
"If-Modified-Since": vars.MAP."If-Modified-Since",
"Accept": vars.MAP."Accept",
"fields": vars.MAP."fields",
"limit": vars.MAP."limit",
"count": vars.MAP."count",
"driver_name": vars.MAP."driver_name",
"container_status": vars.MAP."container_status",
"code": vars.MAP."code",
"driver_comments": vars.MAP."driver_comments"
}
]]></ee:set-variable>
			</ee:variables>
		</ee:transform>
    
                                        </foreach>
                                        
<ee:transform doc:name="MAP" doc:id="0af093a1-f36b-4a65-9f3f-7a904ab46e8b" >
			<ee:message >
			</ee:message>
			<ee:variables>
				<ee:set-variable variableName="MAP" ><![CDATA[%dw 2.0
output application/json
---
	{"services": {
  "number_of_containers": vars.MAP."getServiceExceptionsOutput.results[0].NUMOFCONTAINERS"
},
"If-Modified-Since": vars.MAP."If-Modified-Since",
"Accept": vars.MAP."Accept",
"fields": vars.MAP."fields",
"limit": vars.MAP."limit",
"count": vars.MAP."count",
"serviceExpCount": vars.MAP."serviceExpCount",
"DRIVERNAME": vars.MAP."DRIVERNAME",
"CONTAINERSTATUS": vars.MAP."CONTAINERSTATUS",
"EXCEPTIONCODE": vars.MAP."EXCEPTIONCODE",
"DRIVERCOMMENTS": vars.MAP."DRIVERCOMMENTS",
"DISPATCHERCOMMENTS": vars.MAP."DISPATCHERCOMMENTS",
"IMAGELOCATION": vars.MAP."IMAGELOCATION",
"TRANSACTIONID": vars.MAP."TRANSACTIONID",
"OBUIMAGEDATAPKEY": vars.MAP."OBUIMAGEDATAPKEY",
"IMAGETIMESTAMP": vars.MAP."IMAGETIMESTAMP",
"NUMOFCONTAINERS": vars.MAP."NUMOFCONTAINERS",
"IMAGELOCATION2": vars.MAP."IMAGELOCATION2",
"TRANSACTIONID2": vars.MAP."TRANSACTIONID2",
"OBUIMAGEDATAPKEY2": vars.MAP."OBUIMAGEDATAPKEY2",
"IMAGETIMESTAMP2": vars.MAP."IMAGETIMESTAMP2",
"RECOVERYPLANCODE": vars.MAP."RECOVERYPLANCODE",
"RECOVERYTYPE": vars.MAP."RECOVERYTYPE",
"RECOVERYDATE": vars.MAP."RECOVERYDATE",
"UNABLETOCONTACT": vars.MAP."UNABLETOCONTACT",
"CUSTOMERNAME": vars.MAP."CUSTOMERNAME",
"CUSTOMERPHONE": vars.MAP."CUSTOMERPHONE",
"RECROUTEID": vars.MAP."RECROUTEID",
"getServiceExceptionsOutput": {
  "results": vars.MAP."getServiceExceptionsOutput.results"
}
}
]]></ee:set-variable>
			</ee:variables>
		</ee:transform>
    
                                    </try>
                                </when>
                                <otherwise>
                                    <try doc:name="SEQUENCE">
                                        <db:select config-ref="wm_ocs.conn:JDBC_CONN_OCSD_CAAG_USER" doc:id="qnwwpolc-eadc-40b9-98cc-268d14076da0" doc:name="wm_ocs.svcs.inbound.adptrsvcs:getServiceExceptions" target="wm_ocs.svcs.inbound.adptrsvcs:getserviceexceptions">
                                            <db:sql>SELECT   NVL ( NULLIF (NVL (T.ROUTEORDER.DRIVER.lastname, '')||', ', NVL (T.ROUTEORDER.DRIVER.lastname, '')) || NULLIF (NVL (T.ROUTEORDER.DRIVER.firstname, '')||' ', NVL (T.ROUTEORDER.DRIVER.firstname, '')) || NVL (T.ROUTEORDER.DRIVER.middlename, ''),  '--')&#13;
                DRIVERNAME,&#13;
         NVL ( DECODE (O.NEGCONFIRM, 'X', 'CONFIRMED NEGATIVE', '', 'CONFIRMED POSITIVE','U' ,'IN PROGRESS', O.NEGCONFIRM),'--') &#13;
            CONTAINERSTATUS,&#13;
         NVL ( TP.TEXT, '--') &#13;
                EXCEPTIONCODE,&#13;
         NVL ( FR.TEXT1 || FR.TEXT2, '--') &#13;
                DRIVERCOMMENTS,&#13;
        (SELECT NVL ( LISTAGG (COMMENTS, CHR (10))WITHIN GROUP (ORDER BY SEQUENCE_NUM),'--') FROM OCS_ADMIN.TP_CO_HOCCOMMENT HCOMMENT WHERE HCOMMENT.FK_CUSTOMERORDER = T.PKEY AND DISPATCHER_ID &lt;&gt; 'DRV' AND &#13;
        DISPATCHER_ID &lt;&gt; 'RCV'&#13;
        ) &#13;
                DISPATCHERCOMMENTS,&#13;
         NVL ( TOI.IMAGE_LOCATION, '--') &#13;
                IMAGELOCATION,&#13;
         NVL ( O.OBUIMAGETRANSID, '--') &#13;
                TRANSACTIONID,&#13;
         NVL ( TO_CHAR (TOI.PKEY), '--') &#13;
                OBUIMAGEDATAPKEY,&#13;
         NVL ( TO_CHAR (TOI.IMAGE_STAMP), '--') &#13;
                IMAGETIMESTAMP,&#13;
         NVL ( TO_CHAR (S.QUANTITY), '--') &#13;
                NUMOFCONTAINERS,            &#13;
          NVL ( TOI1.IMAGE_LOCATION, '--') &#13;
                IMAGELOCATION2,&#13;
         NVL ( O.OBUIMAGETRANSID, '--') &#13;
                 TRANSACTIONID2,&#13;
         NVL ( TO_CHAR (TOI1.PKEY), '--') &#13;
                OBUIMAGEDATAPKEY2,&#13;
         NVL ( TO_CHAR (TOI1.IMAGE_STAMP), '--') &#13;
                IMAGETIMESTAMP2,&#13;
         NVL ( TP1.ID, '--')  RECOVERYPLANCODE,     &#13;
         NVL(HREC.RECOVERYTYPE, '--') &#13;
         RECOVERYTYPE,&#13;
         NVL ( TO_CHAR (HREC.RECOVERYDATE), '--') &#13;
         RECOVERYDATE,&#13;
         NVL(HREC.UNABLETOCONTACT, '--')&#13;
         UNABLETOCONTACT ,&#13;
         NVL(HREC.CUSTOMERNAME, '--') CUSTOMERNAME ,&#13;
         NVL(HREC.CUSTOMERPHONE, '--') CUSTOMERPHONE, &#13;
         NVL(RECRO.ID ,'--') ROUTEID &#13;
    FROM OCS_ADMIN.VP_CUSTOMERORDER T&#13;
         INNER JOIN OCS_ADMIN.TN_CUSTOMERSERVICE S ON  T.PKEY = S.FK_CUSTOMERORDER&#13;
         LEFT OUTER JOIN OCS_ADMIN.TP_CO_HAULCALL O   ON  &#13;
                                                          &#13;
                                                          T.PKEY = O.FK_CUSTOMERORDER&#13;
                                                            AND (O.FK_CUSTOMERSERVICE IS NULL OR S.PKEY = O.FK_CUSTOMERSERVICE)&#13;
                                                          AND O.FK_VEHICLE IS NOT NULL                                                        &#13;
         LEFT OUTER JOIN OCS_ADMIN.TP_FREEFORMDATA FR   ON  FR.PKEY = O.fk_FREEFORMDATA&#13;
         LEFT OUTER JOIN OCS_ADMIN.TP_TEMPLATE TP   ON  TP.PKEY = O.FK_HAULCALL&#13;
         LEFT OUTER JOIN OCS_ADMIN.TP_OBUIMAGEDATA TOI  ON  TOI.TRANSID = O.OBUIMAGETRANSID&#13;
         LEFT OUTER JOIN OCS_ADMIN.TP_OBUIMAGEDATA TOI1  ON  TOI1.TRANSID = O.OBUIMAGETRANSID2&#13;
         LEFT OUTER JOIN OCS_ADMIN.TP_CO_HOCRECOVERY HREC ON HREC.FK_CUSTOMERORDER=T.PKEY                                                            &#13;
         LEFT OUTER JOIN OCS_ADMIN.TP_TEMPLATE TP1   ON  TP1.PKEY = HREC.FK_RECOVERYPLANCODE&#13;
         LEFT OUTER JOIN OCS_ADMIN.TP_ROUTE RECRO ON  RECRO.PKEY = HREC.FK_RECOVERYROUTE       &#13;
         WHERE T.PKEY =?                               -- CUSTOMER ORDER PKEY&#13;
         AND S.PKEY = ?                             -- CUSTOMER SERVICE PKEY                              &#13;
ORDER BY T.ROUTEORDER.ORDERDATE  DESC</db:sql>
                                            <db:input-parameters/>
                                        </db:select>
                                        <set-payload doc:id="agzrhmxy-eadc-40b9-98cc-268d14076da0" doc:name="Set Payload" name="set_payload" value="#[payload]"/>
                                        <foreach collection="#[payload]" doc:id="ftuozfiw-eadc-40b9-98cc-268d14076da0" doc:name="LOOP" name="LOOP">
                                            <choice doc:name="BRANCH">
                                                <when expression="%getServiceExceptionsOutput/results/IMAGELOCATION%!= '--'">
                                                    <try doc:name="SEQUENCE">
                                                        
<ee:transform doc:name="MAP" doc:id="0af093a1-f36b-4a65-9f3f-7a904ab46e8b" >
			<ee:message >
			</ee:message>
			<ee:variables>
				<ee:set-variable variableName="MAP" ><![CDATA[%dw 2.0
output application/json
---
	{"photos": {
  "location": vars.MAP."getServiceExceptionsOutput.results.IMAGELOCATION",
  "id": vars.MAP."getServiceExceptionsOutput.results.TRANSACTIONID",
  "date": vars.MAP."getServiceExceptionsOutput.results.IMAGETIMESTAMP"
},
"If-Modified-Since": vars."wm_ocs-svcs-inbound-adptrsvcs-getServiceExceptions"."If-Modified-Since",
"Accept": vars."wm_ocs-svcs-inbound-adptrsvcs-getServiceExceptions"."Accept",
"count": vars."wm_ocs-svcs-inbound-adptrsvcs-getServiceExceptions"."count",
"fields": vars."wm_ocs-svcs-inbound-adptrsvcs-getServiceExceptions"."fields",
"limit": vars."wm_ocs-svcs-inbound-adptrsvcs-getServiceExceptions"."limit",
"location": vars.MAP."location",
"id": vars.MAP."id",
"date": vars.MAP."date",
"serviceExpCount": vars."wm_ocs-svcs-inbound-adptrsvcs-getServiceExceptions"."serviceExpCount",
"DRIVERNAME": vars."wm_ocs-svcs-inbound-adptrsvcs-getServiceExceptions"."DRIVERNAME",
"CONTAINERSTATUS": vars."wm_ocs-svcs-inbound-adptrsvcs-getServiceExceptions"."CONTAINERSTATUS",
"EXCEPTIONCODE": vars."wm_ocs-svcs-inbound-adptrsvcs-getServiceExceptions"."EXCEPTIONCODE",
"DRIVERCOMMENTS": vars."wm_ocs-svcs-inbound-adptrsvcs-getServiceExceptions"."DRIVERCOMMENTS",
"DISPATCHERCOMMENTS": vars."wm_ocs-svcs-inbound-adptrsvcs-getServiceExceptions"."DISPATCHERCOMMENTS",
"IMAGELOCATION": vars."wm_ocs-svcs-inbound-adptrsvcs-getServiceExceptions"."IMAGELOCATION",
"TRANSACTIONID": vars."wm_ocs-svcs-inbound-adptrsvcs-getServiceExceptions"."TRANSACTIONID",
"OBUIMAGEDATAPKEY": vars."wm_ocs-svcs-inbound-adptrsvcs-getServiceExceptions"."OBUIMAGEDATAPKEY",
"IMAGETIMESTAMP": vars."wm_ocs-svcs-inbound-adptrsvcs-getServiceExceptions"."IMAGETIMESTAMP",
"NUMOFCONTAINERS": vars."wm_ocs-svcs-inbound-adptrsvcs-getServiceExceptions"."NUMOFCONTAINERS",
"IMAGELOCATION2": vars."wm_ocs-svcs-inbound-adptrsvcs-getServiceExceptions"."IMAGELOCATION2",
"TRANSACTIONID2": vars."wm_ocs-svcs-inbound-adptrsvcs-getServiceExceptions"."TRANSACTIONID2",
"OBUIMAGEDATAPKEY2": vars."wm_ocs-svcs-inbound-adptrsvcs-getServiceExceptions"."OBUIMAGEDATAPKEY2",
"IMAGETIMESTAMP2": vars."wm_ocs-svcs-inbound-adptrsvcs-getServiceExceptions"."IMAGETIMESTAMP2",
"RECOVERYPLANCODE": vars."wm_ocs-svcs-inbound-adptrsvcs-getServiceExceptions"."RECOVERYPLANCODE",
"RECOVERYTYPE": vars."wm_ocs-svcs-inbound-adptrsvcs-getServiceExceptions"."RECOVERYTYPE",
"RECOVERYDATE": vars."wm_ocs-svcs-inbound-adptrsvcs-getServiceExceptions"."RECOVERYDATE",
"UNABLETOCONTACT": vars."wm_ocs-svcs-inbound-adptrsvcs-getServiceExceptions"."UNABLETOCONTACT",
"CUSTOMERNAME": vars."wm_ocs-svcs-inbound-adptrsvcs-getServiceExceptions"."CUSTOMERNAME",
"CUSTOMERPHONE": vars."wm_ocs-svcs-inbound-adptrsvcs-getServiceExceptions"."CUSTOMERPHONE",
"RECROUTEID": vars."wm_ocs-svcs-inbound-adptrsvcs-getServiceExceptions"."RECROUTEID",
"getServiceExceptionsOutput": {
  "results": {
    "IMAGELOCATION": vars.MAP."getServiceExceptionsOutput.results.IMAGELOCATION",
    "TRANSACTIONID": vars.MAP."getServiceExceptionsOutput.results.TRANSACTIONID",
    "IMAGETIMESTAMP": vars.MAP."getServiceExceptionsOutput.results.IMAGETIMESTAMP"
  }
}
}
]]></ee:set-variable>
			</ee:variables>
		</ee:transform>
    
                                                        
<ee:transform doc:name="MAP" doc:id="0af093a1-f36b-4a65-9f3f-7a904ab46e8b" >
			<ee:message >
			</ee:message>
			<ee:variables>
				<ee:set-variable variableName="MAP" ><![CDATA[%dw 2.0
output application/json
var toList_1 = "call pub.list:appendToDocumentList with args:"

---
	{"images": toList_1,
"If-Modified-Since": vars.MAP."If-Modified-Since",
"Accept": vars.MAP."Accept",
"fields": vars.MAP."fields",
"limit": vars.MAP."limit",
"count": vars.MAP."count",
"location": vars.MAP."location",
"id": vars.MAP."id",
"date": vars.MAP."date"
}
]]></ee:set-variable>
			</ee:variables>
		</ee:transform>
    
                                                    </try>
                                                </when>
                                            </choice>
                                            <choice doc:name="BRANCH">
                                                <when expression="%getServiceExceptionsOutput/results/IMAGELOCATION2%!='--'">
                                                    <try doc:name="SEQUENCE">
                                                        
<ee:transform doc:name="MAP" doc:id="0af093a1-f36b-4a65-9f3f-7a904ab46e8b" >
			<ee:message >
			</ee:message>
			<ee:variables>
				<ee:set-variable variableName="MAP" ><![CDATA[%dw 2.0
output application/json
---
	{"photos": {
  "location": vars.MAP."getServiceExceptionsOutput.results.IMAGELOCATION2",
  "id": vars.MAP."getServiceExceptionsOutput.results.TRANSACTIONID2",
  "date": vars.MAP."getServiceExceptionsOutput.results.IMAGETIMESTAMP2"
},
"If-Modified-Since": vars.MAP."If-Modified-Since",
"Accept": vars.MAP."Accept",
"count": vars.MAP."count",
"fields": vars.MAP."fields",
"limit": vars.MAP."limit",
"location": vars.MAP."location",
"id": vars.MAP."id",
"date": vars.MAP."date",
"serviceExpCount": vars.MAP."serviceExpCount",
"DRIVERNAME": vars.MAP."DRIVERNAME",
"CONTAINERSTATUS": vars.MAP."CONTAINERSTATUS",
"EXCEPTIONCODE": vars.MAP."EXCEPTIONCODE",
"DRIVERCOMMENTS": vars.MAP."DRIVERCOMMENTS",
"DISPATCHERCOMMENTS": vars.MAP."DISPATCHERCOMMENTS",
"IMAGELOCATION": vars.MAP."IMAGELOCATION",
"TRANSACTIONID": vars.MAP."TRANSACTIONID",
"OBUIMAGEDATAPKEY": vars.MAP."OBUIMAGEDATAPKEY",
"IMAGETIMESTAMP": vars.MAP."IMAGETIMESTAMP",
"NUMOFCONTAINERS": vars.MAP."NUMOFCONTAINERS",
"IMAGELOCATION2": vars.MAP."IMAGELOCATION2",
"TRANSACTIONID2": vars.MAP."TRANSACTIONID2",
"OBUIMAGEDATAPKEY2": vars.MAP."OBUIMAGEDATAPKEY2",
"IMAGETIMESTAMP2": vars.MAP."IMAGETIMESTAMP2",
"RECOVERYPLANCODE": vars.MAP."RECOVERYPLANCODE",
"RECOVERYTYPE": vars.MAP."RECOVERYTYPE",
"RECOVERYDATE": vars.MAP."RECOVERYDATE",
"UNABLETOCONTACT": vars.MAP."UNABLETOCONTACT",
"CUSTOMERNAME": vars.MAP."CUSTOMERNAME",
"CUSTOMERPHONE": vars.MAP."CUSTOMERPHONE",
"RECROUTEID": vars.MAP."RECROUTEID",
"getServiceExceptionsOutput": {
  "results": {
    "IMAGELOCATION2": vars.MAP."getServiceExceptionsOutput.results.IMAGELOCATION2",
    "TRANSACTIONID2": vars.MAP."getServiceExceptionsOutput.results.TRANSACTIONID2",
    "IMAGETIMESTAMP2": vars.MAP."getServiceExceptionsOutput.results.IMAGETIMESTAMP2"
  }
}
}
]]></ee:set-variable>
			</ee:variables>
		</ee:transform>
    
                                                        
<ee:transform doc:name="MAP" doc:id="0af093a1-f36b-4a65-9f3f-7a904ab46e8b" >
			<ee:message >
			</ee:message>
			<ee:variables>
				<ee:set-variable variableName="MAP" ><![CDATA[%dw 2.0
output application/json
var toList_1 = "call pub.list:appendToDocumentList with args:"

---
	{"images": toList_1,
"If-Modified-Since": vars.MAP."If-Modified-Since",
"Accept": vars.MAP."Accept",
"fields": vars.MAP."fields",
"limit": vars.MAP."limit",
"count": vars.MAP."count",
"location": vars.MAP."location",
"id": vars.MAP."id",
"date": vars.MAP."date"
}
]]></ee:set-variable>
			</ee:variables>
		</ee:transform>
    
                                                    </try>
                                                </when>
                                            </choice>
                                            
<ee:transform doc:name="MAP" doc:id="0af093a1-f36b-4a65-9f3f-7a904ab46e8b" >
			<ee:message >
			</ee:message>
			<ee:variables>
				<ee:set-variable variableName="MAP" ><![CDATA[%dw 2.0
output application/json
---
	{"exception_temp": {
  "container_status": vars.MAP."getServiceExceptionsOutput.results.CONTAINERSTATUS",
  "code": vars.MAP."getServiceExceptionsOutput.results.EXCEPTIONCODE",
  "driver_comments": vars.MAP."getServiceExceptionsOutput.results.DRIVERCOMMENTS",
  "driver_name": vars.MAP."getServiceExceptionsOutput.results.DRIVERNAME",
  "images": vars.MAP."images"
},
"If-Modified-Since": vars.MAP."If-Modified-Since",
"Accept": vars.MAP."Accept",
"count": vars.MAP."count",
"fields": vars.MAP."fields",
"limit": vars.MAP."limit",
"driver_name": vars.MAP."driver_name",
"container_status": vars.MAP."container_status",
"code": vars.MAP."code",
"driver_comments": vars.MAP."driver_comments",
"serviceExpCount": vars.MAP."serviceExpCount",
"DRIVERNAME": vars.MAP."DRIVERNAME",
"CONTAINERSTATUS": vars.MAP."CONTAINERSTATUS",
"EXCEPTIONCODE": vars.MAP."EXCEPTIONCODE",
"DRIVERCOMMENTS": vars.MAP."DRIVERCOMMENTS",
"DISPATCHERCOMMENTS": vars.MAP."DISPATCHERCOMMENTS",
"IMAGELOCATION": vars.MAP."IMAGELOCATION",
"TRANSACTIONID": vars.MAP."TRANSACTIONID",
"OBUIMAGEDATAPKEY": vars.MAP."OBUIMAGEDATAPKEY",
"IMAGETIMESTAMP": vars.MAP."IMAGETIMESTAMP",
"NUMOFCONTAINERS": vars.MAP."NUMOFCONTAINERS",
"IMAGELOCATION2": vars.MAP."IMAGELOCATION2",
"TRANSACTIONID2": vars.MAP."TRANSACTIONID2",
"OBUIMAGEDATAPKEY2": vars.MAP."OBUIMAGEDATAPKEY2",
"IMAGETIMESTAMP2": vars.MAP."IMAGETIMESTAMP2",
"RECOVERYPLANCODE": vars.MAP."RECOVERYPLANCODE",
"RECOVERYTYPE": vars.MAP."RECOVERYTYPE",
"RECOVERYDATE": vars.MAP."RECOVERYDATE",
"UNABLETOCONTACT": vars.MAP."UNABLETOCONTACT",
"CUSTOMERNAME": vars.MAP."CUSTOMERNAME",
"CUSTOMERPHONE": vars.MAP."CUSTOMERPHONE",
"RECROUTEID": vars.MAP."RECROUTEID",
"getServiceExceptionsOutput": {
  "results": {
    "CONTAINERSTATUS": vars.MAP."getServiceExceptionsOutput.results.CONTAINERSTATUS",
    "EXCEPTIONCODE": vars.MAP."getServiceExceptionsOutput.results.EXCEPTIONCODE",
    "DRIVERCOMMENTS": vars.MAP."getServiceExceptionsOutput.results.DRIVERCOMMENTS",
    "DRIVERNAME": vars.MAP."getServiceExceptionsOutput.results.DRIVERNAME"
  }
}
}
]]></ee:set-variable>
			</ee:variables>
		</ee:transform>
    
                                            
<ee:transform doc:name="MAP" doc:id="0af093a1-f36b-4a65-9f3f-7a904ab46e8b" >
			<ee:message >
			</ee:message>
			<ee:variables>
				<ee:set-variable variableName="MAP" ><![CDATA[%dw 2.0
output application/json
var toList_1 = "call pub.list:appendToDocumentList with args:"

---
	{"services": {
  "exceptions": toList_1
},
"If-Modified-Since": vars.MAP."If-Modified-Since",
"Accept": vars.MAP."Accept",
"fields": vars.MAP."fields",
"limit": vars.MAP."limit",
"count": vars.MAP."count",
"driver_name": vars.MAP."driver_name",
"container_status": vars.MAP."container_status",
"code": vars.MAP."code",
"driver_comments": vars.MAP."driver_comments"
}
]]></ee:set-variable>
			</ee:variables>
		</ee:transform>
    
                                        </foreach>
                                        
<ee:transform doc:name="MAP" doc:id="0af093a1-f36b-4a65-9f3f-7a904ab46e8b" >
			<ee:message >
			</ee:message>
			<ee:variables>
				<ee:set-variable variableName="MAP" ><![CDATA[%dw 2.0
output application/json
---
	{"services": {
  "number_of_containers": vars.MAP."getServiceExceptionsOutput.results[0].NUMOFCONTAINERS"
},
"If-Modified-Since": vars.MAP."If-Modified-Since",
"Accept": vars.MAP."Accept",
"fields": vars.MAP."fields",
"limit": vars.MAP."limit",
"count": vars.MAP."count",
"serviceExpCount": vars.MAP."serviceExpCount",
"DRIVERNAME": vars.MAP."DRIVERNAME",
"CONTAINERSTATUS": vars.MAP."CONTAINERSTATUS",
"EXCEPTIONCODE": vars.MAP."EXCEPTIONCODE",
"DRIVERCOMMENTS": vars.MAP."DRIVERCOMMENTS",
"DISPATCHERCOMMENTS": vars.MAP."DISPATCHERCOMMENTS",
"IMAGELOCATION": vars.MAP."IMAGELOCATION",
"TRANSACTIONID": vars.MAP."TRANSACTIONID",
"OBUIMAGEDATAPKEY": vars.MAP."OBUIMAGEDATAPKEY",
"IMAGETIMESTAMP": vars.MAP."IMAGETIMESTAMP",
"NUMOFCONTAINERS": vars.MAP."NUMOFCONTAINERS",
"IMAGELOCATION2": vars.MAP."IMAGELOCATION2",
"TRANSACTIONID2": vars.MAP."TRANSACTIONID2",
"OBUIMAGEDATAPKEY2": vars.MAP."OBUIMAGEDATAPKEY2",
"IMAGETIMESTAMP2": vars.MAP."IMAGETIMESTAMP2",
"RECOVERYPLANCODE": vars.MAP."RECOVERYPLANCODE",
"RECOVERYTYPE": vars.MAP."RECOVERYTYPE",
"RECOVERYDATE": vars.MAP."RECOVERYDATE",
"UNABLETOCONTACT": vars.MAP."UNABLETOCONTACT",
"CUSTOMERNAME": vars.MAP."CUSTOMERNAME",
"CUSTOMERPHONE": vars.MAP."CUSTOMERPHONE",
"RECROUTEID": vars.MAP."RECROUTEID",
"getServiceExceptionsOutput": {
  "results": vars.MAP."getServiceExceptionsOutput.results"
}
}
]]></ee:set-variable>
			</ee:variables>
		</ee:transform>
    
                                    </try>
                                </otherwise>
                            </choice>
                        </try>
                    </otherwise>
                </choice>
                <choice doc:name="BRANCH">
                    <when expression="%count%!=0">
                        <try doc:name="SEQUENCE">
                            
<ee:transform doc:name="MAP" doc:id="0af093a1-f36b-4a65-9f3f-7a904ab46e8b" >
			<ee:message >
			</ee:message>
			<ee:variables>
				<ee:set-variable variableName="MAP" ><![CDATA[%dw 2.0
output application/json
---
	{"document": {
  "request_tracking_id": payload."msgHeader.transactionID",
  "services": payload."services"
},
"If-Modified-Since": vars.MAP."If-Modified-Since",
"Accept": vars.MAP."Accept",
"fields": vars.MAP."fields",
"limit": vars.MAP."limit",
"count": vars.MAP."count",
"request_tracking_id": payload."request_tracking_id",
"msgHeader": {
  "transactionID": payload."msgHeader.transactionID"
}
}
]]></ee:set-variable>
			</ee:variables>
		</ee:transform>
    
                            <flow-ref doc:name="wm_common.utils:checkAcceptHeader" docid="rlidjsxr-eadc-40b9-98cc-268d14076da0" name="wm_common-utils-checkAcceptHeader"/>
                            <flow-ref doc:name="wm_common.utils:checkIfModifiedSinceHeader" docid="dntlihws-eadc-40b9-98cc-268d14076da0" name="wm_common-utils-checkIfModifiedSinceHeader"/>
                        </try>
                    </when>
                    <otherwise>
                        <try doc:name="SEQUENCE">
                            
<ee:transform doc:name="MAP" doc:id="0af093a1-f36b-4a65-9f3f-7a904ab46e8b" >
			<ee:message >
			</ee:message>
			<ee:variables>
				<ee:set-variable variableName="MAP" ><![CDATA[%dw 2.0
output application/json
---
	{"contentType": 'application/json',
"initParams": {
  "errorCode": '204',
  "subjectNote": 'OCS'
},
"If-Modified-Since": vars."wm_common-utils-checkIfModifiedSinceHeader"."If-Modified-Since",
"Accept": vars."wm_common-utils-checkIfModifiedSinceHeader"."Accept",
"count": vars."wm_common-utils-checkIfModifiedSinceHeader"."count",
"fields": vars."wm_common-utils-checkIfModifiedSinceHeader"."fields",
"limit": vars."wm_common-utils-checkIfModifiedSinceHeader"."limit",
"svcId": payload."svcId",
"exceptionCount": payload."exceptionCount",
"finalResponse": payload."finalResponse",
"etagOutput": payload."etagOutput"
}
]]></ee:set-variable>
			</ee:variables>
		</ee:transform>
    
                            <logger doc:id="pqvvwtgk-eadc-40b9-98cc-268d14076da0" doc:name="wm_common.utils:throwError" level="INFO"/>
                        </try>
                    </otherwise>
                </choice>
                
<ee:transform doc:name="MAP" doc:id="0af093a1-f36b-4a65-9f3f-7a904ab46e8b" >
			<ee:message >
			</ee:message>
			<ee:variables>
				<ee:set-variable variableName="MAP" ><![CDATA[%dw 2.0
output application/json
---
	{"customerNo": payload."customerNo",
"library": payload."library",
"company": payload."company",
"finalResponse": vars."wm_common-utils-throwError"."finalResponse",
"etagOutput": vars."wm_common-utils-throwError"."etagOutput",
"contentType": vars."wm_common-utils-throwError"."contentType"
}
]]></ee:set-variable>
			</ee:variables>
		</ee:transform>
    
            </try>
            <try doc:name="SEQUENCE">
                <logger doc:id="bqdtdmgt-eadc-40b9-98cc-268d14076da0" doc:name="pub.flow:getLastError" level="INFO"/>
                <logger doc:id="wowzepnw-eadc-40b9-98cc-268d14076da0" doc:name="wm_errorhandling.utils:getCallingService" level="INFO"/>
                <logger doc:id="ilcsssjo-eadc-40b9-98cc-268d14076da0" doc:name="wm_errorhandling.svcs.flowsvcs:createErrorMsg_FW1" level="INFO"/>
                
<ee:transform doc:name="MAP" doc:id="0af093a1-f36b-4a65-9f3f-7a904ab46e8b" >
			<ee:message >
			</ee:message>
			<ee:variables>
				<ee:set-variable variableName="MAP" ><![CDATA[%dw 2.0
output application/json
---
	{"contentType": 'application/json'
}
]]></ee:set-variable>
			</ee:variables>
		</ee:transform>
    
                <logger doc:id="bqemsyfa-eadc-40b9-98cc-268d14076da0" doc:name="EXIT" level="INFO"/>
            </try>
        </try>
    </flow>
</mule>
