<?xml version="1.0" encoding="UTF-8"?><mule xmlns="http://www.mulesoft.org/schema/mule/core" xmlns:doc="http://www.mulesoft.org/schema/mule/documentation" xmlns:ee="http://www.mulesoft.org/schema/mule/ee/core" xmlns:xsi="http://www.w3.org/2001/XMLSchema-instance" xsi:schemaLocation="http://www.mulesoft.org/schema/mule/core http://www.mulesoft.org/schema/mule/core/current/mule.xsd http://www.mulesoft.org/schema/mule/ee/core http://www.mulesoft.org/schema/mule/ee/core/current/mule-ee.xsd">
    <flow doc:id="hhbfvvrr-eadc-40b9-98cc-268d14076da0" name="wm_ocs-svcs-outbound-flowsvcs-mapTicketEventToOCSFastLaneTicketImport">
        <try doc:name="SEQUENCE">
            <try doc:name="SEQUENCE">
                
<ee:transform doc:name="MAP" doc:id="0af093a1-f36b-4a65-9f3f-7a904ab46e8b" >
			<ee:message >
			</ee:message>
			<ee:variables>
				<ee:set-variable variableName="MAP" ><![CDATA[%dw 2.0
output application/json
---
	{"FastlaneTicketImport": {
  "fastlaneTicket": {
    "fastlaneTicketHeader": {
      "transactionId": payload."TicketEvent.msgHeader.transactionID"
    }
  }
},
"TicketEvent": {
  "msgHeader": {
    "transactionID": payload."TicketEvent.msgHeader.transactionID"
  }
}
}
]]></ee:set-variable>
			</ee:variables>
		</ee:transform>
    
                <set-payload doc:id="vpxwamuf-eadc-40b9-98cc-268d14076da0" doc:name="Set Payload" name="set_payload" value="#[payload]"/>
                <foreach collection="#[payload]" doc:id="nblatowj-eadc-40b9-98cc-268d14076da0" doc:name="LOOP" name="LOOP">
                    
<ee:transform doc:name="MAP" doc:id="0af093a1-f36b-4a65-9f3f-7a904ab46e8b" >
			<ee:message >
			</ee:message>
			<ee:variables>
				<ee:set-variable variableName="MAP" ><![CDATA[%dw 2.0
output application/json
---
	{"FastlaneTicketImport": {
  "fastlaneTicket": {
    "fastlaneTicketHeader": {
      "ticketStatusCd": payload."TicketEvent.ticket.ticketHdr.ticketStatusCd",
      "vehicleId": payload."TicketEvent.ticket.ticketHdr.vehicleID",
      "disposalSiteId": payload."TicketEvent.ticket.ticketHdr.fastLane.disposalSiteID"
    }
  }
},
"TicketEvent": {
  "ticket": {
    "ticketHdr": {
      "ticketStatusCd": payload."TicketEvent.ticket.ticketHdr.ticketStatusCd",
      "vehicleID": payload."TicketEvent.ticket.ticketHdr.vehicleID",
      "fastLane": {
        "disposalSiteID": payload."TicketEvent.ticket.ticketHdr.fastLane.disposalSiteID"
      }
    }
  }
}
}
]]></ee:set-variable>
			</ee:variables>
		</ee:transform>
    
                    <set-payload doc:id="lnuioxqv-eadc-40b9-98cc-268d14076da0" doc:name="Set Payload" name="set_payload" value="#[payload]"/>
                    <foreach collection="#[payload]" doc:id="epbudont-eadc-40b9-98cc-268d14076da0" doc:name="LOOP" name="LOOP">
                        
<ee:transform doc:name="MAP" doc:id="0af093a1-f36b-4a65-9f3f-7a904ab46e8b" >
			<ee:message >
			</ee:message>
			<ee:variables>
				<ee:set-variable variableName="MAP" ><![CDATA[%dw 2.0
output application/json
---
	{"FastlaneTicketImport": {
  "fastlaneTicket": {
    "fastlaneTicketHeader": {
      "masCustomerId": payload."TicketEvent.ticket.ticketHdr.ticketParty.partyID"
    }
  }
},
"TicketEvent": {
  "ticket": {
    "ticketHdr": {
      "ticketParty": {
        "partyID": payload."TicketEvent.ticket.ticketHdr.ticketParty.partyID"
      }
    }
  }
}
}
]]></ee:set-variable>
			</ee:variables>
		</ee:transform>
    
                    </foreach>
                    <set-payload doc:id="ukohsgok-eadc-40b9-98cc-268d14076da0" doc:name="Set Payload" name="set_payload" value="#[payload]"/>
                    <foreach collection="#[payload]" doc:id="zunrptlb-eadc-40b9-98cc-268d14076da0" doc:name="LOOP" name="LOOP">
                        
<ee:transform doc:name="MAP" doc:id="0af093a1-f36b-4a65-9f3f-7a904ab46e8b" >
			<ee:message >
			</ee:message>
			<ee:variables>
				<ee:set-variable variableName="MAP" ><![CDATA[%dw 2.0
output application/json
---
	{"FastlaneTicketImport": {
  "fastlaneTicket": {
    "fastlaneTicketHeader": {
      "dispoalTicketNumber": payload."TicketEvent.ticket.ticketHdr.ticketID.ticketID"
    }
  }
},
"TicketEvent": {
  "ticket": {
    "ticketHdr": {
      "ticketID": {
        "ticketID": payload."TicketEvent.ticket.ticketHdr.ticketID.ticketID"
      }
    }
  }
}
}
]]></ee:set-variable>
			</ee:variables>
		</ee:transform>
    
                    </foreach>
                    <set-payload doc:id="ajaaflem-eadc-40b9-98cc-268d14076da0" doc:name="Set Payload" name="set_payload" value="#[payload]"/>
                    <foreach collection="#[payload]" doc:id="vijmtwqy-eadc-40b9-98cc-268d14076da0" doc:name="LOOP" name="LOOP">
                        
<ee:transform doc:name="MAP" doc:id="0af093a1-f36b-4a65-9f3f-7a904ab46e8b" >
			<ee:message >
			</ee:message>
			<ee:variables>
				<ee:set-variable variableName="MAP" ><![CDATA[%dw 2.0
output application/json
---
	{"FastlaneTicketImport": {
  "fastlaneTicket": {
    "fastlaneTicketHeader": {
      "ticketDateTimeUTC": payload."TicketEvent.ticket.ticketHdr.ticketDates.ticketDate",
      "inTimeUTC": payload."TicketEvent.ticket.ticketHdr.ticketDates.ticketDate",
      "outTimeUTC": payload."TicketEvent.ticket.ticketHdr.ticketDates.ticketDate"
    }
  }
},
"TicketEvent": {
  "ticket": {
    "ticketHdr": {
      "ticketDates": {
        "ticketDate": payload."TicketEvent.ticket.ticketHdr.ticketDates.ticketDate"
      }
    }
  }
}
}
]]></ee:set-variable>
			</ee:variables>
		</ee:transform>
    
                    </foreach>
                    <set-payload doc:id="zysgkkdv-eadc-40b9-98cc-268d14076da0" doc:name="Set Payload" name="set_payload" value="#[payload]"/>
                    <foreach collection="#[payload]" doc:id="qniobkgs-eadc-40b9-98cc-268d14076da0" doc:name="LOOP" name="LOOP">
                        
<ee:transform doc:name="MAP" doc:id="0af093a1-f36b-4a65-9f3f-7a904ab46e8b" >
			<ee:message >
			</ee:message>
			<ee:variables>
				<ee:set-variable variableName="MAP" ><![CDATA[%dw 2.0
output application/json
---
	{"FastlaneTicketImport": {
  "fastlaneTicket": {
    "fastlaneTicketHeader": {
      "masTicketNumber": payload."TicketEvent.ticket.ticketHdr.ticketRefID.refID"
    }
  }
},
"TicketEvent": {
  "ticket": {
    "ticketHdr": {
      "ticketRefID": {
        "refID": payload."TicketEvent.ticket.ticketHdr.ticketRefID.refID"
      }
    }
  }
}
}
]]></ee:set-variable>
			</ee:variables>
		</ee:transform>
    
                    </foreach>
                    <set-payload doc:id="cjhxqxfn-eadc-40b9-98cc-268d14076da0" doc:name="Set Payload" name="set_payload" value="#[payload]"/>
                    <foreach collection="#[payload]" doc:id="zoyalona-eadc-40b9-98cc-268d14076da0" doc:name="LOOP" name="LOOP">
                        <choice doc:name="BRANCH">
                            <when expression="% /wm_common.events:TicketEvent/Ticket:ticket/Ticket:ticketHdr/Ticket:ticketQtys/Ticket:qtyTypeCd% = ActualQty">
                                <try doc:name="SEQUENCE">
                                    
<ee:transform doc:name="MAP" doc:id="0af093a1-f36b-4a65-9f3f-7a904ab46e8b" >
			<ee:message >
			</ee:message>
			<ee:variables>
				<ee:set-variable variableName="MAP" ><![CDATA[%dw 2.0
output application/json
---
	{"headerUOM": payload."TicketEvent.ticket.ticketHdr.ticketQtys.uom",
"headerWeight": payload."TicketEvent.ticket.ticketHdr.ticketQtys.ticketQty",
"TicketEvent": {
  "ticket": {
    "ticketHdr": {
      "ticketQtys": {
        "uom": payload."TicketEvent.ticket.ticketHdr.ticketQtys.uom",
        "ticketQty": payload."TicketEvent.ticket.ticketHdr.ticketQtys.ticketQty"
      }
    }
  }
}
}
]]></ee:set-variable>
			</ee:variables>
		</ee:transform>
    
                                    <choice doc:name="BRANCH">
                                        <when expression="% /headerUOM% = T">
                                            <try doc:name="SEQUENCE">
                                                <choice doc:name="BRANCH">
                                                    <when expression="% /headerWeight% = 0">
                                                        <try doc:name="SEQUENCE">
                                                            <set-payload doc:id="vlfykmia-eadc-40b9-98cc-268d14076da0" doc:name="Set Payload" name="set_payload" value="#[payload]"/>
                                                            <foreach collection="#[payload]" doc:id="cxvhtdtw-eadc-40b9-98cc-268d14076da0" doc:name="LOOP" name="LOOP">
                                                                <set-payload doc:id="haccabbh-eadc-40b9-98cc-268d14076da0" doc:name="Set Payload" name="set_payload" value="#[payload]"/>
                                                                <foreach collection="#[payload]" doc:id="wydvvxcv-eadc-40b9-98cc-268d14076da0" doc:name="LOOP" name="LOOP">
                                                                    <choice doc:name="BRANCH">
                                                                        <when expression="% /wm_common.events:TicketEvent/Ticket:ticket/Ticket:ticketLineItem/Ticket:ticketLineQtys/Ticket:qtyTypeCd% = ActualQty">
                                                                            <try doc:name="SEQUENCE">
                                                                                <choice doc:name="BRANCH">
                                                                                    <when expression="% /wm_common.events:TicketEvent/Ticket:ticket/Ticket:ticketLineItem/Ticket:ticketLineQtys/GblLkup:uom% = Y">
                                                                                        <try doc:name="SEQUENCE">
                                                                                            
<ee:transform doc:name="MAP" doc:id="0af093a1-f36b-4a65-9f3f-7a904ab46e8b" >
			<ee:message >
			</ee:message>
			<ee:variables>
				<ee:set-variable variableName="MAP" ><![CDATA[%dw 2.0
output application/json
---
	{"FastlaneTicketImport": {
  "fastlaneTicket": {
    "fastlaneTicketHeader": {
      "measureUnit": payload."TicketEvent.ticket.ticketLineItem.ticketLineQtys.uom",
      "weight": payload."TicketEvent.ticket.ticketLineItem.ticketLineQtys.ticketQty"
    }
  }
},
"headerWeight": vars.MAP."headerWeight",
"headerUOM": vars.MAP."headerUOM",
"TicketEvent": {
  "ticket": {
    "ticketLineItem": {
      "ticketLineQtys": {
        "uom": payload."TicketEvent.ticket.ticketLineItem.ticketLineQtys.uom",
        "ticketQty": payload."TicketEvent.ticket.ticketLineItem.ticketLineQtys.ticketQty"
      }
    }
  }
}
}
]]></ee:set-variable>
			</ee:variables>
		</ee:transform>
    
                                                                                        </try>
                                                                                    </when>
                                                                                    <otherwise>
                                                                                        
<ee:transform doc:name="MAP" doc:id="0af093a1-f36b-4a65-9f3f-7a904ab46e8b" >
			<ee:message >
			</ee:message>
			<ee:variables>
				<ee:set-variable variableName="MAP" ><![CDATA[%dw 2.0
output application/json
---
	{"FastlaneTicketImport": {
  "fastlaneTicket": {
    "fastlaneTicketHeader": {
      "measureUnit": vars.MAP."TicketEvent.ticket.ticketHdr.ticketQtys.uom",
      "weight": vars.MAP."TicketEvent.ticket.ticketHdr.ticketQtys.ticketQty"
    }
  }
}
}
]]></ee:set-variable>
			</ee:variables>
		</ee:transform>
    
                                                                                    </otherwise>
                                                                                </choice>
                                                                            </try>
                                                                        </when>
                                                                    </choice>
                                                                </foreach>
                                                            </foreach>
                                                        </try>
                                                    </when>
                                                    <otherwise>
                                                        
<ee:transform doc:name="MAP" doc:id="0af093a1-f36b-4a65-9f3f-7a904ab46e8b" >
			<ee:message >
			</ee:message>
			<ee:variables>
				<ee:set-variable variableName="MAP" ><![CDATA[%dw 2.0
output application/json
---
	{"FastlaneTicketImport": {
  "fastlaneTicket": {
    "fastlaneTicketHeader": {
      "measureUnit": vars.MAP."TicketEvent.ticket.ticketHdr.ticketQtys.uom",
      "weight": vars.MAP."TicketEvent.ticket.ticketHdr.ticketQtys.ticketQty"
    }
  }
},
"headerWeight": vars.MAP."headerWeight",
"headerUOM": vars.MAP."headerUOM",
"TicketEvent": {
  "ticket": {
    "ticketHdr": {
      "ticketQtys": {
        "uom": vars.MAP."TicketEvent.ticket.ticketHdr.ticketQtys.uom",
        "ticketQty": vars.MAP."TicketEvent.ticket.ticketHdr.ticketQtys.ticketQty"
      }
    }
  }
}
}
]]></ee:set-variable>
			</ee:variables>
		</ee:transform>
    
                                                    </otherwise>
                                                </choice>
                                            </try>
                                        </when>
                                    </choice>
                                </try>
                            </when>
                        </choice>
                    </foreach>
                    <set-payload doc:id="adqnixfa-eadc-40b9-98cc-268d14076da0" doc:name="Set Payload" name="set_payload" value="#[payload]"/>
                    <foreach collection="#[payload]" doc:id="yqctlieg-eadc-40b9-98cc-268d14076da0" doc:name="LOOP" name="LOOP">
                        <set-payload doc:id="txjysfks-eadc-40b9-98cc-268d14076da0" doc:name="Set Payload" name="set_payload" value="#[payload]"/>
                        <foreach collection="#[payload]" doc:id="lycxukom-eadc-40b9-98cc-268d14076da0" doc:name="LOOP" name="LOOP">
                            
<ee:transform doc:name="MAP" doc:id="0af093a1-f36b-4a65-9f3f-7a904ab46e8b" >
			<ee:message >
			</ee:message>
			<ee:variables>
				<ee:set-variable variableName="MAP" ><![CDATA[%dw 2.0
output application/json
---
	{"FastlaneTicketImport": {
  "fastlaneTicket": {
    "fastlaneTicketHeader": {
      "ticketLineItem": {
        "typeCode": payload."TicketEvent.ticket.ticketLineItem.ticketLineAmts.entMaterial.entMaterialCd",
        "description": payload."TicketEvent.ticket.ticketLineItem.ticketLineAmts.entMaterial.entMaterialName",
        "pmtCode": payload."TicketEvent.ticket.ticketLineItem.ticketLineAmts.entMaterial.entMaterialCategory",
        "serviceCode": payload."TicketEvent.ticket.ticketLineItem.ticketLineAmts.entMaterial.entMaterialService"
      }
    }
  }
},
"TicketEvent": {
  "ticket": {
    "ticketLineItem": {
      "ticketLineAmts": {
        "entMaterial": {
          "entMaterialCd": payload."TicketEvent.ticket.ticketLineItem.ticketLineAmts.entMaterial.entMaterialCd",
          "entMaterialName": payload."TicketEvent.ticket.ticketLineItem.ticketLineAmts.entMaterial.entMaterialName",
          "entMaterialCategory": payload."TicketEvent.ticket.ticketLineItem.ticketLineAmts.entMaterial.entMaterialCategory",
          "entMaterialService": payload."TicketEvent.ticket.ticketLineItem.ticketLineAmts.entMaterial.entMaterialService"
        }
      }
    }
  }
}
}
]]></ee:set-variable>
			</ee:variables>
		</ee:transform>
    
                        </foreach>
                    </foreach>
                </foreach>
            </try>
            <try doc:name="SEQUENCE">
                <logger doc:id="rkcxezyi-eadc-40b9-98cc-268d14076da0" doc:name="pub.flow:getLastError" level="INFO"/>
                <logger doc:id="reljnhsf-eadc-40b9-98cc-268d14076da0" doc:name="wm_errorhandling.utils:getCallingService" level="INFO"/>
                <logger doc:id="rybgintk-eadc-40b9-98cc-268d14076da0" doc:name="wm_errorhandling.svcs.flowsvcs:createErrorMsg_FW1" level="INFO"/>
                <logger doc:id="hpukrasa-eadc-40b9-98cc-268d14076da0" doc:name="EXIT" level="INFO"/>
            </try>
        </try>
    </flow>
</mule>
