<?xml version="1.0" encoding="UTF-8"?><mule xmlns="http://www.mulesoft.org/schema/mule/core" xmlns:db="http://www.mulesoft.org/schema/mule/db" xmlns:doc="http://www.mulesoft.org/schema/mule/documentation" xmlns:ee="http://www.mulesoft.org/schema/mule/ee/core" xmlns:os="http://www.mulesoft.org/schema/mule/os" xmlns:xsi="http://www.w3.org/2001/XMLSchema-instance" xsi:schemaLocation="http://www.mulesoft.org/schema/mule/core http://www.mulesoft.org/schema/mule/core/current/mule.xsd http://www.mulesoft.org/schema/mule/ee/core http://www.mulesoft.org/schema/mule/ee/core/current/mule-ee.xsd http://www.mulesoft.org/schema/mule/os  http://www.mulesoft.org/schema/mule/os/current/mule-os.xsd http://www.mulesoft.org/schema/mule/db http://www.mulesoft.org/schema/mule/db/current/mule-db.xsd">
    <flow doc:id="jodeihfc-eadc-40b9-98cc-268d14076da0" name="wm_ocs-svcs-inbound-flowsvcs-mapVehicleGPSCoordinatesForMaxAge">
        <try doc:name="SEQUENCE">
            <try doc:name="SEQUENCE">
                
<ee:transform doc:name="MAP" doc:id="0af093a1-f36b-4a65-9f3f-7a904ab46e8b" >
			<ee:message >
			</ee:message>
			<ee:variables>
				<ee:set-variable variableName="MAP" ><![CDATA[%dw 2.0
output application/json
var valueList_1 = "call wm_common.config:getCustParam_multiple with args:nameList='''',"

---
	{"cacheManagerName": valueList[0],
"cacheName": valueList[1],
"jdbcConnName": valueList[2],
"configFileName": payload."configFileName",
"vehicle_id": payload."vehicle_id",
"Cache-Control": payload."Cache-Control",
"If-Modified-Since": payload."If-Modified-Since",
"Accept": payload."Accept",
"fields": payload."fields",
"pathHeader": payload."pathHeader",
"limit": payload."limit",
"offset": payload."offset"
}
]]></ee:set-variable>
			</ee:variables>
		</ee:transform>
    
                <flow-ref doc:name="wm_common.utils:constructCacheKey" docid="yhnagafs-eadc-40b9-98cc-268d14076da0" name="wm_common-utils-constructCacheKey"/>
                <os:retrieve doc:id="gscbyvnz-eadc-40b9-98cc-268d14076da0" doc:name="pub.cache:get" key="#[attributes.headers.key]" name="pub.cache:get" objectStore="pub.cache-get_conn" target="pub.cache:get">
                    <os:default-value/>
                </os:retrieve>
                <choice doc:name="BRANCH">
                    <when expression="% /finalResponse% = /[^ ]/">
                        <try doc:name="SEQUENCE">
                            <logger doc:id="nvnbxbsr-eadc-40b9-98cc-268d14076da0" doc:name="CAAG.javasvcs:getExpirationTime" level="INFO"/>
                            <logger doc:id="fasmvofr-eadc-40b9-98cc-268d14076da0" doc:name="pub.flow:setResponseHeader" level="INFO"/>
                            <flow-ref doc:name="wm_common.utils:createEtag" docid="ifckbddq-eadc-40b9-98cc-268d14076da0" name="wm_common-utils-createEtag"/>
                            <flow-ref doc:name="wm_common.utils:checkIfModifiedSinceHeader" docid="cnvocqfj-eadc-40b9-98cc-268d14076da0" name="wm_common-utils-checkIfModifiedSinceHeader"/>
                            <logger doc:id="aemegopw-eadc-40b9-98cc-268d14076da0" doc:name="EXIT" level="INFO"/>
                        </try>
                    </when>
                    <otherwise>
                        <try doc:name="SEQUENCE">
                            
<ee:transform doc:name="MAP" doc:id="0af093a1-f36b-4a65-9f3f-7a904ab46e8b" >
			<ee:message >
			</ee:message>
			<ee:variables>
				<ee:set-variable variableName="MAP" ><![CDATA[%dw 2.0
output application/json
---
	{"initParams": {
  "customUID": '' ++ vars.MAP.cachekey '
},
"cacheManager": vars."wm_common-utils-createEtag"."cacheManager",
"noOfDaysInPast": payload."noOfDaysInPast",
"requestSubjectCd": payload."requestSubjectCd",
"requestByTypeCd": payload."requestByTypeCd",
"serviceStatsFlag": payload."serviceStatsFlag",
"fields": vars."wm_common-utils-createEtag"."fields",
"customerUnqID": payload."customerUnqID",
"cacheManagerName": vars."wm_common-utils-createEtag"."cacheManagerName",
"cacheName": vars."wm_common-utils-createEtag"."cacheName",
"cachekey": payload."cachekey",
"offset": vars."wm_common-utils-createEtag"."offset",
"jsonString": payload."jsonString",
"limit": vars."wm_common-utils-createEtag"."limit",
"connection_ocs": payload."connection_ocs",
"If-None-Match": payload."If-None-Match",
"iscache": payload."iscache",
"expirationTime": vars."wm_common-utils-createEtag"."expirationTime"
}
]]></ee:set-variable>
			</ee:variables>
		</ee:transform>
    
                            <choice doc:name="BRANCH">
                                <when expression="%offset%!=$null &amp;&amp; %limit%!=$null &amp;&amp; %offset%!=&quot;&quot; &amp;&amp; %limit% !=&quot;&quot;">
                                    <try doc:name="SEQUENCE">
                                        
<ee:transform doc:name="MAP" doc:id="0af093a1-f36b-4a65-9f3f-7a904ab46e8b" >
			<ee:message >
			</ee:message>
			<ee:variables>
				<ee:set-variable variableName="MAP" ><![CDATA[%dw 2.0
output application/json
---
	{"metadata": {
  "limit": payload."limit",
  "offset": payload."offset"
},
"cacheManager": vars.MAP."cacheManager",
"configFileName": vars.MAP."configFileName",
"customer_id": vars."wm_common-utils-createEtag"."customer_id",
"Cache-Control": vars.MAP."Cache-Control",
"If-Modified-Since": vars.MAP."If-Modified-Since",
"Accept": vars.MAP."Accept",
"jdbcConnName": vars.MAP."jdbcConnName",
"count": payload."count",
"type": payload."type",
"jsonString": vars.MAP."jsonString",
"cacheManagerName": vars.MAP."cacheManagerName",
"cacheName": vars.MAP."cacheName",
"pathHeader": vars.MAP."pathHeader",
"numberOfDays": payload."numberOfDays",
"limit": vars.MAP."limit",
"offset": vars.MAP."offset",
"totalCount": payload."totalCount",
"finalResponse": vars."wm_common-utils-createEtag"."finalResponse",
"etagOutput": vars."wm_common-utils-createEtag"."etagOutput",
"cacheKey": vars."wm_common-utils-createEtag"."cacheKey",
"contentType": vars."wm_common-utils-createEtag"."contentType",
"expirationTime": vars.MAP."expirationTime"
}
]]></ee:set-variable>
			</ee:variables>
		</ee:transform>
    
                                        
<ee:transform doc:name="MAP" doc:id="0af093a1-f36b-4a65-9f3f-7a904ab46e8b" >
			<ee:message >
			</ee:message>
			<ee:variables>
				<ee:set-variable variableName="MAP" ><![CDATA[%dw 2.0
output application/json
var value_1 = "call pub.math:addInts with args:"

---
	{"limit": value_1,
"cacheManagerName": vars.MAP."cacheManagerName",
"jsonString": vars.MAP."jsonString",
"cacheName": vars.MAP."cacheName",
"customerUnqID": vars.MAP."customerUnqID",
"offset": vars.MAP."offset",
"fields": vars.MAP."fields",
"cachekey": vars.MAP."cachekey",
"connection_ocs": vars.MAP."connection_ocs",
"cacheManager": vars.MAP."cacheManager",
"configFileName": vars.MAP."configFileName",
"vehicle_id": vars.MAP."vehicle_id",
"Cache-Control": vars.MAP."Cache-Control",
"If-Modified-Since": vars.MAP."If-Modified-Since",
"Accept": vars.MAP."Accept",
"pathHeader": vars.MAP."pathHeader",
"jdbcConnName": vars.MAP."jdbcConnName",
"cacheKey": vars.MAP."cacheKey",
"contentType": vars.MAP."contentType",
"finalResponse": vars.MAP."finalResponse",
"expirationTime": vars.MAP."expirationTime",
"etagOutput": vars.MAP."etagOutput"
}
]]></ee:set-variable>
			</ee:variables>
		</ee:transform>
    
                                    </try>
                                </when>
                            </choice>
                            <choice doc:name="BRANCH">
                                <when expression="% /fields% = /[^ ]/">
                                    <try doc:name="SEQUENCE">
                                        <choice doc:name="BRANCH">
                                            <when expression="% /limit% = /[^ ]/">
                                                <try doc:name="SEQUENCE">
                                                    <db:select config-ref="wm_ocs.conn:JDBC_CONN_OCSD_CAAG_USER" doc:id="wvpbespm-eadc-40b9-98cc-268d14076da0" doc:name="wm_ocs.svcs.inbound.adptrsvcs:getVehicleGPSCoordinates_range" target="wm_ocs.svcs.inbound.adptrsvcs:getvehiclegpscoordinates_range">
                                                        <db:sql>SELECT ${field}  FROM&#13;
(&#13;
   SELECT ROW_NUMBER() OVER(ORDER BY A.VEHICLE.ID DESC) NUM,A.LATITUDE,A.LONGITUDE,A.GPSTIME FROM OCS_ADMIN.VP_VEHICLE_POSITION A WHERE A.VEHICLE.ID =?&#13;
	AND A.GPSTIME &gt;= TRUNC(SYSDATE) AND A.DATAVALID = 'X'&#13;
)&#13;
WHERE NUM &gt;=? AND NUM &lt;=?</db:sql>
                                                    </db:select>
                                                    
<ee:transform doc:name="MAP" doc:id="0af093a1-f36b-4a65-9f3f-7a904ab46e8b" >
			<ee:message >
			</ee:message>
			<ee:variables>
				<ee:set-variable variableName="MAP" ><![CDATA[%dw 2.0
output application/json
---
	{"coordinates": {
  "latitude": payload."getVehicleGPSCoordinates_rangeOutput.results.LATITUDE",
  "longitude": payload."getVehicleGPSCoordinates_rangeOutput.results.LONGITUDE",
  "gps_time": payload."getVehicleGPSCoordinates_rangeOutput.results.GPSTIME"
},
"configFileName": vars."wm_ocs-svcs-inbound-adptrsvcs-getVehicleGPSCoordinates_range"."configFileName",
"vehicle_id": vars."wm_ocs-svcs-inbound-adptrsvcs-getVehicleGPSCoordinates_range"."vehicle_id",
"Cache-Control": vars."wm_ocs-svcs-inbound-adptrsvcs-getVehicleGPSCoordinates_range"."Cache-Control",
"If-Modified-Since": vars."wm_ocs-svcs-inbound-adptrsvcs-getVehicleGPSCoordinates_range"."If-Modified-Since",
"count": vars."wm_ocs-svcs-inbound-adptrsvcs-getVehicleGPSCoordinates_range"."count",
"Accept": vars."wm_ocs-svcs-inbound-adptrsvcs-getVehicleGPSCoordinates_range"."Accept",
"type": vars.MAP."type",
"fields": vars."wm_ocs-svcs-inbound-adptrsvcs-getVehicleGPSCoordinates_range"."fields",
"pathHeader": vars."wm_ocs-svcs-inbound-adptrsvcs-getVehicleGPSCoordinates_range"."pathHeader",
"numberOfDays": vars.MAP."numberOfDays",
"limit": vars."wm_ocs-svcs-inbound-adptrsvcs-getVehicleGPSCoordinates_range"."limit",
"offset": vars."wm_ocs-svcs-inbound-adptrsvcs-getVehicleGPSCoordinates_range"."offset",
"serviceStatsFlag": vars.MAP."serviceStatsFlag",
"jdbcConnName": vars."wm_ocs-svcs-inbound-adptrsvcs-getVehicleGPSCoordinates_range"."jdbcConnName",
"SQLStatement": payload."SQLStatement",
"LATITUDE": payload."LATITUDE",
"LONGITUDE": payload."LONGITUDE",
"GPSTIME": payload."GPSTIME",
"NUM": payload."NUM",
"getVehicleGPSCoordinates_rangeOutput": {
  "results": {
    "LATITUDE": payload."getVehicleGPSCoordinates_rangeOutput.results.LATITUDE",
    "LONGITUDE": payload."getVehicleGPSCoordinates_rangeOutput.results.LONGITUDE",
    "GPSTIME": payload."getVehicleGPSCoordinates_rangeOutput.results.GPSTIME"
  }
}
}
]]></ee:set-variable>
			</ee:variables>
		</ee:transform>
    
                                                </try>
                                            </when>
                                            <otherwise>
                                                <try doc:name="SEQUENCE">
                                                    <db:select config-ref="wm_ocs.conn:JDBC_CONN_OCSD_CAAG_USER" doc:id="gexnghic-eadc-40b9-98cc-268d14076da0" doc:name="wm_ocs.svcs.inbound.adptrsvcs:getVehicleGPSCoordinates" target="wm_ocs.svcs.inbound.adptrsvcs:getvehiclegpscoordinates">
                                                        <db:sql>SELECT ${field}  FROM&#13;
(SELECT A.LATITUDE LATITUDE,A.LONGITUDE LONGITUDE,A.GPSTIME GPSTIME&#13;
FROM OCS_ADMIN.VP_VEHICLE_POSITION A&#13;
WHERE A.VEHICLE.ID =?&#13;
AND A.GPSTIME &gt;= TRUNC(SYSDATE)&#13;
AND A.DATAVALID = 'X')&#13;
</db:sql>
                                                    </db:select>
                                                    
<ee:transform doc:name="MAP" doc:id="0af093a1-f36b-4a65-9f3f-7a904ab46e8b" >
			<ee:message >
			</ee:message>
			<ee:variables>
				<ee:set-variable variableName="MAP" ><![CDATA[%dw 2.0
output application/json
---
	{"coordinates": {
  "latitude": vars."wm_ocs-svcs-inbound-adptrsvcs-getVehicleGPSCoordinates"."getVehicleGPSCoordinatesOutput.results.LATITUDE",
  "longitude": vars."wm_ocs-svcs-inbound-adptrsvcs-getVehicleGPSCoordinates"."getVehicleGPSCoordinatesOutput.results.LONGITUDE",
  "gps_time": vars."wm_ocs-svcs-inbound-adptrsvcs-getVehicleGPSCoordinates"."getVehicleGPSCoordinatesOutput.results.GPSTIME"
},
"configFileName": vars."wm_ocs-svcs-inbound-adptrsvcs-getVehicleGPSCoordinates"."configFileName",
"vehicle_id": vars."wm_ocs-svcs-inbound-adptrsvcs-getVehicleGPSCoordinates"."vehicle_id",
"Cache-Control": vars."wm_ocs-svcs-inbound-adptrsvcs-getVehicleGPSCoordinates"."Cache-Control",
"If-Modified-Since": vars."wm_ocs-svcs-inbound-adptrsvcs-getVehicleGPSCoordinates"."If-Modified-Since",
"count": vars."wm_ocs-svcs-inbound-adptrsvcs-getVehicleGPSCoordinates"."count",
"Accept": vars."wm_ocs-svcs-inbound-adptrsvcs-getVehicleGPSCoordinates"."Accept",
"type": vars."wm_ocs-svcs-inbound-adptrsvcs-getVehicleGPSCoordinates"."type",
"fields": vars."wm_ocs-svcs-inbound-adptrsvcs-getVehicleGPSCoordinates"."fields",
"pathHeader": vars."wm_ocs-svcs-inbound-adptrsvcs-getVehicleGPSCoordinates"."pathHeader",
"numberOfDays": vars."wm_ocs-svcs-inbound-adptrsvcs-getVehicleGPSCoordinates"."numberOfDays",
"limit": vars."wm_ocs-svcs-inbound-adptrsvcs-getVehicleGPSCoordinates"."limit",
"offset": vars."wm_ocs-svcs-inbound-adptrsvcs-getVehicleGPSCoordinates"."offset",
"serviceStatsFlag": vars."wm_ocs-svcs-inbound-adptrsvcs-getVehicleGPSCoordinates"."serviceStatsFlag",
"jdbcConnName": vars."wm_ocs-svcs-inbound-adptrsvcs-getVehicleGPSCoordinates"."jdbcConnName",
"SQLStatement": vars."wm_ocs-svcs-inbound-adptrsvcs-getVehicleGPSCoordinates"."SQLStatement",
"LATITUDE": vars."wm_ocs-svcs-inbound-adptrsvcs-getVehicleGPSCoordinates"."LATITUDE",
"LONGITUDE": vars."wm_ocs-svcs-inbound-adptrsvcs-getVehicleGPSCoordinates"."LONGITUDE",
"GPSTIME": vars."wm_ocs-svcs-inbound-adptrsvcs-getVehicleGPSCoordinates"."GPSTIME",
"getVehicleGPSCoordinatesOutput": {
  "results": {
    "LATITUDE": payload."getVehicleGPSCoordinatesOutput.results.LATITUDE",
    "LONGITUDE": payload."getVehicleGPSCoordinatesOutput.results.LONGITUDE",
    "GPSTIME": payload."getVehicleGPSCoordinatesOutput.results.GPSTIME"
  }
}
}
]]></ee:set-variable>
			</ee:variables>
		</ee:transform>
    
                                                </try>
                                            </otherwise>
                                        </choice>
                                    </try>
                                </when>
                                <otherwise>
                                    <try doc:name="SEQUENCE">
                                        <choice doc:name="BRANCH">
                                            <when expression="% /limit% = /[^ ]/">
                                                <try doc:name="SEQUENCE">
                                                    <db:select config-ref="wm_ocs.conn:JDBC_CONN_OCSD_CAAG_USER" doc:id="bfqujmnz-eadc-40b9-98cc-268d14076da0" doc:name="wm_ocs.svcs.inbound.adptrsvcs:getVehicleGPSCoordinates_range" target="wm_ocs.svcs.inbound.adptrsvcs:getvehiclegpscoordinates_range">
                                                        <db:sql>SELECT ${field}  FROM&#13;
(&#13;
   SELECT ROW_NUMBER() OVER(ORDER BY A.VEHICLE.ID DESC) NUM,A.LATITUDE,A.LONGITUDE,A.GPSTIME FROM OCS_ADMIN.VP_VEHICLE_POSITION A WHERE A.VEHICLE.ID =?&#13;
	AND A.GPSTIME &gt;= TRUNC(SYSDATE) AND A.DATAVALID = 'X'&#13;
)&#13;
WHERE NUM &gt;=? AND NUM &lt;=?</db:sql>
                                                    </db:select>
                                                    
<ee:transform doc:name="MAP" doc:id="0af093a1-f36b-4a65-9f3f-7a904ab46e8b" >
			<ee:message >
			</ee:message>
			<ee:variables>
				<ee:set-variable variableName="MAP" ><![CDATA[%dw 2.0
output application/json
---
	{"coordinates": {
  "latitude": vars."wm_ocs-svcs-inbound-adptrsvcs-getVehicleGPSCoordinates_range"."getVehicleGPSCoordinates_rangeOutput.results.LATITUDE",
  "longitude": vars."wm_ocs-svcs-inbound-adptrsvcs-getVehicleGPSCoordinates_range"."getVehicleGPSCoordinates_rangeOutput.results.LONGITUDE",
  "gps_time": vars."wm_ocs-svcs-inbound-adptrsvcs-getVehicleGPSCoordinates_range"."getVehicleGPSCoordinates_rangeOutput.results.GPSTIME"
},
"configFileName": vars."wm_ocs-svcs-inbound-adptrsvcs-getVehicleGPSCoordinates_range"."configFileName",
"vehicle_id": vars."wm_ocs-svcs-inbound-adptrsvcs-getVehicleGPSCoordinates_range"."vehicle_id",
"Cache-Control": vars."wm_ocs-svcs-inbound-adptrsvcs-getVehicleGPSCoordinates_range"."Cache-Control",
"If-Modified-Since": vars."wm_ocs-svcs-inbound-adptrsvcs-getVehicleGPSCoordinates_range"."If-Modified-Since",
"count": vars."wm_ocs-svcs-inbound-adptrsvcs-getVehicleGPSCoordinates_range"."count",
"Accept": vars."wm_ocs-svcs-inbound-adptrsvcs-getVehicleGPSCoordinates_range"."Accept",
"type": vars."wm_ocs-svcs-inbound-adptrsvcs-getVehicleGPSCoordinates_range"."type",
"fields": vars."wm_ocs-svcs-inbound-adptrsvcs-getVehicleGPSCoordinates_range"."fields",
"pathHeader": vars."wm_ocs-svcs-inbound-adptrsvcs-getVehicleGPSCoordinates_range"."pathHeader",
"numberOfDays": vars."wm_ocs-svcs-inbound-adptrsvcs-getVehicleGPSCoordinates_range"."numberOfDays",
"limit": vars."wm_ocs-svcs-inbound-adptrsvcs-getVehicleGPSCoordinates_range"."limit",
"offset": vars."wm_ocs-svcs-inbound-adptrsvcs-getVehicleGPSCoordinates_range"."offset",
"serviceStatsFlag": vars."wm_ocs-svcs-inbound-adptrsvcs-getVehicleGPSCoordinates_range"."serviceStatsFlag",
"jdbcConnName": vars."wm_ocs-svcs-inbound-adptrsvcs-getVehicleGPSCoordinates_range"."jdbcConnName",
"SQLStatement": vars."wm_ocs-svcs-inbound-adptrsvcs-getVehicleGPSCoordinates_range"."SQLStatement",
"LATITUDE": vars."wm_ocs-svcs-inbound-adptrsvcs-getVehicleGPSCoordinates_range"."LATITUDE",
"LONGITUDE": vars."wm_ocs-svcs-inbound-adptrsvcs-getVehicleGPSCoordinates_range"."LONGITUDE",
"GPSTIME": vars."wm_ocs-svcs-inbound-adptrsvcs-getVehicleGPSCoordinates_range"."GPSTIME",
"NUM": vars."wm_ocs-svcs-inbound-adptrsvcs-getVehicleGPSCoordinates_range"."NUM",
"getVehicleGPSCoordinates_rangeOutput": {
  "results": {
    "LATITUDE": vars."wm_ocs-svcs-inbound-adptrsvcs-getVehicleGPSCoordinates_range"."getVehicleGPSCoordinates_rangeOutput.results.LATITUDE",
    "LONGITUDE": vars."wm_ocs-svcs-inbound-adptrsvcs-getVehicleGPSCoordinates_range"."getVehicleGPSCoordinates_rangeOutput.results.LONGITUDE",
    "GPSTIME": vars."wm_ocs-svcs-inbound-adptrsvcs-getVehicleGPSCoordinates_range"."getVehicleGPSCoordinates_rangeOutput.results.GPSTIME"
  }
}
}
]]></ee:set-variable>
			</ee:variables>
		</ee:transform>
    
                                                </try>
                                            </when>
                                            <otherwise>
                                                <try doc:name="SEQUENCE">
                                                    <db:select config-ref="wm_ocs.conn:JDBC_CONN_OCSD_CAAG_USER" doc:id="rjwigkdd-eadc-40b9-98cc-268d14076da0" doc:name="wm_ocs.svcs.inbound.adptrsvcs:getVehicleGPSCoordinates" target="wm_ocs.svcs.inbound.adptrsvcs:getvehiclegpscoordinates">
                                                        <db:sql>SELECT ${field}  FROM&#13;
(SELECT A.LATITUDE LATITUDE,A.LONGITUDE LONGITUDE,A.GPSTIME GPSTIME&#13;
FROM OCS_ADMIN.VP_VEHICLE_POSITION A&#13;
WHERE A.VEHICLE.ID =?&#13;
AND A.GPSTIME &gt;= TRUNC(SYSDATE)&#13;
AND A.DATAVALID = 'X')&#13;
</db:sql>
                                                    </db:select>
                                                    
<ee:transform doc:name="MAP" doc:id="0af093a1-f36b-4a65-9f3f-7a904ab46e8b" >
			<ee:message >
			</ee:message>
			<ee:variables>
				<ee:set-variable variableName="MAP" ><![CDATA[%dw 2.0
output application/json
---
	{"coordinates": {
  "latitude": vars."wm_ocs-svcs-inbound-adptrsvcs-getVehicleGPSCoordinates"."getVehicleGPSCoordinatesOutput.results.LATITUDE",
  "longitude": vars."wm_ocs-svcs-inbound-adptrsvcs-getVehicleGPSCoordinates"."getVehicleGPSCoordinatesOutput.results.LONGITUDE",
  "gps_time": vars."wm_ocs-svcs-inbound-adptrsvcs-getVehicleGPSCoordinates"."getVehicleGPSCoordinatesOutput.results.GPSTIME"
},
"cacheManager": vars."wm_ocs-svcs-inbound-adptrsvcs-getVehicleGPSCoordinates"."cacheManager",
"customer_id": vars."wm_ocs-svcs-inbound-adptrsvcs-getVehicleGPSCoordinates"."customer_id",
"configFileName": vars."wm_ocs-svcs-inbound-adptrsvcs-getVehicleGPSCoordinates"."configFileName",
"vehicle_id": vars."wm_ocs-svcs-inbound-adptrsvcs-getVehicleGPSCoordinates"."vehicle_id",
"Cache-Control": vars."wm_ocs-svcs-inbound-adptrsvcs-getVehicleGPSCoordinates"."Cache-Control",
"count": vars."wm_ocs-svcs-inbound-adptrsvcs-getVehicleGPSCoordinates"."count",
"If-Modified-Since": vars."wm_ocs-svcs-inbound-adptrsvcs-getVehicleGPSCoordinates"."If-Modified-Since",
"Accept": vars."wm_ocs-svcs-inbound-adptrsvcs-getVehicleGPSCoordinates"."Accept",
"fields": vars."wm_ocs-svcs-inbound-adptrsvcs-getVehicleGPSCoordinates"."fields",
"pathHeader": vars."wm_ocs-svcs-inbound-adptrsvcs-getVehicleGPSCoordinates"."pathHeader",
"limit": vars."wm_ocs-svcs-inbound-adptrsvcs-getVehicleGPSCoordinates"."limit",
"offset": vars."wm_ocs-svcs-inbound-adptrsvcs-getVehicleGPSCoordinates"."offset",
"cacheManagerName": vars."wm_ocs-svcs-inbound-adptrsvcs-getVehicleGPSCoordinates"."cacheManagerName",
"cacheName": vars."wm_ocs-svcs-inbound-adptrsvcs-getVehicleGPSCoordinates"."cacheName",
"jdbcConnName": vars."wm_ocs-svcs-inbound-adptrsvcs-getVehicleGPSCoordinates"."jdbcConnName",
"cacheKey": vars."wm_ocs-svcs-inbound-adptrsvcs-getVehicleGPSCoordinates"."cacheKey",
"contentType": vars."wm_ocs-svcs-inbound-adptrsvcs-getVehicleGPSCoordinates"."contentType",
"finalResponse": vars."wm_ocs-svcs-inbound-adptrsvcs-getVehicleGPSCoordinates"."finalResponse",
"expirationTime": vars."wm_ocs-svcs-inbound-adptrsvcs-getVehicleGPSCoordinates"."expirationTime",
"etagOutput": vars."wm_ocs-svcs-inbound-adptrsvcs-getVehicleGPSCoordinates"."etagOutput",
"SQLStatement": vars."wm_ocs-svcs-inbound-adptrsvcs-getVehicleGPSCoordinates"."SQLStatement",
"LATITUDE": vars."wm_ocs-svcs-inbound-adptrsvcs-getVehicleGPSCoordinates"."LATITUDE",
"LONGITUDE": vars."wm_ocs-svcs-inbound-adptrsvcs-getVehicleGPSCoordinates"."LONGITUDE",
"GPSTIME": vars."wm_ocs-svcs-inbound-adptrsvcs-getVehicleGPSCoordinates"."GPSTIME",
"getVehicleGPSCoordinatesOutput": {
  "results": {
    "LATITUDE": vars."wm_ocs-svcs-inbound-adptrsvcs-getVehicleGPSCoordinates"."getVehicleGPSCoordinatesOutput.results.LATITUDE",
    "LONGITUDE": vars."wm_ocs-svcs-inbound-adptrsvcs-getVehicleGPSCoordinates"."getVehicleGPSCoordinatesOutput.results.LONGITUDE",
    "GPSTIME": vars."wm_ocs-svcs-inbound-adptrsvcs-getVehicleGPSCoordinates"."getVehicleGPSCoordinatesOutput.results.GPSTIME"
  }
}
}
]]></ee:set-variable>
			</ee:variables>
		</ee:transform>
    
                                                </try>
                                            </otherwise>
                                        </choice>
                                    </try>
                                </otherwise>
                            </choice>
                            <choice doc:name="BRANCH">
                                <when expression="%count%!=0">
                                    <try doc:name="SEQUENCE">
                                        
<ee:transform doc:name="MAP" doc:id="0af093a1-f36b-4a65-9f3f-7a904ab46e8b" >
			<ee:message >
			</ee:message>
			<ee:variables>
				<ee:set-variable variableName="MAP" ><![CDATA[%dw 2.0
output application/json
---
	{"metadata": {
  "totalCount": payload."count"
}
}
]]></ee:set-variable>
			</ee:variables>
		</ee:transform>
    
                                        
<ee:transform doc:name="MAP" doc:id="0af093a1-f36b-4a65-9f3f-7a904ab46e8b" >
			<ee:message >
			</ee:message>
			<ee:variables>
				<ee:set-variable variableName="MAP" ><![CDATA[%dw 2.0
output application/json
---
	{"document": {
  "metadata": payload."metadata",
  "request_tracking_id": payload."msgHeader.transactionID",
  "coordinates": payload."coordinates"
},
"cacheManager": vars.MAP."cacheManager",
"vehicle_id": vars.MAP."vehicle_id",
"configFileName": vars.MAP."configFileName",
"customer_id": vars.MAP."customer_id",
"Cache-Control": vars.MAP."Cache-Control",
"count": vars.MAP."count",
"If-Modified-Since": vars.MAP."If-Modified-Since",
"Accept": vars.MAP."Accept",
"type": vars.MAP."type",
"fields": vars.MAP."fields",
"pathHeader": vars.MAP."pathHeader",
"numberOfDays": vars.MAP."numberOfDays",
"limit": vars.MAP."limit",
"offset": vars.MAP."offset",
"serviceStatsFlag": vars.MAP."serviceStatsFlag",
"cacheManagerName": vars.MAP."cacheManagerName",
"cacheName": vars.MAP."cacheName",
"jdbcConnName": vars.MAP."jdbcConnName",
"cacheKey": vars.MAP."cacheKey",
"contentType": vars.MAP."contentType",
"finalResponse": vars.MAP."finalResponse",
"expirationTime": vars.MAP."expirationTime",
"etagOutput": vars.MAP."etagOutput",
"request_tracking_id": payload."request_tracking_id",
"totalCount": vars.MAP."totalCount",
"msgHeader": {
  "transactionID": payload."msgHeader.transactionID"
}
}
]]></ee:set-variable>
			</ee:variables>
		</ee:transform>
    
                                        <flow-ref doc:name="wm_common.utils:checkAcceptHeader" docid="qwbqeujb-eadc-40b9-98cc-268d14076da0" name="wm_common-utils-checkAcceptHeader"/>
                                        <flow-ref doc:name="wm_common.utils:checkIfModifiedSinceHeader" docid="goqvvzoo-eadc-40b9-98cc-268d14076da0" name="wm_common-utils-checkIfModifiedSinceHeader"/>
                                        <os:store doc:id="sheepzyc-eadc-40b9-98cc-268d14076da0" doc:name="pub.cache:put" key="#[attributes.headers.key]" name="pub.cache:put" objectStore="pub.cache-put_conn">
                                            <os:value>#[ payload ]</os:value>
                                        </os:store>
                                        <logger doc:id="pbxqfcug-eadc-40b9-98cc-268d14076da0" doc:name="CAAG.javasvcs:getExpirationTime" level="INFO"/>
                                        <logger doc:id="pcohrelx-eadc-40b9-98cc-268d14076da0" doc:name="pub.flow:setResponseHeader" level="INFO"/>
                                    </try>
                                </when>
                                <otherwise>
                                    <try doc:name="SEQUENCE">
                                        
<ee:transform doc:name="MAP" doc:id="0af093a1-f36b-4a65-9f3f-7a904ab46e8b" >
			<ee:message >
			</ee:message>
			<ee:variables>
				<ee:set-variable variableName="MAP" ><![CDATA[%dw 2.0
output application/json
---
	{"contentType": 'application/json',
"initParams": {
  "subjectNote": 'OCS',
  "errorCode": '204'
},
"Cache-Control": vars."pub-flow-setResponseHeader"."Cache-Control",
"If-Modified-Since": vars."pub-flow-setResponseHeader"."If-Modified-Since",
"configFileName": vars."pub-flow-setResponseHeader"."configFileName",
"Accept": vars."pub-flow-setResponseHeader"."Accept",
"Request-Tracking-Id": payload."Request-Tracking-Id",
"fields": vars."pub-flow-setResponseHeader"."fields",
"count": vars."pub-flow-setResponseHeader"."count",
"type": vars."pub-flow-setResponseHeader"."type",
"pathHeader": vars."pub-flow-setResponseHeader"."pathHeader",
"limit": vars."pub-flow-setResponseHeader"."limit",
"offset": vars."pub-flow-setResponseHeader"."offset",
"jdbcConnName": vars."pub-flow-setResponseHeader"."jdbcConnName",
"route_order_number": payload."route_order_number",
"finalResponse": vars."pub-flow-setResponseHeader"."finalResponse",
"etagOutput": vars."pub-flow-setResponseHeader"."etagOutput"
}
]]></ee:set-variable>
			</ee:variables>
		</ee:transform>
    
                                        <logger doc:id="uvmvayhq-eadc-40b9-98cc-268d14076da0" doc:name="wm_common.utils:throwError" level="INFO"/>
                                    </try>
                                </otherwise>
                            </choice>
                        </try>
                    </otherwise>
                </choice>
                
<ee:transform doc:name="MAP" doc:id="0af093a1-f36b-4a65-9f3f-7a904ab46e8b" >
			<ee:message >
			</ee:message>
			<ee:variables>
				<ee:set-variable variableName="MAP" ><![CDATA[%dw 2.0
output application/json
---
	{SVC_LINE_ID:payload.SVC_LINE_ID,
SVCCD:payload.SVCCD,
TKTNUM:payload.TKTNUM,
TKTTYPE:payload.TKTTYPE,
RTE:payload.RTE,
PLANDTE:payload.PLANDTE,
ORDERDTE:payload.ORDERDTE,
EXCP_CLASS:payload.EXCP_CLASS,
EXCP_REASONCODE:payload.EXCP_REASONCODE,
RNK#:payload.RNK#,
SVCTIME:payload.SVCTIME,
STATUS:payload.STATUS,
SVC_LINE_ID:vars.MAP.SVC_LINE_ID,
SVCCD:vars.MAP.SVCCD,
TKTNUM:vars.MAP.TKTNUM,
TKTTYPE:vars.MAP.TKTTYPE,
RTE:vars.MAP.RTE,
PLANDTE:vars.MAP.PLANDTE,
ORDERDTE:vars.MAP.ORDERDTE,
EXCP_CLASS:vars.MAP.EXCP_CLASS,
EXCP_REASONCODE:vars.MAP.EXCP_REASONCODE,
RNK#:vars.MAP.RNK#,
SVCTIME:vars.MAP.SVCTIME,
STATUS:vars.MAP.STATUS,
"type": vars."wm_common-utils-throwError"."type",
"customerNo": payload."customerNo",
"library": payload."library",
"company": payload."company",
"fileName": vars.MAP."fileName",
"count": vars."wm_common-utils-throwError"."count",
"numberOfDays": vars."wm_common-utils-throwError"."numberOfDays",
"finalResponse": vars."wm_common-utils-throwError"."finalResponse",
"totalCount": vars."wm_common-utils-throwError"."totalCount"
}
]]></ee:set-variable>
			</ee:variables>
		</ee:transform>
    
            </try>
            <try doc:name="SEQUENCE">
                <logger doc:id="ccyvdunc-eadc-40b9-98cc-268d14076da0" doc:name="pub.flow:getLastError" level="INFO"/>
                <logger doc:id="fwzhovxe-eadc-40b9-98cc-268d14076da0" doc:name="wm_errorhandling.utils:getCallingService" level="INFO"/>
                <logger doc:id="gdyaqekv-eadc-40b9-98cc-268d14076da0" doc:name="wm_errorhandling.svcs.flowsvcs:createErrorMsg_FW1" level="INFO"/>
                
<ee:transform doc:name="MAP" doc:id="0af093a1-f36b-4a65-9f3f-7a904ab46e8b" >
			<ee:message >
			</ee:message>
			<ee:variables>
				<ee:set-variable variableName="MAP" ><![CDATA[%dw 2.0
output application/json
---
	{"contentType": 'application/json'
}
]]></ee:set-variable>
			</ee:variables>
		</ee:transform>
    
                <logger doc:id="cggsbhrl-eadc-40b9-98cc-268d14076da0" doc:name="EXIT" level="INFO"/>
            </try>
        </try>
    </flow>
</mule>
