<?xml version="1.0" encoding="UTF-8"?><mule xmlns="http://www.mulesoft.org/schema/mule/core" xmlns:doc="http://www.mulesoft.org/schema/mule/documentation" xmlns:ee="http://www.mulesoft.org/schema/mule/ee/core" xmlns:xsi="http://www.w3.org/2001/XMLSchema-instance" xsi:schemaLocation="http://www.mulesoft.org/schema/mule/core http://www.mulesoft.org/schema/mule/core/current/mule.xsd http://www.mulesoft.org/schema/mule/ee/core http://www.mulesoft.org/schema/mule/ee/core/current/mule-ee.xsd">
    <flow doc:id="nwotswbo-eadc-40b9-98cc-268d14076da0" name="wm_ocs-svcs-outbound-websvcs-OCSAcknowledgementService_-connectors-OCSAcknowledgementePortType_acknowldgeOCS">
        <try doc:name="SEQUENCE">
            
<ee:transform doc:name="MAP" doc:id="0af093a1-f36b-4a65-9f3f-7a904ab46e8b" >
			<ee:message >
			</ee:message>
			<ee:variables>
				<ee:set-variable variableName="MAP" ><![CDATA[%dw 2.0
output application/json
---
	{"wsdOperationName": 'acknowldgeOCS'
}
]]></ee:set-variable>
			</ee:variables>
		</ee:transform>
    
            <choice doc:name="BRANCH">
                <when expression="% /_port% = OCSAcknowledgementPort">
                    
<ee:transform doc:name="MAP" doc:id="0af093a1-f36b-4a65-9f3f-7a904ab46e8b" >
			<ee:message >
			</ee:message>
			<ee:variables>
				<ee:set-variable variableName="MAP" ><![CDATA[%dw 2.0
output application/json
---
	{"binding": 'OCSAcknowledgementBinding',
"address": 'http://ocs.wm.com/OCSAcknowledgementService/OCSAcknowledgementService'
}
]]></ee:set-variable>
			</ee:variables>
		</ee:transform>
    
                </when>
                <otherwise>
                    
<ee:transform doc:name="MAP" doc:id="0af093a1-f36b-4a65-9f3f-7a904ab46e8b" >
			<ee:message >
			</ee:message>
			<ee:variables>
				<ee:set-variable variableName="MAP" ><![CDATA[%dw 2.0
output application/json
---
	{"binding": 'OCSAcknowledgementBinding',
"address": 'http://ocs.wm.com/OCSAcknowledgementService/OCSAcknowledgementService'
}
]]></ee:set-variable>
			</ee:variables>
		</ee:transform>
    
                </otherwise>
            </choice>
            <choice doc:name="BRANCH">
                <when expression="% /_url% = $null">
                    
<ee:transform doc:name="MAP" doc:id="0af093a1-f36b-4a65-9f3f-7a904ab46e8b" >
			<ee:message >
			</ee:message>
			<ee:variables>
				<ee:set-variable variableName="MAP" ><![CDATA[%dw 2.0
output application/json
---
	{}
]]></ee:set-variable>
			</ee:variables>
		</ee:transform>
    
                </when>
                <otherwise>
                    
<ee:transform doc:name="MAP" doc:id="0af093a1-f36b-4a65-9f3f-7a904ab46e8b" >
			<ee:message >
			</ee:message>
			<ee:variables>
				<ee:set-variable variableName="MAP" ><![CDATA[%dw 2.0
output application/json
---
	{"address": vars.MAP."_url"
}
]]></ee:set-variable>
			</ee:variables>
		</ee:transform>
    
                </otherwise>
            </choice>
            <choice doc:name="BRANCH">
                <when expression="% /binding% = OCSAcknowledgementBinding">
                    <try doc:name="SEQUENCE">
                        
<ee:transform doc:name="MAP" doc:id="0af093a1-f36b-4a65-9f3f-7a904ab46e8b" >
			<ee:message >
			</ee:message>
			<ee:variables>
				<ee:set-variable variableName="MAP" ><![CDATA[%dw 2.0
output application/json
---
	{"wsdBinderName": 'OCSAcknowledgementBinding',
"soapProtocol": 'SOAP 1.1 Protocol',
"request": {
  "OCSAcknowledgementRequestType": payload."OCSAcknowledgementRequestType"
}
}
]]></ee:set-variable>
			</ee:variables>
		</ee:transform>
    
                        <logger doc:id="ynugoiwb-eadc-40b9-98cc-268d14076da0" doc:name="pub.client:soapClient" level="INFO"/>
                        <choice doc:name="BRANCH">
                            <when expression="% /soapStatus% = 0">
                                <try doc:name="SEQUENCE">
                                    
<ee:transform doc:name="MAP" doc:id="0af093a1-f36b-4a65-9f3f-7a904ab46e8b" >
			<ee:message >
			</ee:message>
			<ee:variables>
				<ee:set-variable variableName="MAP" ><![CDATA[%dw 2.0
output application/json
---
	{"OCSAcknowledgementResponseType": payload."response.OCSAcknowledgementResponseType"
}
]]></ee:set-variable>
			</ee:variables>
		</ee:transform>
    
                                </try>
                            </when>
                            <otherwise>
                                <try doc:name="SEQUENCE">
                                    
<ee:transform doc:name="MAP" doc:id="0af093a1-f36b-4a65-9f3f-7a904ab46e8b" >
			<ee:message >
			</ee:message>
			<ee:variables>
				<ee:set-variable variableName="MAP" ><![CDATA[%dw 2.0
output application/json
---
	{"fault": payload."response.fault"
}
]]></ee:set-variable>
			</ee:variables>
		</ee:transform>
    
                                </try>
                            </otherwise>
                        </choice>
                    </try>
                </when>
            </choice>
        </try>
    </flow>
</mule>
