<?xml version="1.0" encoding="UTF-8"?><mule xmlns="http://www.mulesoft.org/schema/mule/core" xmlns:doc="http://www.mulesoft.org/schema/mule/documentation" xmlns:ee="http://www.mulesoft.org/schema/mule/ee/core" xmlns:jms="http://www.mulesoft.org/schema/mule/jms" xmlns:xsi="http://www.w3.org/2001/XMLSchema-instance" xsi:schemaLocation="http://www.mulesoft.org/schema/mule/core http://www.mulesoft.org/schema/mule/core/current/mule.xsd http://www.mulesoft.org/schema/mule/ee/core http://www.mulesoft.org/schema/mule/ee/core/current/mule-ee.xsd http://www.mulesoft.org/schema/mule/jms http://www.mulesoft.org/schema/mule/jms/current/mule-jms.xsd">
    <flow doc:id="ezfledfk-eadc-40b9-98cc-268d14076da0" name="wm_ocs-svcs-outbound-flowsvcs-processCasesEvent_ESBAddSvcReq2">
        
<ee:transform doc:name="MAP" doc:id="0af093a1-f36b-4a65-9f3f-7a904ab46e8b" >
			<ee:message >
			</ee:message>
			<ee:variables>
				<ee:set-variable variableName="MAP" ><![CDATA[%dw 2.0
output application/json
---
	{"CasesEvent": payload."JMSMessage.body.data"
}
]]></ee:set-variable>
			</ee:variables>
		</ee:transform>
    
        
<ee:transform doc:name="MAP" doc:id="0af093a1-f36b-4a65-9f3f-7a904ab46e8b" >
			<ee:message >
			</ee:message>
			<ee:variables>
				<ee:set-variable variableName="MAP" ><![CDATA[%dw 2.0
output application/json
---
	{"CasesEvent": {
  "msgHeader": {
    "actionCd": 'Add'
  }
}
}
]]></ee:set-variable>
			</ee:variables>
		</ee:transform>
    
        <logger doc:id="pcxwuevq-eadc-40b9-98cc-268d14076da0" doc:name="wm_errorhandling.svcs.flowsvcs:initializeParams" level="INFO"/>
        <try doc:name="SEQUENCE">
            <try doc:name="SEQUENCE">
                
<ee:transform doc:name="MAP" doc:id="0af093a1-f36b-4a65-9f3f-7a904ab46e8b" >
			<ee:message >
			</ee:message>
			<ee:variables>
				<ee:set-variable variableName="MAP" ><![CDATA[%dw 2.0
output application/json
var valueList_1 = "call wm_common.config:getCustParam_multiple with args:nameList='''',"

---
	{"ticketSubCategories": valueList[3],
"connectionAliasName": valueList[0],
"destinationName": valueList[1],
"destinationType": valueList[2],
"isResourceMonitoringSvc": vars."wm_errorhandling-svcs-flowsvcs-initializeParams"."isResourceMonitoringSvc",
"configFileName": vars."wm_errorhandling-svcs-flowsvcs-initializeParams"."configFileName"
}
]]></ee:set-variable>
			</ee:variables>
		</ee:transform>
    
                <logger doc:id="jsvlnuhs-eadc-40b9-98cc-268d14076da0" doc:name="wm_common.utils:searchString" level="INFO"/>
                <choice doc:name="BRANCH">
                    <when expression="%present%=='true' &amp;&amp; %wm_common.events:CasesEvent/Cases:cases[0]/Cases:caseCategorization/Cases:caseCategory%=='TKT'">
                        <try doc:name="SEQUENCE">
                            <jms:publish config-ref="pub.jms:send_conn" destination="pub.jms:send" destinationType="TOPIC" doc:id="xbpptynkba44-4f56-9c63-d1d76a5d22ca" doc:name="Publish" name="pub.jms:send">
                                <jms:message>
                                    <jms:body/>
                                </jms:message>
                            </jms:publish>
                            <logger doc:id="nfiyhvzm-eadc-40b9-98cc-268d14076da0" doc:name="wm_txnlogging.svcs.flowsvcs:publishTxnLogEvent" level="INFO"/>
                        </try>
                    </when>
                    <otherwise>
                        <try doc:name="SEQUENCE">
                            <logger doc:id="coccrtsu-eadc-40b9-98cc-268d14076da0" doc:name="wm_txnlogging.svcs.flowsvcs:publishTxnLogEvent" level="INFO"/>
                        </try>
                    </otherwise>
                </choice>
                
<ee:transform doc:name="MAP" doc:id="0af093a1-f36b-4a65-9f3f-7a904ab46e8b" >
			<ee:message >
			</ee:message>
			<ee:variables>
				<ee:set-variable variableName="MAP" ><![CDATA[%dw 2.0
output application/json
---
	{"isResourceMonitoringSvc": vars."wm_txnlogging-svcs-flowsvcs-publishTxnLogEvent"."isResourceMonitoringSvc"
}
]]></ee:set-variable>
			</ee:variables>
		</ee:transform>
    
                <logger doc:id="nkgelgwy-eadc-40b9-98cc-268d14076da0" doc:name="pub.flow:clearPipeline" level="INFO"/>
            </try>
            <try doc:name="SEQUENCE">
                <logger doc:id="ustjeujl-eadc-40b9-98cc-268d14076da0" doc:name="pub.flow:getLastError" level="INFO"/>
                <logger doc:id="mwtgmajk-eadc-40b9-98cc-268d14076da0" doc:name="wm_errorhandling.utils:getCallingService" level="INFO"/>
                <logger doc:id="ppwzubev-eadc-40b9-98cc-268d14076da0" doc:name="wm_errorhandling.svcs.flowsvcs:createErrorMsg_FW1" level="INFO"/>
                <logger doc:id="ezkppnuw-eadc-40b9-98cc-268d14076da0" doc:name="wm_txnlogging.utils:getExceptionType" level="INFO"/>
            </try>
        </try>
        <choice doc:name="BRANCH">
            <when expression="%initParams/isError% == 'TRUE'">
                <try doc:name="SEQUENCE">
                    <choice doc:name="BRANCH">
                        <when expression="%exceptionForRetry%=='true' &amp;&amp; %initParams/retry%=='YES'">
                            <try doc:name="SEQUENCE">
                                <logger doc:id="obfnnkac-eadc-40b9-98cc-268d14076da0" doc:name="pub.flow:getRetryCount" level="INFO"/>
                                <choice doc:name="BRANCH">
                                    <when expression="%retryCount% ==%maxRetryCount% &amp;&amp; %isResourceMonitoringSvc% == 'NO'">
                                        <try doc:name="SEQUENCE">
                                            <logger doc:id="gwomjfnx-eadc-40b9-98cc-268d14076da0" doc:name="pub.publish:publish" level="INFO"/>
                                            <logger doc:id="ktdrtmwk-eadc-40b9-98cc-268d14076da0" doc:name="wm_txnlogging.svcs.flowsvcs:publishTxnLogEvent" level="INFO"/>
                                        </try>
                                    </when>
                                    <when expression="%retryCount% ==%maxRetryCount% &amp;&amp; %isResourceMonitoringSvc% == 'YES'">
                                        <try doc:name="SEQUENCE">
                                            <logger doc:id="xjsnhzkx-eadc-40b9-98cc-268d14076da0" doc:name="wm_txnlogging.svcs.flowsvcs:publishTxnLogEvent" level="INFO"/>
                                        </try>
                                    </when>
                                </choice>
                                <logger doc:id="mqyjwqzg-eadc-40b9-98cc-268d14076da0" doc:name="pub.flow:throwExceptionForRetry" level="INFO"/>
                            </try>
                        </when>
                        <otherwise>
                            <try doc:name="SEQUENCE">
                                <logger doc:id="scayivdx-eadc-40b9-98cc-268d14076da0" doc:name="pub.publish:publish" level="INFO"/>
                                <logger doc:id="qovfpsdf-eadc-40b9-98cc-268d14076da0" doc:name="wm_txnlogging.svcs.flowsvcs:publishTxnLogEvent" level="INFO"/>
                            </try>
                        </otherwise>
                    </choice>
                </try>
            </when>
        </choice>
    </flow>
</mule>
