<?xml version="1.0" encoding="UTF-8"?><mule xmlns="http://www.mulesoft.org/schema/mule/core" xmlns:doc="http://www.mulesoft.org/schema/mule/documentation" xmlns:ee="http://www.mulesoft.org/schema/mule/ee/core" xmlns:xsi="http://www.w3.org/2001/XMLSchema-instance" xsi:schemaLocation="http://www.mulesoft.org/schema/mule/core http://www.mulesoft.org/schema/mule/core/current/mule.xsd http://www.mulesoft.org/schema/mule/ee/core http://www.mulesoft.org/schema/mule/ee/core/current/mule-ee.xsd">
    <flow doc:id="aunybefd-eadc-40b9-98cc-268d14076da0" name="wm_ocs-svcs-outbound-flowsvcs-processRoutingEvents_MASRoute">
        
<ee:transform doc:name="MAP" doc:id="0af093a1-f36b-4a65-9f3f-7a904ab46e8b" >
			<ee:message >
			</ee:message>
			<ee:variables>
				<ee:set-variable variableName="MAP" ><![CDATA[%dw 2.0
output application/json
---
	{"MAS_OCSRoutingEvents": payload."JMSMessage.body.data",
"JMSMessage": {
  "body": {
    "data": payload."JMSMessage.body.data"
  }
}
}
]]></ee:set-variable>
			</ee:variables>
		</ee:transform>
    
        <logger doc:id="szgscnpb-eadc-40b9-98cc-268d14076da0" doc:name="wm_errorhandling.svcs.flowsvcs:initializeParams" level="INFO"/>
        
<ee:transform doc:name="MAP" doc:id="0af093a1-f36b-4a65-9f3f-7a904ab46e8b" >
			<ee:message >
			</ee:message>
			<ee:variables>
				<ee:set-variable variableName="MAP" ><![CDATA[%dw 2.0
output application/json
---
	{"initParams": {
  "subjectNote": payload."MAS_OCSRoutingEvents.msgHeader.target.msgTargetCd"
},
"configFileName": vars."wm_errorhandling-svcs-flowsvcs-initializeParams"."configFileName",
"isResourceMonitoringSvc": vars."wm_errorhandling-svcs-flowsvcs-initializeParams"."isResourceMonitoringSvc",
"MAS_OCSRoutingEvents": {
  "msgHeader": {
    "target": {
      "msgTargetCd": payload."MAS_OCSRoutingEvents.msgHeader.target.msgTargetCd"
    }
  }
}
}
]]></ee:set-variable>
			</ee:variables>
		</ee:transform>
    
        <try doc:name="SEQUENCE">
            <try doc:name="SEQUENCE">
                
<ee:transform doc:name="MAP" doc:id="0af093a1-f36b-4a65-9f3f-7a904ab46e8b" >
			<ee:message >
			</ee:message>
			<ee:variables>
				<ee:set-variable variableName="MAP" ><![CDATA[%dw 2.0
output application/json
var url_1 = "call wm_common.config:getWSClientConfig with args:sid=''processRoutingEvents_MASRoute_OCS_' ++ vars.INVOKE.MAS_OCSRoutingEvents.EsbMsgHeader:msgHeader.EsbMsgHeader:source.EsbMsgHeader:requestedEnv '',"
var valueList_2 = "call wm_common.config:getCustParam_multiple with args:nameList='''',"

---
	{"url": url_1,
"maxCommentsLength": valueList[0],
"getUTFEncoding": valueList[1],
"isResourceMonitoringSvc": vars.MAP."isResourceMonitoringSvc",
"configFileName": vars.MAP."configFileName"
}
]]></ee:set-variable>
			</ee:variables>
		</ee:transform>
    
                <logger doc:id="gyzpyhno-eadc-40b9-98cc-268d14076da0" doc:name="wm_ocs.svcs.outbound.javasvcs:mapMASRoutingEventToOCSDoc" level="INFO"/>
                <logger doc:id="xkuvredd-eadc-40b9-98cc-268d14076da0" doc:name="wm_txnlogging.svcs.flowsvcs:publishTxnLogEvent" level="INFO"/>
                
<ee:transform doc:name="MAP" doc:id="0af093a1-f36b-4a65-9f3f-7a904ab46e8b" >
			<ee:message >
			</ee:message>
			<ee:variables>
				<ee:set-variable variableName="MAP" ><![CDATA[%dw 2.0
output application/json
var xmldata_1 = "call pub.xml:documentToXMLString with args:encode=''true'',"

---
	{"xmldata": xmldata_1,
"url": vars."wm_txnlogging-svcs-flowsvcs-publishTxnLogEvent"."url",
"isResourceMonitoringSvc": vars."wm_txnlogging-svcs-flowsvcs-publishTxnLogEvent"."isResourceMonitoringSvc",
"getUTFEncoding": vars."wm_txnlogging-svcs-flowsvcs-publishTxnLogEvent"."getUTFEncoding"
}
]]></ee:set-variable>
			</ee:variables>
		</ee:transform>
    
                <logger doc:id="nbgiibpm-eadc-40b9-98cc-268d14076da0" doc:name="pub.string:replace" level="INFO"/>
                
<ee:transform doc:name="MAP" doc:id="0af093a1-f36b-4a65-9f3f-7a904ab46e8b" >
			<ee:message >
			</ee:message>
			<ee:variables>
				<ee:set-variable variableName="MAP" ><![CDATA[%dw 2.0
output application/json
var bytes_1 = "call pub.string:stringToBytes with args:"

---
	{"bytes": bytes_1,
"inString": vars."pub-string-replace"."inString",
"searchString": vars."pub-string-replace"."searchString",
"replaceString": vars."pub-string-replace"."replaceString",
"url": vars."pub-string-replace"."url",
"isResourceMonitoringSvc": vars."pub-string-replace"."isResourceMonitoringSvc",
"getUTFEncoding": vars."pub-string-replace"."getUTFEncoding",
"xmldata": vars."pub-string-replace"."xmldata"
}
]]></ee:set-variable>
			</ee:variables>
		</ee:transform>
    
                
<ee:transform doc:name="MAP" doc:id="0af093a1-f36b-4a65-9f3f-7a904ab46e8b" >
			<ee:message >
			</ee:message>
			<ee:variables>
				<ee:set-variable variableName="MAP" ><![CDATA[%dw 2.0
output application/json
var value_1 = "call pub.string:base64Encode with args:"

---
	{"arrayOfbyte": value_1,
"inString": vars.MAP."inString",
"searchString": vars.MAP."searchString",
"replaceString": vars.MAP."replaceString",
"url": vars.MAP."url",
"isResourceMonitoringSvc": vars.MAP."isResourceMonitoringSvc",
"getUTFEncoding": vars.MAP."getUTFEncoding"
}
]]></ee:set-variable>
			</ee:variables>
		</ee:transform>
    
                <flow-ref doc:name="wm_ocs.svcs.outbound.websvcs.WSMASImport_.connectors:WSMASImportSEI_Import" docid="edrosbeq-eadc-40b9-98cc-268d14076da0" name="wm_ocs-svcs-outbound-websvcs-WSMASImport_-connectors-WSMASImportSEI_Import"/>
                <choice doc:name="BRANCH">
                    <when expression="%/SOAP-FAULT/Fault_1_1% != $null">
                        <try doc:name="SEQUENCE">
                            
<ee:transform doc:name="MAP" doc:id="0af093a1-f36b-4a65-9f3f-7a904ab46e8b" >
			<ee:message >
			</ee:message>
			<ee:variables>
				<ee:set-variable variableName="MAP" ><![CDATA[%dw 2.0
output application/json
---
	{"initParams": {
  "subjectNote": 'OCS',
  "errorCode": '' ++ vars.INVOKE.SOAP-FAULT.Fault_1_1.faultcode '
},
"isResourceMonitoringSvc": vars."wm_ocs-svcs-outbound-websvcs-WSMASImport_-connectors-WSMASImportSEI_Import"."isResourceMonitoringSvc",
"result": vars."wm_ocs-svcs-outbound-websvcs-WSMASImport_-connectors-WSMASImportSEI_Import"."result"
}
]]></ee:set-variable>
			</ee:variables>
		</ee:transform>
    
                            <logger doc:id="gjpfnvgu-eadc-40b9-98cc-268d14076da0" doc:name="wm_common.utils:throwError" level="INFO"/>
                        </try>
                    </when>
                    <when expression="%/SOAP-FAULT/Fault_1_2% != $null">
                        <try doc:name="SEQUENCE">
                            
<ee:transform doc:name="MAP" doc:id="0af093a1-f36b-4a65-9f3f-7a904ab46e8b" >
			<ee:message >
			</ee:message>
			<ee:variables>
				<ee:set-variable variableName="MAP" ><![CDATA[%dw 2.0
output application/json
---
	{"initParams": {
  "subjectNote": 'OCS',
  "errorCode": '' ++ vars.INVOKE..SOAP-FAULT.Fault_1_2.SOAP-ENV:Detail.rns:SiperianRequestFault.rns:errorMessage '
},
"arrayOfbyte_1": payload."arrayOfbyte_1",
"url": vars."wm_common-utils-throwError"."url",
"configFileName": vars."wm_common-utils-throwError"."configFileName",
"bytes": vars."wm_common-utils-throwError"."bytes",
"arrayOfbyte": vars.MAP."arrayOfbyte",
"result": vars."wm_common-utils-throwError"."result"
}
]]></ee:set-variable>
			</ee:variables>
		</ee:transform>
    
                            <logger doc:id="ghegmdlx-eadc-40b9-98cc-268d14076da0" doc:name="wm_common.utils:throwError" level="INFO"/>
                        </try>
                    </when>
                </choice>
                <logger doc:id="srkpullt-eadc-40b9-98cc-268d14076da0" doc:name="pub.string:base64Decode" level="INFO"/>
                <logger doc:id="bielxcsa-eadc-40b9-98cc-268d14076da0" doc:name="pub.string:bytesToString" level="INFO"/>
                <logger doc:id="esdhttcc-eadc-40b9-98cc-268d14076da0" doc:name="wm_txnlogging.svcs.flowsvcs:publishTxnLogEvent" level="INFO"/>
                <logger doc:id="bsuqewlc-eadc-40b9-98cc-268d14076da0" doc:name="pub.flow:clearPipeline" level="INFO"/>
            </try>
            <try doc:name="SEQUENCE">
                <logger doc:id="msjnrala-eadc-40b9-98cc-268d14076da0" doc:name="pub.flow:getLastError" level="INFO"/>
                <logger doc:id="avqjndww-eadc-40b9-98cc-268d14076da0" doc:name="wm_errorhandling.utils:getCallingService" level="INFO"/>
                <logger doc:id="cfxpbcsz-eadc-40b9-98cc-268d14076da0" doc:name="wm_errorhandling.svcs.flowsvcs:createErrorMsg_FW1" level="INFO"/>
                <logger doc:id="gddavcwe-eadc-40b9-98cc-268d14076da0" doc:name="wm_txnlogging.utils:getExceptionType" level="INFO"/>
            </try>
        </try>
        <choice doc:name="BRANCH">
            <when expression="%initParams/isError% == 'TRUE'">
                <try doc:name="SEQUENCE">
                    <choice doc:name="BRANCH">
                        <when expression="%exceptionForRetry%=='true' &amp;&amp; %initParams/retry%=='YES'">
                            <try doc:name="SEQUENCE">
                                <logger doc:id="fxrnpcfl-eadc-40b9-98cc-268d14076da0" doc:name="pub.flow:getRetryCount" level="INFO"/>
                                <choice doc:name="BRANCH">
                                    <when expression="%retryCount% ==%maxRetryCount% &amp;&amp; %isResourceMonitoringSvc% == 'NO'">
                                        <try doc:name="SEQUENCE">
                                            <logger doc:id="fuegfddt-eadc-40b9-98cc-268d14076da0" doc:name="pub.publish:publish" level="INFO"/>
                                            <logger doc:id="yckjfujn-eadc-40b9-98cc-268d14076da0" doc:name="wm_txnlogging.svcs.flowsvcs:publishTxnLogEvent" level="INFO"/>
                                        </try>
                                    </when>
                                    <when expression="%retryCount% ==%maxRetryCount% &amp;&amp; %isResourceMonitoringSvc% == 'YES'">
                                        <try doc:name="SEQUENCE">
                                            <logger doc:id="klcgvpwz-eadc-40b9-98cc-268d14076da0" doc:name="wm_txnlogging.svcs.flowsvcs:publishTxnLogEvent" level="INFO"/>
                                        </try>
                                    </when>
                                </choice>
                                <logger doc:id="llzbwobo-eadc-40b9-98cc-268d14076da0" doc:name="pub.flow:throwExceptionForRetry" level="INFO"/>
                            </try>
                        </when>
                        <otherwise>
                            <try doc:name="SEQUENCE">
                                <logger doc:id="kxeyznhf-eadc-40b9-98cc-268d14076da0" doc:name="pub.publish:publish" level="INFO"/>
                                <logger doc:id="cuuhwngs-eadc-40b9-98cc-268d14076da0" doc:name="wm_txnlogging.svcs.flowsvcs:publishTxnLogEvent" level="INFO"/>
                            </try>
                        </otherwise>
                    </choice>
                </try>
            </when>
        </choice>
    </flow>
</mule>
