<?xml version="1.0" encoding="UTF-8"?><mule xmlns="http://www.mulesoft.org/schema/mule/core" xmlns:doc="http://www.mulesoft.org/schema/mule/documentation" xmlns:ee="http://www.mulesoft.org/schema/mule/ee/core" xmlns:xsi="http://www.w3.org/2001/XMLSchema-instance" xsi:schemaLocation="http://www.mulesoft.org/schema/mule/core http://www.mulesoft.org/schema/mule/core/current/mule.xsd http://www.mulesoft.org/schema/mule/ee/core http://www.mulesoft.org/schema/mule/ee/core/current/mule-ee.xsd">
    <flow doc:id="klgrcfco-eadc-40b9-98cc-268d14076da0" name="wm_ocs-svcs-outbound-flowsvcs-processCasesEvent_LASANAddRespSvcReq2">
        
<ee:transform doc:name="MAP" doc:id="0af093a1-f36b-4a65-9f3f-7a904ab46e8b" >
			<ee:message >
			</ee:message>
			<ee:variables>
				<ee:set-variable variableName="MAP" ><![CDATA[%dw 2.0
output application/json
var propertyValue_1 = "call pub.utils:getServerProperty with args:propertyName=''watt.waste.esb.environment'',"

---
	{"msgHeader": {
  "target": {
    "requestedEnv": propertyValue_1
  },
  "source": {
    "requestedEnv": propertyValue_1
  }
},
"JMSMessage": {
  "body": {
    "data": payload."JMSMessage.body.data"
  }
}
}
]]></ee:set-variable>
			</ee:variables>
		</ee:transform>
    
        <logger doc:id="gqmibqav-eadc-40b9-98cc-268d14076da0" doc:name="wm_errorhandling.svcs.flowsvcs:initializeParams" level="INFO"/>
        <try doc:name="SEQUENCE">
            <try doc:name="SEQUENCE">
                <set-payload doc:id="fzsscewd-eadc-40b9-98cc-268d14076da0" doc:name="Set Payload" name="set_payload" value="#[payload]"/>
                <foreach collection="#[payload]" doc:id="ascyhlmh-eadc-40b9-98cc-268d14076da0" doc:name="LOOP" name="LOOP">
                    <choice doc:name="BRANCH">
                        <when expression="%Cases/Cases:caseID/GblLkup:applSourceCd% == 'OCS' &amp;&amp; (%Cases/Cases:caseID/Cases:caseID% == $null || %Cases/Cases:caseID/Cases:caseID% == '')">
                            <try doc:name="SEQUENCE">
                                <logger doc:id="evbmfgfq-eadc-40b9-98cc-268d14076da0" doc:name="wm_txnlogging.svcs.flowsvcs:publishTxnLogEvent" level="INFO"/>
                                <logger doc:id="zzhxqbuf-eadc-40b9-98cc-268d14076da0" doc:name="EXIT" level="INFO"/>
                            </try>
                        </when>
                    </choice>
                </foreach>
                <choice doc:name="BRANCH">
                    <when expression="% /EsbMsgHeader:msgHeader/EsbMsgHeader:source/EsbMsgHeader:msgSourceCd% = $null">
                        
<ee:transform doc:name="MAP" doc:id="0af093a1-f36b-4a65-9f3f-7a904ab46e8b" >
			<ee:message >
			</ee:message>
			<ee:variables>
				<ee:set-variable variableName="MAP" ><![CDATA[%dw 2.0
output application/json
var url_1 = "call wm_common.config:getWSClientConfig with args:sid=''processSvcReqResponseForOCS_client_' ++ vars.INVOKE.EsbMsgHeader:msgHeader.EsbMsgHeader:source.EsbMsgHeader:requestedEnv '',"

---
	{"url": url_1,
"configFileName": vars."wm_txnlogging-svcs-flowsvcs-publishTxnLogEvent"."configFileName"
}
]]></ee:set-variable>
			</ee:variables>
		</ee:transform>
    
                    </when>
                    <otherwise>
                        
<ee:transform doc:name="MAP" doc:id="0af093a1-f36b-4a65-9f3f-7a904ab46e8b" >
			<ee:message >
			</ee:message>
			<ee:variables>
				<ee:set-variable variableName="MAP" ><![CDATA[%dw 2.0
output application/json
var url_1 = "call wm_common.config:getWSClientConfig with args:sid=''processSvcReqResponseForOCS_' ++ vars.INVOKE.EsbMsgHeader:msgHeader.EsbMsgHeader:source.EsbMsgHeader:msgSourceCd ++ '_' ++ vars.INVOKE.EsbMsgHeader:msgHeader.EsbMsgHeader:source.EsbMsgHeader:requestedEnv '',"

---
	{"url": url_1,
"configFileName": vars.MAP."configFileName"
}
]]></ee:set-variable>
			</ee:variables>
		</ee:transform>
    
                    </otherwise>
                </choice>
                <flow-ref doc:name="wm_ocs.svcs.outbound.flowsvcs:mapLASANSvcReqResponseToOCSSvcReqResponse" docid="ypqbbunz-eadc-40b9-98cc-268d14076da0" name="wm_ocs-svcs-outbound-flowsvcs-mapLASANSvcReqResponseToOCSSvcReqResponse"/>
                <set-payload doc:id="tlboiezf-eadc-40b9-98cc-268d14076da0" doc:name="Set Payload" name="set_payload" value="#[payload]"/>
                <foreach collection="#[payload]" doc:id="ttpqhnbo-eadc-40b9-98cc-268d14076da0" doc:name="LOOP" name="LOOP">
                    <choice doc:name="BRANCH">
                        <when expression="% /tns:OCSAcknowldgementRequestType/TicketList/OCSUniqueId% = /[^ ]/">
                            <try doc:name="SEQUENCE"/>
                        </when>
                        <otherwise>
                            <try doc:name="SEQUENCE">
                                <logger doc:id="mwhspwzq-eadc-40b9-98cc-268d14076da0" doc:name="wm_txnlogging.svcs.flowsvcs:publishTxnLogEvent" level="INFO"/>
                                <logger doc:id="lbamrrcp-eadc-40b9-98cc-268d14076da0" doc:name="EXIT" level="INFO"/>
                            </try>
                        </otherwise>
                    </choice>
                </foreach>
                <logger doc:id="vztsjmmy-eadc-40b9-98cc-268d14076da0" doc:name="wm_txnlogging.svcs.flowsvcs:publishTxnLogEvent" level="INFO"/>
                <flow-ref doc:name="wm_ocs.svcs.outbound.websvcs.OCSAcknowledgementService_.connectors:OCSAcknowledgementePortType_acknowldgeOCS" docid="wdzsjvzx-eadc-40b9-98cc-268d14076da0" name="wm_ocs-svcs-outbound-websvcs-OCSAcknowledgementService_-connectors-OCSAcknowledgementePortType_acknowldgeOCS"/>
                <choice doc:name="BRANCH">
                    <when expression="%fault% != $null">
                        <try doc:name="SEQUENCE">
                            
<ee:transform doc:name="MAP" doc:id="0af093a1-f36b-4a65-9f3f-7a904ab46e8b" >
			<ee:message >
			</ee:message>
			<ee:variables>
				<ee:set-variable variableName="MAP" ><![CDATA[%dw 2.0
output application/json
---
	{"initParams": {
  "errorCode": 'ESB.ERR.9999',
  "subjectNote": 'OCS'
},
"configFileName": vars."wm_ocs-svcs-outbound-websvcs-OCSAcknowledgementService_-connectors-OCSAcknowledgementePortType_acknowldgeOCS"."configFileName"
}
]]></ee:set-variable>
			</ee:variables>
		</ee:transform>
    
                            <logger doc:id="ilxmfpwr-eadc-40b9-98cc-268d14076da0" doc:name="wm_common.utils:throwError" level="INFO"/>
                        </try>
                    </when>
                </choice>
                <logger doc:id="dmgcxvmp-eadc-40b9-98cc-268d14076da0" doc:name="wm_txnlogging.svcs.flowsvcs:publishTxnLogEvent" level="INFO"/>
                <logger doc:id="eammiotg-eadc-40b9-98cc-268d14076da0" doc:name="EXIT" level="INFO"/>
            </try>
            <try doc:name="SEQUENCE">
                <logger doc:id="sugjvdaz-eadc-40b9-98cc-268d14076da0" doc:name="pub.flow:getLastError" level="INFO"/>
                <logger doc:id="dzxvbfeb-eadc-40b9-98cc-268d14076da0" doc:name="wm_errorhandling.utils:getCallingService" level="INFO"/>
                <logger doc:id="bbbetddz-eadc-40b9-98cc-268d14076da0" doc:name="wm_errorhandling.svcs.flowsvcs:createErrorMsg_FW1" level="INFO"/>
                <logger doc:id="bstxfycx-eadc-40b9-98cc-268d14076da0" doc:name="wm_txnlogging.utils:getExceptionType" level="INFO"/>
            </try>
        </try>
        <choice doc:name="BRANCH">
            <when expression="%initParams/isError% == 'TRUE'">
                <try doc:name="SEQUENCE">
                    <choice doc:name="BRANCH">
                        <when expression="%exceptionForRetry%=='true' &amp;&amp; %initParams/retry%=='YES'">
                            <try doc:name="SEQUENCE">
                                <logger doc:id="jvzcbazb-eadc-40b9-98cc-268d14076da0" doc:name="pub.flow:getRetryCount" level="INFO"/>
                                <choice doc:name="BRANCH">
                                    <when expression="%retryCount% ==%maxRetryCount% &amp;&amp; %isResourceMonitoringSvc% == 'NO'">
                                        <try doc:name="SEQUENCE">
                                            <logger doc:id="unszjgtc-eadc-40b9-98cc-268d14076da0" doc:name="pub.publish:publish" level="INFO"/>
                                            <logger doc:id="lxblohcg-eadc-40b9-98cc-268d14076da0" doc:name="wm_txnlogging.svcs.flowsvcs:publishTxnLogEvent" level="INFO"/>
                                        </try>
                                    </when>
                                    <when expression="%retryCount% ==%maxRetryCount% &amp;&amp; %isResourceMonitoringSvc% == 'YES'">
                                        <try doc:name="SEQUENCE">
                                            <logger doc:id="zehwfais-eadc-40b9-98cc-268d14076da0" doc:name="wm_txnlogging.svcs.flowsvcs:publishTxnLogEvent" level="INFO"/>
                                        </try>
                                    </when>
                                </choice>
                                <logger doc:id="amuvbwzx-eadc-40b9-98cc-268d14076da0" doc:name="pub.flow:throwExceptionForRetry" level="INFO"/>
                            </try>
                        </when>
                        <otherwise>
                            <try doc:name="SEQUENCE">
                                <logger doc:id="uifrawoo-eadc-40b9-98cc-268d14076da0" doc:name="pub.publish:publish" level="INFO"/>
                                <logger doc:id="ncdbfbdm-eadc-40b9-98cc-268d14076da0" doc:name="wm_txnlogging.svcs.flowsvcs:publishTxnLogEvent" level="INFO"/>
                            </try>
                        </otherwise>
                    </choice>
                </try>
            </when>
        </choice>
    </flow>
</mule>
