<?xml version="1.0" encoding="UTF-8"?><mule xmlns="http://www.mulesoft.org/schema/mule/core" xmlns:doc="http://www.mulesoft.org/schema/mule/documentation" xmlns:ee="http://www.mulesoft.org/schema/mule/ee/core" xmlns:xsi="http://www.w3.org/2001/XMLSchema-instance" xsi:schemaLocation="http://www.mulesoft.org/schema/mule/core http://www.mulesoft.org/schema/mule/core/current/mule.xsd http://www.mulesoft.org/schema/mule/ee/core http://www.mulesoft.org/schema/mule/ee/core/current/mule-ee.xsd">
    <flow doc:id="cunagozz-eadc-40b9-98cc-268d14076da0" name="wm_ocs-svcs-outbound-flowsvcs-processRouteStopEvents_AddRoutesFromSL">
        
<ee:transform doc:name="MAP" doc:id="0af093a1-f36b-4a65-9f3f-7a904ab46e8b" >
			<ee:message >
			</ee:message>
			<ee:variables>
				<ee:set-variable variableName="MAP" ><![CDATA[%dw 2.0
output application/json
---
	{"RouteStopEvent": payload."JMSMessage.body.data",
"JMSMessage": {
  "body": {
    "data": payload."JMSMessage.body.data"
  }
}
}
]]></ee:set-variable>
			</ee:variables>
		</ee:transform>
    
        <logger doc:id="jamkboua-eadc-40b9-98cc-268d14076da0" doc:name="wm_errorhandling.svcs.flowsvcs:initializeParams" level="INFO"/>
        <try doc:name="SEQUENCE">
            <try doc:name="SEQUENCE">
                
<ee:transform doc:name="MAP" doc:id="0af093a1-f36b-4a65-9f3f-7a904ab46e8b" >
			<ee:message >
			</ee:message>
			<ee:variables>
				<ee:set-variable variableName="MAP" ><![CDATA[%dw 2.0
output application/json
var password_1 = "call wm_common.config:getWSClientConfig with args:sid=''processRouteStopEvents_AddRouteStopFromSL_' ++ vars.INVOKE.wm_common.events:RouteStopEvent.EsbMsgHeader:msgHeader.EsbMsgHeader:source.EsbMsgHeader:requestedEnv '',fileName=''publishRouteStopEvents.xml'',"

---
	{"url": url_1,
"username": username_1,
"password": password_1,
"isResourceMonitoringSvc": vars."wm_errorhandling-svcs-flowsvcs-initializeParams"."isResourceMonitoringSvc"
}
]]></ee:set-variable>
			</ee:variables>
		</ee:transform>
    
                <flow-ref doc:name="wm_ocs.svcs.outbound.flowsvcs:mapSLRouteStopEventsToOCS" docid="dmtaudlk-eadc-40b9-98cc-268d14076da0" name="wm_ocs-svcs-outbound-flowsvcs-mapSLRouteStopEventsToOCS"/>
                <logger doc:id="znrhhobg-eadc-40b9-98cc-268d14076da0" doc:name="wm_txnlogging.svcs.flowsvcs:publishTxnLogEvent" level="INFO"/>
                <flow-ref doc:name="wm_ocs.svcs.outbound.websvcs.WSSLImport_.connectors:OCSIntegrationRouteImportPortType_importRoute" docid="waotykdu-eadc-40b9-98cc-268d14076da0" name="wm_ocs-svcs-outbound-websvcs-WSSLImport_-connectors-OCSIntegrationRouteImportPortType_importRoute"/>
                <choice doc:name="BRANCH">
                    <when expression="%fault% != $null">
                        <try doc:name="SEQUENCE">
                            
<ee:transform doc:name="MAP" doc:id="0af093a1-f36b-4a65-9f3f-7a904ab46e8b" >
			<ee:message >
			</ee:message>
			<ee:variables>
				<ee:set-variable variableName="MAP" ><![CDATA[%dw 2.0
output application/json
---
	{"initParams": {
  "subjectNote": 'OCS'
},
"url": vars."wm_ocs-svcs-outbound-websvcs-WSSLImport_-connectors-OCSIntegrationRouteImportPortType_importRoute"."url",
"_url": payload."_url",
"username": vars."wm_ocs-svcs-outbound-websvcs-WSSLImport_-connectors-OCSIntegrationRouteImportPortType_importRoute"."username",
"password": vars."wm_ocs-svcs-outbound-websvcs-WSSLImport_-connectors-OCSIntegrationRouteImportPortType_importRoute"."password",
"isResourceMonitoringSvc": vars."wm_ocs-svcs-outbound-websvcs-WSSLImport_-connectors-OCSIntegrationRouteImportPortType_importRoute"."isResourceMonitoringSvc"
}
]]></ee:set-variable>
			</ee:variables>
		</ee:transform>
    
                            <logger doc:id="hhtuzlds-eadc-40b9-98cc-268d14076da0" doc:name="wm_common.utils:throwError" level="INFO"/>
                        </try>
                    </when>
                </choice>
                <choice doc:name="BRANCH">
                    <when expression="% /tns:importRouteResponse/transactionStatus/statusCode% = SUCCESS">
                        <try doc:name="SEQUENCE">
                            
<ee:transform doc:name="MAP" doc:id="0af093a1-f36b-4a65-9f3f-7a904ab46e8b" >
			<ee:message >
			</ee:message>
			<ee:variables>
				<ee:set-variable variableName="MAP" ><![CDATA[%dw 2.0
output application/json
---
	{}
]]></ee:set-variable>
			</ee:variables>
		</ee:transform>
    
                        </try>
                    </when>
                    <otherwise>
                        <try doc:name="SEQUENCE">
                            
<ee:transform doc:name="MAP" doc:id="0af093a1-f36b-4a65-9f3f-7a904ab46e8b" >
			<ee:message >
			</ee:message>
			<ee:variables>
				<ee:set-variable variableName="MAP" ><![CDATA[%dw 2.0
output application/json
---
	{"initParams": {
  "retry": 'NO',
  "errorCode": 'ESB.ERR.0006',
  "subjectNote": 'OCS'
},
"isResourceMonitoringSvc": vars.MAP."isResourceMonitoringSvc"
}
]]></ee:set-variable>
			</ee:variables>
		</ee:transform>
    
                            <logger doc:id="xrvfzcrk-eadc-40b9-98cc-268d14076da0" doc:name="wm_common.utils:throwError" level="INFO"/>
                        </try>
                    </otherwise>
                </choice>
                <logger doc:id="ejlgjtvz-eadc-40b9-98cc-268d14076da0" doc:name="wm_txnlogging.svcs.flowsvcs:publishTxnLogEvent" level="INFO"/>
                <logger doc:id="hgnzpivf-eadc-40b9-98cc-268d14076da0" doc:name="pub.flow:clearPipeline" level="INFO"/>
            </try>
            <try doc:name="SEQUENCE">
                <logger doc:id="plxxfmim-eadc-40b9-98cc-268d14076da0" doc:name="pub.flow:getLastError" level="INFO"/>
                <logger doc:id="uudpjrag-eadc-40b9-98cc-268d14076da0" doc:name="wm_errorhandling.utils:getCallingService" level="INFO"/>
                <logger doc:id="fowbqqen-eadc-40b9-98cc-268d14076da0" doc:name="wm_errorhandling.svcs.flowsvcs:createErrorMsg_FW1" level="INFO"/>
                <logger doc:id="nhopkbfl-eadc-40b9-98cc-268d14076da0" doc:name="wm_txnlogging.utils:getExceptionType" level="INFO"/>
            </try>
        </try>
        <choice doc:name="BRANCH">
            <when expression="%initParams/isError% == 'TRUE'">
                <try doc:name="SEQUENCE">
                    <choice doc:name="BRANCH">
                        <when expression="%exceptionForRetry%=='true' &amp;&amp; %initParams/retry%=='YES'">
                            <try doc:name="SEQUENCE">
                                <logger doc:id="dwfqqmro-eadc-40b9-98cc-268d14076da0" doc:name="pub.flow:getRetryCount" level="INFO"/>
                                <choice doc:name="BRANCH">
                                    <when expression="%retryCount% ==%maxRetryCount% &amp;&amp; %isResourceMonitoringSvc% == 'NO'">
                                        <try doc:name="SEQUENCE">
                                            <logger doc:id="qwjddnzw-eadc-40b9-98cc-268d14076da0" doc:name="pub.publish:publish" level="INFO"/>
                                            <logger doc:id="qjbolvdb-eadc-40b9-98cc-268d14076da0" doc:name="wm_txnlogging.svcs.flowsvcs:publishTxnLogEvent" level="INFO"/>
                                        </try>
                                    </when>
                                    <when expression="%retryCount% ==%maxRetryCount% &amp;&amp; %isResourceMonitoringSvc% == 'YES'">
                                        <try doc:name="SEQUENCE">
                                            <logger doc:id="ksugjtkv-eadc-40b9-98cc-268d14076da0" doc:name="wm_txnlogging.svcs.flowsvcs:publishTxnLogEvent" level="INFO"/>
                                        </try>
                                    </when>
                                </choice>
                                <logger doc:id="mywvnzsl-eadc-40b9-98cc-268d14076da0" doc:name="pub.flow:throwExceptionForRetry" level="INFO"/>
                            </try>
                        </when>
                        <otherwise>
                            <try doc:name="SEQUENCE">
                                <logger doc:id="uwkxqffz-eadc-40b9-98cc-268d14076da0" doc:name="pub.publish:publish" level="INFO"/>
                                <logger doc:id="nhnxtwug-eadc-40b9-98cc-268d14076da0" doc:name="wm_txnlogging.svcs.flowsvcs:publishTxnLogEvent" level="INFO"/>
                            </try>
                        </otherwise>
                    </choice>
                </try>
            </when>
        </choice>
    </flow>
</mule>
