<?xml version="1.0" encoding="UTF-8"?><mule xmlns="http://www.mulesoft.org/schema/mule/core" xmlns:doc="http://www.mulesoft.org/schema/mule/documentation" xmlns:ee="http://www.mulesoft.org/schema/mule/ee/core" xmlns:xsi="http://www.w3.org/2001/XMLSchema-instance" xsi:schemaLocation="http://www.mulesoft.org/schema/mule/core http://www.mulesoft.org/schema/mule/core/current/mule.xsd http://www.mulesoft.org/schema/mule/ee/core http://www.mulesoft.org/schema/mule/ee/core/current/mule-ee.xsd">
    <flow doc:id="tspkjvhp-eadc-40b9-98cc-268d14076da0" name="wm_ocs-svcs-outbound-flowsvcs-processCasesEvent_MASUpdateSvcReq2">
        <logger doc:id="jcmdlfqw-eadc-40b9-98cc-268d14076da0" doc:name="wm_errorhandling.svcs.flowsvcs:initializeParams" level="INFO"/>
        <try doc:name="SEQUENCE">
            <try doc:name="SEQUENCE">
                <choice doc:name="BRANCH">
                    <when expression="% /wm_common.events:CasesEvent/EsbMsgHeader:msgHeader/EsbMsgHeader:source/EsbMsgHeader:msgSourceCd% = $null">
                        
<ee:transform doc:name="MAP" doc:id="0af093a1-f36b-4a65-9f3f-7a904ab46e8b" >
			<ee:message >
			</ee:message>
			<ee:variables>
				<ee:set-variable variableName="MAP" ><![CDATA[%dw 2.0
output application/json
var url_1 = "call wm_common.config:getWSClientConfig with args:sid=''processSvcReqResponseForOCS_client_' ++ vars.INVOKE.wm_common.events:CasesEvent.EsbMsgHeader:msgHeader.EsbMsgHeader:source.EsbMsgHeader:requestedEnv '',"

---
	{"url": url_1,
"configFileName": vars."wm_errorhandling-svcs-flowsvcs-initializeParams"."configFileName"
}
]]></ee:set-variable>
			</ee:variables>
		</ee:transform>
    
                    </when>
                    <otherwise>
                        
<ee:transform doc:name="MAP" doc:id="0af093a1-f36b-4a65-9f3f-7a904ab46e8b" >
			<ee:message >
			</ee:message>
			<ee:variables>
				<ee:set-variable variableName="MAP" ><![CDATA[%dw 2.0
output application/json
var url_1 = "call wm_common.config:getWSClientConfig with args:sid=''processSvcReqResponseForOCS_' ++ vars.INVOKE.wm_common.events:CasesEvent.EsbMsgHeader:msgHeader.EsbMsgHeader:source.EsbMsgHeader:msgSourceCd ++ '_' ++ vars.INVOKE.wm_common.events:CasesEvent.EsbMsgHeader:msgHeader.EsbMsgHeader:source.EsbMsgHeader:requestedEnv '',"

---
	{"url": url_1,
"configFileName": vars.MAP."configFileName"
}
]]></ee:set-variable>
			</ee:variables>
		</ee:transform>
    
                    </otherwise>
                </choice>
                <flow-ref doc:name="wm_ocs.svcs.outbound.flowsvcs:mapMASSvcReqResponseToOCSSvcReqResponse" docid="cxxajahm-eadc-40b9-98cc-268d14076da0" name="wm_ocs-svcs-outbound-flowsvcs-mapMASSvcReqResponseToOCSSvcReqResponse"/>
                <choice doc:name="BRANCH">
                    <when expression="%EsbMsgHeader:msgHeader/EsbMsgHeader:initiator% == $null || %EsbMsgHeader:msgHeader/EsbMsgHeader:initiator%!='OCS'">
                        <try doc:name="SEQUENCE">
                            <set-payload doc:id="ftyawmym-eadc-40b9-98cc-268d14076da0" doc:name="Set Payload" name="set_payload" value="#[payload]"/>
                            <foreach collection="#[payload]" doc:id="vtfyreqs-eadc-40b9-98cc-268d14076da0" doc:name="LOOP" name="LOOP">
                                <choice doc:name="BRANCH">
                                    <when expression="%wm_common.events:CasesEvent/Cases:cases/Cases:caseRef%!=null">
                                        <try doc:name="SEQUENCE">
                                            <set-payload doc:id="erkxhqsj-eadc-40b9-98cc-268d14076da0" doc:name="Set Payload" name="set_payload" value="#[payload]"/>
                                            <foreach collection="#[payload]" doc:id="bzzdmvtx-eadc-40b9-98cc-268d14076da0" doc:name="LOOP" name="LOOP">
                                                <choice doc:name="BRANCH">
                                                    <when expression="%wm_common.events:CasesEvent/Cases:cases/Cases:caseRef/GblLkup:applSourceCd%!=$null &amp;&amp; %wm_common.events:CasesEvent/Cases:cases/Cases:caseRef/GblLkup:applSourceCd% == 'OCS'">
                                                        <try doc:name="SEQUENCE">
                                                            
<ee:transform doc:name="MAP" doc:id="0af093a1-f36b-4a65-9f3f-7a904ab46e8b" >
			<ee:message >
			</ee:message>
			<ee:variables>
				<ee:set-variable variableName="MAP" ><![CDATA[%dw 2.0
output application/json
---
	{"isCaseRefOCS": 'true',
"configFileName": vars."wm_ocs-svcs-outbound-flowsvcs-mapMASSvcReqResponseToOCSSvcReqResponse"."configFileName",
"url": vars."wm_ocs-svcs-outbound-flowsvcs-mapMASSvcReqResponseToOCSSvcReqResponse"."url"
}
]]></ee:set-variable>
			</ee:variables>
		</ee:transform>
    
                                                        </try>
                                                    </when>
                                                    <otherwise>
                                                        <try doc:name="SEQUENCE"/>
                                                    </otherwise>
                                                </choice>
                                            </foreach>
                                        </try>
                                    </when>
                                </choice>
                                <choice doc:name="BRANCH">
                                    <when expression="%wm_common.events:CasesEvent/Cases:cases/Cases:caseCategorization/Cases:caseSubCategory% == 'HOC' ">
                                        <try doc:name="SEQUENCE">
                                            
<ee:transform doc:name="MAP" doc:id="0af093a1-f36b-4a65-9f3f-7a904ab46e8b" >
			<ee:message >
			</ee:message>
			<ee:variables>
				<ee:set-variable variableName="MAP" ><![CDATA[%dw 2.0
output application/json
---
	{"isHOCInCaseSubCategory": 'true',
"isCaseRefOCS": vars.MAP."isCaseRefOCS",
"configFileName": vars.MAP."configFileName",
"url": vars.MAP."url"
}
]]></ee:set-variable>
			</ee:variables>
		</ee:transform>
    
                                        </try>
                                    </when>
                                    <otherwise>
                                        <try doc:name="SEQUENCE"/>
                                    </otherwise>
                                </choice>
                            </foreach>
                            <choice doc:name="BRANCH">
                                <when expression="%isCaseRefOCS% == 'true' || (%EsbMsgHeader:msgHeader/EsbMsgHeader:target/EsbMsgHeader:msgTargetCd% != $null &amp;&amp; %EsbMsgHeader:msgHeader/EsbMsgHeader:target/EsbMsgHeader:msgTargetCd% == 'OCS')">
                                    <try doc:name="SEQUENCE">
                                        <choice doc:name="BRANCH">
                                            <when expression="%isHOCInCaseSubCategory% == 'true'">
                                                <try doc:name="SEQUENCE">
                                                    <logger doc:id="qcgvnujm-eadc-40b9-98cc-268d14076da0" doc:name="wm_txnlogging.svcs.flowsvcs:publishTxnLogEvent" level="INFO"/>
                                                    <flow-ref doc:name="wm_ocs.svcs.outbound.websvcs.OCSAcknowledgementService_.connectors:OCSAcknowledgementePortType_acknowldgeOCS" docid="ehswxkva-eadc-40b9-98cc-268d14076da0" name="wm_ocs-svcs-outbound-websvcs-OCSAcknowledgementService_-connectors-OCSAcknowledgementePortType_acknowldgeOCS"/>
                                                    <choice doc:name="BRANCH">
                                                        <when expression="%/SOAP-FAULT/Fault_1_1% != $null">
                                                            <try doc:name="SEQUENCE">
                                                                
<ee:transform doc:name="MAP" doc:id="0af093a1-f36b-4a65-9f3f-7a904ab46e8b" >
			<ee:message >
			</ee:message>
			<ee:variables>
				<ee:set-variable variableName="MAP" ><![CDATA[%dw 2.0
output application/json
---
	{"initParams": {
  "errorCode": '' ++ vars.INVOKE.SOAP-FAULT.Fault_1_1.detail.ErrorCode ',
  "subjectNote": 'OCS'
},
"configFileName": vars."wm_ocs-svcs-outbound-websvcs-OCSAcknowledgementService_-connectors-OCSAcknowledgementePortType_acknowldgeOCS"."configFileName"
}
]]></ee:set-variable>
			</ee:variables>
		</ee:transform>
    
                                                                <logger doc:id="ydqfydlp-eadc-40b9-98cc-268d14076da0" doc:name="wm_common.utils:throwError" level="INFO"/>
                                                            </try>
                                                        </when>
                                                        <when expression="%/SOAP-FAULT/Fault_1_2% != $null">
                                                            <try doc:name="SEQUENCE">
                                                                
<ee:transform doc:name="MAP" doc:id="0af093a1-f36b-4a65-9f3f-7a904ab46e8b" >
			<ee:message >
			</ee:message>
			<ee:variables>
				<ee:set-variable variableName="MAP" ><![CDATA[%dw 2.0
output application/json
---
	{"initParams": {
  "errorCode": '' ++ vars.INVOKE..SOAP-FAULT.Fault_1_2.SOAP-ENV:Detail.rns:SiperianRequestFault.rns:errorMessage ',
  "subjectNote": 'OCS'
},
"configFileName": vars."wm_common-utils-throwError"."configFileName"
}
]]></ee:set-variable>
			</ee:variables>
		</ee:transform>
    
                                                                <logger doc:id="spkfohgb-eadc-40b9-98cc-268d14076da0" doc:name="wm_common.utils:throwError" level="INFO"/>
                                                            </try>
                                                        </when>
                                                    </choice>
                                                    <logger doc:id="zykgztdq-eadc-40b9-98cc-268d14076da0" doc:name="wm_txnlogging.svcs.flowsvcs:publishTxnLogEvent" level="INFO"/>
                                                </try>
                                            </when>
                                            <otherwise>
                                                <logger doc:id="snmzfjyp-eadc-40b9-98cc-268d14076da0" doc:name="wm_txnlogging.svcs.flowsvcs:publishTxnLogEvent" level="INFO"/>
                                            </otherwise>
                                        </choice>
                                    </try>
                                </when>
                                <otherwise>
                                    <logger doc:id="jidubxmj-eadc-40b9-98cc-268d14076da0" doc:name="wm_txnlogging.svcs.flowsvcs:publishTxnLogEvent" level="INFO"/>
                                </otherwise>
                            </choice>
                        </try>
                    </when>
                    <otherwise>
                        <logger doc:id="dqightar-eadc-40b9-98cc-268d14076da0" doc:name="wm_txnlogging.svcs.flowsvcs:publishTxnLogEvent" level="INFO"/>
                    </otherwise>
                </choice>
            </try>
            <try doc:name="SEQUENCE">
                <logger doc:id="dulcwbbz-eadc-40b9-98cc-268d14076da0" doc:name="pub.flow:getLastError" level="INFO"/>
                <logger doc:id="yjikplzd-eadc-40b9-98cc-268d14076da0" doc:name="wm_errorhandling.utils:getCallingService" level="INFO"/>
                <logger doc:id="znuglnsf-eadc-40b9-98cc-268d14076da0" doc:name="wm_errorhandling.svcs.flowsvcs:createErrorMsg_FW1" level="INFO"/>
                <logger doc:id="peagtfos-eadc-40b9-98cc-268d14076da0" doc:name="wm_txnlogging.utils:getExceptionType" level="INFO"/>
            </try>
        </try>
        <choice doc:name="BRANCH">
            <when expression="%initParams/isError% == 'TRUE'">
                <try doc:name="SEQUENCE">
                    <choice doc:name="BRANCH">
                        <when expression="%exceptionForRetry%=='true' &amp;&amp; %initParams/retry%=='YES'">
                            <try doc:name="SEQUENCE">
                                <logger doc:id="nmlahupw-eadc-40b9-98cc-268d14076da0" doc:name="pub.flow:getRetryCount" level="INFO"/>
                                <choice doc:name="BRANCH">
                                    <when expression="%retryCount% ==%maxRetryCount% &amp;&amp; %isResourceMonitoringSvc% == 'NO'">
                                        <try doc:name="SEQUENCE">
                                            <logger doc:id="ihkpijwk-eadc-40b9-98cc-268d14076da0" doc:name="pub.publish:publish" level="INFO"/>
                                            <logger doc:id="yoyujszr-eadc-40b9-98cc-268d14076da0" doc:name="wm_txnlogging.svcs.flowsvcs:publishTxnLogEvent" level="INFO"/>
                                        </try>
                                    </when>
                                    <when expression="%retryCount% ==%maxRetryCount% &amp;&amp; %isResourceMonitoringSvc% == 'YES'">
                                        <try doc:name="SEQUENCE">
                                            <logger doc:id="towvupta-eadc-40b9-98cc-268d14076da0" doc:name="wm_txnlogging.svcs.flowsvcs:publishTxnLogEvent" level="INFO"/>
                                        </try>
                                    </when>
                                </choice>
                                <logger doc:id="mumqftce-eadc-40b9-98cc-268d14076da0" doc:name="pub.flow:throwExceptionForRetry" level="INFO"/>
                            </try>
                        </when>
                        <otherwise>
                            <try doc:name="SEQUENCE">
                                <logger doc:id="xjcbmqrl-eadc-40b9-98cc-268d14076da0" doc:name="pub.publish:publish" level="INFO"/>
                                <logger doc:id="fewqcylp-eadc-40b9-98cc-268d14076da0" doc:name="wm_txnlogging.svcs.flowsvcs:publishTxnLogEvent" level="INFO"/>
                            </try>
                        </otherwise>
                    </choice>
                </try>
            </when>
        </choice>
    </flow>
</mule>
