<?xml version="1.0" encoding="UTF-8"?><mule xmlns="http://www.mulesoft.org/schema/mule/core" xmlns:doc="http://www.mulesoft.org/schema/mule/documentation" xmlns:ee="http://www.mulesoft.org/schema/mule/ee/core" xmlns:xsi="http://www.w3.org/2001/XMLSchema-instance" xsi:schemaLocation="http://www.mulesoft.org/schema/mule/core http://www.mulesoft.org/schema/mule/core/current/mule.xsd http://www.mulesoft.org/schema/mule/ee/core http://www.mulesoft.org/schema/mule/ee/core/current/mule-ee.xsd">
    <flow doc:id="bfvwemsn-eadc-40b9-98cc-268d14076da0" name="wm_ocs-svcs-outbound-flowsvcs-processServiceCommEvents_AddSvcComm">
        
<ee:transform doc:name="MAP" doc:id="0af093a1-f36b-4a65-9f3f-7a904ab46e8b" >
			<ee:message >
			</ee:message>
			<ee:variables>
				<ee:set-variable variableName="MAP" ><![CDATA[%dw 2.0
output application/json
---
	{"ServiceCommEvents": payload."JMSMessage.body.data"
}
]]></ee:set-variable>
			</ee:variables>
		</ee:transform>
    
        <logger doc:id="kdkrxbsc-eadc-40b9-98cc-268d14076da0" doc:name="wm_errorhandling.svcs.flowsvcs:initializeParams" level="INFO"/>
        <try doc:name="SEQUENCE">
            <try doc:name="SEQUENCE">
                
<ee:transform doc:name="MAP" doc:id="0af093a1-f36b-4a65-9f3f-7a904ab46e8b" >
			<ee:message >
			</ee:message>
			<ee:variables>
				<ee:set-variable variableName="MAP" ><![CDATA[%dw 2.0
output application/json
---
	{"configFileName": 'publishServiceCommEvents.xml',
"isResourceMonitoringSvc": vars."wm_errorhandling-svcs-flowsvcs-initializeParams"."isResourceMonitoringSvc"
}
]]></ee:set-variable>
			</ee:variables>
		</ee:transform>
    
                
<ee:transform doc:name="MAP" doc:id="0af093a1-f36b-4a65-9f3f-7a904ab46e8b" >
			<ee:message >
			</ee:message>
			<ee:variables>
				<ee:set-variable variableName="MAP" ><![CDATA[%dw 2.0
output application/json
var valueList_1 = "call wm_common.config:getCustParam_multiple with args:nameList='''',"
var timeout_2 = "call wm_common.config:getWSClientConfig with args:sid=''processServiceCommEvents_AddSvcComm_MDM_' ++ vars.INVOKE.wm_common.events:ServiceCommEvents.EsbMsgHeader:msgHeader.EsbMsgHeader:source.EsbMsgHeader:requestedEnv '',"

---
	{"jdbcConnAlias_ccdb": valueList[0],
"fromEmailAddr": valueList[2],
"subject": valueList[1],
"mdmUrl": url_2,
"username": username_2,
"password": password_2,
"timeout": timeout_2,
"isResourceMonitoringSvc": vars.MAP."isResourceMonitoringSvc",
"configFileName": vars.MAP."configFileName"
}
]]></ee:set-variable>
			</ee:variables>
		</ee:transform>
    
                <set-payload doc:id="olokqgae-eadc-40b9-98cc-268d14076da0" doc:name="Set Payload" name="set_payload" value="#[payload]"/>
                <foreach collection="#[payload]" doc:id="otrscqvb-eadc-40b9-98cc-268d14076da0" doc:name="LOOP" name="LOOP">
                    <choice doc:name="BRANCH">
                        <when expression="%wm_common.events:ServiceCommEvents/ServiceComm:serviceComm/ServiceComm:categoryType%='Service' &amp;&amp; %wm_common.events:ServiceCommEvents/ServiceComm:serviceComm/ServiceComm:notificationType%='HOC'">
                            <try doc:name="SEQUENCE">
                                <set-payload doc:id="slohkpkk-eadc-40b9-98cc-268d14076da0" doc:name="Set Payload" name="set_payload" value="#[payload]"/>
                                <foreach collection="#[payload]" doc:id="bawgcyzt-eadc-40b9-98cc-268d14076da0" doc:name="LOOP" name="LOOP">
                                    <choice doc:name="BRANCH">
                                        <when expression="%wm_common.events:ServiceCommEvents/ServiceComm:serviceComm/ServiceComm:notifications/ServiceComm:serviceDate% == $null || %wm_common.events:ServiceCommEvents/ServiceComm:serviceComm/ServiceComm:notifications/ServiceComm:serviceDate% == &quot;&quot;">
                                            <try doc:name="SEQUENCE">
                                                
<ee:transform doc:name="MAP" doc:id="0af093a1-f36b-4a65-9f3f-7a904ab46e8b" >
			<ee:message >
			</ee:message>
			<ee:variables>
				<ee:set-variable variableName="MAP" ><![CDATA[%dw 2.0
output application/json
---
	{"initParams": {
  "subjectNote": '' ++ vars.INVOKE.EsbMsgHeader:msgHeader.EsbMsgHeader:source.EsbMsgHeader:msgSourceCd ',
  "errorCode": 'ESB.ERR.0003'
},
"isResourceMonitoringSvc": vars.MAP."isResourceMonitoringSvc",
"configFileName": vars.MAP."configFileName",
"jdbcConnAlias_ccdb": vars.MAP."jdbcConnAlias_ccdb",
"fromEmailAddr": vars.MAP."fromEmailAddr",
"subject": vars.MAP."subject",
"mdmUrl": vars.MAP."mdmUrl",
"username": vars.MAP."username",
"password": vars.MAP."password",
"timeout": vars.MAP."timeout"
}
]]></ee:set-variable>
			</ee:variables>
		</ee:transform>
    
                                                <logger doc:id="uqlytpgk-eadc-40b9-98cc-268d14076da0" doc:name="wm_common.utils:throwError" level="INFO"/>
                                            </try>
                                        </when>
                                        <when expression="%wm_common.events:ServiceCommEvents/ServiceComm:serviceComm/ServiceComm:notifications/ServiceComm:street%==$null || %wm_common.events:ServiceCommEvents/ServiceComm:serviceComm/ServiceComm:notifications/ServiceComm:street%==&quot;&quot;">
                                            <try doc:name="SEQUENCE">
                                                
<ee:transform doc:name="MAP" doc:id="0af093a1-f36b-4a65-9f3f-7a904ab46e8b" >
			<ee:message >
			</ee:message>
			<ee:variables>
				<ee:set-variable variableName="MAP" ><![CDATA[%dw 2.0
output application/json
---
	{"initParams": {
  "subjectNote": '' ++ vars.INVOKE.EsbMsgHeader:msgHeader.EsbMsgHeader:source.EsbMsgHeader:msgSourceCd ',
  "errorCode": 'ESB.ERR.0003'
},
"isResourceMonitoringSvc": vars."wm_common-utils-throwError"."isResourceMonitoringSvc",
"configFileName": vars."wm_common-utils-throwError"."configFileName",
"jdbcConnAlias_ccdb": vars."wm_common-utils-throwError"."jdbcConnAlias_ccdb",
"fromEmailAddr": vars."wm_common-utils-throwError"."fromEmailAddr",
"subject": vars."wm_common-utils-throwError"."subject",
"mdmUrl": vars."wm_common-utils-throwError"."mdmUrl",
"username": vars."wm_common-utils-throwError"."username",
"password": vars."wm_common-utils-throwError"."password",
"timeout": vars."wm_common-utils-throwError"."timeout",
"MASUniqID": vars."wm_common-utils-throwError"."MASUniqID"
}
]]></ee:set-variable>
			</ee:variables>
		</ee:transform>
    
                                                <logger doc:id="ayacrpas-eadc-40b9-98cc-268d14076da0" doc:name="wm_common.utils:throwError" level="INFO"/>
                                            </try>
                                        </when>
                                        <when expression="%wm_common.events:ServiceCommEvents/ServiceComm:serviceComm/ServiceComm:notifications/ServiceComm:city%==$null || %wm_common.events:ServiceCommEvents/ServiceComm:serviceComm/ServiceComm:notifications/ServiceComm:city%==&quot;&quot;">
                                            <try doc:name="SEQUENCE">
                                                
<ee:transform doc:name="MAP" doc:id="0af093a1-f36b-4a65-9f3f-7a904ab46e8b" >
			<ee:message >
			</ee:message>
			<ee:variables>
				<ee:set-variable variableName="MAP" ><![CDATA[%dw 2.0
output application/json
---
	{"initParams": {
  "subjectNote": '' ++ vars.INVOKE.EsbMsgHeader:msgHeader.EsbMsgHeader:source.EsbMsgHeader:msgSourceCd ',
  "errorCode": 'ESB.ERR.0003'
},
"isResourceMonitoringSvc": vars."wm_common-utils-throwError"."isResourceMonitoringSvc",
"configFileName": vars."wm_common-utils-throwError"."configFileName",
"jdbcConnAlias_ccdb": vars."wm_common-utils-throwError"."jdbcConnAlias_ccdb",
"fromEmailAddr": vars."wm_common-utils-throwError"."fromEmailAddr",
"subject": vars."wm_common-utils-throwError"."subject",
"mdmUrl": vars."wm_common-utils-throwError"."mdmUrl",
"username": vars."wm_common-utils-throwError"."username",
"password": vars."wm_common-utils-throwError"."password",
"timeout": vars."wm_common-utils-throwError"."timeout",
"MASUniqID": vars."wm_common-utils-throwError"."MASUniqID"
}
]]></ee:set-variable>
			</ee:variables>
		</ee:transform>
    
                                                <logger doc:id="quaqkazz-eadc-40b9-98cc-268d14076da0" doc:name="wm_common.utils:throwError" level="INFO"/>
                                            </try>
                                        </when>
                                        <when expression="%wm_common.events:ServiceCommEvents/ServiceComm:serviceComm/ServiceComm:notifications/ServiceComm:state%==$null || %wm_common.events:ServiceCommEvents/ServiceComm:serviceComm/ServiceComm:notifications/ServiceComm:state%==&quot;&quot;">
                                            <try doc:name="SEQUENCE">
                                                
<ee:transform doc:name="MAP" doc:id="0af093a1-f36b-4a65-9f3f-7a904ab46e8b" >
			<ee:message >
			</ee:message>
			<ee:variables>
				<ee:set-variable variableName="MAP" ><![CDATA[%dw 2.0
output application/json
---
	{"initParams": {
  "subjectNote": '' ++ vars.INVOKE.EsbMsgHeader:msgHeader.EsbMsgHeader:source.EsbMsgHeader:msgSourceCd ',
  "errorCode": 'ESB.ERR.0003'
},
"isResourceMonitoringSvc": vars."wm_common-utils-throwError"."isResourceMonitoringSvc",
"configFileName": vars."wm_common-utils-throwError"."configFileName",
"jdbcConnAlias_ccdb": vars."wm_common-utils-throwError"."jdbcConnAlias_ccdb",
"fromEmailAddr": vars."wm_common-utils-throwError"."fromEmailAddr",
"subject": vars."wm_common-utils-throwError"."subject",
"mdmUrl": vars."wm_common-utils-throwError"."mdmUrl",
"username": vars."wm_common-utils-throwError"."username",
"password": vars."wm_common-utils-throwError"."password",
"timeout": vars."wm_common-utils-throwError"."timeout",
"MASUniqID": vars."wm_common-utils-throwError"."MASUniqID"
}
]]></ee:set-variable>
			</ee:variables>
		</ee:transform>
    
                                                <logger doc:id="jvpauxkb-eadc-40b9-98cc-268d14076da0" doc:name="wm_common.utils:throwError" level="INFO"/>
                                            </try>
                                        </when>
                                        <when expression="%wm_common.events:ServiceCommEvents/ServiceComm:serviceComm/ServiceComm:notifications/ServiceComm:zipcode%==$null || %wm_common.events:ServiceCommEvents/ServiceComm:serviceComm/ServiceComm:notifications/ServiceComm:zipcode%== &quot;&quot;">
                                            <try doc:name="SEQUENCE">
                                                
<ee:transform doc:name="MAP" doc:id="0af093a1-f36b-4a65-9f3f-7a904ab46e8b" >
			<ee:message >
			</ee:message>
			<ee:variables>
				<ee:set-variable variableName="MAP" ><![CDATA[%dw 2.0
output application/json
---
	{"initParams": {
  "subjectNote": '' ++ vars.INVOKE.EsbMsgHeader:msgHeader.EsbMsgHeader:source.EsbMsgHeader:msgSourceCd ',
  "errorCode": 'ESB.ERR.0003'
},
"isResourceMonitoringSvc": vars."wm_common-utils-throwError"."isResourceMonitoringSvc",
"configFileName": vars."wm_common-utils-throwError"."configFileName",
"jdbcConnAlias_ccdb": vars."wm_common-utils-throwError"."jdbcConnAlias_ccdb",
"fromEmailAddr": vars."wm_common-utils-throwError"."fromEmailAddr",
"subject": vars."wm_common-utils-throwError"."subject",
"mdmUrl": vars."wm_common-utils-throwError"."mdmUrl",
"username": vars."wm_common-utils-throwError"."username",
"password": vars."wm_common-utils-throwError"."password",
"timeout": vars."wm_common-utils-throwError"."timeout",
"MASUniqID": vars."wm_common-utils-throwError"."MASUniqID"
}
]]></ee:set-variable>
			</ee:variables>
		</ee:transform>
    
                                                <logger doc:id="ctgaxyfw-eadc-40b9-98cc-268d14076da0" doc:name="wm_common.utils:throwError" level="INFO"/>
                                            </try>
                                        </when>
                                    </choice>
                                    
<ee:transform doc:name="MAP" doc:id="0af093a1-f36b-4a65-9f3f-7a904ab46e8b" >
			<ee:message >
			</ee:message>
			<ee:variables>
				<ee:set-variable variableName="MAP" ><![CDATA[%dw 2.0
output application/json
var value_1 = "call pub.math:addInts with args:num2=''0'',"

---
	{"MASUniqID": value_1,
"isResourceMonitoringSvc": vars."wm_common-utils-throwError"."isResourceMonitoringSvc",
"configFileName": vars."wm_common-utils-throwError"."configFileName",
"jdbcConnAlias_ccdb": vars."wm_common-utils-throwError"."jdbcConnAlias_ccdb",
"fromEmailAddr": vars."wm_common-utils-throwError"."fromEmailAddr",
"subject": vars."wm_common-utils-throwError"."subject",
"mdmUrl": vars."wm_common-utils-throwError"."mdmUrl",
"username": vars."wm_common-utils-throwError"."username",
"password": vars."wm_common-utils-throwError"."password",
"timeout": vars."wm_common-utils-throwError"."timeout"
}
]]></ee:set-variable>
			</ee:variables>
		</ee:transform>
    
                                    <logger doc:id="nxzgghra-eadc-40b9-98cc-268d14076da0" doc:name="wm_sip.svcs.common.websvcs.wmpartyhubwebservices_.connectors:wmpartyhubwebservices_GetContact" level="INFO"/>
                                    <choice doc:name="BRANCH">
                                        <when expression="%fault% != $null">
                                            <try doc:name="SEQUENCE">
                                                
<ee:transform doc:name="MAP" doc:id="0af093a1-f36b-4a65-9f3f-7a904ab46e8b" >
			<ee:message >
			</ee:message>
			<ee:variables>
				<ee:set-variable variableName="MAP" ><![CDATA[%dw 2.0
output application/json
---
	{"initParams": {
  "subjectNote": 'MDM'
},
"isResourceMonitoringSvc": vars."wm_sip-svcs-common-websvcs-wmpartyhubwebservices_-connectors-wmpartyhubwebservices_GetContact"."isResourceMonitoringSvc",
"configFileName": vars."wm_sip-svcs-common-websvcs-wmpartyhubwebservices_-connectors-wmpartyhubwebservices_GetContact"."configFileName",
"jdbcConnAlias_ccdb": vars."wm_sip-svcs-common-websvcs-wmpartyhubwebservices_-connectors-wmpartyhubwebservices_GetContact"."jdbcConnAlias_ccdb",
"fromEmailAddr": vars."wm_sip-svcs-common-websvcs-wmpartyhubwebservices_-connectors-wmpartyhubwebservices_GetContact"."fromEmailAddr",
"subject": vars."wm_sip-svcs-common-websvcs-wmpartyhubwebservices_-connectors-wmpartyhubwebservices_GetContact"."subject",
"toEmailAddr": vars."wm_sip-svcs-common-websvcs-wmpartyhubwebservices_-connectors-wmpartyhubwebservices_GetContact"."toEmailAddr",
"MASUniqID": vars."wm_sip-svcs-common-websvcs-wmpartyhubwebservices_-connectors-wmpartyhubwebservices_GetContact"."MASUniqID"
}
]]></ee:set-variable>
			</ee:variables>
		</ee:transform>
    
                                                <logger doc:id="guwqfsla-eadc-40b9-98cc-268d14076da0" doc:name="wm_common.utils:throwError" level="INFO"/>
                                            </try>
                                        </when>
                                    </choice>
                                    <choice doc:name="BRANCH">
                                        <when expression="% /toEmailAddr% = /[^ ]/">
                                            <try doc:name="SEQUENCE">
                                                <set-payload doc:id="fbhzsgee-eadc-40b9-98cc-268d14076da0" doc:name="Set Payload" name="set_payload" value="#[payload]"/>
                                                <foreach collection="#[payload]" doc:id="clneoaud-eadc-40b9-98cc-268d14076da0" doc:name="LOOP" name="LOOP">
                                                    <choice doc:name="BRANCH">
                                                        <when expression="%wm_common.events:ServiceCommEvents/ServiceComm:serviceComm/ServiceComm:notifications/ServiceComm:svcLines/ServiceComm:svcUniqueID%==$null || %wm_common.events:ServiceCommEvents/ServiceComm:serviceComm/ServiceComm:notifications/ServiceComm:svcLines/ServiceComm:svcUniqueID%==&quot;&quot;">
                                                            <try doc:name="SEQUENCE">
                                                                
<ee:transform doc:name="MAP" doc:id="0af093a1-f36b-4a65-9f3f-7a904ab46e8b" >
			<ee:message >
			</ee:message>
			<ee:variables>
				<ee:set-variable variableName="MAP" ><![CDATA[%dw 2.0
output application/json
---
	{"initParams": {
  "errorCode": 'ESB.ERR.0003',
  "subjectNote": '' ++ vars.INVOKE.EsbMsgHeader:msgHeader.EsbMsgHeader:source.EsbMsgHeader:msgSourceCd '
},
"isResourceMonitoringSvc": vars."wm_common-utils-throwError"."isResourceMonitoringSvc",
"configFileName": vars."wm_common-utils-throwError"."configFileName",
"jdbcConnAlias_ccdb": vars."wm_common-utils-throwError"."jdbcConnAlias_ccdb",
"fromEmailAddr": vars."wm_common-utils-throwError"."fromEmailAddr",
"subject": vars."wm_common-utils-throwError"."subject",
"toEmailAddr": vars."wm_common-utils-throwError"."toEmailAddr",
"mdmUrl": vars."wm_common-utils-throwError"."mdmUrl",
"username": vars."wm_common-utils-throwError"."username",
"password": vars."wm_common-utils-throwError"."password",
"timeout": vars."wm_common-utils-throwError"."timeout",
"MASUniqID": vars."wm_common-utils-throwError"."MASUniqID"
}
]]></ee:set-variable>
			</ee:variables>
		</ee:transform>
    
                                                                <logger doc:id="bufwqvlg-eadc-40b9-98cc-268d14076da0" doc:name="wm_common.utils:throwError" level="INFO"/>
                                                            </try>
                                                        </when>
                                                        <when expression="%wm_common.events:ServiceCommEvents/ServiceComm:serviceComm/ServiceComm:notifications/ServiceComm:svcLines/ServiceComm:reasonTxt%==$null || %wm_common.events:ServiceCommEvents/ServiceComm:serviceComm/ServiceComm:notifications/ServiceComm:svcLines/ServiceComm:reasonTxt%==&quot;&quot;">
                                                            <try doc:name="SEQUENCE">
                                                                
<ee:transform doc:name="MAP" doc:id="0af093a1-f36b-4a65-9f3f-7a904ab46e8b" >
			<ee:message >
			</ee:message>
			<ee:variables>
				<ee:set-variable variableName="MAP" ><![CDATA[%dw 2.0
output application/json
---
	{"initParams": {
  "errorCode": 'ESB.ERR.0003',
  "subjectNote": '' ++ vars.INVOKE.EsbMsgHeader:msgHeader.EsbMsgHeader:source.EsbMsgHeader:msgSourceCd '
},
"isResourceMonitoringSvc": vars."wm_common-utils-throwError"."isResourceMonitoringSvc",
"configFileName": vars."wm_common-utils-throwError"."configFileName",
"jdbcConnAlias_ccdb": vars."wm_common-utils-throwError"."jdbcConnAlias_ccdb",
"fromEmailAddr": vars."wm_common-utils-throwError"."fromEmailAddr",
"subject": vars."wm_common-utils-throwError"."subject",
"mdmUrl": vars."wm_common-utils-throwError"."mdmUrl",
"username": vars."wm_common-utils-throwError"."username",
"password": vars."wm_common-utils-throwError"."password",
"timeout": vars."wm_common-utils-throwError"."timeout",
"MASUniqID": vars."wm_common-utils-throwError"."MASUniqID"
}
]]></ee:set-variable>
			</ee:variables>
		</ee:transform>
    
                                                                <logger doc:id="gohgrwne-eadc-40b9-98cc-268d14076da0" doc:name="wm_common.utils:throwError" level="INFO"/>
                                                            </try>
                                                        </when>
                                                    </choice>
                                                    <logger doc:id="wtnktayu-eadc-40b9-98cc-268d14076da0" doc:name="wm_ccdb.svcs.inbound.adptrsvcs:selectDescByMasSvcIDByLine" level="INFO"/>
                                                    
<ee:transform doc:name="MAP" doc:id="0af093a1-f36b-4a65-9f3f-7a904ab46e8b" >
			<ee:message >
			</ee:message>
			<ee:variables>
				<ee:set-variable variableName="MAP" ><![CDATA[%dw 2.0
output application/json
var toList_1 = "call pub.list:appendToStringList with args:"
var toList_2 = "call pub.list:appendToStringList with args:"

---
	{"desc": toList_1,
"reasonCd": toList_2,
"isResourceMonitoringSvc": vars."wm_ccdb-svcs-inbound-adptrsvcs-selectDescByMasSvcIDByLine"."isResourceMonitoringSvc",
"configFileName": vars."wm_ccdb-svcs-inbound-adptrsvcs-selectDescByMasSvcIDByLine"."configFileName",
"jdbcConnAlias_ccdb": vars."wm_ccdb-svcs-inbound-adptrsvcs-selectDescByMasSvcIDByLine"."jdbcConnAlias_ccdb",
"fromEmailAddr": vars."wm_ccdb-svcs-inbound-adptrsvcs-selectDescByMasSvcIDByLine"."fromEmailAddr",
"subject": vars."wm_ccdb-svcs-inbound-adptrsvcs-selectDescByMasSvcIDByLine"."subject",
"toEmailAddr": vars."wm_ccdb-svcs-inbound-adptrsvcs-selectDescByMasSvcIDByLine"."toEmailAddr",
"mdmUrl": vars."wm_ccdb-svcs-inbound-adptrsvcs-selectDescByMasSvcIDByLine"."mdmUrl",
"username": vars."wm_ccdb-svcs-inbound-adptrsvcs-selectDescByMasSvcIDByLine"."username",
"password": vars."wm_ccdb-svcs-inbound-adptrsvcs-selectDescByMasSvcIDByLine"."password",
"timeout": vars."wm_ccdb-svcs-inbound-adptrsvcs-selectDescByMasSvcIDByLine"."timeout",
"MASUniqID": vars."wm_ccdb-svcs-inbound-adptrsvcs-selectDescByMasSvcIDByLine"."MASUniqID",
"svcType": vars."wm_ccdb-svcs-inbound-adptrsvcs-selectDescByMasSvcIDByLine"."svcType"
}
]]></ee:set-variable>
			</ee:variables>
		</ee:transform>
    
                                                </foreach>
                                                
<ee:transform doc:name="MAP" doc:id="0af093a1-f36b-4a65-9f3f-7a904ab46e8b" >
			<ee:message >
			</ee:message>
			<ee:variables>
				<ee:set-variable variableName="MAP" ><![CDATA[%dw 2.0
output application/json
---
	{"addr2": '' ++ vars.INVOKE.wm_common.events:ServiceCommEvents.ServiceComm:serviceComm.ServiceComm:notifications.ServiceComm:city ++ ' ' ++ vars.INVOKE.wm_common.events:ServiceCommEvents.ServiceComm:serviceComm.ServiceComm:notifications.ServiceComm:state ++ ' ' ++ vars.INVOKE.wm_common.events:ServiceCommEvents.ServiceComm:serviceComm.ServiceComm:notifications.ServiceComm:zipcode ',
"svcDate": payload."ServiceCommEvents.serviceComm(0).notifications.serviceDate",
"addr1": payload."ServiceCommEvents.serviceComm(0).notifications.street",
"acctNum": payload."ServiceCommEvents.serviceComm.notifications.custUniq",
"isResourceMonitoringSvc": vars.MAP."isResourceMonitoringSvc",
"configFileName": vars.MAP."configFileName",
"jdbcConnAlias_ccdb": vars.MAP."jdbcConnAlias_ccdb",
"fromEmailAddr": vars.MAP."fromEmailAddr",
"subject": vars.MAP."subject",
"toEmailAddr": vars.MAP."toEmailAddr",
"mdmUrl": vars.MAP."mdmUrl",
"username": vars.MAP."username",
"desc": vars.MAP."desc",
"reasonCd": vars.MAP."reasonCd",
"password": vars.MAP."password",
"timeout": vars.MAP."timeout",
"MASUniqID": vars.MAP."MASUniqID",
"node": payload."node",
"role": payload."role",
"ServiceCommEvents": {
  "serviceComm(0)": {
    "notifications": {
      "serviceDate": payload."ServiceCommEvents.serviceComm(0).notifications.serviceDate",
      "street": payload."ServiceCommEvents.serviceComm(0).notifications.street"
    }
  },
  "serviceComm": {
    "notifications": {
      "custUniq": payload."ServiceCommEvents.serviceComm.notifications.custUniq"
    }
  }
}
}
]]></ee:set-variable>
			</ee:variables>
		</ee:transform>
    
                                                <logger doc:id="ndjlrtct-eadc-40b9-98cc-268d14076da0" doc:name="pub.report:runTemplate" level="INFO"/>
                                                
<ee:transform doc:name="MAP" doc:id="0af093a1-f36b-4a65-9f3f-7a904ab46e8b" >
			<ee:message >
			</ee:message>
			<ee:variables>
				<ee:set-variable variableName="MAP" ><![CDATA[%dw 2.0
output application/json
var smtpServer_1 = "call wm_errorhandling.utils:getSmtpServerProperties with args:"

---
	{"mailhost": smtpServer_1,
"isResourceMonitoringSvc": vars."pub-report-runTemplate"."isResourceMonitoringSvc",
"configFileName": vars."pub-report-runTemplate"."configFileName",
"jdbcConnAlias_ccdb": vars."pub-report-runTemplate"."jdbcConnAlias_ccdb",
"fromEmailAddr": vars."pub-report-runTemplate"."fromEmailAddr",
"subject": vars."pub-report-runTemplate"."subject",
"toEmailAddr": vars."pub-report-runTemplate"."toEmailAddr",
"mdmUrl": vars."pub-report-runTemplate"."mdmUrl",
"username": vars."pub-report-runTemplate"."username",
"password": vars."pub-report-runTemplate"."password",
"timeout": vars."pub-report-runTemplate"."timeout",
"MASUniqID": vars."pub-report-runTemplate"."MASUniqID",
"svcType": vars."pub-report-runTemplate"."svcType",
"acctNum": vars.MAP."acctNum",
"svcDate": vars.MAP."svcDate",
"addr1": vars.MAP."addr1",
"addr2": vars.MAP."addr2",
"reasonCd": vars.MAP."reasonCd"
}
]]></ee:set-variable>
			</ee:variables>
		</ee:transform>
    
                                                <logger doc:id="prspcwgf-eadc-40b9-98cc-268d14076da0" doc:name="pub.client:smtp" level="INFO"/>
                                            </try>
                                        </when>
                                    </choice>
                                </foreach>
                            </try>
                        </when>
                    </choice>
                </foreach>
                <logger doc:id="oifqhkfr-eadc-40b9-98cc-268d14076da0" doc:name="wm_txnlogging.svcs.flowsvcs:publishTxnLogEvent" level="INFO"/>
            </try>
            <try doc:name="SEQUENCE">
                <logger doc:id="jqjkojyq-eadc-40b9-98cc-268d14076da0" doc:name="pub.flow:getLastError" level="INFO"/>
                <logger doc:id="chaaqywi-eadc-40b9-98cc-268d14076da0" doc:name="wm_errorhandling.utils:getCallingService" level="INFO"/>
                <logger doc:id="kjobtvlo-eadc-40b9-98cc-268d14076da0" doc:name="wm_errorhandling.svcs.flowsvcs:createErrorMsg_FW1" level="INFO"/>
                <logger doc:id="jvperccn-eadc-40b9-98cc-268d14076da0" doc:name="wm_txnlogging.utils:getExceptionType" level="INFO"/>
            </try>
        </try>
        <choice doc:name="BRANCH">
            <when expression="%initParams/isError% == 'TRUE'">
                <try doc:name="SEQUENCE">
                    <choice doc:name="BRANCH">
                        <when expression="%exceptionForRetry%=='true' &amp;&amp; %initParams/retry%=='YES'">
                            <try doc:name="SEQUENCE">
                                <logger doc:id="suvumspn-eadc-40b9-98cc-268d14076da0" doc:name="pub.flow:getRetryCount" level="INFO"/>
                                <choice doc:name="BRANCH">
                                    <when expression="%retryCount% ==%maxRetryCount% &amp;&amp; %isResourceMonitoringSvc% == 'NO'">
                                        <try doc:name="SEQUENCE">
                                            <logger doc:id="fzsbviog-eadc-40b9-98cc-268d14076da0" doc:name="pub.publish:publish" level="INFO"/>
                                            <logger doc:id="lsqpwjlq-eadc-40b9-98cc-268d14076da0" doc:name="wm_txnlogging.svcs.flowsvcs:publishTxnLogEvent" level="INFO"/>
                                        </try>
                                    </when>
                                    <when expression="%retryCount% ==%maxRetryCount% &amp;&amp; %isResourceMonitoringSvc% == 'YES'">
                                        <try doc:name="SEQUENCE">
                                            <logger doc:id="vhvraafe-eadc-40b9-98cc-268d14076da0" doc:name="wm_txnlogging.svcs.flowsvcs:publishTxnLogEvent" level="INFO"/>
                                        </try>
                                    </when>
                                </choice>
                                <logger doc:id="xarontdk-eadc-40b9-98cc-268d14076da0" doc:name="pub.flow:throwExceptionForRetry" level="INFO"/>
                            </try>
                        </when>
                        <otherwise>
                            <try doc:name="SEQUENCE">
                                <logger doc:id="clicfdcu-eadc-40b9-98cc-268d14076da0" doc:name="pub.publish:publish" level="INFO"/>
                                <logger doc:id="urspwjsn-eadc-40b9-98cc-268d14076da0" doc:name="wm_txnlogging.svcs.flowsvcs:publishTxnLogEvent" level="INFO"/>
                            </try>
                        </otherwise>
                    </choice>
                </try>
            </when>
        </choice>
    </flow>
</mule>
