<?xml version="1.0" encoding="UTF-8"?><mule xmlns="http://www.mulesoft.org/schema/mule/core" xmlns:doc="http://www.mulesoft.org/schema/mule/documentation" xmlns:ee="http://www.mulesoft.org/schema/mule/ee/core" xmlns:jms="http://www.mulesoft.org/schema/mule/jms" xmlns:xsi="http://www.w3.org/2001/XMLSchema-instance" xsi:schemaLocation="http://www.mulesoft.org/schema/mule/core http://www.mulesoft.org/schema/mule/core/current/mule.xsd http://www.mulesoft.org/schema/mule/ee/core http://www.mulesoft.org/schema/mule/ee/core/current/mule-ee.xsd http://www.mulesoft.org/schema/mule/jms http://www.mulesoft.org/schema/mule/jms/current/mule-jms.xsd">
    <flow doc:id="jkqudgaw-eadc-40b9-98cc-268d14076da0" name="wm_ocs-svcs-outbound-flowsvcs-processCasesEvent_ESBUpdateSvcReq2">
        
<ee:transform doc:name="MAP" doc:id="0af093a1-f36b-4a65-9f3f-7a904ab46e8b" >
			<ee:message >
			</ee:message>
			<ee:variables>
				<ee:set-variable variableName="MAP" ><![CDATA[%dw 2.0
output application/json
---
	{"CasesEvent": payload."JMSMessage.body.data",
"JMSMessage": {
  "body": {
    "data": payload."JMSMessage.body.data"
  }
}
}
]]></ee:set-variable>
			</ee:variables>
		</ee:transform>
    
        
<ee:transform doc:name="MAP" doc:id="0af093a1-f36b-4a65-9f3f-7a904ab46e8b" >
			<ee:message >
			</ee:message>
			<ee:variables>
				<ee:set-variable variableName="MAP" ><![CDATA[%dw 2.0
output application/json
---
	{"CasesEvent": {
  "msgHeader": {
    "actionCd": 'Update'
  }
}
}
]]></ee:set-variable>
			</ee:variables>
		</ee:transform>
    
        <logger doc:id="lvcgbxnr-eadc-40b9-98cc-268d14076da0" doc:name="wm_errorhandling.svcs.flowsvcs:initializeParams" level="INFO"/>
        <try doc:name="SEQUENCE">
            <try doc:name="SEQUENCE">
                
<ee:transform doc:name="MAP" doc:id="0af093a1-f36b-4a65-9f3f-7a904ab46e8b" >
			<ee:message >
			</ee:message>
			<ee:variables>
				<ee:set-variable variableName="MAP" ><![CDATA[%dw 2.0
output application/json
var valueList_1 = "call wm_common.config:getCustParam_multiple with args:nameList='''',"

---
	{"connectionAliasName": valueList[0],
"destinationName": valueList[1],
"destinationType": valueList[2],
"isResourceMonitoringSvc": vars."wm_errorhandling-svcs-flowsvcs-initializeParams"."isResourceMonitoringSvc",
"configFileName": vars."wm_errorhandling-svcs-flowsvcs-initializeParams"."configFileName"
}
]]></ee:set-variable>
			</ee:variables>
		</ee:transform>
    
                <set-payload doc:id="hfgpjjnf-eadc-40b9-98cc-268d14076da0" doc:name="Set Payload" name="set_payload" value="#[payload]"/>
                <foreach collection="#[payload]" doc:id="tsiwajfg-eadc-40b9-98cc-268d14076da0" doc:name="LOOP" name="LOOP">
                    <set-payload doc:id="tycjhgsb-eadc-40b9-98cc-268d14076da0" doc:name="Set Payload" name="set_payload" value="#[payload]"/>
                    <foreach collection="#[payload]" doc:id="xqxsbfjh-eadc-40b9-98cc-268d14076da0" doc:name="LOOP" name="LOOP">
                        
<ee:transform doc:name="MAP" doc:id="0af093a1-f36b-4a65-9f3f-7a904ab46e8b" >
			<ee:message >
			</ee:message>
			<ee:variables>
				<ee:set-variable variableName="MAP" ><![CDATA[%dw 2.0
output application/json
---
	{"reproposed": payload."CasesEvent.cases.additionalInfo.value",
"isResourceMonitoringSvc": vars.MAP."isResourceMonitoringSvc",
"connectionAliasName": vars.MAP."connectionAliasName",
"destinationName": vars.MAP."destinationName",
"destinationType": vars.MAP."destinationType",
"CasesEvent": {
  "cases": {
    "additionalInfo": {
      "value": payload."CasesEvent.cases.additionalInfo.value"
    }
  }
}
}
]]></ee:set-variable>
			</ee:variables>
		</ee:transform>
    
                    </foreach>
                    <choice doc:name="BRANCH">
                        <when expression="% /reproposed% = Y">
                            <try doc:name="SEQUENCE">
                                
<ee:transform doc:name="MAP" doc:id="0af093a1-f36b-4a65-9f3f-7a904ab46e8b" >
			<ee:message >
			</ee:message>
			<ee:variables>
				<ee:set-variable variableName="MAP" ><![CDATA[%dw 2.0
output application/json
var toList_1 = "call pub.list:appendToDocumentList with args:"

---
	{"tempCases": toList_1,
"isResourceMonitoringSvc": vars.MAP."isResourceMonitoringSvc",
"connectionAliasName": vars.MAP."connectionAliasName",
"destinationName": vars.MAP."destinationName",
"destinationType": vars.MAP."destinationType",
"reproposed": vars.MAP."reproposed",
"publish": payload."publish"
}
]]></ee:set-variable>
			</ee:variables>
		</ee:transform>
    
                                <logger doc:id="acxgyczo-eadc-40b9-98cc-268d14076da0" doc:name="wm_txnlogging.svcs.flowsvcs:publishTxnLogEvent" level="INFO"/>
                            </try>
                        </when>
                        <when expression="% /reproposed% = N">
                            <try doc:name="SEQUENCE">
                                <logger doc:id="xvcgxofm-eadc-40b9-98cc-268d14076da0" doc:name="wm_txnlogging.svcs.flowsvcs:publishTxnLogEvent" level="INFO"/>
                            </try>
                        </when>
                        <otherwise>
                            <try doc:name="SEQUENCE">
                                <logger doc:id="hylrjona-eadc-40b9-98cc-268d14076da0" doc:name="wm_txnlogging.svcs.flowsvcs:publishTxnLogEvent" level="INFO"/>
                            </try>
                        </otherwise>
                    </choice>
                    
<ee:transform doc:name="MAP" doc:id="0af093a1-f36b-4a65-9f3f-7a904ab46e8b" >
			<ee:message >
			</ee:message>
			<ee:variables>
				<ee:set-variable variableName="MAP" ><![CDATA[%dw 2.0
output application/json
---
	{}
]]></ee:set-variable>
			</ee:variables>
		</ee:transform>
    
                </foreach>
                <choice doc:name="BRANCH">
                    <when expression="% /publish% = true">
                        <try doc:name="SEQUENCE">
                            
<ee:transform doc:name="MAP" doc:id="0af093a1-f36b-4a65-9f3f-7a904ab46e8b" >
			<ee:message >
			</ee:message>
			<ee:variables>
				<ee:set-variable variableName="MAP" ><![CDATA[%dw 2.0
output application/json
---
	{"CasesEvent": {
  "msgHeader": vars."wm_txnlogging-svcs-flowsvcs-publishTxnLogEvent"."CasesEvent.msgHeader",
  "_env": payload."CasesEvent._env",
  "cases": payload."tempCases"
},
"isResourceMonitoringSvc": vars.MAP."isResourceMonitoringSvc",
"connectionAliasName": vars.MAP."connectionAliasName",
"destinationName": vars.MAP."destinationName",
"destinationType": vars.MAP."destinationType",
"publish": vars.MAP."publish"
}
]]></ee:set-variable>
			</ee:variables>
		</ee:transform>
    
                            <jms:publish config-ref="pub.jms:send_conn" destination="pub.jms:send" destinationType="TOPIC" doc:id="npyqaxbbba44-4f56-9c63-d1d76a5d22ca" doc:name="Publish" name="pub.jms:send">
                                <jms:message>
                                    <jms:body/>
                                </jms:message>
                            </jms:publish>
                            <logger doc:id="wjyqhksx-eadc-40b9-98cc-268d14076da0" doc:name="wm_txnlogging.svcs.flowsvcs:publishTxnLogEvent" level="INFO"/>
                        </try>
                    </when>
                </choice>
                
<ee:transform doc:name="MAP" doc:id="0af093a1-f36b-4a65-9f3f-7a904ab46e8b" >
			<ee:message >
			</ee:message>
			<ee:variables>
				<ee:set-variable variableName="MAP" ><![CDATA[%dw 2.0
output application/json
---
	{"isResourceMonitoringSvc": vars."wm_txnlogging-svcs-flowsvcs-publishTxnLogEvent"."isResourceMonitoringSvc"
}
]]></ee:set-variable>
			</ee:variables>
		</ee:transform>
    
                <logger doc:id="cxvqrmvn-eadc-40b9-98cc-268d14076da0" doc:name="pub.flow:clearPipeline" level="INFO"/>
            </try>
            <try doc:name="SEQUENCE">
                <logger doc:id="fcgucnjd-eadc-40b9-98cc-268d14076da0" doc:name="pub.flow:getLastError" level="INFO"/>
                <logger doc:id="orayaifw-eadc-40b9-98cc-268d14076da0" doc:name="wm_errorhandling.utils:getCallingService" level="INFO"/>
                <logger doc:id="sfyowpjw-eadc-40b9-98cc-268d14076da0" doc:name="wm_errorhandling.svcs.flowsvcs:createErrorMsg_FW1" level="INFO"/>
                <logger doc:id="bmnjyzbc-eadc-40b9-98cc-268d14076da0" doc:name="wm_txnlogging.utils:getExceptionType" level="INFO"/>
            </try>
        </try>
        <choice doc:name="BRANCH">
            <when expression="%initParams/isError% == 'TRUE'">
                <try doc:name="SEQUENCE">
                    <choice doc:name="BRANCH">
                        <when expression="%exceptionForRetry%=='true' &amp;&amp; %initParams/retry%=='YES'">
                            <try doc:name="SEQUENCE">
                                <logger doc:id="whlcstut-eadc-40b9-98cc-268d14076da0" doc:name="pub.flow:getRetryCount" level="INFO"/>
                                <choice doc:name="BRANCH">
                                    <when expression="%retryCount% ==%maxRetryCount% &amp;&amp; %isResourceMonitoringSvc% == 'NO'">
                                        <try doc:name="SEQUENCE">
                                            <logger doc:id="ieiwmvbn-eadc-40b9-98cc-268d14076da0" doc:name="pub.publish:publish" level="INFO"/>
                                            <logger doc:id="rjbgkrhs-eadc-40b9-98cc-268d14076da0" doc:name="wm_txnlogging.svcs.flowsvcs:publishTxnLogEvent" level="INFO"/>
                                        </try>
                                    </when>
                                    <when expression="%retryCount% ==%maxRetryCount% &amp;&amp; %isResourceMonitoringSvc% == 'YES'">
                                        <try doc:name="SEQUENCE">
                                            <logger doc:id="rwduhvvq-eadc-40b9-98cc-268d14076da0" doc:name="wm_txnlogging.svcs.flowsvcs:publishTxnLogEvent" level="INFO"/>
                                        </try>
                                    </when>
                                </choice>
                                <logger doc:id="wkffcazo-eadc-40b9-98cc-268d14076da0" doc:name="pub.flow:throwExceptionForRetry" level="INFO"/>
                            </try>
                        </when>
                        <otherwise>
                            <try doc:name="SEQUENCE">
                                <logger doc:id="beniwxsg-eadc-40b9-98cc-268d14076da0" doc:name="pub.publish:publish" level="INFO"/>
                                <logger doc:id="yfkjqnjw-eadc-40b9-98cc-268d14076da0" doc:name="wm_txnlogging.svcs.flowsvcs:publishTxnLogEvent" level="INFO"/>
                            </try>
                        </otherwise>
                    </choice>
                </try>
            </when>
        </choice>
    </flow>
</mule>
