<?xml version="1.0" encoding="UTF-8"?><mule xmlns="http://www.mulesoft.org/schema/mule/core" xmlns:doc="http://www.mulesoft.org/schema/mule/documentation" xmlns:ee="http://www.mulesoft.org/schema/mule/ee/core" xmlns:xsi="http://www.w3.org/2001/XMLSchema-instance" xsi:schemaLocation="http://www.mulesoft.org/schema/mule/core http://www.mulesoft.org/schema/mule/core/current/mule.xsd http://www.mulesoft.org/schema/mule/ee/core http://www.mulesoft.org/schema/mule/ee/core/current/mule-ee.xsd">
    <flow doc:id="bkfanmgh-eadc-40b9-98cc-268d14076da0" name="wm_ocs-svcs-outbound-flowsvcs-processTicketEvent_CreateFromFastLane">
        
<ee:transform doc:name="MAP" doc:id="0af093a1-f36b-4a65-9f3f-7a904ab46e8b" >
			<ee:message >
			</ee:message>
			<ee:variables>
				<ee:set-variable variableName="MAP" ><![CDATA[%dw 2.0
output application/json
---
	{"TicketEvent": payload."JMSMessage.body.data"
}
]]></ee:set-variable>
			</ee:variables>
		</ee:transform>
    
        <logger doc:id="tsveshao-eadc-40b9-98cc-268d14076da0" doc:name="wm_errorhandling.svcs.flowsvcs:initializeParams" level="INFO"/>
        <try doc:name="SEQUENCE">
            <try doc:name="SEQUENCE">
                
<ee:transform doc:name="MAP" doc:id="0af093a1-f36b-4a65-9f3f-7a904ab46e8b" >
			<ee:message >
			</ee:message>
			<ee:variables>
				<ee:set-variable variableName="MAP" ><![CDATA[%dw 2.0
output application/json
var url_1 = "call wm_common.config:getWSClientConfig with args:fileName=''publishTicketEvent.xml'',sid=''processTicketEvent_CreateFromFastLane_' ++ vars.INVOKE.EsbMsgHeader:msgHeader.EsbMsgHeader:target.EsbMsgHeader:msgTargetCd ++ '_' ++ vars.INVOKE.EsbMsgHeader:msgHeader.EsbMsgHeader:source.EsbMsgHeader:requestedEnv '',"

---
	{"url": url_1,
"isResourceMonitoringSvc": vars."wm_errorhandling-svcs-flowsvcs-initializeParams"."isResourceMonitoringSvc"
}
]]></ee:set-variable>
			</ee:variables>
		</ee:transform>
    
                <flow-ref doc:name="wm_ocs.svcs.outbound.flowsvcs:mapTicketEventToOCSFastLaneTicketImport" docid="unvfmhtx-eadc-40b9-98cc-268d14076da0" name="wm_ocs-svcs-outbound-flowsvcs-mapTicketEventToOCSFastLaneTicketImport"/>
                <logger doc:id="rebzptmo-eadc-40b9-98cc-268d14076da0" doc:name="wm_txnlogging.svcs.flowsvcs:publishTxnLogEvent" level="INFO"/>
                <flow-ref doc:name="wm_ocs.svcs.outbound.websvcs.OCSFastLaneTicketService_.connectors:OCSFastlaneTicketService_FastlaneTicketImport" docid="gayuemjm-eadc-40b9-98cc-268d14076da0" name="wm_ocs-svcs-outbound-websvcs-OCSFastLaneTicketService_-connectors-OCSFastlaneTicketService_FastlaneTicketImport"/>
                <choice doc:name="BRANCH">
                    <when expression="%fault% != $null">
                        <try doc:name="SEQUENCE">
                            
<ee:transform doc:name="MAP" doc:id="0af093a1-f36b-4a65-9f3f-7a904ab46e8b" >
			<ee:message >
			</ee:message>
			<ee:variables>
				<ee:set-variable variableName="MAP" ><![CDATA[%dw 2.0
output application/json
---
	{"initParams": {
  "subjectNote": 'OCS',
  "errorCode": 'ESB.ERR.9999'
},
"configFileName": payload."configFileName"
}
]]></ee:set-variable>
			</ee:variables>
		</ee:transform>
    
                            <logger doc:id="iudsmoqf-eadc-40b9-98cc-268d14076da0" doc:name="wm_common.utils:throwError" level="INFO"/>
                        </try>
                    </when>
                </choice>
                <choice doc:name="BRANCH">
                    <when expression="% /tns:FastlaneTicketImportResponse/ticketImportStatus/status% = FAILED">
                        <try doc:name="SEQUENCE">
                            
<ee:transform doc:name="MAP" doc:id="0af093a1-f36b-4a65-9f3f-7a904ab46e8b" >
			<ee:message >
			</ee:message>
			<ee:variables>
				<ee:set-variable variableName="MAP" ><![CDATA[%dw 2.0
output application/json
---
	{"initParams": {
  "errorCode": 'ESB.ERR.0006',
  "subjectNote": 'OCS'
},
"isError": payload."isError",
"interface": payload."interface",
"connectionAliasName": payload."connectionAliasName",
"destinationName": payload."destinationName",
"destinationType": payload."destinationType",
"EVEurl": payload."EVEurl",
"retry": payload."retry",
"isResourceMonitoringSvc": vars."wm_common-utils-throwError"."isResourceMonitoringSvc",
"siteIdsToEVEList": payload."siteIdsToEVEList",
"isValid": payload."isValid"
}
]]></ee:set-variable>
			</ee:variables>
		</ee:transform>
    
                            <logger doc:id="wicpflgx-eadc-40b9-98cc-268d14076da0" doc:name="wm_common.utils:throwError" level="INFO"/>
                        </try>
                    </when>
                </choice>
                <logger doc:id="bkecwlfu-eadc-40b9-98cc-268d14076da0" doc:name="wm_txnlogging.svcs.flowsvcs:publishTxnLogEvent" level="INFO"/>
                
<ee:transform doc:name="MAP" doc:id="0af093a1-f36b-4a65-9f3f-7a904ab46e8b" >
			<ee:message >
			</ee:message>
			<ee:variables>
				<ee:set-variable variableName="MAP" ><![CDATA[%dw 2.0
output application/json
---
	{}
]]></ee:set-variable>
			</ee:variables>
		</ee:transform>
    
            </try>
            <try doc:name="SEQUENCE">
                <logger doc:id="hfuufzjq-eadc-40b9-98cc-268d14076da0" doc:name="pub.flow:getLastError" level="INFO"/>
                <logger doc:id="gwylxgqs-eadc-40b9-98cc-268d14076da0" doc:name="wm_errorhandling.utils:getCallingService" level="INFO"/>
                <logger doc:id="vneyvbrx-eadc-40b9-98cc-268d14076da0" doc:name="wm_errorhandling.svcs.flowsvcs:createErrorMsg_FW1" level="INFO"/>
                <logger doc:id="peeglqpb-eadc-40b9-98cc-268d14076da0" doc:name="wm_txnlogging.utils:getExceptionType" level="INFO"/>
            </try>
        </try>
        <choice doc:name="BRANCH">
            <when expression="%initParams/isError% == 'TRUE'">
                <try doc:name="SEQUENCE">
                    <choice doc:name="BRANCH">
                        <when expression="%exceptionForRetry%=='true' &amp;&amp; %initParams/retry%=='YES'">
                            <try doc:name="SEQUENCE">
                                <logger doc:id="ixykrmxf-eadc-40b9-98cc-268d14076da0" doc:name="pub.flow:getRetryCount" level="INFO"/>
                                <choice doc:name="BRANCH">
                                    <when expression="%retryCount% ==%maxRetryCount% &amp;&amp; %isResourceMonitoringSvc% == 'NO'">
                                        <try doc:name="SEQUENCE">
                                            <logger doc:id="uqeprlxk-eadc-40b9-98cc-268d14076da0" doc:name="pub.publish:publish" level="INFO"/>
                                            <logger doc:id="ltgdfvfm-eadc-40b9-98cc-268d14076da0" doc:name="wm_txnlogging.svcs.flowsvcs:publishTxnLogEvent" level="INFO"/>
                                        </try>
                                    </when>
                                    <when expression="%retryCount% ==%maxRetryCount% &amp;&amp; %isResourceMonitoringSvc% == 'YES'">
                                        <try doc:name="SEQUENCE">
                                            <logger doc:id="zzsitylj-eadc-40b9-98cc-268d14076da0" doc:name="wm_txnlogging.svcs.flowsvcs:publishTxnLogEvent" level="INFO"/>
                                        </try>
                                    </when>
                                </choice>
                                <logger doc:id="ameajvxx-eadc-40b9-98cc-268d14076da0" doc:name="pub.flow:throwExceptionForRetry" level="INFO"/>
                            </try>
                        </when>
                        <otherwise>
                            <try doc:name="SEQUENCE">
                                <logger doc:id="uyfzcfoh-eadc-40b9-98cc-268d14076da0" doc:name="pub.publish:publish" level="INFO"/>
                                <logger doc:id="akpzzazm-eadc-40b9-98cc-268d14076da0" doc:name="wm_txnlogging.svcs.flowsvcs:publishTxnLogEvent" level="INFO"/>
                            </try>
                        </otherwise>
                    </choice>
                </try>
            </when>
        </choice>
    </flow>
</mule>
