<?xml version="1.0" encoding="UTF-8"?><mule xmlns="http://www.mulesoft.org/schema/mule/core" xmlns:doc="http://www.mulesoft.org/schema/mule/documentation" xmlns:ee="http://www.mulesoft.org/schema/mule/ee/core" xmlns:jms="http://www.mulesoft.org/schema/mule/jms" xmlns:xsi="http://www.w3.org/2001/XMLSchema-instance" xsi:schemaLocation="http://www.mulesoft.org/schema/mule/core http://www.mulesoft.org/schema/mule/core/current/mule.xsd http://www.mulesoft.org/schema/mule/ee/core http://www.mulesoft.org/schema/mule/ee/core/current/mule-ee.xsd http://www.mulesoft.org/schema/mule/jms http://www.mulesoft.org/schema/mule/jms/current/mule-jms.xsd">
    <flow doc:id="vupikfmo-eadc-40b9-98cc-268d14076da0" name="wm_ocs-svcs-outbound-flowsvcs-processContainerVisualsEventForOCS">
        <logger doc:id="kenwlsqc-eadc-40b9-98cc-268d14076da0" doc:name="pub.flow:savePipelineToFile" level="INFO"/>
        
<ee:transform doc:name="MAP" doc:id="0af093a1-f36b-4a65-9f3f-7a904ab46e8b" >
			<ee:message >
			</ee:message>
			<ee:variables>
				<ee:set-variable variableName="MAP" ><![CDATA[%dw 2.0
output application/json
---
	{"containerVisualsEvents": payload."JMSMessage.body.data",
"JMSMessage": {
  "body": {
    "data": payload."JMSMessage.body.data"
  }
}
}
]]></ee:set-variable>
			</ee:variables>
		</ee:transform>
    
        <logger doc:id="dbfgsdcu-eadc-40b9-98cc-268d14076da0" doc:name="wm_errorhandling.svcs.flowsvcs:initializeParams" level="INFO"/>
        <try doc:name="SEQUENCE">
            <try doc:name="SEQUENCE">
                
<ee:transform doc:name="MAP" doc:id="0af093a1-f36b-4a65-9f3f-7a904ab46e8b" >
			<ee:message >
			</ee:message>
			<ee:variables>
				<ee:set-variable variableName="MAP" ><![CDATA[%dw 2.0
output application/json
---
	{"configFileName": 'postContainerVisuals.xml',
"send_to_snapshot": payload."containerVisualsEvents.containerVisuals.wm_metadata.send_to_snapshot",
"Request-Tracking-Id": payload."containerVisualsEvents.msgHeader.transactionID",
"OriginalTargetCd": payload."msgHeader.target.msgTargetCd",
"isResourceMonitoringSvc": vars."wm_errorhandling-svcs-flowsvcs-initializeParams"."isResourceMonitoringSvc",
"containerVisualsEvents": {
  "containerVisuals": {
    "wm_metadata": {
      "send_to_snapshot": payload."containerVisualsEvents.containerVisuals.wm_metadata.send_to_snapshot"
    }
  },
  "msgHeader": {
    "transactionID": payload."containerVisualsEvents.msgHeader.transactionID"
  }
},
"msgHeader": {
  "target": {
    "msgTargetCd": payload."msgHeader.target.msgTargetCd"
  }
}
}
]]></ee:set-variable>
			</ee:variables>
		</ee:transform>
    
                
<ee:transform doc:name="MAP" doc:id="0af093a1-f36b-4a65-9f3f-7a904ab46e8b" >
			<ee:message >
			</ee:message>
			<ee:variables>
				<ee:set-variable variableName="MAP" ><![CDATA[%dw 2.0
output application/json
---
	{"sid": '' ++ vars.INVOKE.EsbMsgHeader:msgHeader.EsbMsgHeader:source.EsbMsgHeader:msgSourceCd ++ '_' ++ vars.INVOKE.EsbMsgHeader:msgHeader.EsbMsgHeader:actionCd ++ '_' ++ vars.INVOKE.EsbMsgHeader:msgHeader.EsbMsgHeader:requestTypeCd ++ '_' ++ vars.INVOKE.EsbMsgHeader:msgHeader.EsbMsgHeader:target.EsbMsgHeader:msgTargetCd ++ '_' ++ vars.INVOKE.EsbMsgHeader:msgHeader.EsbMsgHeader:source.EsbMsgHeader:requestedEnv ',
"isResourceMonitoringSvc": vars.MAP."isResourceMonitoringSvc",
"configFileName": vars.MAP."configFileName",
"Request-Tracking-Id": vars.MAP."Request-Tracking-Id",
"send_to_snapshot": vars.MAP."send_to_snapshot",
"OriginalTargetCd": vars.MAP."OriginalTargetCd"
}
]]></ee:set-variable>
			</ee:variables>
		</ee:transform>
    
                
<ee:transform doc:name="MAP" doc:id="0af093a1-f36b-4a65-9f3f-7a904ab46e8b" >
			<ee:message >
			</ee:message>
			<ee:variables>
				<ee:set-variable variableName="MAP" ><![CDATA[%dw 2.0
output application/json
var url_1 = "call wm_common.config:getWSClientConfig with args:"

---
	{"ocsUrl": url_1,
"isResourceMonitoringSvc": vars.MAP."isResourceMonitoringSvc",
"configFileName": vars.MAP."configFileName",
"Request-Tracking-Id": vars.MAP."Request-Tracking-Id",
"send_to_snapshot": vars.MAP."send_to_snapshot",
"OriginalTargetCd": vars.MAP."OriginalTargetCd"
}
]]></ee:set-variable>
			</ee:variables>
		</ee:transform>
    
                <try doc:name="SEQUENCE">
                    
<ee:transform doc:name="MAP" doc:id="0af093a1-f36b-4a65-9f3f-7a904ab46e8b" >
			<ee:message >
			</ee:message>
			<ee:variables>
				<ee:set-variable variableName="MAP" ><![CDATA[%dw 2.0
output application/json
var timeInMillis_1 = "call wm_ocs.utils:convertTimeToMillis with args:"

---
	{"imageDate": timeInMillis_1,
"isResourceMonitoringSvc": vars.MAP."isResourceMonitoringSvc",
"configFileName": vars.MAP."configFileName",
"Request-Tracking-Id": vars.MAP."Request-Tracking-Id",
"send_to_snapshot": vars.MAP."send_to_snapshot",
"ocsUrl": vars.MAP."ocsUrl",
"imageName": payload."imageName",
"imageLocation": payload."imageLocation",
"OriginalTargetCd": vars.MAP."OriginalTargetCd",
"Request_payload": payload."Request_payload",
"fileName": vars.MAP."fileName",
"containerVisualsEvents": {
  "containerVisuals": {
    "audit_info": {
      "created_date_time": payload."containerVisualsEvents.containerVisuals.audit_info.created_date_time"
    },
    "name": payload."containerVisualsEvents.containerVisuals.name",
    "url": payload."containerVisualsEvents.containerVisuals.url"
  }
}
}
]]></ee:set-variable>
			</ee:variables>
		</ee:transform>
    
                    <logger doc:id="ijsjyyed-eadc-40b9-98cc-268d14076da0" doc:name="wm_txnlogging.svcs.flowsvcs:publishTxnLogEvent" level="INFO"/>
                    <logger doc:id="tmhvcszf-eadc-40b9-98cc-268d14076da0" doc:name="pub.client:http" level="INFO"/>
                    <choice doc:name="BRANCH">
                        <when expression="% /header/status% = /^2/">
                            <try doc:name="SEQUENCE">
                                <logger doc:id="fssaooyu-eadc-40b9-98cc-268d14076da0" doc:name="wm_txnlogging.svcs.flowsvcs:publishTxnLogEvent" level="INFO"/>
                            </try>
                        </when>
                        <otherwise>
                            <try doc:name="SEQUENCE">
                                <logger doc:id="sowuzzvv-eadc-40b9-98cc-268d14076da0" doc:name="wm_txnlogging.svcs.flowsvcs:publishTxnLogEvent" level="INFO"/>
                                <logger doc:id="cxkpdosf-eadc-40b9-98cc-268d14076da0" doc:name="wm_common.utils:throwError" level="INFO"/>
                            </try>
                        </otherwise>
                    </choice>
                </try>
                <choice doc:name="BRANCH">
                    <when expression="% /send_to_snapshot% = /[Tt][Rr][Uu][Ee]/">
                        <try doc:name="SEQUENCE">
                            
<ee:transform doc:name="MAP" doc:id="0af093a1-f36b-4a65-9f3f-7a904ab46e8b" >
			<ee:message >
			</ee:message>
			<ee:variables>
				<ee:set-variable variableName="MAP" ><![CDATA[%dw 2.0
output application/json
var valueList_1 = "call wm_common.config:getCustParam_multiple with args:nameList='''',"

---
	{"connectionAliasName": valueList[0],
"destinationName": valueList[1],
"destinationType": valueList[2],
"isResourceMonitoringSvc": vars."wm_common-utils-throwError"."isResourceMonitoringSvc",
"configFileName": vars."wm_common-utils-throwError"."configFileName",
"Request-Tracking-Id": vars."wm_common-utils-throwError"."Request-Tracking-Id",
"send_to_snapshot": vars."wm_common-utils-throwError"."send_to_snapshot",
"ocsUrl": vars."wm_common-utils-throwError"."ocsUrl",
"imageName": vars."wm_common-utils-throwError"."imageName",
"imageLocation": vars."wm_common-utils-throwError"."imageLocation",
"imageDate": vars."wm_common-utils-throwError"."imageDate",
"OriginalTargetCd": vars."wm_common-utils-throwError"."OriginalTargetCd"
}
]]></ee:set-variable>
			</ee:variables>
		</ee:transform>
    
                            
<ee:transform doc:name="MAP" doc:id="0af093a1-f36b-4a65-9f3f-7a904ab46e8b" >
			<ee:message >
			</ee:message>
			<ee:variables>
				<ee:set-variable variableName="MAP" ><![CDATA[%dw 2.0
output application/json
---
	{"containerVisualsEvents": {
  "msgHeader": {
    "target": {
      "msgTargetCd": 'Snapshot'
    }
  }
},
"isResourceMonitoringSvc": vars.MAP."isResourceMonitoringSvc",
"OriginalTargetCd": vars.MAP."OriginalTargetCd",
"connectionAliasName": vars.MAP."connectionAliasName",
"destinationName": vars.MAP."destinationName",
"destinationType": vars.MAP."destinationType"
}
]]></ee:set-variable>
			</ee:variables>
		</ee:transform>
    
                            <jms:publish config-ref="pub.jms:send_conn" destination="pub.jms:send" destinationType="TOPIC" doc:id="cbqwmogpba44-4f56-9c63-d1d76a5d22ca" doc:name="Publish" name="pub.jms:send">
                                <jms:message>
                                    <jms:body/>
                                </jms:message>
                            </jms:publish>
                            
<ee:transform doc:name="MAP" doc:id="0af093a1-f36b-4a65-9f3f-7a904ab46e8b" >
			<ee:message >
			</ee:message>
			<ee:variables>
				<ee:set-variable variableName="MAP" ><![CDATA[%dw 2.0
output application/json
---
	{"msgHeader": {
  "target": {
    "msgTargetCd": vars.MAP."OriginalTargetCd"
  }
},
"containerVisualsEvents": {
  "msgHeader": {
    "target": {
      "msgTargetCd": vars."pub-jms-send"."OriginalTargetCd"
    }
  }
},
"isResourceMonitoringSvc": vars."pub-jms-send"."isResourceMonitoringSvc",
"configFileName": vars."pub-jms-send"."configFileName",
"Request-Tracking-Id": vars."pub-jms-send"."Request-Tracking-Id",
"send_to_snapshot": vars."pub-jms-send"."send_to_snapshot",
"ocsUrl": vars."pub-jms-send"."ocsUrl",
"imageName": vars."pub-jms-send"."imageName",
"imageLocation": vars."pub-jms-send"."imageLocation",
"imageDate": vars."pub-jms-send"."imageDate"
}
]]></ee:set-variable>
			</ee:variables>
		</ee:transform>
    
                        </try>
                    </when>
                    <otherwise>
                        <try doc:name="SEQUENCE">
                            <logger doc:id="trlwnrhe-eadc-40b9-98cc-268d14076da0" doc:name="wm_txnlogging.svcs.flowsvcs:publishTxnLogEvent" level="INFO"/>
                        </try>
                    </otherwise>
                </choice>
                <logger doc:id="jnvxskqk-eadc-40b9-98cc-268d14076da0" doc:name="wm_txnlogging.svcs.flowsvcs:publishTxnLogEvent" level="INFO"/>
                
<ee:transform doc:name="MAP" doc:id="0af093a1-f36b-4a65-9f3f-7a904ab46e8b" >
			<ee:message >
			</ee:message>
			<ee:variables>
				<ee:set-variable variableName="MAP" ><![CDATA[%dw 2.0
output application/json
---
	{"string": payload."string",
"configFileName": vars."wm_txnlogging-svcs-flowsvcs-publishTxnLogEvent"."configFileName",
"Request-Tracking-Id": vars."wm_txnlogging-svcs-flowsvcs-publishTxnLogEvent"."Request-Tracking-Id",
"send_to_snapshot": vars."wm_txnlogging-svcs-flowsvcs-publishTxnLogEvent"."send_to_snapshot",
"ocsUrl": vars."wm_txnlogging-svcs-flowsvcs-publishTxnLogEvent"."ocsUrl",
"imageName": vars."wm_txnlogging-svcs-flowsvcs-publishTxnLogEvent"."imageName",
"imageLocation": vars."wm_txnlogging-svcs-flowsvcs-publishTxnLogEvent"."imageLocation",
"imageDate": vars."wm_txnlogging-svcs-flowsvcs-publishTxnLogEvent"."imageDate",
"OriginalTargetCd": vars."wm_txnlogging-svcs-flowsvcs-publishTxnLogEvent"."OriginalTargetCd"
}
]]></ee:set-variable>
			</ee:variables>
		</ee:transform>
    
            </try>
            <try doc:name="SEQUENCE">
                <logger doc:id="bxsiikum-eadc-40b9-98cc-268d14076da0" doc:name="pub.flow:getLastError" level="INFO"/>
                <logger doc:id="jlqycnae-eadc-40b9-98cc-268d14076da0" doc:name="wm_errorhandling.utils:getCallingService" level="INFO"/>
                <logger doc:id="iahvpguo-eadc-40b9-98cc-268d14076da0" doc:name="wm_errorhandling.svcs.flowsvcs:createErrorMsg_FW1" level="INFO"/>
                <logger doc:id="xftcvvhd-eadc-40b9-98cc-268d14076da0" doc:name="wm_txnlogging.svcs.flowsvcs:publishTxnLogEvent" level="INFO"/>
                <logger doc:id="oissbhpu-eadc-40b9-98cc-268d14076da0" doc:name="wm_txnlogging.utils:getExceptionType" level="INFO"/>
            </try>
        </try>
        <choice doc:name="BRANCH">
            <when expression="%initParams/isError% == 'TRUE'">
                <try doc:name="SEQUENCE">
                    <choice doc:name="BRANCH">
                        <when expression="%exceptionForRetry%=='true' &amp;&amp; %initParams/retry%=='YES'">
                            <try doc:name="SEQUENCE">
                                <logger doc:id="iylkplpp-eadc-40b9-98cc-268d14076da0" doc:name="pub.flow:getRetryCount" level="INFO"/>
                                <choice doc:name="BRANCH">
                                    <when expression="%retryCount% ==%maxRetryCount% &amp;&amp; %isResourceMonitoringSvc% == 'NO'">
                                        <try doc:name="SEQUENCE">
                                            <logger doc:id="erwlnkgv-eadc-40b9-98cc-268d14076da0" doc:name="pub.publish:publish" level="INFO"/>
                                            <logger doc:id="vyjtcnso-eadc-40b9-98cc-268d14076da0" doc:name="wm_txnlogging.svcs.flowsvcs:publishTxnLogEvent" level="INFO"/>
                                        </try>
                                    </when>
                                    <when expression="%retryCount% ==%maxRetryCount% &amp;&amp; %isResourceMonitoringSvc% == 'YES'">
                                        <try doc:name="SEQUENCE">
                                            <logger doc:id="cclnhbtr-eadc-40b9-98cc-268d14076da0" doc:name="wm_txnlogging.svcs.flowsvcs:publishTxnLogEvent" level="INFO"/>
                                        </try>
                                    </when>
                                </choice>
                                <logger doc:id="dcksmyny-eadc-40b9-98cc-268d14076da0" doc:name="pub.flow:throwExceptionForRetry" level="INFO"/>
                            </try>
                        </when>
                        <otherwise>
                            <try doc:name="SEQUENCE">
                                <logger doc:id="vrqcinqm-eadc-40b9-98cc-268d14076da0" doc:name="pub.publish:publish" level="INFO"/>
                                <logger doc:id="feciwzxg-eadc-40b9-98cc-268d14076da0" doc:name="wm_txnlogging.svcs.flowsvcs:publishTxnLogEvent" level="INFO"/>
                            </try>
                        </otherwise>
                    </choice>
                </try>
            </when>
        </choice>
    </flow>
</mule>
