<?xml version="1.0" encoding="UTF-8"?><mule xmlns="http://www.mulesoft.org/schema/mule/core" xmlns:doc="http://www.mulesoft.org/schema/mule/documentation" xmlns:ee="http://www.mulesoft.org/schema/mule/ee/core" xmlns:file="http://www.mulesoft.org/schema/mule/file" xmlns:xsi="http://www.w3.org/2001/XMLSchema-instance" xsi:schemaLocation="http://www.mulesoft.org/schema/mule/core http://www.mulesoft.org/schema/mule/core/current/mule.xsd http://www.mulesoft.org/schema/mule/ee/core http://www.mulesoft.org/schema/mule/ee/core/current/mule-ee.xsd http://www.mulesoft.org/schema/mule/file http://www.mulesoft.org/schema/mule/file/current/mule-file.xsd">
    <flow doc:id="jmppoqto-eadc-40b9-98cc-268d14076da0" name="wm_ocs-svcs-outbound-flowsvcs-processRoutingEvents_deleteOldFiles">
        <try doc:name="SEQUENCE">
            <try doc:name="SEQUENCE">
                
<ee:transform doc:name="MAP" doc:id="0af093a1-f36b-4a65-9f3f-7a904ab46e8b" >
			<ee:message >
			</ee:message>
			<ee:variables>
				<ee:set-variable variableName="MAP" ><![CDATA[%dw 2.0
output application/json
var valueList_1 = "call wm_common.config:getCustParam_multiple with args:nameList='''',fileName=''publishRoutesSvcEvents.xml'',"

---
	{"dirPath": valueList[0],
"dirPathError": valueList[1],
"delFilesFromDone": valueList[2],
"delFilesFromError": valueList[3]
}
]]></ee:set-variable>
			</ee:variables>
		</ee:transform>
    
                <choice doc:name="BRANCH">
                    <when expression="% /delFilesFromDone% = true">
                        <try doc:name="SEQUENCE">
                            <logger doc:id="hjqzayrh-eadc-40b9-98cc-268d14076da0" doc:name="wm_ocs.svcs.outbound.javasvcs:getDirList" level="INFO"/>
                            <set-payload doc:id="myuqonjm-eadc-40b9-98cc-268d14076da0" doc:name="Set Payload" name="set_payload" value="#[payload]"/>
                            <foreach collection="#[payload]" doc:id="wexhtkkc-eadc-40b9-98cc-268d14076da0" doc:name="LOOP" name="LOOP">
                                
<ee:transform doc:name="MAP" doc:id="0af093a1-f36b-4a65-9f3f-7a904ab46e8b" >
			<ee:message >
			</ee:message>
			<ee:variables>
				<ee:set-variable variableName="MAP" ><![CDATA[%dw 2.0
output application/json
var value_1 = "call pub.string:concat with args:"

---
	{"DirList": {
  "fileName": value_1
},
"directory": payload."directory",
"dirPathError": vars."wm_ocs-svcs-outbound-javasvcs-getDirList"."dirPathError",
"delFilesFromDone": vars."wm_ocs-svcs-outbound-javasvcs-getDirList"."delFilesFromDone",
"delFilesFromError": vars."wm_ocs-svcs-outbound-javasvcs-getDirList"."delFilesFromError",
"fileName": vars."wm_ocs-svcs-outbound-javasvcs-getDirList"."fileName",
"isFile": payload."isFile",
"lastModified": payload."lastModified",
"size": payload."size",
"dir": payload."dir"
}
]]></ee:set-variable>
			</ee:variables>
		</ee:transform>
    
                                <file:delete config-ref="File_config1" doc:id="krwabzdp-eadc-40b9-98cc-268d14076da0" doc:name="pub.file:deleteFile" target="pub.file:deletefile"/>
                                <choice doc:name="BRANCH">
                                    <when expression="% /status% = true">
                                        <try doc:name="SEQUENCE"/>
                                    </when>
                                    <otherwise>
                                        <try doc:name="SEQUENCE">
                                            <logger doc:id="kguhqiqa-eadc-40b9-98cc-268d14076da0" doc:name="wm_common.utils:throwError" level="INFO"/>
                                        </try>
                                    </otherwise>
                                </choice>
                            </foreach>
                            
<ee:transform doc:name="MAP" doc:id="0af093a1-f36b-4a65-9f3f-7a904ab46e8b" >
			<ee:message >
			</ee:message>
			<ee:variables>
				<ee:set-variable variableName="MAP" ><![CDATA[%dw 2.0
output application/json
---
	{"dirPathError": vars."wm_common-utils-throwError"."dirPathError",
"delFilesFromError": vars."wm_common-utils-throwError"."delFilesFromError",
"isFile": vars."wm_common-utils-throwError"."isFile",
"lastModified": vars."wm_common-utils-throwError"."lastModified",
"size": vars."wm_common-utils-throwError"."size",
"dir": vars."wm_common-utils-throwError"."dir"
}
]]></ee:set-variable>
			</ee:variables>
		</ee:transform>
    
                        </try>
                    </when>
                </choice>
                <choice doc:name="BRANCH">
                    <when expression="% /delFilesFromError% = true">
                        <try doc:name="SEQUENCE">
                            <logger doc:id="fodiqnbb-eadc-40b9-98cc-268d14076da0" doc:name="wm_ocs.svcs.outbound.javasvcs:getDirList" level="INFO"/>
                            <set-payload doc:id="lrdpvrnp-eadc-40b9-98cc-268d14076da0" doc:name="Set Payload" name="set_payload" value="#[payload]"/>
                            <foreach collection="#[payload]" doc:id="cfatwuch-eadc-40b9-98cc-268d14076da0" doc:name="LOOP" name="LOOP">
                                
<ee:transform doc:name="MAP" doc:id="0af093a1-f36b-4a65-9f3f-7a904ab46e8b" >
			<ee:message >
			</ee:message>
			<ee:variables>
				<ee:set-variable variableName="MAP" ><![CDATA[%dw 2.0
output application/json
var value_1 = "call pub.string:concat with args:"

---
	{"DirList": {
  "fileName": value_1
},
"directory": vars."wm_ocs-svcs-outbound-javasvcs-getDirList"."directory",
"delFilesFromError": vars."wm_ocs-svcs-outbound-javasvcs-getDirList"."delFilesFromError",
"fileName": vars."wm_ocs-svcs-outbound-javasvcs-getDirList"."fileName",
"isFile": vars."wm_ocs-svcs-outbound-javasvcs-getDirList"."isFile",
"lastModified": vars."wm_ocs-svcs-outbound-javasvcs-getDirList"."lastModified",
"size": vars."wm_ocs-svcs-outbound-javasvcs-getDirList"."size",
"dir": vars."wm_ocs-svcs-outbound-javasvcs-getDirList"."dir"
}
]]></ee:set-variable>
			</ee:variables>
		</ee:transform>
    
                                <file:delete config-ref="File_config1" doc:id="gihifpmm-eadc-40b9-98cc-268d14076da0" doc:name="pub.file:deleteFile" target="pub.file:deletefile"/>
                                <choice doc:name="BRANCH">
                                    <when expression="% /status% = true">
                                        <try doc:name="SEQUENCE"/>
                                    </when>
                                    <otherwise>
                                        <try doc:name="SEQUENCE">
                                            <logger doc:id="rekuuoaw-eadc-40b9-98cc-268d14076da0" doc:name="wm_common.utils:throwError" level="INFO"/>
                                        </try>
                                    </otherwise>
                                </choice>
                            </foreach>
                        </try>
                    </when>
                </choice>
                <logger doc:id="yepkcdyo-eadc-40b9-98cc-268d14076da0" doc:name="pub.flow:clearPipeline" level="INFO"/>
            </try>
            <try doc:name="SEQUENCE">
                <logger doc:id="gjkbvifp-eadc-40b9-98cc-268d14076da0" doc:name="pub.flow:getLastError" level="INFO"/>
                <logger doc:id="ayaaibvv-eadc-40b9-98cc-268d14076da0" doc:name="wm_errorhandling.utils:getCallingService" level="INFO"/>
                <logger doc:id="yshpqlyj-eadc-40b9-98cc-268d14076da0" doc:name="wm_errorhandling.svcs.flowsvcs:createErrorMsg_FW1" level="INFO"/>
                <logger doc:id="fevdcgdz-eadc-40b9-98cc-268d14076da0" doc:name="wm_txnlogging.utils:getExceptionType" level="INFO"/>
            </try>
        </try>
    </flow>
</mule>
