<?xml version="1.0" encoding="UTF-8"?><mule xmlns="http://www.mulesoft.org/schema/mule/core" xmlns:doc="http://www.mulesoft.org/schema/mule/documentation" xmlns:ee="http://www.mulesoft.org/schema/mule/ee/core" xmlns:xsi="http://www.w3.org/2001/XMLSchema-instance" xsi:schemaLocation="http://www.mulesoft.org/schema/mule/core http://www.mulesoft.org/schema/mule/core/current/mule.xsd http://www.mulesoft.org/schema/mule/ee/core http://www.mulesoft.org/schema/mule/ee/core/current/mule-ee.xsd">
    <flow doc:id="sguzkxqz-eadc-40b9-98cc-268d14076da0" name="wm_ocs-svcs-outbound-flowsvcs-processCasesEvent_MASUpdateSvcReq2_Hoc">
        <logger doc:id="iohayfqp-eadc-40b9-98cc-268d14076da0" doc:name="wm_errorhandling.svcs.flowsvcs:initializeParams" level="INFO"/>
        <try doc:name="SEQUENCE">
            <try doc:name="SEQUENCE">
                <choice doc:name="BRANCH">
                    <when expression="% /wm_common.events:CasesEvent/EsbMsgHeader:msgHeader/EsbMsgHeader:source/EsbMsgHeader:msgSourceCd% = $null">
                        
<ee:transform doc:name="MAP" doc:id="0af093a1-f36b-4a65-9f3f-7a904ab46e8b" >
			<ee:message >
			</ee:message>
			<ee:variables>
				<ee:set-variable variableName="MAP" ><![CDATA[%dw 2.0
output application/json
var url_1 = "call wm_common.config:getWSClientConfig with args:sid=''processSvcReqResponseForOCS_client_' ++ vars.INVOKE.wm_common.events:CasesEvent.EsbMsgHeader:msgHeader.EsbMsgHeader:source.EsbMsgHeader:requestedEnv '',"

---
	{"url": url_1,
"configFileName": vars."wm_errorhandling-svcs-flowsvcs-initializeParams"."configFileName"
}
]]></ee:set-variable>
			</ee:variables>
		</ee:transform>
    
                    </when>
                    <otherwise>
                        
<ee:transform doc:name="MAP" doc:id="0af093a1-f36b-4a65-9f3f-7a904ab46e8b" >
			<ee:message >
			</ee:message>
			<ee:variables>
				<ee:set-variable variableName="MAP" ><![CDATA[%dw 2.0
output application/json
var url_1 = "call wm_common.config:getWSClientConfig with args:sid=''processSvcReqResponseForOCS_' ++ vars.INVOKE.wm_common.events:CasesEvent.EsbMsgHeader:msgHeader.EsbMsgHeader:source.EsbMsgHeader:msgSourceCd ++ '_' ++ vars.INVOKE.wm_common.events:CasesEvent.EsbMsgHeader:msgHeader.EsbMsgHeader:source.EsbMsgHeader:requestedEnv '',"

---
	{"url": url_1,
"configFileName": vars.MAP."configFileName"
}
]]></ee:set-variable>
			</ee:variables>
		</ee:transform>
    
                    </otherwise>
                </choice>
                <flow-ref doc:name="wm_ocs.svcs.outbound.flowsvcs:mapMASSvcReqResponseToOCSSvcReqResponse" docid="rlewkjyo-eadc-40b9-98cc-268d14076da0" name="wm_ocs-svcs-outbound-flowsvcs-mapMASSvcReqResponseToOCSSvcReqResponse"/>
                <logger doc:id="amoxqhuk-eadc-40b9-98cc-268d14076da0" doc:name="wm_txnlogging.svcs.flowsvcs:publishTxnLogEvent" level="INFO"/>
                <flow-ref doc:name="wm_ocs.svcs.outbound.websvcs.OCSAcknowledgementService_.connectors:OCSAcknowledgementePortType_acknowldgeOCS" docid="iwueylrg-eadc-40b9-98cc-268d14076da0" name="wm_ocs-svcs-outbound-websvcs-OCSAcknowledgementService_-connectors-OCSAcknowledgementePortType_acknowldgeOCS"/>
                <choice doc:name="BRANCH">
                    <when expression="%/SOAP-FAULT/Fault_1_1% != $null">
                        <try doc:name="SEQUENCE">
                            
<ee:transform doc:name="MAP" doc:id="0af093a1-f36b-4a65-9f3f-7a904ab46e8b" >
			<ee:message >
			</ee:message>
			<ee:variables>
				<ee:set-variable variableName="MAP" ><![CDATA[%dw 2.0
output application/json
---
	{"initParams": {
  "errorCode": '' ++ vars.INVOKE.SOAP-FAULT.Fault_1_1.detail.ErrorCode ',
  "subjectNote": 'OCS'
},
"customUUID": payload."customUUID",
"configFileName": vars."wm_ocs-svcs-outbound-websvcs-OCSAcknowledgementService_-connectors-OCSAcknowledgementePortType_acknowldgeOCS"."configFileName"
}
]]></ee:set-variable>
			</ee:variables>
		</ee:transform>
    
                            <logger doc:id="vqpjljqb-eadc-40b9-98cc-268d14076da0" doc:name="wm_common.utils:throwError" level="INFO"/>
                        </try>
                    </when>
                    <when expression="%/SOAP-FAULT/Fault_1_2% != $null">
                        <try doc:name="SEQUENCE">
                            
<ee:transform doc:name="MAP" doc:id="0af093a1-f36b-4a65-9f3f-7a904ab46e8b" >
			<ee:message >
			</ee:message>
			<ee:variables>
				<ee:set-variable variableName="MAP" ><![CDATA[%dw 2.0
output application/json
---
	{"initParams": {
  "subjectNote": 'OCS',
  "errorCode": '' ++ vars.INVOKE..SOAP-FAULT.Fault_1_2.SOAP-ENV:Detail.rns:SiperianRequestFault.rns:errorMessage '
},
"customUUID": vars."wm_common-utils-throwError"."customUUID",
"configFileName": vars."wm_common-utils-throwError"."configFileName"
}
]]></ee:set-variable>
			</ee:variables>
		</ee:transform>
    
                            <logger doc:id="qabwecpp-eadc-40b9-98cc-268d14076da0" doc:name="wm_common.utils:throwError" level="INFO"/>
                        </try>
                    </when>
                </choice>
                <logger doc:id="flotmqam-eadc-40b9-98cc-268d14076da0" doc:name="wm_txnlogging.svcs.flowsvcs:publishTxnLogEvent" level="INFO"/>
            </try>
            <try doc:name="SEQUENCE">
                <logger doc:id="kqxmgahr-eadc-40b9-98cc-268d14076da0" doc:name="pub.flow:getLastError" level="INFO"/>
                <logger doc:id="ajipdsnd-eadc-40b9-98cc-268d14076da0" doc:name="wm_errorhandling.utils:getCallingService" level="INFO"/>
                <logger doc:id="ubtvyyto-eadc-40b9-98cc-268d14076da0" doc:name="wm_errorhandling.svcs.flowsvcs:createErrorMsg_FW1" level="INFO"/>
                <logger doc:id="fdelbbsj-eadc-40b9-98cc-268d14076da0" doc:name="wm_txnlogging.utils:getExceptionType" level="INFO"/>
            </try>
        </try>
        <choice doc:name="BRANCH">
            <when expression="%initParams/isError% == 'TRUE'">
                <try doc:name="SEQUENCE">
                    <choice doc:name="BRANCH">
                        <when expression="%exceptionForRetry%=='true' &amp;&amp; %initParams/retry%=='YES'">
                            <try doc:name="SEQUENCE">
                                <logger doc:id="asfeszjd-eadc-40b9-98cc-268d14076da0" doc:name="pub.flow:getRetryCount" level="INFO"/>
                                <choice doc:name="BRANCH">
                                    <when expression="%retryCount% ==%maxRetryCount% &amp;&amp; %isResourceMonitoringSvc% == 'NO'">
                                        <try doc:name="SEQUENCE">
                                            <logger doc:id="pcrlrdcc-eadc-40b9-98cc-268d14076da0" doc:name="pub.publish:publish" level="INFO"/>
                                            <logger doc:id="xoqnfkoe-eadc-40b9-98cc-268d14076da0" doc:name="wm_txnlogging.svcs.flowsvcs:publishTxnLogEvent" level="INFO"/>
                                        </try>
                                    </when>
                                    <when expression="%retryCount% ==%maxRetryCount% &amp;&amp; %isResourceMonitoringSvc% == 'YES'">
                                        <try doc:name="SEQUENCE">
                                            <logger doc:id="rhetyxzf-eadc-40b9-98cc-268d14076da0" doc:name="wm_txnlogging.svcs.flowsvcs:publishTxnLogEvent" level="INFO"/>
                                        </try>
                                    </when>
                                </choice>
                                <logger doc:id="ajevbwyq-eadc-40b9-98cc-268d14076da0" doc:name="pub.flow:throwExceptionForRetry" level="INFO"/>
                            </try>
                        </when>
                        <otherwise>
                            <try doc:name="SEQUENCE">
                                <logger doc:id="nbmiyufj-eadc-40b9-98cc-268d14076da0" doc:name="pub.publish:publish" level="INFO"/>
                                <logger doc:id="xortixne-eadc-40b9-98cc-268d14076da0" doc:name="wm_txnlogging.svcs.flowsvcs:publishTxnLogEvent" level="INFO"/>
                            </try>
                        </otherwise>
                    </choice>
                </try>
            </when>
        </choice>
    </flow>
</mule>
