<?xml version="1.0" encoding="UTF-8"?><mule xmlns="http://www.mulesoft.org/schema/mule/core" xmlns:doc="http://www.mulesoft.org/schema/mule/documentation" xmlns:ee="http://www.mulesoft.org/schema/mule/ee/core" xmlns:xsi="http://www.w3.org/2001/XMLSchema-instance" xsi:schemaLocation="http://www.mulesoft.org/schema/mule/core http://www.mulesoft.org/schema/mule/core/current/mule.xsd http://www.mulesoft.org/schema/mule/ee/core http://www.mulesoft.org/schema/mule/ee/core/current/mule-ee.xsd">
    <flow doc:id="yooqzafl-eadc-40b9-98cc-268d14076da0" name="wm_ocs-svcs-outbound-flowsvcs-processImageDetailsForOCS">
        
<ee:transform doc:name="MAP" doc:id="0af093a1-f36b-4a65-9f3f-7a904ab46e8b" >
			<ee:message >
			</ee:message>
			<ee:variables>
				<ee:set-variable variableName="MAP" ><![CDATA[%dw 2.0
output application/json
---
	{EsbMsgHeader:msgHeader:payload.EsbMsgHeader:msgHeader,
transid:payload.transid,
imageName:payload.imageName,
imageLocation:payload.imageLocation,
imageDate:payload.imageDate,
_env:payload._env,
"ImageDetails": payload."JMSMessage.body.data",
"JMSMessage": {
  "body": {
    "data": payload."JMSMessage.body.data"
  }
}
}
]]></ee:set-variable>
			</ee:variables>
		</ee:transform>
    
        <logger doc:id="vmnjoyzk-eadc-40b9-98cc-268d14076da0" doc:name="wm_errorhandling.svcs.flowsvcs:initializeParams" level="INFO"/>
        <try doc:name="SEQUENCE">
            <try doc:name="SEQUENCE">
                
<ee:transform doc:name="MAP" doc:id="0af093a1-f36b-4a65-9f3f-7a904ab46e8b" >
			<ee:message >
			</ee:message>
			<ee:variables>
				<ee:set-variable variableName="MAP" ><![CDATA[%dw 2.0
output application/json
---
	{EsbMsgHeader:msgHeader:vars.MAP.EsbMsgHeader:msgHeader,
ImageDetails:vars."wm_errorhandling-svcs-flowsvcs-initializeParams".ImageDetails,
transid:vars."wm_errorhandling-svcs-flowsvcs-initializeParams".transid,
imageName:vars."wm_errorhandling-svcs-flowsvcs-initializeParams".imageName,
imageLocation:vars."wm_errorhandling-svcs-flowsvcs-initializeParams".imageLocation,
imageDate:vars."wm_errorhandling-svcs-flowsvcs-initializeParams".imageDate,
_env:vars."wm_errorhandling-svcs-flowsvcs-initializeParams"._env,
"configFileName": 'processImageDetails.xml',
"isResourceMonitoringSvc": vars."wm_errorhandling-svcs-flowsvcs-initializeParams"."isResourceMonitoringSvc"
}
]]></ee:set-variable>
			</ee:variables>
		</ee:transform>
    
                
<ee:transform doc:name="MAP" doc:id="0af093a1-f36b-4a65-9f3f-7a904ab46e8b" >
			<ee:message >
			</ee:message>
			<ee:variables>
				<ee:set-variable variableName="MAP" ><![CDATA[%dw 2.0
output application/json
var url_1 = "call wm_common.config:getWSClientConfig with args:sid=''processImageDetailsForOCS_' ++ vars.INVOKE.wm_ocs.docs:ImageDetails.EsbMsgHeader:msgHeader.EsbMsgHeader:source.EsbMsgHeader:requestedEnv '',"
var timeInMillis_2 = "call wm_ocs.utils:convertTimeToMillis with args:"

---
	{"ocsUrl": url_1,
"ImageDetails": {
  "ImageDetails": {
    "imageDate": timeInMillis_2
  }
},
""wm_ocs": {
  "docs:ImageDetails"": {
    ""ImageDetails"": payload."wm_ocs.docs:ImageDetails"."ImageDetails",
    ""transid"": payload."wm_ocs.docs:ImageDetails"."transid",
    ""imageName"": payload."wm_ocs.docs:ImageDetails"."imageName",
    ""imageLocation"": payload."wm_ocs.docs:ImageDetails"."imageLocation",
    ""imageDate"": payload."wm_ocs.docs:ImageDetails"."imageDate",
    ""_env"": payload."wm_ocs.docs:ImageDetails"."_env"
  }
},
"isResourceMonitoringSvc": vars.MAP."isResourceMonitoringSvc",
"configFileName": vars.MAP."configFileName"
}
]]></ee:set-variable>
			</ee:variables>
		</ee:transform>
    
                <logger doc:id="fklyazvh-eadc-40b9-98cc-268d14076da0" doc:name="pub.client:http" level="INFO"/>
                <choice doc:name="BRANCH">
                    <when expression="% /header/status% = /^2/">
                        <try doc:name="SEQUENCE"/>
                    </when>
                    <otherwise>
                        <try doc:name="SEQUENCE">
                            <logger doc:id="jzvzesfg-eadc-40b9-98cc-268d14076da0" doc:name="wm_common.utils:throwError" level="INFO"/>
                        </try>
                    </otherwise>
                </choice>
                <logger doc:id="wtmxifdh-eadc-40b9-98cc-268d14076da0" doc:name="wm_txnlogging.svcs.flowsvcs:publishTxnLogEvent" level="INFO"/>
                
<ee:transform doc:name="MAP" doc:id="0af093a1-f36b-4a65-9f3f-7a904ab46e8b" >
			<ee:message >
			</ee:message>
			<ee:variables>
				<ee:set-variable variableName="MAP" ><![CDATA[%dw 2.0
output application/json
---
	{"status": payload."status",
"statusMessage": vars."wm_txnlogging-svcs-flowsvcs-publishTxnLogEvent"."statusMessage",
"bytes": payload."bytes",
"stream": payload."stream"
}
]]></ee:set-variable>
			</ee:variables>
		</ee:transform>
    
            </try>
            <try doc:name="SEQUENCE">
                <logger doc:id="htzlqzna-eadc-40b9-98cc-268d14076da0" doc:name="pub.flow:getLastError" level="INFO"/>
                <logger doc:id="tobrlgfw-eadc-40b9-98cc-268d14076da0" doc:name="wm_errorhandling.utils:getCallingService" level="INFO"/>
                <logger doc:id="eyevfdth-eadc-40b9-98cc-268d14076da0" doc:name="wm_errorhandling.svcs.flowsvcs:createErrorMsg_FW1" level="INFO"/>
                <logger doc:id="jwrtjzra-eadc-40b9-98cc-268d14076da0" doc:name="wm_txnlogging.utils:getExceptionType" level="INFO"/>
            </try>
        </try>
        <choice doc:name="BRANCH">
            <when expression="%initParams/isError% == 'TRUE'">
                <try doc:name="SEQUENCE">
                    <choice doc:name="BRANCH">
                        <when expression="%exceptionForRetry%=='true' &amp;&amp; %initParams/retry%=='YES'">
                            <try doc:name="SEQUENCE">
                                <logger doc:id="kfetzydi-eadc-40b9-98cc-268d14076da0" doc:name="pub.flow:getRetryCount" level="INFO"/>
                                <choice doc:name="BRANCH">
                                    <when expression="%retryCount% ==%maxRetryCount% &amp;&amp; %isResourceMonitoringSvc% == 'NO'">
                                        <try doc:name="SEQUENCE">
                                            <logger doc:id="xpuftpfd-eadc-40b9-98cc-268d14076da0" doc:name="pub.publish:publish" level="INFO"/>
                                            <logger doc:id="wmrgyzkr-eadc-40b9-98cc-268d14076da0" doc:name="wm_txnlogging.svcs.flowsvcs:publishTxnLogEvent" level="INFO"/>
                                        </try>
                                    </when>
                                    <when expression="%retryCount% ==%maxRetryCount% &amp;&amp; %isResourceMonitoringSvc% == 'YES'">
                                        <try doc:name="SEQUENCE">
                                            <logger doc:id="kfvhxgqz-eadc-40b9-98cc-268d14076da0" doc:name="wm_txnlogging.svcs.flowsvcs:publishTxnLogEvent" level="INFO"/>
                                        </try>
                                    </when>
                                </choice>
                                <logger doc:id="qltivrlc-eadc-40b9-98cc-268d14076da0" doc:name="pub.flow:throwExceptionForRetry" level="INFO"/>
                            </try>
                        </when>
                        <otherwise>
                            <try doc:name="SEQUENCE">
                                <logger doc:id="kpifblyr-eadc-40b9-98cc-268d14076da0" doc:name="pub.publish:publish" level="INFO"/>
                                <logger doc:id="xlgcwnuu-eadc-40b9-98cc-268d14076da0" doc:name="wm_txnlogging.svcs.flowsvcs:publishTxnLogEvent" level="INFO"/>
                            </try>
                        </otherwise>
                    </choice>
                </try>
            </when>
        </choice>
    </flow>
</mule>
