<?xml version="1.0" encoding="UTF-8"?><mule xmlns="http://www.mulesoft.org/schema/mule/core" xmlns:doc="http://www.mulesoft.org/schema/mule/documentation" xmlns:ee="http://www.mulesoft.org/schema/mule/ee/core" xmlns:xsi="http://www.w3.org/2001/XMLSchema-instance" xsi:schemaLocation="http://www.mulesoft.org/schema/mule/core http://www.mulesoft.org/schema/mule/core/current/mule.xsd http://www.mulesoft.org/schema/mule/ee/core http://www.mulesoft.org/schema/mule/ee/core/current/mule-ee.xsd">
    <flow doc:id="yjalwahr-eadc-40b9-98cc-268d14076da0" name="wm_ocs-svcs-outbound-flowsvcs-processCasesEvent_MASUpdateSvcReq2_NonHoc_1">
        <logger doc:id="jzqwygdc-eadc-40b9-98cc-268d14076da0" doc:name="pub.flow:restorePipelineFromFile" level="INFO"/>
        
<ee:transform doc:name="MAP" doc:id="0af093a1-f36b-4a65-9f3f-7a904ab46e8b" >
			<ee:message >
			</ee:message>
			<ee:variables>
				<ee:set-variable variableName="MAP" ><![CDATA[%dw 2.0
output application/json
---
	{"CasesEvent": payload."JMSMessage.body.data",
"JMSMessage": {
  "body": {
    "data": payload."JMSMessage.body.data"
  }
}
}
]]></ee:set-variable>
			</ee:variables>
		</ee:transform>
    
        <logger doc:id="xzzdvllx-eadc-40b9-98cc-268d14076da0" doc:name="wm_errorhandling.svcs.flowsvcs:initializeParams" level="INFO"/>
        <try doc:name="SEQUENCE">
            <try doc:name="SEQUENCE">
                
<ee:transform doc:name="MAP" doc:id="0af093a1-f36b-4a65-9f3f-7a904ab46e8b" >
			<ee:message >
			</ee:message>
			<ee:variables>
				<ee:set-variable variableName="MAP" ><![CDATA[%dw 2.0
output application/json
var url_1 = "call wm_common.config:getWSClientConfig with args:sid=''processCasesEvent_MASAddUpdateSvcReq2_OCS_' ++ vars.INVOKE.wm_common.events:CasesEvent.EsbMsgHeader:msgHeader.EsbMsgHeader:source.EsbMsgHeader:requestedEnv '',"

---
	{"url": url_1,
"configFileName": vars."wm_errorhandling-svcs-flowsvcs-initializeParams"."configFileName"
}
]]></ee:set-variable>
			</ee:variables>
		</ee:transform>
    
                <set-payload doc:id="yamzosyx-eadc-40b9-98cc-268d14076da0" doc:name="Set Payload" name="set_payload" value="#[payload]"/>
                <foreach collection="#[payload]" doc:id="qpjuluck-eadc-40b9-98cc-268d14076da0" doc:name="LOOP" name="LOOP">
                    <flow-ref doc:name="wm_ocs.svcs.outbound.flowsvcs:mapMASCasesToOCSSite_AddUpdSvcReq2" docid="uehgupqj-eadc-40b9-98cc-268d14076da0" name="wm_ocs-svcs-outbound-flowsvcs-mapMASCasesToOCSSite_AddUpdSvcReq2"/>
                    
<ee:transform doc:name="MAP" doc:id="0af093a1-f36b-4a65-9f3f-7a904ab46e8b" >
			<ee:message >
			</ee:message>
			<ee:variables>
				<ee:set-variable variableName="MAP" ><![CDATA[%dw 2.0
output application/json
var xmldata_1 = "call pub.xml:documentToXMLString with args:encode=''true'',"

---
	{"xmldata": xmldata_1,
"url": vars."wm_ocs-svcs-outbound-flowsvcs-mapMASCasesToOCSSite_AddUpdSvcReq2"."url",
"configFileName": vars."wm_ocs-svcs-outbound-flowsvcs-mapMASCasesToOCSSite_AddUpdSvcReq2"."configFileName"
}
]]></ee:set-variable>
			</ee:variables>
		</ee:transform>
    
                    
<ee:transform doc:name="MAP" doc:id="0af093a1-f36b-4a65-9f3f-7a904ab46e8b" >
			<ee:message >
			</ee:message>
			<ee:variables>
				<ee:set-variable variableName="MAP" ><![CDATA[%dw 2.0
output application/json
var bytes_1 = "call pub.string:stringToBytes with args:"

---
	{"bytes": bytes_1,
"url": vars.MAP."url",
"configFileName": vars.MAP."configFileName",
"xmldata": vars.MAP."xmldata"
}
]]></ee:set-variable>
			</ee:variables>
		</ee:transform>
    
                    
<ee:transform doc:name="MAP" doc:id="0af093a1-f36b-4a65-9f3f-7a904ab46e8b" >
			<ee:message >
			</ee:message>
			<ee:variables>
				<ee:set-variable variableName="MAP" ><![CDATA[%dw 2.0
output application/json
var value_1 = "call pub.string:base64Encode with args:"

---
	{"arrayOfbyte": value_1,
"url": vars.MAP."url",
"configFileName": vars.MAP."configFileName"
}
]]></ee:set-variable>
			</ee:variables>
		</ee:transform>
    
                    <flow-ref doc:name="wm_ocs.svcs.outbound.websvcs.WSMASImport_.connectors:WSMASImportSEI_Import" docid="olclwcmi-eadc-40b9-98cc-268d14076da0" name="wm_ocs-svcs-outbound-websvcs-WSMASImport_-connectors-WSMASImportSEI_Import"/>
                    <choice doc:name="BRANCH">
                        <when expression="%/SOAP-FAULT/Fault_1_1% != $null">
                            <try doc:name="SEQUENCE">
                                
<ee:transform doc:name="MAP" doc:id="0af093a1-f36b-4a65-9f3f-7a904ab46e8b" >
			<ee:message >
			</ee:message>
			<ee:variables>
				<ee:set-variable variableName="MAP" ><![CDATA[%dw 2.0
output application/json
---
	{"initParams": {
  "errorCode": '' ++ vars.INVOKE.SOAP-FAULT.Fault_1_1.detail.ErrorCode ',
  "subjectNote": 'OCS'
},
"url": vars."wm_ocs-svcs-outbound-websvcs-WSMASImport_-connectors-WSMASImportSEI_Import"."url",
"configFileName": vars."wm_ocs-svcs-outbound-websvcs-WSMASImport_-connectors-WSMASImportSEI_Import"."configFileName",
"result": vars."wm_ocs-svcs-outbound-websvcs-WSMASImport_-connectors-WSMASImportSEI_Import"."result"
}
]]></ee:set-variable>
			</ee:variables>
		</ee:transform>
    
                                <logger doc:id="mollweyv-eadc-40b9-98cc-268d14076da0" doc:name="wm_common.utils:throwError" level="INFO"/>
                            </try>
                        </when>
                        <when expression="%/SOAP-FAULT/Fault_1_2% != $null">
                            <try doc:name="SEQUENCE">
                                
<ee:transform doc:name="MAP" doc:id="0af093a1-f36b-4a65-9f3f-7a904ab46e8b" >
			<ee:message >
			</ee:message>
			<ee:variables>
				<ee:set-variable variableName="MAP" ><![CDATA[%dw 2.0
output application/json
---
	{"initParams": {
  "subjectNote": 'OCS',
  "errorCode": '' ++ vars.INVOKE..SOAP-FAULT.Fault_1_2.SOAP-ENV:Detail.rns:SiperianRequestFault.rns:errorMessage '
},
"arrayOfbyte_1": payload."arrayOfbyte_1",
"url": vars."wm_common-utils-throwError"."url",
"configFileName": vars."wm_common-utils-throwError"."configFileName",
"bytes": vars."wm_common-utils-throwError"."bytes",
"arrayOfbyte": vars.MAP."arrayOfbyte",
"result": vars."wm_common-utils-throwError"."result"
}
]]></ee:set-variable>
			</ee:variables>
		</ee:transform>
    
                                <logger doc:id="hxgwxnpl-eadc-40b9-98cc-268d14076da0" doc:name="wm_common.utils:throwError" level="INFO"/>
                            </try>
                        </when>
                    </choice>
                </foreach>
                <logger doc:id="zgdgorif-eadc-40b9-98cc-268d14076da0" doc:name="wm_txnlogging.svcs.flowsvcs:publishTxnLogEvent" level="INFO"/>
                
<ee:transform doc:name="MAP" doc:id="0af093a1-f36b-4a65-9f3f-7a904ab46e8b" >
			<ee:message >
			</ee:message>
			<ee:variables>
				<ee:set-variable variableName="MAP" ><![CDATA[%dw 2.0
output application/json
---
	{"soapProtocol": vars."wm_txnlogging-svcs-flowsvcs-publishTxnLogEvent"."soapProtocol"
}
]]></ee:set-variable>
			</ee:variables>
		</ee:transform>
    
                <logger doc:id="thkjblem-eadc-40b9-98cc-268d14076da0" doc:name="pub.flow:clearPipeline" level="INFO"/>
            </try>
            <try doc:name="SEQUENCE">
                <logger doc:id="wamdjcyp-eadc-40b9-98cc-268d14076da0" doc:name="pub.flow:getLastError" level="INFO"/>
                <logger doc:id="jxstinlg-eadc-40b9-98cc-268d14076da0" doc:name="wm_errorhandling.utils:getCallingService" level="INFO"/>
                <logger doc:id="iewafteo-eadc-40b9-98cc-268d14076da0" doc:name="wm_errorhandling.svcs.flowsvcs:createErrorMsg_FW1" level="INFO"/>
                <logger doc:id="waezuiuh-eadc-40b9-98cc-268d14076da0" doc:name="wm_txnlogging.utils:getExceptionType" level="INFO"/>
            </try>
        </try>
        <choice doc:name="BRANCH">
            <when expression="%initParams/isError% == 'TRUE'">
                <try doc:name="SEQUENCE">
                    <choice doc:name="BRANCH">
                        <when expression="%exceptionForRetry%=='true' &amp;&amp; %initParams/retry%=='YES'">
                            <try doc:name="SEQUENCE">
                                <logger doc:id="tywlyced-eadc-40b9-98cc-268d14076da0" doc:name="pub.flow:getRetryCount" level="INFO"/>
                                <choice doc:name="BRANCH">
                                    <when expression="%retryCount% ==%maxRetryCount% &amp;&amp; %isResourceMonitoringSvc% == 'NO'">
                                        <try doc:name="SEQUENCE">
                                            <logger doc:id="dqlyvnmq-eadc-40b9-98cc-268d14076da0" doc:name="pub.publish:publish" level="INFO"/>
                                            <logger doc:id="xaddllmb-eadc-40b9-98cc-268d14076da0" doc:name="wm_txnlogging.svcs.flowsvcs:publishTxnLogEvent" level="INFO"/>
                                        </try>
                                    </when>
                                    <when expression="%retryCount% ==%maxRetryCount% &amp;&amp; %isResourceMonitoringSvc% == 'YES'">
                                        <try doc:name="SEQUENCE">
                                            <logger doc:id="acmmjgoz-eadc-40b9-98cc-268d14076da0" doc:name="wm_txnlogging.svcs.flowsvcs:publishTxnLogEvent" level="INFO"/>
                                        </try>
                                    </when>
                                </choice>
                                <logger doc:id="puyghele-eadc-40b9-98cc-268d14076da0" doc:name="pub.flow:throwExceptionForRetry" level="INFO"/>
                            </try>
                        </when>
                        <otherwise>
                            <try doc:name="SEQUENCE">
                                <logger doc:id="xkfuxjrs-eadc-40b9-98cc-268d14076da0" doc:name="pub.publish:publish" level="INFO"/>
                                <logger doc:id="tvvkpori-eadc-40b9-98cc-268d14076da0" doc:name="wm_txnlogging.svcs.flowsvcs:publishTxnLogEvent" level="INFO"/>
                            </try>
                        </otherwise>
                    </choice>
                </try>
            </when>
        </choice>
    </flow>
</mule>
