"tibco";"Mulesoft"
"com.tibco.plugin.jdbc.JDBCUpdateActivity";"db:update"
"com.tibco.plugin.java.JavaActivity";"java:invoke"
"com.tibco.plugin.xml.XMLParseActivity";"ee:transform"
"com.tibco.plugin.jdbc.JDBCQueryActivity";"db:select"
"com.tibco.plugin.soap.SOAPSendFaultActivity";"apikit-soap:fault"
"com.tibco.pe.core.GenerateErrorActivity";"raise-error"
"com.tibco.pe.core.CallProcessActivity";"flow-ref"
"com.tibco.plugin.xml.XMLRendererActivity";"ee:transform"
"com.tibco.plugin.mapper.MapperActivity";"ee:transform"
"com.tibco.plugin.http.HTTPEventSource";"http:listener"
"com.tibco.plugin.jdbc.JDBCCallActivity";"db:stored-procedure"
"com.tibco.pe.core.AssignActivity";"set-variable"
"com.tibco.plugin.soap.SOAPEventSource";"apikit-soap:router"
"com.tibco.pe.core.WriteToLogActivity";"logger"
"com.tibco.plugin.json.activities.JSONParserActivity";"ee:transform"
"com.tibco.plugin.json.activities.JSONRenderActivity";"ee:transform"
"com.tibco.plugin.parse.ParseActivity";"ee:transform"
"com.tibco.plugin.parse.RenderActivity";"ee:transform"
"com.tibco.plugin.soap.SOAPSendReceiveActivity";"wsc:consume"
"com.tibco.plugin.xml.XMLTransformActivity";"xml-module:xslt-transform"
"com.tibco.plugin.file.FileEventSource";"file:listener"
"com.tibco.plugin.file.FileReadActivity";"file:read"
"com.tibco.plugin.file.FileRemoveActivity";"file:delete"
"com.tibco.plugin.file.FileRenameActivity";"file:rename"
"com.tibco.plugin.file.FileCopyActivity";"file:copy"
"com.tibco.plugin.file.ListFilesActivity";"file:list"
"com.tibco.plugin.file.FileWriteActivity";"file:write"
"com.tibco.plugin.http.client.HttpRequestActivity";"http:request"
"com.tibco.plugin.timer.TimerEventSource";"scheduler"
"com.tibco.plugin.jms.JMSTopicEventSource";"jms:listener"
"com.tibco.plugin.jms.JMSQueueEventSource";"jms:listener"
"com.tibco.plugin.jms.JMSQueueGetMessageActivity";"jms:consume"
"com.tibco.plugin.jms.JMSQueueSendActivity";"jms:publish"
"com.tibco.plugin.jms.JMSTopicPublishActivity";"jms:publish"
"com.tibco.plugin.jms.JMSQueueRequestReplyActivity";"jms:publish-consume"
"com.tibco.plugin.jms.JMSTopicRequestReplyActivity";"jms:publish-consume"
"com.tibco.plugin.ftp.FTPDeleteFileActivity";"ftp:delete"
"com.tibco.plugin.ftp.FTPRenameActivity";"ftp:rename"
"com.tibco.plugin.ftp.FTPDirActivity";"ftp:list"
"com.tibco.plugin.ftp.FTPMakeRemoteDirActivity";"ftp:create-directory"
"com.tibco.plugin.ftp.FTPGetActivity";"ftp:read"
"com.tibco.plugin.ftp.FTPPutActivity";"ftp:write"
"com.tibco.plugin.ftp.FTPGetDefaultDirActivity";"ftp:list"
"com.tibco.plugin.json.rest.server.activities.RestAdapterActivity";"apikit:router"
"com.tibco.plugin.json.activities.RestActivity";"http:request"
"com.tibco.plugin.http.HTTPResponseActivity";"set-payload"
"com.tibco.pe.core.LoopGroup";"until-successful"
"com.tibco.pe.core.TransactionGroup";"until-successful"
"com.tibco.plugin.java.JavaToXmlActivity";"ee:transform"
"com.tibco.plugin.java.XmlToJavaActivity";"ee:transform"
"com.tibco.plugin.mail.MailEventSource";"email:listener-pop3"
"com.tibco.plugin.mail.MailPubActivity";"email:send"
"com.tibco.plugin.java.JavaMethodActivity";"java:invoke-static"
"com.tibco.pe.core.GetSharedVariableActivity";"os:retrieve"
"com.tibco.pe.core.SetSharedVariableActivity";"os:store"
