tibco,Mulesoft,manual_time,after_migration_time
com.tibco.pe.core.WriteToLogActivity,logger,3,2
com.tibco.plugin.timer.TimerEventSource,scheduler,3,2
com.tibco.plugin.file.FileEventSource,file:listener,5,1
com.tibco.plugin.file.FileReadActivity,file:read,5,1
com.tibco.plugin.file.FileRemoveActivity,file:delete,5,1
com.tibco.plugin.file.FileRenameActivity,file:rename,5,1
com.tibco.plugin.file.FileCopyActivity,file:copy,5,1
com.tibco.plugin.file.ListFilesActivity,file:list,5,1
com.tibco.plugin.file.FileWriteActivity,file:write,5,2
com.tibco.plugin.http.client.HttpRequestActivity,http:request,10,3
com.tibco.plugin.http.HTTPEventSource,http:listener,5,1
com.tibco.plugin.http.HTTPResponseActivity,set-payload,5,1
com.tibco.plugin.json.rest.server.activities.RestAdapterActivity,apikit:router,10,1
com.tibco.plugin.json.activities.RestActivity,http:request,10,3
com.tibco.plugin.jdbc.JDBCUpdateActivity,db:update,10,5
com.tibco.plugin.jdbc.JDBCQueryActivity,db:select,10,5
com.tibco.plugin.jdbc.JDBCCallActivity,db:stored-procedure,10,5
com.tibco.plugin.xml.XMLParseActivity,ee:transform,10,5
com.tibco.plugin.xml.XMLRendererActivity,ee:transform,10,5
com.tibco.plugin.mapper.MapperActivity,ee:transform,10,5
com.tibco.plugin.json.activities.JSONParserActivity,ee:transform,10,5
com.tibco.plugin.json.activities.JSONRenderActivity,ee:transform,10,5
com.tibco.plugin.parse.ParseActivity,ee:transform,10,5
com.tibco.plugin.parse.RenderActivity,ee:transform,10,5
com.tibco.plugin.java.JavaToXmlActivity,ee:transform,10,5
com.tibco.plugin.java.XmlToJavaActivity,ee:transform,10,5
com.tibco.plugin.jms.JMSTopicEventSource,jms:listener,6,3
com.tibco.plugin.jms.JMSQueueEventSource,jms:listener,6,3
com.tibco.plugin.jms.JMSQueueGetMessageActivity,jms:consume,6,3
com.tibco.plugin.jms.JMSQueueSendActivity,jms:publish,6,3
com.tibco.plugin.jms.JMSTopicPublishActivity,jms:publish,6,3
com.tibco.plugin.jms.JMSQueueRequestReplyActivity,jms:publish-consume,6,3
com.tibco.plugin.jms.JMSTopicRequestReplyActivity,jms:publish-consume,6,3
com.tibco.plugin.ftp.FTPDeleteFileActivity,ftp:delete,5,2
com.tibco.plugin.ftp.FTPRenameActivity,ftp:rename,5,2
com.tibco.plugin.ftp.FTPDirActivity,ftp:list,5,2
com.tibco.plugin.ftp.FTPMakeRemoteDirActivity,ftp:create-directory,5,2
com.tibco.plugin.ftp.FTPGetActivity,ftp:read,5,2
com.tibco.plugin.ftp.FTPPutActivity,ftp:write,5,2
com.tibco.plugin.ftp.FTPGetDefaultDirActivity,ftp:list,5,2
com.tibco.pe.core.GetSharedVariableActivity,os:retrieve,10,3
com.tibco.pe.core.SetSharedVariableActivity,os:store,10,3
com.tibco.pe.core.AssignActivity,set-variable,10,5
com.tibco.plugin.soap.SOAPEventSource,apikit-soap:router,15,3
com.tibco.plugin.soap.SOAPSendReceiveActivity,wsc:consume,15,3
com.tibco.pe.core.CallProcessActivity,flow-ref,5,1
com.tibco.pe.core.LoopGroup,until-successful,10,1
com.tibco.pe.core.TransactionGroup,until-successful,10,1
com.tibco.plugin.java.JavaMethodActivity,java:invoke-static,20,10
com.tibco.plugin.java.JavaActivity,java:invoke,20,15
com.tibco.plugin.mail.MailEventSource,email:listener-pop3,10,3
com.tibco.plugin.mail.MailPubActivity,email:send,10,3
com.tibco.plugin.salesforce.queryall.SalesforceQueryAllActivity,salesforce:query-all,10,2
com.tibco.plugin.salesforce.deleteall.SalesforceDeleteAllActivity,salesforce:delete,10,2
com.tibco.plugin.salesforce.updateall.SalesforceUpdateAllActivity,salesforce:update,10,2
com.tibco.plugin.salesforce.createall.SalesforceCreateAllActivity,salesforce:create,10,2
com.tibco.plugin.salesforce.retrieveall.SalesforceRetrieveAllActivity,salesforce:retrieve,10,2
com.tibco.plugin.salesforce.upsertall.SalesforceUpsertAllActivity,salesforce:upsert,10,2
com.tibco.plugin.salesforce.eventsource.SalesforceEventSourceActivity,salesforce:new-object-listener,10,2
com.tibco.plugin.xml.XMLTransformActivity,xml-module:xslt-transform,0,0
"JDBC Connection","Database Configuration",10,2
"File Connection","File Configuration",3,1
"JMS Connection","JMS Configuration",10,2
"HTTP Listener Connection","HTTP Listener Configuration"",3,1
"HTTP Request Connection","HTTP Request Configuration",10,5
"FTP Connection","FTP Configuration",5,1
"ObjectStore Connection","ObjectStore Configuration",6,2
"Soap web Consume Connection","Soap web Consume Configuration",10,5
"Soap APIKIT router Connection","Soap APIKIT router Configuration",3,1
"Rest APIKIT router Connection","Rest APIKIT router Configuration",2,1
"Rest HTTP Request Connection","Rest HTTP Request Configuration",10,5
"Email Connection","Email Configuration",10,5
"Email SMTP Connection","Email SMTP Configuration",10,5
"Salesforce Connection","Salesforce Configuration",10,4