[
    {
        "SEQUENCE {'TIMEOUT': '', 'EXIT-ON': 'SUCCESS'} \n  ": {
            "tag": "SEQUENCE"
        }
    },
    {
        "SEQUENCE {'TIMEOUT': '', 'EXIT-ON': 'FAILURE'} \n  ": {
            "tag": "SEQUENCE"
        }
    },
    {
        "BRANCH {'TIMEOUT': '', 'LABELEXPRESSIONS': 'true'} \n  ": {
            "tag": "BRANCH"
        }
    },
    {
        "SEQUENCE {'NAME': '%customer_order_number% == $null || %customer_order_number% == \"\"', 'TIMEOUT': '', 'EXIT-ON': 'FAILURE'} \n  ": {
            "tag": "SEQUENCE"
        }
    },
    {
        "MAP {'TIMEOUT': '', 'MODE': 'STANDALONE'} \n  ": {
            "tag": "MAP",
            "fields": [
                {
                    "map_input": {
                        "outputs": [
                            "EsbMsgHeader:msgHeader",
                            "configFileName",
                            "customer_id",
                            "Cache-Control",
                            "If-Modified-Since",
                            "Accept",
                            "type",
                            "fields",
                            "pathHeader",
                            "numberOfDays",
                            "limit",
                            "offset",
                            "initParams",
                            "serviceStatsFlag",
                            "contentType"
                        ],
                        "inputs": [
                            "EsbMsgHeader:msgHeader",
                            "configFileName",
                            "customer_id",
                            "Cache-Control",
                            "If-Modified-Since",
                            "Accept",
                            "type",
                            "fields",
                            "pathHeader",
                            "numberOfDays",
                            "limit",
                            "offset",
                            "initParams",
                            "serviceStatsFlag"
                        ],
                        "deletes": [],
                        "mappings": [
                            {
                                "field": "initParams.subjectNote",
                                "value": "'ESB'",
                                "type": "MAPSET"
                            },
                            {
                                "field": "initParams.errorCode",
                                "value": "'422'",
                                "type": "MAPSET"
                            },
                            {
                                "from": "Accept",
                                "to": "contentType",
                                "type": "MAPCOPY"
                            }
                        ]
                    },
                    "map_output": {
                        "inputs": [],
                        "outputs": [
                            "EsbMsgHeader:msgHeader",
                            "configFileName",
                            "customer_id",
                            "Cache-Control",
                            "If-Modified-Since",
                            "Accept",
                            "type",
                            "fields",
                            "pathHeader",
                            "numberOfDays",
                            "limit",
                            "offset",
                            "initParams",
                            "serviceStatsFlag",
                            "contentType"
                        ],
                        "mappings": [
                            {
                                "field": "initParams.subjectNote",
                                "value": "'ESB'",
                                "type": "MAPSET"
                            },
                            {
                                "field": "initParams.errorCode",
                                "value": "'422'",
                                "type": "MAPSET"
                            },
                            {
                                "from": "Accept",
                                "to": "contentType",
                                "type": "MAPCOPY"
                            }
                        ],
                        "deletes": []
                    }
                }
            ],
            "path": "SEQUENCE->SEQUENCE->BRANCH->SEQUENCE->",
            "comment": "change subjectnote and errorcode"
        }
    },
    {
        "INVOKE {'TIMEOUT': '', 'SERVICE': 'wm_common.utils:throwError', 'VALIDATE-IN': '$none', 'VALIDATE-OUT': '$none'} \n  ": {
            "map_input": {
                "outputs": [
                    "errorMessage"
                ],
                "inputs": [],
                "deletes": [],
                "mappings": [
                    {
                        "field": "errorMessage",
                        "value": "'customer_order_number - Query parameter is a required field'",
                        "type": "MAPSET"
                    }
                ]
            },
            "map_output": {
                "outputs": [
                    "errorMessage",
                    "EsbMsgHeader:msgHeader",
                    "configFileName",
                    "Cache-Control",
                    "If-Modified-Since",
                    "Accept",
                    "fields",
                    "limit",
                    "offset",
                    "initParams",
                    "customer_order_number",
                    "customer_service_number",
                    "contentType"
                ],
                "inputs": [],
                "deletes": [
                    "errorMessage"
                ],
                "mappings": []
            },
            "service": "wm_common.utils:throwError",
            "tag": "INVOKE"
        }
    },
    {
        "SEQUENCE {'NAME': '%customer_service_number%==$null || %customer_service_number%==\"\"', 'TIMEOUT': '', 'EXIT-ON': 'FAILURE'} \n  ": {
            "tag": "SEQUENCE"
        }
    },
    {
        "MAP {'TIMEOUT': '', 'MODE': 'STANDALONE'} \n  ": {
            "tag": "MAP",
            "fields": [
                {
                    "map_input": {
                        "outputs": [],
                        "inputs": [],
                        "deletes": [],
                        "mappings": [
                            {
                                "field": "initParams.subjectNote",
                                "value": "'ESB'",
                                "type": "MAPSET"
                            },
                            {
                                "field": "initParams.errorCode",
                                "value": "'422'",
                                "type": "MAPSET"
                            },
                            {
                                "from": "Accept",
                                "to": "contentType",
                                "type": "MAPCOPY"
                            }
                        ]
                    },
                    "map_output": {
                        "inputs": [],
                        "outputs": [],
                        "mappings": [
                            {
                                "field": "initParams.subjectNote",
                                "value": "'ESB'",
                                "type": "MAPSET"
                            },
                            {
                                "field": "initParams.errorCode",
                                "value": "'422'",
                                "type": "MAPSET"
                            },
                            {
                                "from": "Accept",
                                "to": "contentType",
                                "type": "MAPCOPY"
                            }
                        ],
                        "deletes": []
                    }
                }
            ],
            "path": "SEQUENCE->SEQUENCE->BRANCH->SEQUENCE->",
            "comment": "change subjectnote and errorcode"
        }
    },
    {
        "INVOKE {'TIMEOUT': '', 'SERVICE': 'wm_common.utils:throwError', 'VALIDATE-IN': '$none', 'VALIDATE-OUT': '$none'} \n  ": {
            "map_input": {
                "outputs": [
                    "errorMessage"
                ],
                "inputs": [],
                "deletes": [],
                "mappings": [
                    {
                        "field": "errorMessage",
                        "value": "'customer_service_number - Query parameter is a required field'",
                        "type": "MAPSET"
                    }
                ]
            },
            "map_output": {
                "outputs": [
                    "errorMessage",
                    "EsbMsgHeader:msgHeader",
                    "configFileName",
                    "Cache-Control",
                    "If-Modified-Since",
                    "Accept",
                    "fields",
                    "limit",
                    "offset",
                    "initParams",
                    "customer_order_number",
                    "customer_service_number",
                    "contentType"
                ],
                "inputs": [],
                "deletes": [
                    "errorMessage"
                ],
                "mappings": []
            },
            "service": "wm_common.utils:throwError",
            "tag": "INVOKE"
        }
    },
    {
        "BRANCH {'NAME': 'CacheControl', 'TIMEOUT': '', 'SWITCH': '/Cache-Control'} \n  ": {
            "tag": "BRANCH"
        }
    },
    {
        "SEQUENCE {'NAME': 'Private', 'TIMEOUT': '', 'EXIT-ON': 'FAILURE'} \n  ": {
            "tag": "SEQUENCE"
        }
    },
    {
        "SEQUENCE {'NAME': 'no-cache', 'TIMEOUT': '', 'EXIT-ON': 'FAILURE'} \n  ": {
            "tag": "SEQUENCE"
        }
    },
    {
        "INVOKE {'TIMEOUT': '', 'SERVICE': 'wm_ocs.svcs.inbound.flowsvcs:mapServiceExceptionsForNoCache', 'VALIDATE-IN': '$none', 'VALIDATE-OUT': '$none'} \n  ": {
            "tag": "INVOKE"
        }
    },
    {
        "SEQUENCE {'NAME': 'max-age', 'TIMEOUT': '', 'EXIT-ON': 'FAILURE'} \n  ": {
            "tag": "SEQUENCE"
        }
    },
    {
        "INVOKE {'TIMEOUT': '', 'SERVICE': 'wm_ocs.svcs.inbound.flowsvcs:mapServiceExceptionsForMaxAge', 'VALIDATE-IN': '$none', 'VALIDATE-OUT': '$none'} \n  ": {
            "tag": "INVOKE"
        }
    },
    {
        "SEQUENCE {'NAME': '$default', 'TIMEOUT': '', 'EXIT-ON': 'FAILURE'} \n  ": {
            "tag": "SEQUENCE"
        }
    },
    {
        "MAP {'TIMEOUT': '', 'MODE': 'STANDALONE'} \n  ": {
            "tag": "MAP",
            "fields": [
                {
                    "map_input": {
                        "outputs": [],
                        "inputs": [],
                        "deletes": [],
                        "mappings": [
                            {
                                "field": "initParams.subjectNote",
                                "value": "'ESB'",
                                "type": "MAPSET"
                            },
                            {
                                "field": "contentType",
                                "value": "'application/json'",
                                "type": "MAPSET"
                            },
                            {
                                "field": "initParams.errorCode",
                                "value": "'422'",
                                "type": "MAPSET"
                            }
                        ]
                    },
                    "map_output": {
                        "inputs": [],
                        "outputs": [],
                        "mappings": [
                            {
                                "field": "initParams.subjectNote",
                                "value": "'ESB'",
                                "type": "MAPSET"
                            },
                            {
                                "field": "contentType",
                                "value": "'application/json'",
                                "type": "MAPSET"
                            },
                            {
                                "field": "initParams.errorCode",
                                "value": "'422'",
                                "type": "MAPSET"
                            }
                        ],
                        "deletes": []
                    }
                }
            ],
            "path": "SEQUENCE->SEQUENCE->BRANCH->SEQUENCE->",
            "comment": "change subjectnote and errorcode"
        }
    },
    {
        "INVOKE {'TIMEOUT': '', 'SERVICE': 'wm_common.utils:throwError', 'VALIDATE-IN': '$none', 'VALIDATE-OUT': '$none'} \n  ": {
            "map_input": {
                "outputs": [
                    "errorMessage"
                ],
                "inputs": [],
                "deletes": [],
                "mappings": [
                    {
                        "field": "errorMessage",
                        "value": "'Invalid Cache-Control header'",
                        "type": "MAPSET"
                    }
                ]
            },
            "map_output": {
                "outputs": [
                    "EsbMsgHeader:msgHeader",
                    "configFileName",
                    "customer_id",
                    "Cache-Control",
                    "If-Modified-Since",
                    "Accept",
                    "type",
                    "fields",
                    "pathHeader",
                    "numberOfDays",
                    "limit",
                    "offset",
                    "initParams",
                    "serviceStatsFlag",
                    "contentType",
                    "errorMessage"
                ],
                "inputs": [],
                "deletes": [
                    "errorMessage"
                ],
                "mappings": []
            },
            "service": "wm_common.utils:throwError",
            "tag": "INVOKE"
        }
    },
    {
        "MAP {'TIMEOUT': '', 'MODE': 'STANDALONE'} \n  ": {
            "tag": "MAP",
            "fields": [
                {
                    "map_input": {
                        "outputs": [],
                        "inputs": [
                            "cacheManager",
                            "field",
                            "noOfDays",
                            "customerID",
                            "fromRow",
                            "toRow",
                            "fileName",
                            "EsbMsgHeader:msgHeader",
                            "configFileName",
                            "customer_id",
                            "cachekey",
                            "SVC_LINE_ID",
                            "SVCCD",
                            "TKTNUM",
                            "TKTTYPE",
                            "TICKET_LOAD_TYPE",
                            "RTE",
                            "PLANDTE",
                            "ORDERDTE",
                            "EXCP_REASONCODE",
                            "EXCP_CLASS",
                            "SVCTIME",
                            "STATUS",
                            "RTE_ORDER_PKEY",
                            "CUST_ORDER_PKEY",
                            "CUST_SVC_PKEY",
                            "Cache-Control",
                            "If-Modified-Since",
                            "Accept",
                            "cacheManagerName",
                            "cacheName",
                            "type",
                            "fields",
                            "pathHeader",
                            "numberOfDays",
                            "service_id",
                            "service_code",
                            "number_of_confirmed_services",
                            "number_of_ETA_requests",
                            "number_of_missed_pickups",
                            "number_of_courtesy_services",
                            "number_of_service_exceptions",
                            "services",
                            "summary",
                            "jdbcConnName",
                            "limit",
                            "offset",
                            "totalCount",
                            "initParams",
                            "serviceStatsFlag",
                            "finalResponse",
                            "etagOutput",
                            "contentType",
                            "expirationTime",
                            "SQLStatement",
                            "recordCount",
                            "cacheKey"
                        ],
                        "deletes": [
                            "cacheManager",
                            "document",
                            "type",
                            "pathHeader",
                            "jdbcConnName",
                            "cacheManagerName",
                            "cacheName",
                            "etagOutput",
                            "cacheKey",
                            "expirationTime",
                            "getServiceStatsInput",
                            "getServiceStats_rangeInput",
                            "$connectionName",
                            "servicesTemp",
                            "servicesSummary",
                            "metadata",
                            "getServiceStatsOutput",
                            "getServiceStats_rangeOutput",
                            "services"
                        ],
                        "mappings": []
                    },
                    "map_output": {
                        "inputs": [],
                        "outputs": [],
                        "mappings": [],
                        "deletes": [
                            "cacheManager",
                            "document",
                            "type",
                            "pathHeader",
                            "jdbcConnName",
                            "cacheManagerName",
                            "cacheName",
                            "etagOutput",
                            "cacheKey",
                            "expirationTime",
                            "getServiceStatsInput",
                            "getServiceStats_rangeInput",
                            "$connectionName",
                            "servicesTemp",
                            "servicesSummary",
                            "metadata",
                            "getServiceStatsOutput",
                            "getServiceStats_rangeOutput",
                            "services"
                        ]
                    }
                }
            ],
            "path": "SEQUENCE->SEQUENCE->",
            "comment": "Clean Up"
        }
    },
    {
        "SEQUENCE {'TIMEOUT': '', 'EXIT-ON': 'DONE'} \n  ": {
            "tag": "SEQUENCE"
        }
    },
    {
        "INVOKE {'TIMEOUT': '', 'SERVICE': 'pub.flow:getLastError', 'VALIDATE-IN': '$none', 'VALIDATE-OUT': '$none'} \n  ": {
            "map_input": {
                "outputs": [],
                "inputs": [],
                "deletes": [],
                "mappings": []
            },
            "map_output": {
                "outputs": [],
                "inputs": [],
                "deletes": [],
                "mappings": []
            },
            "service": "pub.flow:getLastError",
            "tag": "INVOKE"
        }
    },
    {
        "INVOKE {'TIMEOUT': '', 'SERVICE': 'wm_errorhandling.utils:getCallingService', 'VALIDATE-IN': '$none', 'VALIDATE-OUT': '$none'} \n  ": {
            "map_input": {
                "outputs": [],
                "inputs": [],
                "deletes": [],
                "mappings": []
            },
            "map_output": {
                "outputs": [],
                "inputs": [],
                "deletes": [],
                "mappings": []
            },
            "service": "wm_errorhandling.utils:getCallingService",
            "tag": "INVOKE"
        }
    },
    {
        "INVOKE {'TIMEOUT': '', 'SERVICE': 'wm_errorhandling.svcs.flowsvcs:createErrorMsg_FW1', 'VALIDATE-IN': '$none', 'VALIDATE-OUT': '$none'} \n  ": {
            "map_input": {
                "outputs": [],
                "inputs": [],
                "deletes": [],
                "mappings": []
            },
            "map_output": {
                "outputs": [],
                "inputs": [],
                "deletes": [],
                "mappings": []
            },
            "service": "wm_errorhandling.svcs.flowsvcs:createErrorMsg_FW1",
            "tag": "INVOKE"
        }
    },
    {
        "MAP {'TIMEOUT': '', 'MODE': 'STANDALONE'} \n  ": {
            "tag": "MAP",
            "fields": [
                {
                    "map_input": {
                        "outputs": [],
                        "inputs": [],
                        "deletes": [],
                        "mappings": [
                            {
                                "field": "contentType",
                                "value": "'application/json'",
                                "type": "MAPSET"
                            }
                        ]
                    },
                    "map_output": {
                        "inputs": [],
                        "outputs": [],
                        "mappings": [
                            {
                                "field": "contentType",
                                "value": "'application/json'",
                                "type": "MAPSET"
                            }
                        ],
                        "deletes": []
                    }
                }
            ],
            "path": "SEQUENCE->SEQUENCE->",
            "comment": "Populate contentType"
        }
    }
]